fecha,id_ticket,turno,id_plato,cantidad
2024-01-01,T-10026,Cena,P-18,2
2024-01-01,T-10270,Cena,P-21,2
2024-01-01,T-10381,Cena,P-12,3
2024-01-01,T-10562,Cena,P-19,4
2024-01-01,T-10677,Cena,P-11,4
2024-01-01,T-10835,Cena,P-05,4
2024-01-01,T-11109,Cena,P-06,2
2024-01-01,T-11172,Cena,P-01,2
2024-01-01,T-12705,Cena,P-03,4
2024-01-01,T-12790,Cena,P-01,1
2024-01-01,T-12844,Comida,P-07,2
2024-01-01,T-13115,Cena,P-04,4
2024-01-01,T-13124,Cena,P-05,3
2024-01-01,T-13128,Comida,P-21,3
2024-01-01,T-14181,Cena,P-07,1
2024-01-01,T-14573,Cena,P-18,3
2024-01-01,T-14638,Comida,P-16,3
2024-01-01,T-15146,Cena,P-04,4
2024-01-01,T-15549,Cena,P-09,1
2024-01-01,T-15875,Comida,P-24,1
2024-01-01,T-16051,Cena,P-21,4
2024-01-01,T-16483,Cena,P-10,1
2024-01-01,T-16641,Cena,P-02,4
2024-01-02,T-10252,Comida,P-24,3
2024-01-02,T-10437,Cena,P-18,3
2024-01-02,T-10922,Comida,P-03,1
2024-01-02,T-11197,Cena,P-19,3
2024-01-02,T-12147,Comida,P-16,1
2024-01-02,T-12194,Cena,P-23,2
2024-01-02,T-13475,Cena,P-22,3
2024-01-02,T-13879,Cena,P-09,4
2024-01-02,T-14198,Cena,P-24,1
2024-01-02,T-15770,Comida,P-21,1
2024-01-02,T-16112,Comida,P-03,1
2024-01-02,T-16168,Comida,P-03,3
2024-01-02,T-16453,Cena,P-02,1
2024-01-02,T-16462,Comida,P-21,3
2024-01-02,T-16766,Comida,P-07,4
2024-01-02,T-16847,Comida,P-18,1
2024-01-02,T-16850,Cena,P-15,3
2024-01-02,T-16916,Cena,P-07,4
2024-01-02,T-16959,Comida,P-04,2
2024-01-02,T-17389,Cena,P-11,3
2024-01-03,T-10368,Cena,P-22,1
2024-01-03,T-11111,Comida,P-03,2
2024-01-03,T-11662,Comida,P-14,1
2024-01-03,T-11692,Comida,P-14,2
2024-01-03,T-12248,Comida,P-05,2
2024-01-03,T-12252,Cena,P-07,2
2024-01-03,T-12792,Cena,P-13,4
2024-01-03,T-13006,Comida,P-14,1
2024-01-03,T-13520,Comida,P-17,2
2024-01-03,T-13591,Cena,P-04,2
2024-01-03,T-13654,Cena,P-08,3
2024-01-03,T-13720,Comida,P-21,3
2024-01-03,T-13946,Comida,P-24,2
2024-01-03,T-14320,Cena,P-15,1
2024-01-03,T-14861,Cena,P-16,3
2024-01-03,T-14941,Cena,P-09,2
2024-01-03,T-15030,Cena,P-17,2
2024-01-03,T-16097,Cena,P-02,1
2024-01-03,T-17445,Cena,P-03,3
2024-01-03,T-17645,Cena,P-12,3
2024-01-03,T-17701,Cena,P-16,3
2024-01-04,T-10180,Comida,P-17,2
2024-01-04,T-10957,Comida,P-10,2
2024-01-04,T-11827,Cena,P-04,1
2024-01-04,T-11847,Cena,P-08,2
2024-01-04,T-12566,Cena,P-07,3
2024-01-04,T-12996,Comida,P-16,1
2024-01-04,T-13153,Cena,P-13,1
2024-01-04,T-13231,Cena,P-22,2
2024-01-04,T-13380,Comida,P-01,4
2024-01-04,T-13785,Comida,P-11,2
2024-01-04,T-13863,Cena,P-10,2
2024-01-04,T-14090,Cena,P-23,3
2024-01-04,T-14478,Cena,P-03,2
2024-01-04,T-14558,Cena,P-05,1
2024-01-04,T-14717,Cena,P-17,4
2024-01-04,T-14736,Cena,P-07,3
2024-01-04,T-14853,Comida,P-19,3
2024-01-04,T-14880,Cena,P-14,1
2024-01-04,T-15007,Cena,P-09,1
2024-01-04,T-15267,Comida,P-10,3
2024-01-04,T-16385,Cena,P-08,2
2024-01-04,T-17408,Comida,P-06,4
2024-01-05,T-10095,Comida,P-25,1
2024-01-05,T-10114,Cena,P-23,2
2024-01-05,T-10212,Cena,P-11,4
2024-01-05,T-11590,Cena,P-14,3
2024-01-05,T-11759,Cena,P-22,2
2024-01-05,T-11840,Cena,P-10,4
2024-01-05,T-12356,Cena,P-17,2
2024-01-05,T-12869,Cena,P-17,4
2024-01-05,T-13528,Cena,P-07,4
2024-01-05,T-14463,Cena,P-21,4
2024-01-05,T-14530,Cena,P-16,4
2024-01-05,T-14585,Comida,P-13,3
2024-01-05,T-14915,Cena,P-21,4
2024-01-05,T-15379,Comida,P-13,2
2024-01-05,T-16101,Cena,P-06,1
2024-01-05,T-16104,Cena,P-06,3
2024-01-05,T-16168,Comida,P-04,2
2024-01-05,T-16285,Cena,P-09,2
2024-01-05,T-16885,Comida,P-17,2
2024-01-05,T-17281,Cena,P-18,1
2024-01-05,T-17836,Cena,P-13,2
2024-01-05,T-17921,Comida,P-06,4
2024-01-06,T-10233,Comida,P-05,4
2024-01-06,T-11085,Cena,P-04,3
2024-01-06,T-11157,Cena,P-04,1
2024-01-06,T-12235,Cena,P-06,4
2024-01-06,T-12349,Cena,P-15,2
2024-01-06,T-12674,Comida,P-09,1
2024-01-06,T-12773,Comida,P-07,4
2024-01-06,T-13031,Comida,P-10,3
2024-01-06,T-13159,Cena,P-07,4
2024-01-06,T-14102,Cena,P-07,2
2024-01-06,T-14109,Cena,P-10,3
2024-01-06,T-14472,Comida,P-05,1
2024-01-06,T-16124,Cena,P-10,4
2024-01-06,T-17456,Cena,P-13,2
2024-01-06,T-17505,Cena,P-11,4
2024-01-07,T-10060,Cena,P-24,3
2024-01-07,T-10111,Cena,P-05,3
2024-01-07,T-10190,Cena,P-02,4
2024-01-07,T-10414,Comida,P-08,3
2024-01-07,T-11777,Cena,P-05,2
2024-01-07,T-11882,Cena,P-25,2
2024-01-07,T-12389,Cena,P-06,4
2024-01-07,T-12959,Cena,P-17,2
2024-01-07,T-13192,Comida,P-07,3
2024-01-07,T-13334,Cena,P-19,3
2024-01-07,T-13636,Cena,P-14,1
2024-01-07,T-13759,Cena,P-08,3
2024-01-07,T-13792,Cena,P-20,4
2024-01-07,T-14162,Cena,P-19,2
2024-01-07,T-14183,Comida,P-18,4
2024-01-07,T-14679,Cena,P-24,4
2024-01-07,T-15549,Cena,P-16,3
2024-01-07,T-15767,Comida,P-15,1
2024-01-07,T-15852,Comida,P-10,3
2024-01-07,T-15926,Cena,P-09,1
2024-01-07,T-16145,Cena,P-12,4
2024-01-07,T-16304,Cena,P-13,3
2024-01-07,T-17076,Comida,P-13,3
2024-01-07,T-17098,Cena,P-22,4
2024-01-07,T-17405,Comida,P-17,4
2024-01-07,T-17971,Comida,P-10,4
2024-01-08,T-11317,Comida,P-19,1
2024-01-08,T-11887,Comida,P-10,3
2024-01-08,T-12116,Comida,P-22,2
2024-01-08,T-12527,Cena,P-07,1
2024-01-08,T-12554,Cena,P-09,4
2024-01-08,T-12590,Cena,P-03,2
2024-01-08,T-13122,Comida,P-24,4
2024-01-08,T-13147,Comida,P-03,1
2024-01-08,T-13249,Cena,P-21,3
2024-01-08,T-13431,Cena,P-11,4
2024-01-08,T-14138,Cena,P-09,2
2024-01-08,T-14409,Comida,P-17,2
2024-01-08,T-14584,Cena,P-13,2
2024-01-08,T-14659,Cena,P-22,1
2024-01-08,T-15504,Cena,P-19,2
2024-01-08,T-16253,Cena,P-06,4
2024-01-08,T-16468,Cena,P-05,2
2024-01-08,T-16746,Cena,P-07,4
2024-01-08,T-17125,Comida,P-13,1
2024-01-08,T-17321,Cena,P-24,3
2024-01-08,T-18000,Cena,P-19,1
2024-01-09,T-10175,Cena,P-03,1
2024-01-09,T-11877,Comida,P-09,2
2024-01-09,T-11967,Cena,P-15,2
2024-01-09,T-12257,Comida,P-01,4
2024-01-09,T-12339,Comida,P-03,1
2024-01-09,T-13307,Cena,P-16,3
2024-01-09,T-14116,Cena,P-16,1
2024-01-09,T-14132,Cena,P-23,2
2024-01-09,T-14559,Cena,P-06,1
2024-01-09,T-14948,Comida,P-08,4
2024-01-09,T-15430,Cena,P-19,1
2024-01-09,T-15681,Comida,P-11,4
2024-01-09,T-16042,Cena,P-15,2
2024-01-09,T-16407,Cena,P-21,1
2024-01-09,T-16811,Comida,P-17,3
2024-01-09,T-16823,Comida,P-02,4
2024-01-09,T-17385,Cena,P-09,2
2024-01-09,T-17440,Comida,P-05,3
2024-01-09,T-17786,Cena,P-14,4
2024-01-10,T-10302,Comida,P-17,4
2024-01-10,T-10324,Cena,P-04,2
2024-01-10,T-11104,Comida,P-19,2
2024-01-10,T-11217,Cena,P-22,1
2024-01-10,T-11557,Comida,P-08,3
2024-01-10,T-11986,Cena,P-24,2
2024-01-10,T-12505,Cena,P-17,4
2024-01-10,T-12526,Cena,P-24,4
2024-01-10,T-13093,Comida,P-18,3
2024-01-10,T-13397,Comida,P-05,2
2024-01-10,T-13858,Cena,P-24,4
2024-01-10,T-14178,Cena,P-03,2
2024-01-10,T-14272,Comida,P-17,2
2024-01-10,T-14587,Cena,P-18,3
2024-01-10,T-15071,Cena,P-06,2
2024-01-10,T-15178,Cena,P-14,1
2024-01-10,T-15858,Cena,P-04,2
2024-01-10,T-16443,Comida,P-21,4
2024-01-10,T-16582,Comida,P-07,1
2024-01-10,T-17324,Comida,P-05,2
2024-01-10,T-17359,Cena,P-03,3
2024-01-10,T-17359,Comida,P-02,2
2024-01-10,T-17587,Cena,P-07,3
2024-01-10,T-17864,Comida,P-13,4
2024-01-11,T-10036,Cena,P-14,3
2024-01-11,T-10479,Cena,P-01,1
2024-01-11,T-10638,Comida,P-12,4
2024-01-11,T-10819,Cena,P-01,2
2024-01-11,T-10993,Comida,P-22,2
2024-01-11,T-11241,Comida,P-07,4
2024-01-11,T-11494,Cena,P-18,4
2024-01-11,T-12236,Comida,P-22,3
2024-01-11,T-12336,Cena,P-22,4
2024-01-11,T-12404,Comida,P-10,3
2024-01-11,T-12446,Comida,P-10,4
2024-01-11,T-12642,Comida,P-18,2
2024-01-11,T-12676,Cena,P-12,4
2024-01-11,T-12903,Cena,P-19,4
2024-01-11,T-13276,Comida,P-15,1
2024-01-11,T-15026,Cena,P-06,1
2024-01-11,T-15165,Comida,P-11,2
2024-01-11,T-15717,Cena,P-01,2
2024-01-11,T-17395,Cena,P-17,4
2024-01-11,T-17752,Comida,P-25,4
2024-01-12,T-11002,Cena,P-19,2
2024-01-12,T-11015,Comida,P-11,2
2024-01-12,T-11395,Cena,P-13,1
2024-01-12,T-12117,Cena,P-05,3
2024-01-12,T-12199,Cena,P-20,3
2024-01-12,T-12295,Cena,P-04,3
2024-01-12,T-13274,Cena,P-22,1
2024-01-12,T-13431,Cena,P-20,2
2024-01-12,T-13453,Cena,P-16,4
2024-01-12,T-14413,Comida,P-07,3
2024-01-12,T-14568,Cena,P-16,3
2024-01-12,T-14598,Cena,P-03,3
2024-01-12,T-15576,Cena,P-14,2
2024-01-12,T-15839,Cena,P-06,1
2024-01-12,T-15914,Cena,P-15,1
2024-01-12,T-17057,Cena,P-06,2
2024-01-13,T-10150,Cena,P-14,4
2024-01-13,T-10422,Cena,P-10,1
2024-01-13,T-10720,Cena,P-14,2
2024-01-13,T-10940,Comida,P-08,3
2024-01-13,T-11275,Cena,P-22,4
2024-01-13,T-11332,Cena,P-05,3
2024-01-13,T-11567,Comida,P-04,1
2024-01-13,T-11631,Cena,P-01,3
2024-01-13,T-11751,Comida,P-25,1
2024-01-13,T-12142,Cena,P-04,3
2024-01-13,T-12662,Cena,P-09,1
2024-01-13,T-12932,Cena,P-20,2
2024-01-13,T-14282,Comida,P-19,1
2024-01-13,T-14412,Cena,P-22,1
2024-01-13,T-14474,Cena,P-01,2
2024-01-13,T-14526,Cena,P-09,3
2024-01-13,T-14553,Cena,P-25,4
2024-01-13,T-14637,Comida,P-16,2
2024-01-13,T-14890,Comida,P-04,1
2024-01-13,T-15231,Comida,P-19,3
2024-01-13,T-15898,Comida,P-19,2
2024-01-13,T-16334,Cena,P-14,1
2024-01-13,T-16623,Cena,P-12,2
2024-01-13,T-17771,Comida,P-23,3
2024-01-13,T-17831,Comida,P-18,4
2024-01-13,T-17976,Cena,P-09,3
2024-01-14,T-10344,Comida,P-16,2
2024-01-14,T-11683,Cena,P-10,2
2024-01-14,T-11815,Comida,P-02,3
2024-01-14,T-11959,Cena,P-04,1
2024-01-14,T-12476,Cena,P-12,2
2024-01-14,T-13351,Cena,P-20,3
2024-01-14,T-13386,Cena,P-21,3
2024-01-14,T-13404,Comida,P-09,2
2024-01-14,T-13495,Comida,P-04,4
2024-01-14,T-14705,Comida,P-09,4
2024-01-14,T-15179,Cena,P-11,3
2024-01-14,T-15473,Cena,P-10,1
2024-01-14,T-15539,Cena,P-07,4
2024-01-14,T-15927,Comida,P-17,1
2024-01-14,T-16306,Comida,P-09,4
2024-01-14,T-16644,Comida,P-05,2
2024-01-14,T-16811,Cena,P-16,3
2024-01-14,T-16842,Cena,P-20,4
2024-01-14,T-17059,Cena,P-09,1
2024-01-14,T-17896,Cena,P-17,4
2024-01-14,T-17932,Cena,P-17,1
2024-01-15,T-10339,Cena,P-14,2
2024-01-15,T-10696,Cena,P-12,4
2024-01-15,T-11151,Cena,P-02,4
2024-01-15,T-11191,Comida,P-01,3
2024-01-15,T-11617,Comida,P-02,3
2024-01-15,T-12155,Comida,P-16,3
2024-01-15,T-12565,Cena,P-12,4
2024-01-15,T-12960,Comida,P-16,2
2024-01-15,T-12962,Comida,P-23,3
2024-01-15,T-13231,Cena,P-24,1
2024-01-15,T-14287,Comida,P-08,3
2024-01-15,T-14971,Cena,P-12,3
2024-01-15,T-15749,Cena,P-03,3
2024-01-15,T-16161,Comida,P-14,1
2024-01-15,T-16425,Comida,P-21,2
2024-01-15,T-16971,Comida,P-15,3
2024-01-16,T-11554,Comida,P-25,4
2024-01-16,T-12042,Cena,P-17,3
2024-01-16,T-12109,Cena,P-20,1
2024-01-16,T-12224,Cena,P-19,1
2024-01-16,T-12374,Cena,P-19,4
2024-01-16,T-14234,Cena,P-17,2
2024-01-16,T-14597,Comida,P-24,1
2024-01-16,T-15358,Cena,P-08,4
2024-01-16,T-17089,Cena,P-11,2
2024-01-16,T-17375,Cena,P-11,3
2024-01-16,T-17432,Cena,P-22,2
2024-01-16,T-17684,Cena,P-23,3
2024-01-16,T-17900,Cena,P-24,1
2024-01-17,T-10222,Cena,P-09,1
2024-01-17,T-10400,Cena,P-14,3
2024-01-17,T-10789,Comida,P-01,2
2024-01-17,T-10806,Comida,P-08,4
2024-01-17,T-11226,Cena,P-15,4
2024-01-17,T-11374,Comida,P-22,1
2024-01-17,T-12372,Comida,P-16,3
2024-01-17,T-13016,Cena,P-06,4
2024-01-17,T-13044,Comida,P-14,4
2024-01-17,T-13467,Cena,P-12,4
2024-01-17,T-13500,Cena,P-25,2
2024-01-17,T-13509,Comida,P-23,3
2024-01-17,T-13591,Cena,P-19,2
2024-01-17,T-13828,Cena,P-05,4
2024-01-17,T-14203,Cena,P-25,3
2024-01-17,T-14223,Comida,P-16,2
2024-01-17,T-14282,Comida,P-23,1
2024-01-17,T-14847,Comida,P-19,4
2024-01-17,T-15742,Cena,P-11,2
2024-01-17,T-15797,Comida,P-15,1
2024-01-17,T-15854,Comida,P-06,2
2024-01-17,T-16192,Comida,P-15,3
2024-01-17,T-16955,Comida,P-06,1
2024-01-17,T-17092,Comida,P-16,2
2024-01-17,T-17640,Cena,P-12,4
2024-01-18,T-10239,Cena,P-01,2
2024-01-18,T-10376,Cena,P-03,4
2024-01-18,T-10708,Cena,P-17,3
2024-01-18,T-11055,Cena,P-18,3
2024-01-18,T-11178,Comida,P-07,2
2024-01-18,T-11667,Comida,P-11,4
2024-01-18,T-11734,Comida,P-08,1
2024-01-18,T-11748,Comida,P-04,3
2024-01-18,T-11857,Cena,P-12,4
2024-01-18,T-13119,Comida,P-01,3
2024-01-18,T-13151,Comida,P-14,4
2024-01-18,T-15693,Comida,P-21,1
2024-01-18,T-16634,Cena,P-17,2
2024-01-18,T-16935,Cena,P-04,3
2024-01-18,T-17182,Cena,P-01,3
2024-01-18,T-17208,Comida,P-25,4
2024-01-18,T-17829,Comida,P-17,3
2024-01-19,T-10008,Comida,P-16,4
2024-01-19,T-11156,Cena,P-05,2
2024-01-19,T-12333,Cena,P-18,2
2024-01-19,T-12380,Comida,P-09,3
2024-01-19,T-12549,Cena,P-02,4
2024-01-19,T-12892,Cena,P-01,2
2024-01-19,T-14134,Cena,P-06,3
2024-01-19,T-14416,Cena,P-17,2
2024-01-19,T-15551,Comida,P-14,3
2024-01-19,T-15808,Cena,P-02,3
2024-01-19,T-17014,Comida,P-23,1
2024-01-19,T-17815,Comida,P-07,1
2024-01-20,T-10395,Cena,P-12,4
2024-01-20,T-10662,Cena,P-25,2
2024-01-20,T-11013,Comida,P-02,3
2024-01-20,T-11351,Comida,P-14,4
2024-01-20,T-11410,Cena,P-20,4
2024-01-20,T-12001,Comida,P-20,1
2024-01-20,T-12491,Comida,P-10,1
2024-01-20,T-12776,Cena,P-07,2
2024-01-20,T-13008,Comida,P-19,1
2024-01-20,T-14076,Comida,P-10,1
2024-01-20,T-15415,Comida,P-15,2
2024-01-20,T-15599,Comida,P-24,2
2024-01-20,T-16605,Comida,P-07,4
2024-01-20,T-16995,Cena,P-23,2
2024-01-20,T-17965,Cena,P-16,3
2024-01-21,T-10097,Comida,P-16,4
2024-01-21,T-10413,Cena,P-04,3
2024-01-21,T-10530,Comida,P-25,1
2024-01-21,T-10872,Cena,P-07,3
2024-01-21,T-12126,Cena,P-13,2
2024-01-21,T-12485,Cena,P-12,2
2024-01-21,T-12558,Cena,P-20,4
2024-01-21,T-12707,Comida,P-05,3
2024-01-21,T-13001,Cena,P-12,4
2024-01-21,T-13222,Cena,P-18,2
2024-01-21,T-13231,Cena,P-12,2
2024-01-21,T-14257,Comida,P-02,2
2024-01-21,T-14623,Comida,P-15,4
2024-01-21,T-14734,Cena,P-22,3
2024-01-21,T-15489,Comida,P-18,4
2024-01-21,T-16528,Cena,P-14,2
2024-01-21,T-16731,Cena,P-04,2
2024-01-21,T-17220,Comida,P-18,4
2024-01-21,T-17404,Comida,P-03,2
2024-01-22,T-10059,Comida,P-19,2
2024-01-22,T-10885,Cena,P-06,1
2024-01-22,T-11368,Comida,P-20,3
2024-01-22,T-11527,Comida,P-16,4
2024-01-22,T-12294,Cena,P-16,2
2024-01-22,T-12502,Comida,P-16,1
2024-01-22,T-13011,Comida,P-05,1
2024-01-22,T-13214,Cena,P-17,3
2024-01-22,T-13397,Comida,P-18,4
2024-01-22,T-13706,Comida,P-19,1
2024-01-22,T-14746,Comida,P-12,1
2024-01-22,T-15002,Comida,P-24,2
2024-01-22,T-15170,Cena,P-25,1
2024-01-22,T-16293,Comida,P-23,1
2024-01-22,T-16424,Cena,P-08,3
2024-01-22,T-16843,Comida,P-16,3
2024-01-22,T-16920,Cena,P-19,1
2024-01-22,T-17625,Cena,P-04,1
2024-01-22,T-17781,Cena,P-07,2
2024-01-23,T-10624,Cena,P-11,2
2024-01-23,T-11006,Cena,P-05,3
2024-01-23,T-11014,Comida,P-16,1
2024-01-23,T-11346,Comida,P-02,1
2024-01-23,T-12128,Cena,P-08,1
2024-01-23,T-12838,Cena,P-22,1
2024-01-23,T-13139,Comida,P-02,2
2024-01-23,T-14068,Comida,P-14,3
2024-01-23,T-14366,Comida,P-08,1
2024-01-23,T-14400,Cena,P-21,3
2024-01-23,T-14553,Comida,P-19,3
2024-01-23,T-14583,Cena,P-17,2
2024-01-23,T-15525,Comida,P-25,3
2024-01-23,T-16586,Comida,P-01,4
2024-01-23,T-16811,Comida,P-09,1
2024-01-23,T-17411,Comida,P-12,3
2024-01-23,T-17846,Cena,P-07,2
2024-01-24,T-10017,Cena,P-06,2
2024-01-24,T-10679,Cena,P-19,2
2024-01-24,T-12252,Cena,P-16,3
2024-01-24,T-12264,Comida,P-24,2
2024-01-24,T-12490,Comida,P-02,2
2024-01-24,T-12911,Comida,P-20,4
2024-01-24,T-12927,Comida,P-03,4
2024-01-24,T-13027,Comida,P-19,1
2024-01-24,T-13279,Cena,P-16,1
2024-01-24,T-13307,Comida,P-13,1
2024-01-24,T-14020,Comida,P-03,3
2024-01-24,T-14513,Cena,P-06,2
2024-01-24,T-14584,Cena,P-03,1
2024-01-24,T-14868,Comida,P-14,2
2024-01-24,T-15610,Cena,P-08,1
2024-01-24,T-15807,Comida,P-09,1
2024-01-24,T-16070,Cena,P-10,1
2024-01-24,T-16243,Cena,P-01,3
2024-01-24,T-17014,Cena,P-12,4
2024-01-24,T-17708,Comida,P-07,4
2024-01-25,T-10894,Comida,P-10,1
2024-01-25,T-11025,Comida,P-16,4
2024-01-25,T-11028,Comida,P-09,3
2024-01-25,T-11218,Cena,P-10,2
2024-01-25,T-11506,Cena,P-24,2
2024-01-25,T-11589,Comida,P-13,1
2024-01-25,T-11869,Cena,P-18,2
2024-01-25,T-11969,Comida,P-15,1
2024-01-25,T-12506,Cena,P-10,2
2024-01-25,T-12641,Comida,P-01,4
2024-01-25,T-12930,Cena,P-11,1
2024-01-25,T-13401,Cena,P-05,3
2024-01-25,T-13989,Comida,P-17,3
2024-01-25,T-14753,Comida,P-11,4
2024-01-25,T-16067,Comida,P-02,3
2024-01-25,T-16505,Cena,P-24,3
2024-01-25,T-16920,Comida,P-02,3
2024-01-25,T-17078,Cena,P-21,4
2024-01-25,T-17344,Cena,P-15,1
2024-01-26,T-10134,Comida,P-10,2
2024-01-26,T-11188,Cena,P-09,4
2024-01-26,T-11822,Cena,P-02,1
2024-01-26,T-12086,Cena,P-14,2
2024-01-26,T-12625,Comida,P-01,4
2024-01-26,T-13074,Cena,P-07,3
2024-01-26,T-13193,Cena,P-06,2
2024-01-26,T-14031,Cena,P-17,2
2024-01-26,T-14822,Cena,P-20,1
2024-01-26,T-14989,Cena,P-18,4
2024-01-26,T-15263,Comida,P-06,3
2024-01-26,T-15589,Cena,P-02,1
2024-01-26,T-16021,Cena,P-23,1
2024-01-26,T-16022,Cena,P-13,2
2024-01-26,T-16749,Cena,P-05,1
2024-01-26,T-16934,Cena,P-24,1
2024-01-27,T-10597,Cena,P-22,4
2024-01-27,T-11569,Cena,P-08,2
2024-01-27,T-11617,Comida,P-20,4
2024-01-27,T-11986,Comida,P-03,4
2024-01-27,T-12556,Comida,P-18,2
2024-01-27,T-12712,Cena,P-10,3
2024-01-27,T-12801,Cena,P-12,2
2024-01-27,T-12996,Cena,P-22,4
2024-01-27,T-13753,Cena,P-25,2
2024-01-27,T-14129,Comida,P-25,4
2024-01-27,T-14250,Cena,P-19,1
2024-01-27,T-14335,Cena,P-11,4
2024-01-27,T-14495,Comida,P-18,1
2024-01-27,T-14981,Cena,P-02,1
2024-01-27,T-16190,Cena,P-11,1
2024-01-27,T-16403,Comida,P-01,4
2024-01-27,T-16603,Cena,P-03,1
2024-01-27,T-16697,Cena,P-05,1
2024-01-27,T-16760,Cena,P-06,1
2024-01-27,T-16941,Comida,P-02,3
2024-01-27,T-17283,Comida,P-12,2
2024-01-27,T-17373,Comida,P-05,3
2024-01-27,T-17755,Cena,P-03,1
2024-01-28,T-11324,Cena,P-12,3
2024-01-28,T-11975,Cena,P-19,2
2024-01-28,T-12101,Comida,P-03,1
2024-01-28,T-12133,Cena,P-02,4
2024-01-28,T-12776,Cena,P-22,2
2024-01-28,T-13274,Cena,P-01,2
2024-01-28,T-13659,Cena,P-17,1
2024-01-28,T-14191,Cena,P-20,3
2024-01-28,T-15250,Cena,P-03,3
2024-01-28,T-16658,Cena,P-04,2
2024-01-29,T-10016,Cena,P-18,2
2024-01-29,T-10852,Cena,P-07,2
2024-01-29,T-12153,Cena,P-24,1
2024-01-29,T-12634,Cena,P-11,2
2024-01-29,T-13133,Cena,P-21,1
2024-01-29,T-15190,Cena,P-11,2
2024-01-29,T-15368,Cena,P-17,4
2024-01-29,T-15509,Cena,P-09,1
2024-01-29,T-15739,Cena,P-03,2
2024-01-29,T-16210,Comida,P-04,3
2024-01-29,T-17210,Comida,P-16,4
2024-01-30,T-10050,Comida,P-22,4
2024-01-30,T-11132,Cena,P-17,3
2024-01-30,T-11574,Cena,P-18,2
2024-01-30,T-11822,Cena,P-04,3
2024-01-30,T-14229,Cena,P-21,1
2024-01-30,T-15374,Cena,P-20,4
2024-01-30,T-15438,Cena,P-14,2
2024-01-30,T-15999,Comida,P-16,2
2024-01-30,T-16147,Cena,P-10,1
2024-01-30,T-16606,Cena,P-09,3
2024-01-30,T-16961,Comida,P-05,4
2024-01-30,T-17170,Cena,P-03,4
2024-01-30,T-17904,Comida,P-09,3
2024-01-31,T-10275,Cena,P-09,4
2024-01-31,T-10354,Cena,P-14,4
2024-01-31,T-10424,Cena,P-02,2
2024-01-31,T-10432,Comida,P-16,3
2024-01-31,T-10680,Cena,P-04,4
2024-01-31,T-11055,Cena,P-11,3
2024-01-31,T-11062,Cena,P-22,3
2024-01-31,T-11121,Cena,P-17,2
2024-01-31,T-11245,Cena,P-17,2
2024-01-31,T-11334,Cena,P-22,4
2024-01-31,T-12233,Cena,P-18,4
2024-01-31,T-12733,Comida,P-12,2
2024-01-31,T-12873,Cena,P-18,1
2024-01-31,T-12995,Cena,P-10,3
2024-01-31,T-13458,Cena,P-04,2
2024-01-31,T-14247,Comida,P-22,1
2024-01-31,T-14251,Comida,P-07,4
2024-01-31,T-15359,Cena,P-02,1
2024-01-31,T-16399,Comida,P-08,4
2024-01-31,T-17550,Comida,P-09,3
2024-01-31,T-17862,Comida,P-14,3
2024-02-01,T-11344,Comida,P-02,3
2024-02-01,T-12296,Cena,P-02,4
2024-02-01,T-13741,Comida,P-19,3
2024-02-01,T-13851,Cena,P-17,2
2024-02-01,T-13896,Cena,P-08,3
2024-02-01,T-14145,Cena,P-09,3
2024-02-01,T-14725,Comida,P-10,3
2024-02-01,T-15151,Comida,P-24,1
2024-02-01,T-15273,Cena,P-09,1
2024-02-01,T-16181,Cena,P-15,2
2024-02-01,T-17045,Cena,P-20,4
2024-02-01,T-17302,Comida,P-20,3
2024-02-01,T-17578,Cena,P-18,4
2024-02-02,T-10117,Comida,P-24,2
2024-02-02,T-10361,Comida,P-15,3
2024-02-02,T-11576,Comida,P-04,4
2024-02-02,T-11943,Cena,P-15,2
2024-02-02,T-12698,Cena,P-18,3
2024-02-02,T-14888,Cena,P-07,2
2024-02-02,T-14927,Comida,P-04,4
2024-02-02,T-15381,Comida,P-25,1
2024-02-02,T-15514,Cena,P-03,4
2024-02-02,T-15581,Cena,P-02,3
2024-02-02,T-15676,Cena,P-15,3
2024-02-02,T-15693,Cena,P-19,3
2024-02-02,T-16277,Comida,P-16,2
2024-02-02,T-16959,Comida,P-17,2
2024-02-02,T-17186,Cena,P-10,2
2024-02-02,T-17781,Cena,P-14,1
2024-02-02,T-17984,Cena,P-22,1
2024-02-03,T-10326,Cena,P-10,4
2024-02-03,T-12481,Cena,P-23,2
2024-02-03,T-13129,Comida,P-03,2
2024-02-03,T-13387,Comida,P-04,2
2024-02-03,T-14551,Cena,P-10,1
2024-02-03,T-15523,Comida,P-04,4
2024-02-03,T-15579,Comida,P-22,4
2024-02-03,T-16654,Cena,P-23,2
2024-02-03,T-16660,Cena,P-21,3
2024-02-03,T-17502,Comida,P-19,1
2024-02-03,T-17910,Cena,P-18,4
2024-02-04,T-10508,Cena,P-13,4
2024-02-04,T-11378,Cena,P-10,3
2024-02-04,T-11926,Cena,P-24,1
2024-02-04,T-12801,Cena,P-05,3
2024-02-04,T-13133,Cena,P-04,1
2024-02-04,T-13348,Cena,P-18,2
2024-02-04,T-14015,Cena,P-13,2
2024-02-04,T-14811,Cena,P-02,4
2024-02-04,T-16282,Cena,P-08,2
2024-02-04,T-16433,Cena,P-24,1
2024-02-04,T-17125,Cena,P-18,3
2024-02-04,T-17444,Cena,P-13,1
2024-02-04,T-17794,Cena,P-09,1
2024-02-04,T-17905,Cena,P-25,2
2024-02-05,T-11756,Cena,P-20,4
2024-02-05,T-11813,Comida,P-04,2
2024-02-05,T-12642,Comida,P-14,1
2024-02-05,T-12658,Cena,P-18,1
2024-02-05,T-12953,Comida,P-17,2
2024-02-05,T-14838,Comida,P-14,4
2024-02-05,T-14949,Cena,P-05,1
2024-02-05,T-15509,Comida,P-20,4
2024-02-05,T-17581,Comida,P-11,2
2024-02-05,T-17613,Cena,P-22,4
2024-02-05,T-17714,Comida,P-15,2
2024-02-05,T-17858,Cena,P-16,3
2024-02-05,T-17859,Comida,P-22,3
2024-02-06,T-10649,Comida,P-10,3
2024-02-06,T-10786,Cena,P-05,3
2024-02-06,T-11068,Cena,P-21,1
2024-02-06,T-12221,Comida,P-04,2
2024-02-06,T-12407,Cena,P-05,1
2024-02-06,T-12824,Cena,P-07,3
2024-02-06,T-13510,Cena,P-03,3
2024-02-06,T-14647,Cena,P-21,3
2024-02-06,T-14690,Cena,P-19,2
2024-02-06,T-14812,Comida,P-14,2
2024-02-06,T-15598,Cena,P-13,2
2024-02-06,T-16089,Comida,P-02,3
2024-02-06,T-16251,Cena,P-01,1
2024-02-06,T-16980,Comida,P-11,4
2024-02-06,T-17872,Comida,P-20,3
2024-02-07,T-10174,Comida,P-05,3
2024-02-07,T-10332,Cena,P-24,2
2024-02-07,T-10354,Cena,P-15,4
2024-02-07,T-11326,Comida,P-14,3
2024-02-07,T-11373,Comida,P-07,4
2024-02-07,T-12067,Cena,P-03,3
2024-02-07,T-12338,Cena,P-02,2
2024-02-07,T-12784,Cena,P-08,4
2024-02-07,T-12910,Comida,P-05,3
2024-02-07,T-13220,Cena,P-04,4
2024-02-07,T-13747,Comida,P-08,2
2024-02-07,T-13767,Cena,P-09,1
2024-02-07,T-14191,Cena,P-11,2
2024-02-07,T-14534,Comida,P-24,4
2024-02-07,T-15024,Comida,P-21,4
2024-02-07,T-15069,Cena,P-23,2
2024-02-07,T-15553,Cena,P-02,3
2024-02-07,T-15619,Cena,P-19,4
2024-02-07,T-16614,Cena,P-22,3
2024-02-07,T-16757,Comida,P-25,4
2024-02-07,T-16773,Cena,P-06,1
2024-02-07,T-17305,Comida,P-13,4
2024-02-08,T-10144,Comida,P-11,1
2024-02-08,T-10466,Cena,P-05,3
2024-02-08,T-10695,Comida,P-25,4
2024-02-08,T-10878,Comida,P-02,3
2024-02-08,T-10974,Cena,P-04,4
2024-02-08,T-11334,Cena,P-02,2
2024-02-08,T-11717,Comida,P-14,4
2024-02-08,T-12489,Comida,P-19,1
2024-02-08,T-12943,Cena,P-05,3
2024-02-08,T-12997,Cena,P-10,3
2024-02-08,T-13632,Comida,P-04,4
2024-02-08,T-13820,Comida,P-25,3
2024-02-08,T-14050,Cena,P-01,2
2024-02-08,T-14183,Comida,P-10,2
2024-02-08,T-14463,Comida,P-06,3
2024-02-08,T-14831,Comida,P-22,1
2024-02-08,T-15336,Comida,P-03,1
2024-02-08,T-15359,Comida,P-19,3
2024-02-08,T-15446,Comida,P-09,3
2024-02-08,T-15973,Cena,P-13,4
2024-02-08,T-16059,Comida,P-13,1
2024-02-08,T-17077,Cena,P-10,2
2024-02-08,T-17604,Cena,P-20,3
2024-02-08,T-17819,Cena,P-02,2
2024-02-09,T-10391,Comida,P-06,1
2024-02-09,T-10433,Cena,P-01,1
2024-02-09,T-10464,Comida,P-10,2
2024-02-09,T-10477,Cena,P-11,1
2024-02-09,T-10934,Comida,P-15,1
2024-02-09,T-10967,Comida,P-23,3
2024-02-09,T-11461,Cena,P-02,3
2024-02-09,T-11758,Comida,P-20,2
2024-02-09,T-12047,Cena,P-23,2
2024-02-09,T-12780,Cena,P-23,1
2024-02-09,T-14001,Comida,P-25,2
2024-02-09,T-14559,Comida,P-24,3
2024-02-09,T-14937,Cena,P-25,3
2024-02-09,T-15165,Comida,P-07,1
2024-02-09,T-15199,Comida,P-15,3
2024-02-09,T-15675,Cena,P-20,4
2024-02-09,T-15918,Cena,P-22,3
2024-02-09,T-16099,Comida,P-05,1
2024-02-10,T-10129,Comida,P-08,3
2024-02-10,T-10974,Cena,P-12,3
2024-02-10,T-11152,Comida,P-18,3
2024-02-10,T-11985,Comida,P-07,4
2024-02-10,T-12743,Comida,P-18,1
2024-02-10,T-13215,Comida,P-10,1
2024-02-10,T-13919,Cena,P-18,4
2024-02-10,T-13967,Comida,P-08,1
2024-02-10,T-14038,Comida,P-18,2
2024-02-10,T-14240,Cena,P-04,1
2024-02-10,T-15058,Comida,P-06,3
2024-02-10,T-15288,Cena,P-14,1
2024-02-10,T-15506,Comida,P-05,2
2024-02-10,T-16817,Cena,P-17,1
2024-02-10,T-16828,Cena,P-12,4
2024-02-10,T-16907,Comida,P-15,3
2024-02-10,T-17547,Cena,P-02,3
2024-02-10,T-17882,Comida,P-21,2
2024-02-11,T-10178,Comida,P-03,1
2024-02-11,T-10342,Comida,P-14,2
2024-02-11,T-10372,Cena,P-25,2
2024-02-11,T-10963,Comida,P-06,1
2024-02-11,T-11594,Cena,P-02,2
2024-02-11,T-12180,Comida,P-17,4
2024-02-11,T-12907,Cena,P-24,3
2024-02-11,T-13298,Comida,P-16,2
2024-02-11,T-14314,Cena,P-20,4
2024-02-11,T-15257,Comida,P-23,3
2024-02-11,T-15293,Comida,P-01,4
2024-02-11,T-15464,Cena,P-14,3
2024-02-11,T-15569,Comida,P-15,4
2024-02-11,T-15614,Cena,P-24,3
2024-02-11,T-16358,Comida,P-04,4
2024-02-11,T-16731,Cena,P-13,2
2024-02-11,T-17413,Cena,P-17,4
2024-02-12,T-11044,Comida,P-20,3
2024-02-12,T-11108,Cena,P-11,2
2024-02-12,T-11239,Comida,P-25,4
2024-02-12,T-11318,Cena,P-22,4
2024-02-12,T-11336,Cena,P-15,3
2024-02-12,T-11367,Cena,P-06,2
2024-02-12,T-12103,Comida,P-12,3
2024-02-12,T-12228,Comida,P-02,3
2024-02-12,T-12436,Comida,P-02,3
2024-02-12,T-13188,Comida,P-17,4
2024-02-12,T-13523,Comida,P-11,3
2024-02-12,T-13689,Comida,P-25,3
2024-02-12,T-14505,Comida,P-07,1
2024-02-12,T-16147,Cena,P-03,3
2024-02-12,T-16186,Cena,P-21,1
2024-02-12,T-17390,Cena,P-21,4
2024-02-12,T-17474,Cena,P-14,1
2024-02-12,T-17929,Cena,P-18,4
2024-02-13,T-10049,Cena,P-01,2
2024-02-13,T-11238,Cena,P-13,3
2024-02-13,T-12230,Comida,P-16,4
2024-02-13,T-12252,Cena,P-11,1
2024-02-13,T-12539,Cena,P-09,2
2024-02-13,T-12602,Comida,P-06,4
2024-02-13,T-13366,Cena,P-12,4
2024-02-13,T-14061,Comida,P-08,2
2024-02-13,T-14082,Cena,P-06,1
2024-02-13,T-14096,Cena,P-13,2
2024-02-13,T-14140,Comida,P-10,2
2024-02-13,T-14179,Cena,P-10,1
2024-02-13,T-14499,Cena,P-08,1
2024-02-13,T-14568,Cena,P-18,4
2024-02-13,T-14675,Cena,P-12,2
2024-02-13,T-15486,Cena,P-17,2
2024-02-13,T-16547,Comida,P-22,1
2024-02-13,T-16883,Cena,P-17,4
2024-02-13,T-17455,Cena,P-22,2
2024-02-14,T-10525,Cena,P-21,3
2024-02-14,T-11236,Cena,P-07,4
2024-02-14,T-11373,Comida,P-03,1
2024-02-14,T-11676,Cena,P-02,2
2024-02-14,T-11744,Cena,P-13,1
2024-02-14,T-11987,Cena,P-14,2
2024-02-14,T-12729,Cena,P-14,1
2024-02-14,T-12904,Comida,P-04,4
2024-02-14,T-13432,Comida,P-08,4
2024-02-14,T-13558,Cena,P-16,1
2024-02-14,T-14006,Comida,P-22,3
2024-02-14,T-14172,Comida,P-06,4
2024-02-14,T-14235,Cena,P-04,3
2024-02-14,T-14713,Cena,P-11,1
2024-02-14,T-14847,Comida,P-06,4
2024-02-14,T-15291,Cena,P-10,2
2024-02-14,T-15918,Comida,P-09,1
2024-02-14,T-17494,Comida,P-02,2
2024-02-15,T-10244,Cena,P-25,1
2024-02-15,T-10360,Comida,P-16,2
2024-02-15,T-10691,Cena,P-24,1
2024-02-15,T-10898,Cena,P-05,2
2024-02-15,T-11190,Cena,P-14,2
2024-02-15,T-11266,Cena,P-22,2
2024-02-15,T-12915,Comida,P-04,1
2024-02-15,T-13380,Cena,P-11,4
2024-02-15,T-13401,Cena,P-14,2
2024-02-15,T-13988,Cena,P-06,2
2024-02-15,T-14035,Cena,P-24,3
2024-02-15,T-14509,Cena,P-13,3
2024-02-15,T-15100,Comida,P-02,1
2024-02-15,T-15425,Cena,P-24,2
2024-02-15,T-15488,Comida,P-19,3
2024-02-15,T-15924,Comida,P-01,2
2024-02-15,T-16355,Cena,P-11,2
2024-02-15,T-16357,Comida,P-19,4
2024-02-15,T-16374,Comida,P-10,2
2024-02-15,T-17767,Cena,P-07,1
2024-02-16,T-10041,Cena,P-12,4
2024-02-16,T-10595,Comida,P-22,4
2024-02-16,T-10645,Comida,P-21,3
2024-02-16,T-10867,Cena,P-12,1
2024-02-16,T-10957,Cena,P-04,4
2024-02-16,T-11119,Comida,P-02,2
2024-02-16,T-11673,Comida,P-14,4
2024-02-16,T-12429,Cena,P-09,3
2024-02-16,T-12549,Cena,P-12,2
2024-02-16,T-13106,Cena,P-02,4
2024-02-16,T-13207,Cena,P-15,3
2024-02-16,T-14041,Cena,P-17,2
2024-02-16,T-14590,Cena,P-01,4
2024-02-16,T-14685,Cena,P-21,3
2024-02-16,T-15056,Cena,P-10,2
2024-02-16,T-15506,Comida,P-09,3
2024-02-16,T-15767,Comida,P-19,3
2024-02-16,T-15791,Comida,P-03,2
2024-02-16,T-16064,Cena,P-23,2
2024-02-16,T-16638,Comida,P-06,3
2024-02-16,T-16723,Comida,P-10,1
2024-02-16,T-16751,Cena,P-21,4
2024-02-16,T-17047,Comida,P-13,2
2024-02-16,T-17072,Cena,P-02,3
2024-02-16,T-17283,Cena,P-06,1
2024-02-16,T-17314,Cena,P-05,1
2024-02-16,T-17720,Cena,P-04,1
2024-02-17,T-10757,Cena,P-05,3
2024-02-17,T-11509,Cena,P-13,1
2024-02-17,T-12378,Cena,P-15,2
2024-02-17,T-13248,Cena,P-23,4
2024-02-17,T-13593,Cena,P-19,3
2024-02-17,T-14090,Comida,P-07,1
2024-02-17,T-14560,Cena,P-18,3
2024-02-17,T-14573,Cena,P-12,1
2024-02-17,T-15240,Comida,P-13,4
2024-02-17,T-15635,Comida,P-08,2
2024-02-17,T-15666,Comida,P-15,2
2024-02-17,T-16241,Cena,P-15,4
2024-02-17,T-16416,Cena,P-04,1
2024-02-17,T-16484,Cena,P-02,2
2024-02-17,T-16677,Cena,P-13,1
2024-02-17,T-16940,Cena,P-14,1
2024-02-17,T-16963,Cena,P-18,1
2024-02-17,T-17016,Cena,P-25,1
2024-02-17,T-17253,Comida,P-06,3
2024-02-17,T-17267,Comida,P-03,3
2024-02-17,T-17336,Cena,P-01,4
2024-02-17,T-17675,Comida,P-15,3
2024-02-17,T-17736,Cena,P-03,4
2024-02-18,T-10629,Comida,P-01,1
2024-02-18,T-12165,Comida,P-02,4
2024-02-18,T-12492,Cena,P-23,4
2024-02-18,T-13964,Cena,P-03,1
2024-02-18,T-14091,Comida,P-21,1
2024-02-18,T-14188,Cena,P-17,1
2024-02-18,T-14421,Comida,P-24,3
2024-02-18,T-14668,Cena,P-24,4
2024-02-18,T-15074,Cena,P-12,2
2024-02-18,T-15313,Comida,P-12,3
2024-02-18,T-15879,Cena,P-01,4
2024-02-18,T-16403,Cena,P-24,2
2024-02-18,T-17068,Comida,P-10,1
2024-02-18,T-17176,Cena,P-16,4
2024-02-18,T-17631,Cena,P-08,1
2024-02-18,T-17697,Comida,P-08,3
2024-02-18,T-17742,Cena,P-12,4
2024-02-18,T-17912,Cena,P-23,1
2024-02-19,T-11487,Cena,P-17,2
2024-02-19,T-11618,Cena,P-06,1
2024-02-19,T-12043,Cena,P-05,3
2024-02-19,T-12571,Comida,P-13,4
2024-02-19,T-12596,Cena,P-14,2
2024-02-19,T-12657,Comida,P-05,3
2024-02-19,T-13626,Cena,P-10,3
2024-02-19,T-13749,Cena,P-18,2
2024-02-19,T-14380,Cena,P-08,1
2024-02-19,T-14655,Cena,P-24,1
2024-02-19,T-15801,Cena,P-24,4
2024-02-19,T-15936,Comida,P-11,3
2024-02-19,T-16061,Cena,P-17,3
2024-02-19,T-16124,Cena,P-11,3
2024-02-19,T-17251,Cena,P-23,4
2024-02-20,T-10451,Cena,P-25,4
2024-02-20,T-10627,Comida,P-01,4
2024-02-20,T-13673,Cena,P-09,4
2024-02-20,T-14139,Comida,P-21,1
2024-02-20,T-14288,Cena,P-20,1
2024-02-20,T-14518,Comida,P-17,1
2024-02-20,T-14577,Cena,P-22,1
2024-02-20,T-15772,Comida,P-10,2
2024-02-20,T-15815,Cena,P-07,2
2024-02-20,T-15834,Comida,P-22,4
2024-02-20,T-16405,Cena,P-07,1
2024-02-20,T-16745,Cena,P-10,4
2024-02-20,T-17525,Cena,P-05,2
2024-02-20,T-17931,Cena,P-23,3
2024-02-21,T-11108,Cena,P-14,3
2024-02-21,T-11327,Comida,P-14,3
2024-02-21,T-11502,Comida,P-13,1
2024-02-21,T-11839,Cena,P-12,2
2024-02-21,T-12222,Comida,P-03,4
2024-02-21,T-12274,Cena,P-21,1
2024-02-21,T-12409,Cena,P-03,2
2024-02-21,T-12878,Cena,P-16,1
2024-02-21,T-13003,Cena,P-15,1
2024-02-21,T-13109,Comida,P-19,3
2024-02-21,T-13713,Comida,P-10,3
2024-02-21,T-14679,Comida,P-13,4
2024-02-21,T-15841,Cena,P-23,3
2024-02-21,T-17192,Cena,P-16,1
2024-02-22,T-10014,Comida,P-19,1
2024-02-22,T-10134,Comida,P-13,1
2024-02-22,T-10584,Cena,P-06,4
2024-02-22,T-10713,Cena,P-11,3
2024-02-22,T-11025,Comida,P-06,3
2024-02-22,T-11131,Comida,P-03,3
2024-02-22,T-11188,Cena,P-04,3
2024-02-22,T-11298,Cena,P-01,4
2024-02-22,T-11552,Cena,P-15,3
2024-02-22,T-12618,Cena,P-14,1
2024-02-22,T-12627,Comida,P-13,1
2024-02-22,T-13836,Comida,P-08,2
2024-02-22,T-14258,Cena,P-06,4
2024-02-22,T-14323,Cena,P-25,4
2024-02-22,T-14420,Cena,P-19,1
2024-02-22,T-14474,Comida,P-03,4
2024-02-22,T-15058,Comida,P-04,1
2024-02-22,T-15844,Cena,P-23,1
2024-02-22,T-16103,Cena,P-18,4
2024-02-22,T-16130,Cena,P-20,3
2024-02-22,T-16175,Comida,P-18,1
2024-02-22,T-16268,Comida,P-13,1
2024-02-22,T-17331,Cena,P-19,1
2024-02-22,T-17593,Comida,P-11,3
2024-02-22,T-17937,Cena,P-05,3
2024-02-23,T-10048,Cena,P-08,3
2024-02-23,T-10456,Cena,P-14,1
2024-02-23,T-11270,Cena,P-15,1
2024-02-23,T-11408,Cena,P-06,3
2024-02-23,T-11447,Comida,P-17,3
2024-02-23,T-11561,Comida,P-21,3
2024-02-23,T-11587,Cena,P-05,4
2024-02-23,T-12964,Cena,P-03,3
2024-02-23,T-13120,Cena,P-22,2
2024-02-23,T-14021,Comida,P-17,3
2024-02-23,T-14232,Cena,P-22,2
2024-02-23,T-14537,Comida,P-13,1
2024-02-23,T-14924,Comida,P-22,4
2024-02-23,T-16827,Cena,P-25,2
2024-02-23,T-17727,Comida,P-02,2
2024-02-23,T-17944,Cena,P-21,1
2024-02-24,T-10083,Cena,P-17,4
2024-02-24,T-10144,Cena,P-06,1
2024-02-24,T-10402,Comida,P-11,4
2024-02-24,T-11081,Cena,P-21,3
2024-02-24,T-11691,Comida,P-07,2
2024-02-24,T-11870,Comida,P-20,1
2024-02-24,T-12015,Comida,P-17,2
2024-02-24,T-12067,Cena,P-03,1
2024-02-24,T-12265,Comida,P-24,3
2024-02-24,T-12291,Comida,P-10,2
2024-02-24,T-12311,Comida,P-04,4
2024-02-24,T-13746,Cena,P-13,1
2024-02-24,T-13792,Comida,P-18,2
2024-02-24,T-13841,Comida,P-16,2
2024-02-24,T-14263,Comida,P-03,4
2024-02-24,T-14726,Cena,P-03,1
2024-02-24,T-16064,Cena,P-19,1
2024-02-24,T-16916,Cena,P-04,2
2024-02-24,T-16970,Comida,P-04,3
2024-02-24,T-17168,Cena,P-09,4
2024-02-24,T-17276,Comida,P-14,2
2024-02-24,T-17408,Cena,P-11,4
2024-02-24,T-17830,Cena,P-03,2
2024-02-24,T-17902,Comida,P-04,1
2024-02-24,T-17910,Cena,P-13,1
2024-02-25,T-10212,Cena,P-03,3
2024-02-25,T-10418,Cena,P-21,2
2024-02-25,T-11120,Cena,P-01,2
2024-02-25,T-11543,Cena,P-22,4
2024-02-25,T-11805,Cena,P-09,3
2024-02-25,T-12430,Cena,P-03,4
2024-02-25,T-12688,Comida,P-13,3
2024-02-25,T-13524,Cena,P-21,4
2024-02-25,T-13603,Cena,P-12,4
2024-02-25,T-14997,Comida,P-16,1
2024-02-25,T-15056,Comida,P-06,2
2024-02-25,T-15343,Cena,P-19,2
2024-02-25,T-15668,Cena,P-11,1
2024-02-25,T-16618,Comida,P-25,4
2024-02-25,T-17362,Comida,P-11,4
2024-02-25,T-17644,Cena,P-17,1
2024-02-25,T-17732,Comida,P-22,1
2024-02-26,T-10748,Comida,P-18,2
2024-02-26,T-11029,Comida,P-03,4
2024-02-26,T-11275,Comida,P-04,3
2024-02-26,T-11472,Comida,P-12,4
2024-02-26,T-11662,Comida,P-08,1
2024-02-26,T-12197,Cena,P-04,2
2024-02-26,T-12467,Cena,P-20,4
2024-02-26,T-13161,Comida,P-17,4
2024-02-26,T-13207,Cena,P-25,4
2024-02-26,T-13907,Cena,P-01,3
2024-02-26,T-14646,Comida,P-23,2
2024-02-26,T-14944,Cena,P-20,1
2024-02-26,T-15110,Cena,P-17,3
2024-02-26,T-15125,Cena,P-08,4
2024-02-26,T-15643,Cena,P-06,2
2024-02-26,T-16697,Comida,P-05,4
2024-02-26,T-16866,Cena,P-18,1
2024-02-26,T-17427,Comida,P-01,2
2024-02-26,T-17658,Comida,P-25,2
2024-02-27,T-11008,Comida,P-08,4
2024-02-27,T-11207,Cena,P-06,2
2024-02-27,T-11314,Cena,P-22,2
2024-02-27,T-11440,Cena,P-22,4
2024-02-27,T-11994,Cena,P-13,2
2024-02-27,T-12453,Comida,P-21,3
2024-02-27,T-12643,Cena,P-20,4
2024-02-27,T-13435,Cena,P-16,2
2024-02-27,T-13576,Comida,P-11,2
2024-02-27,T-14011,Cena,P-21,1
2024-02-27,T-14660,Comida,P-12,2
2024-02-27,T-14831,Cena,P-15,3
2024-02-27,T-14888,Comida,P-15,1
2024-02-27,T-14996,Cena,P-13,3
2024-02-27,T-15855,Cena,P-16,2
2024-02-27,T-17067,Comida,P-10,3
2024-02-27,T-17199,Cena,P-13,3
2024-02-27,T-17712,Cena,P-20,4
2024-02-27,T-17971,Comida,P-04,3
2024-02-28,T-10480,Cena,P-03,1
2024-02-28,T-10898,Cena,P-07,3
2024-02-28,T-11002,Cena,P-01,3
2024-02-28,T-11630,Cena,P-06,2
2024-02-28,T-11928,Comida,P-09,2
2024-02-28,T-12095,Cena,P-19,4
2024-02-28,T-12140,Cena,P-11,2
2024-02-28,T-12932,Cena,P-07,2
2024-02-28,T-13758,Comida,P-21,1
2024-02-28,T-13952,Cena,P-18,1
2024-02-28,T-13985,Comida,P-03,3
2024-02-28,T-14021,Comida,P-06,1
2024-02-28,T-14080,Cena,P-02,1
2024-02-28,T-14148,Comida,P-22,4
2024-02-28,T-14240,Comida,P-02,3
2024-02-28,T-14886,Cena,P-19,2
2024-02-28,T-16882,Comida,P-21,1
2024-02-28,T-16895,Comida,P-07,2
2024-02-28,T-17668,Cena,P-05,3
2024-02-28,T-17721,Cena,P-12,3
2024-02-29,T-10810,Cena,P-16,3
2024-02-29,T-11022,Comida,P-07,2
2024-02-29,T-11277,Cena,P-16,2
2024-02-29,T-11891,Comida,P-10,2
2024-02-29,T-12673,Comida,P-07,4
2024-02-29,T-12782,Cena,P-21,4
2024-02-29,T-13724,Comida,P-10,2
2024-02-29,T-13956,Cena,P-13,3
2024-02-29,T-14259,Cena,P-04,1
2024-02-29,T-14356,Comida,P-18,2
2024-02-29,T-14382,Cena,P-03,1
2024-02-29,T-14516,Cena,P-11,3
2024-02-29,T-14836,Cena,P-07,3
2024-02-29,T-14866,Comida,P-01,1
2024-02-29,T-15206,Cena,P-21,4
2024-02-29,T-15342,Cena,P-20,2
2024-02-29,T-15588,Cena,P-20,2
2024-02-29,T-16350,Comida,P-22,2
2024-02-29,T-16755,Comida,P-16,4
2024-02-29,T-16986,Cena,P-12,4
2024-02-29,T-17124,Comida,P-09,3
2024-02-29,T-17495,Cena,P-24,3
2024-03-01,T-10044,Cena,P-19,2
2024-03-01,T-10309,Cena,P-25,1
2024-03-01,T-10716,Comida,P-09,3
2024-03-01,T-10736,Comida,P-14,2
2024-03-01,T-11153,Comida,P-12,2
2024-03-01,T-11840,Cena,P-05,4
2024-03-01,T-12063,Cena,P-24,4
2024-03-01,T-12503,Comida,P-07,4
2024-03-01,T-12520,Cena,P-15,2
2024-03-01,T-15073,Comida,P-12,1
2024-03-01,T-15155,Comida,P-21,3
2024-03-01,T-15286,Comida,P-15,4
2024-03-01,T-15535,Cena,P-25,1
2024-03-01,T-15693,Cena,P-05,2
2024-03-01,T-15939,Cena,P-21,2
2024-03-01,T-16383,Cena,P-07,4
2024-03-01,T-16533,Comida,P-23,3
2024-03-01,T-17165,Cena,P-03,3
2024-03-01,T-17220,Comida,P-10,4
2024-03-01,T-17732,Comida,P-16,1
2024-03-01,T-17907,Cena,P-15,3
2024-03-01,T-17914,Cena,P-20,2
2024-03-02,T-11031,Comida,P-17,4
2024-03-02,T-11134,Comida,P-25,3
2024-03-02,T-11235,Cena,P-05,4
2024-03-02,T-11291,Comida,P-18,4
2024-03-02,T-12156,Cena,P-09,2
2024-03-02,T-12280,Comida,P-11,3
2024-03-02,T-12760,Comida,P-03,2
2024-03-02,T-12849,Cena,P-12,4
2024-03-02,T-12940,Comida,P-16,3
2024-03-02,T-13249,Cena,P-02,1
2024-03-02,T-13839,Comida,P-22,3
2024-03-02,T-14298,Cena,P-22,1
2024-03-02,T-15744,Comida,P-21,2
2024-03-02,T-16257,Comida,P-21,1
2024-03-02,T-16347,Comida,P-13,1
2024-03-02,T-17532,Cena,P-08,3
2024-03-02,T-17880,Comida,P-21,1
2024-03-03,T-12368,Cena,P-11,4
2024-03-03,T-12389,Cena,P-07,3
2024-03-03,T-12516,Cena,P-18,4
2024-03-03,T-13382,Comida,P-25,1
2024-03-03,T-13406,Cena,P-15,2
2024-03-03,T-13824,Comida,P-21,4
2024-03-03,T-14619,Comida,P-12,4
2024-03-03,T-15111,Cena,P-23,3
2024-03-03,T-15145,Cena,P-16,2
2024-03-03,T-15453,Comida,P-17,3
2024-03-03,T-15583,Cena,P-23,2
2024-03-03,T-15785,Comida,P-21,3
2024-03-03,T-15911,Cena,P-01,4
2024-03-03,T-16248,Cena,P-03,2
2024-03-03,T-16464,Cena,P-25,4
2024-03-03,T-16631,Cena,P-12,4
2024-03-03,T-17377,Comida,P-08,1
2024-03-03,T-17425,Comida,P-04,2
2024-03-03,T-17622,Cena,P-14,4
2024-03-03,T-17826,Comida,P-19,2
2024-03-04,T-10313,Comida,P-18,1
2024-03-04,T-10830,Comida,P-18,3
2024-03-04,T-10863,Cena,P-18,4
2024-03-04,T-10881,Comida,P-21,2
2024-03-04,T-10896,Cena,P-23,1
2024-03-04,T-12280,Comida,P-04,3
2024-03-04,T-12427,Cena,P-11,2
2024-03-04,T-12589,Cena,P-06,3
2024-03-04,T-14481,Comida,P-03,2
2024-03-04,T-14795,Comida,P-01,1
2024-03-04,T-14812,Comida,P-06,4
2024-03-04,T-15109,Comida,P-14,3
2024-03-04,T-15303,Cena,P-20,1
2024-03-04,T-17621,Comida,P-14,3
2024-03-05,T-11016,Cena,P-01,3
2024-03-05,T-11206,Comida,P-25,4
2024-03-05,T-11803,Comida,P-20,1
2024-03-05,T-12190,Cena,P-02,3
2024-03-05,T-13283,Cena,P-05,1
2024-03-05,T-13606,Cena,P-17,2
2024-03-05,T-14016,Cena,P-04,1
2024-03-05,T-14320,Comida,P-09,4
2024-03-05,T-14748,Comida,P-13,4
2024-03-05,T-14757,Cena,P-12,2
2024-03-05,T-14861,Comida,P-17,1
2024-03-05,T-15116,Cena,P-17,2
2024-03-05,T-15537,Cena,P-04,2
2024-03-05,T-15571,Cena,P-19,4
2024-03-05,T-17010,Comida,P-01,1
2024-03-05,T-17297,Cena,P-25,1
2024-03-05,T-17689,Cena,P-07,2
2024-03-05,T-17755,Cena,P-19,1
2024-03-06,T-10780,Comida,P-21,2
2024-03-06,T-10896,Cena,P-18,1
2024-03-06,T-11172,Comida,P-20,2
2024-03-06,T-11523,Cena,P-08,1
2024-03-06,T-11572,Comida,P-20,3
2024-03-06,T-11664,Cena,P-05,4
2024-03-06,T-11781,Comida,P-24,2
2024-03-06,T-12100,Cena,P-10,3
2024-03-06,T-12177,Comida,P-20,3
2024-03-06,T-12346,Comida,P-25,3
2024-03-06,T-12519,Comida,P-03,4
2024-03-06,T-13136,Cena,P-10,1
2024-03-06,T-14052,Comida,P-14,4
2024-03-06,T-14319,Comida,P-12,1
2024-03-06,T-14791,Comida,P-05,1
2024-03-06,T-14917,Comida,P-02,2
2024-03-06,T-15002,Comida,P-02,3
2024-03-06,T-15016,Cena,P-11,3
2024-03-06,T-15163,Comida,P-18,1
2024-03-06,T-15631,Comida,P-06,3
2024-03-06,T-15881,Comida,P-05,2
2024-03-06,T-16091,Cena,P-18,3
2024-03-06,T-16386,Cena,P-17,2
2024-03-06,T-16718,Cena,P-20,1
2024-03-06,T-17371,Cena,P-02,3
2024-03-07,T-10330,Cena,P-17,4
2024-03-07,T-10520,Comida,P-05,4
2024-03-07,T-10622,Comida,P-17,1
2024-03-07,T-11038,Comida,P-16,1
2024-03-07,T-12183,Comida,P-13,4
2024-03-07,T-12192,Comida,P-21,2
2024-03-07,T-12278,Comida,P-25,2
2024-03-07,T-12475,Cena,P-20,4
2024-03-07,T-12693,Comida,P-15,1
2024-03-07,T-12894,Cena,P-19,3
2024-03-07,T-13703,Cena,P-19,3
2024-03-07,T-14787,Cena,P-07,1
2024-03-07,T-15236,Cena,P-03,1
2024-03-07,T-15282,Comida,P-18,4
2024-03-07,T-15766,Cena,P-13,4
2024-03-07,T-15914,Cena,P-06,1
2024-03-07,T-15940,Cena,P-13,1
2024-03-07,T-16769,Cena,P-02,1
2024-03-07,T-16775,Cena,P-25,1
2024-03-07,T-17061,Cena,P-13,2
2024-03-07,T-17516,Cena,P-11,1
2024-03-07,T-17660,Comida,P-12,2
2024-03-07,T-17908,Comida,P-01,4
2024-03-08,T-10488,Comida,P-24,1
2024-03-08,T-10613,Comida,P-20,2
2024-03-08,T-10943,Cena,P-07,1
2024-03-08,T-11420,Comida,P-21,1
2024-03-08,T-11591,Cena,P-19,1
2024-03-08,T-11814,Cena,P-02,3
2024-03-08,T-11821,Cena,P-16,3
2024-03-08,T-12501,Cena,P-12,4
2024-03-08,T-12517,Cena,P-05,4
2024-03-08,T-12521,Cena,P-02,1
2024-03-08,T-12872,Cena,P-23,4
2024-03-08,T-12915,Comida,P-15,1
2024-03-08,T-13155,Cena,P-23,1
2024-03-08,T-14059,Comida,P-06,4
2024-03-08,T-14302,Cena,P-13,3
2024-03-08,T-14304,Cena,P-12,4
2024-03-08,T-14851,Cena,P-01,3
2024-03-08,T-16459,Cena,P-04,4
2024-03-08,T-16746,Cena,P-17,4
2024-03-08,T-17051,Cena,P-14,1
2024-03-08,T-17066,Cena,P-14,1
2024-03-08,T-17084,Cena,P-09,4
2024-03-08,T-17293,Cena,P-21,3
2024-03-08,T-17657,Cena,P-08,2
2024-03-08,T-17709,Cena,P-19,3
2024-03-09,T-10242,Cena,P-24,3
2024-03-09,T-10293,Comida,P-21,4
2024-03-09,T-11724,Comida,P-20,2
2024-03-09,T-12651,Comida,P-19,3
2024-03-09,T-13004,Cena,P-12,3
2024-03-09,T-13363,Cena,P-25,4
2024-03-09,T-13666,Cena,P-04,1
2024-03-09,T-14430,Comida,P-04,3
2024-03-09,T-14851,Comida,P-17,1
2024-03-09,T-15460,Comida,P-17,1
2024-03-09,T-15814,Comida,P-03,2
2024-03-09,T-15948,Cena,P-16,1
2024-03-09,T-16826,Cena,P-21,4
2024-03-09,T-17101,Comida,P-03,2
2024-03-09,T-17778,Comida,P-06,2
2024-03-09,T-17929,Comida,P-12,2
2024-03-09,T-17991,Comida,P-05,4
2024-03-10,T-10693,Comida,P-14,2
2024-03-10,T-12685,Cena,P-25,3
2024-03-10,T-13693,Cena,P-12,1
2024-03-10,T-14228,Cena,P-18,2
2024-03-10,T-14395,Cena,P-21,1
2024-03-10,T-14509,Cena,P-08,3
2024-03-10,T-14541,Comida,P-02,1
2024-03-10,T-14596,Comida,P-17,1
2024-03-10,T-14677,Comida,P-15,3
2024-03-10,T-16457,Comida,P-14,3
2024-03-10,T-16484,Comida,P-21,4
2024-03-10,T-16487,Cena,P-23,3
2024-03-10,T-16568,Cena,P-19,4
2024-03-10,T-17886,Cena,P-14,3
2024-03-11,T-10209,Comida,P-12,3
2024-03-11,T-10554,Comida,P-18,1
2024-03-11,T-11280,Comida,P-05,1
2024-03-11,T-11284,Cena,P-17,1
2024-03-11,T-11542,Cena,P-13,1
2024-03-11,T-11713,Cena,P-06,4
2024-03-11,T-11784,Cena,P-19,1
2024-03-11,T-12074,Cena,P-04,4
2024-03-11,T-12113,Comida,P-02,2
2024-03-11,T-12455,Comida,P-14,2
2024-03-11,T-12695,Cena,P-11,2
2024-03-11,T-12912,Cena,P-14,3
2024-03-11,T-14358,Comida,P-03,1
2024-03-11,T-14663,Cena,P-24,1
2024-03-11,T-16020,Cena,P-16,3
2024-03-11,T-16746,Cena,P-13,2
2024-03-11,T-17411,Cena,P-22,2
2024-03-11,T-17720,Cena,P-03,2
2024-03-12,T-10039,Cena,P-08,3
2024-03-12,T-10561,Cena,P-12,2
2024-03-12,T-11205,Comida,P-12,2
2024-03-12,T-12201,Cena,P-02,1
2024-03-12,T-12250,Cena,P-09,2
2024-03-12,T-14066,Cena,P-06,2
2024-03-12,T-14529,Cena,P-18,2
2024-03-12,T-15821,Cena,P-22,4
2024-03-12,T-16787,Cena,P-01,2
2024-03-13,T-10005,Cena,P-14,4
2024-03-13,T-10320,Cena,P-23,3
2024-03-13,T-10860,Cena,P-21,2
2024-03-13,T-10898,Cena,P-20,2
2024-03-13,T-11393,Cena,P-14,3
2024-03-13,T-11471,Comida,P-25,3
2024-03-13,T-11551,Comida,P-10,4
2024-03-13,T-12608,Cena,P-17,2
2024-03-13,T-12730,Comida,P-18,1
2024-03-13,T-12803,Comida,P-02,3
2024-03-13,T-12968,Cena,P-13,4
2024-03-13,T-13433,Comida,P-11,4
2024-03-13,T-13681,Comida,P-06,4
2024-03-13,T-14423,Comida,P-16,3
2024-03-13,T-14731,Comida,P-15,4
2024-03-13,T-14838,Comida,P-05,1
2024-03-13,T-16189,Cena,P-10,2
2024-03-13,T-16319,Cena,P-18,2
2024-03-13,T-17213,Cena,P-05,3
2024-03-13,T-17710,Comida,P-25,2
2024-03-13,T-17714,Cena,P-17,2
2024-03-14,T-10100,Cena,P-15,1
2024-03-14,T-10564,Comida,P-20,1
2024-03-14,T-10578,Comida,P-17,2
2024-03-14,T-10622,Comida,P-09,1
2024-03-14,T-10848,Cena,P-04,4
2024-03-14,T-11005,Comida,P-22,2
2024-03-14,T-11467,Cena,P-19,4
2024-03-14,T-12140,Cena,P-21,2
2024-03-14,T-12272,Comida,P-03,4
2024-03-14,T-12571,Comida,P-22,3
2024-03-14,T-14265,Cena,P-03,4
2024-03-14,T-14551,Comida,P-23,2
2024-03-14,T-14716,Comida,P-09,3
2024-03-14,T-15290,Comida,P-09,3
2024-03-14,T-16515,Comida,P-19,4
2024-03-14,T-16570,Cena,P-04,1
2024-03-14,T-17046,Cena,P-20,4
2024-03-14,T-17086,Cena,P-17,3
2024-03-14,T-17622,Cena,P-07,2
2024-03-15,T-10838,Comida,P-19,3
2024-03-15,T-10963,Comida,P-21,2
2024-03-15,T-11010,Cena,P-13,2
2024-03-15,T-11031,Comida,P-21,4
2024-03-15,T-11461,Cena,P-12,2
2024-03-15,T-11677,Comida,P-16,3
2024-03-15,T-12372,Cena,P-02,3
2024-03-15,T-12468,Cena,P-08,2
2024-03-15,T-14562,Cena,P-02,1
2024-03-15,T-14720,Comida,P-25,2
2024-03-15,T-14738,Cena,P-23,2
2024-03-15,T-14975,Comida,P-21,2
2024-03-15,T-15704,Cena,P-18,3
2024-03-15,T-16060,Cena,P-20,2
2024-03-15,T-16111,Comida,P-15,2
2024-03-15,T-16139,Comida,P-16,3
2024-03-15,T-16688,Cena,P-20,1
2024-03-15,T-17345,Comida,P-19,2
2024-03-15,T-17392,Cena,P-10,4
2024-03-15,T-17420,Comida,P-21,1
2024-03-16,T-10004,Cena,P-11,4
2024-03-16,T-10249,Comida,P-16,2
2024-03-16,T-10721,Cena,P-17,1
2024-03-16,T-11023,Cena,P-04,2
2024-03-16,T-11370,Comida,P-25,4
2024-03-16,T-11694,Comida,P-15,2
2024-03-16,T-12524,Cena,P-23,2
2024-03-16,T-12809,Cena,P-08,3
2024-03-16,T-13077,Comida,P-17,4
2024-03-16,T-13362,Cena,P-03,2
2024-03-16,T-13561,Comida,P-11,2
2024-03-16,T-15575,Comida,P-03,3
2024-03-16,T-16049,Cena,P-16,4
2024-03-16,T-17632,Comida,P-14,1
2024-03-16,T-17651,Cena,P-03,4
2024-03-16,T-17729,Comida,P-24,4
2024-03-16,T-17791,Cena,P-04,2
2024-03-17,T-10176,Comida,P-20,2
2024-03-17,T-10268,Comida,P-12,1
2024-03-17,T-10311,Cena,P-09,2
2024-03-17,T-11088,Comida,P-05,1
2024-03-17,T-11269,Cena,P-01,4
2024-03-17,T-11316,Cena,P-05,4
2024-03-17,T-11589,Comida,P-16,4
2024-03-17,T-12177,Comida,P-23,3
2024-03-17,T-12435,Cena,P-25,3
2024-03-17,T-13126,Cena,P-06,1
2024-03-17,T-13198,Comida,P-22,1
2024-03-17,T-13753,Cena,P-05,3
2024-03-17,T-13939,Cena,P-20,4
2024-03-17,T-14390,Cena,P-12,3
2024-03-17,T-14890,Cena,P-03,1
2024-03-17,T-15832,Cena,P-16,1
2024-03-17,T-16240,Cena,P-21,3
2024-03-17,T-16614,Cena,P-22,4
2024-03-17,T-16919,Comida,P-17,4
2024-03-17,T-17885,Comida,P-19,2
2024-03-18,T-10013,Cena,P-25,3
2024-03-18,T-10020,Cena,P-02,3
2024-03-18,T-10669,Cena,P-03,3
2024-03-18,T-11106,Cena,P-16,3
2024-03-18,T-11654,Cena,P-03,1
2024-03-18,T-11873,Cena,P-24,3
2024-03-18,T-12222,Comida,P-06,4
2024-03-18,T-12358,Comida,P-15,4
2024-03-18,T-12675,Comida,P-11,3
2024-03-18,T-13092,Cena,P-13,2
2024-03-18,T-13443,Cena,P-06,1
2024-03-18,T-13917,Cena,P-17,1
2024-03-18,T-14188,Comida,P-08,1
2024-03-18,T-16497,Comida,P-22,2
2024-03-18,T-16580,Comida,P-15,4
2024-03-18,T-16892,Cena,P-19,3
2024-03-18,T-17386,Comida,P-13,4
2024-03-18,T-17638,Comida,P-21,2
2024-03-19,T-10264,Cena,P-12,3
2024-03-19,T-10268,Comida,P-08,2
2024-03-19,T-10831,Comida,P-13,4
2024-03-19,T-11192,Comida,P-11,2
2024-03-19,T-11476,Cena,P-07,1
2024-03-19,T-11690,Cena,P-04,1
2024-03-19,T-11732,Cena,P-23,3
2024-03-19,T-12167,Cena,P-15,1
2024-03-19,T-12233,Cena,P-14,1
2024-03-19,T-13201,Comida,P-01,3
2024-03-19,T-13278,Cena,P-09,2
2024-03-19,T-13694,Comida,P-04,2
2024-03-19,T-13747,Comida,P-19,4
2024-03-19,T-14440,Cena,P-17,2
2024-03-19,T-14514,Cena,P-02,4
2024-03-19,T-14538,Cena,P-08,3
2024-03-19,T-14744,Cena,P-19,3
2024-03-19,T-14819,Comida,P-09,2
2024-03-19,T-16486,Cena,P-09,4
2024-03-19,T-16680,Cena,P-03,3
2024-03-19,T-16791,Comida,P-12,4
2024-03-19,T-16896,Comida,P-06,4
2024-03-20,T-12386,Cena,P-05,4
2024-03-20,T-12657,Cena,P-22,3
2024-03-20,T-12880,Cena,P-24,1
2024-03-20,T-12914,Comida,P-16,2
2024-03-20,T-13582,Comida,P-08,1
2024-03-20,T-13777,Cena,P-24,4
2024-03-20,T-13902,Comida,P-01,2
2024-03-20,T-14575,Cena,P-18,3
2024-03-20,T-14771,Cena,P-25,1
2024-03-20,T-15355,Comida,P-03,1
2024-03-20,T-15607,Cena,P-01,4
2024-03-20,T-15827,Comida,P-17,4
2024-03-20,T-16044,Cena,P-14,3
2024-03-20,T-16103,Comida,P-22,2
2024-03-20,T-16220,Cena,P-22,3
2024-03-20,T-16605,Comida,P-23,4
2024-03-20,T-16979,Cena,P-06,1
2024-03-20,T-17089,Cena,P-25,1
2024-03-20,T-17177,Cena,P-09,1
2024-03-21,T-10005,Cena,P-11,1
2024-03-21,T-10775,Comida,P-23,4
2024-03-21,T-11925,Comida,P-25,1
2024-03-21,T-11976,Cena,P-02,1
2024-03-21,T-12493,Cena,P-20,1
2024-03-21,T-12574,Comida,P-10,2
2024-03-21,T-13999,Comida,P-09,4
2024-03-21,T-14132,Cena,P-09,3
2024-03-21,T-14505,Comida,P-24,3
2024-03-21,T-14679,Cena,P-10,1
2024-03-21,T-14801,Cena,P-12,4
2024-03-21,T-14820,Cena,P-05,3
2024-03-21,T-15054,Cena,P-13,2
2024-03-21,T-15649,Comida,P-17,2
2024-03-21,T-16772,Cena,P-11,1
2024-03-21,T-17437,Cena,P-09,4
2024-03-21,T-17567,Cena,P-19,3
2024-03-21,T-17979,Cena,P-03,2
2024-03-22,T-11581,Cena,P-17,3
2024-03-22,T-12466,Cena,P-21,2
2024-03-22,T-13097,Cena,P-19,1
2024-03-22,T-13316,Cena,P-06,1
2024-03-22,T-13946,Comida,P-19,2
2024-03-22,T-14180,Cena,P-10,2
2024-03-22,T-15274,Comida,P-24,1
2024-03-22,T-15679,Comida,P-03,1
2024-03-22,T-15969,Cena,P-12,4
2024-03-22,T-17073,Cena,P-19,2
2024-03-22,T-17078,Cena,P-24,1
2024-03-22,T-17086,Cena,P-11,3
2024-03-22,T-17126,Comida,P-21,1
2024-03-22,T-17496,Comida,P-13,2
2024-03-22,T-17537,Cena,P-23,4
2024-03-22,T-17820,Comida,P-19,1
2024-03-23,T-11475,Comida,P-20,1
2024-03-23,T-14043,Cena,P-21,3
2024-03-23,T-14648,Cena,P-06,1
2024-03-23,T-14734,Cena,P-25,3
2024-03-23,T-15095,Comida,P-19,3
2024-03-23,T-15458,Cena,P-03,1
2024-03-23,T-15932,Cena,P-20,4
2024-03-23,T-16841,Cena,P-08,2
2024-03-24,T-10065,Comida,P-25,1
2024-03-24,T-10087,Cena,P-09,1
2024-03-24,T-10144,Comida,P-23,3
2024-03-24,T-10180,Comida,P-23,3
2024-03-24,T-11106,Cena,P-17,1
2024-03-24,T-11480,Cena,P-06,4
2024-03-24,T-11682,Cena,P-23,3
2024-03-24,T-11682,Comida,P-07,2
2024-03-24,T-11841,Comida,P-21,4
2024-03-24,T-12004,Comida,P-10,1
2024-03-24,T-13094,Cena,P-02,4
2024-03-24,T-13442,Cena,P-03,4
2024-03-24,T-13482,Cena,P-03,2
2024-03-24,T-13889,Cena,P-20,2
2024-03-24,T-14014,Comida,P-08,3
2024-03-24,T-14396,Comida,P-14,3
2024-03-24,T-14529,Cena,P-01,3
2024-03-24,T-15236,Cena,P-17,4
2024-03-24,T-15282,Comida,P-16,3
2024-03-24,T-15299,Cena,P-20,3
2024-03-24,T-15395,Cena,P-08,2
2024-03-24,T-15583,Cena,P-21,3
2024-03-24,T-16298,Cena,P-17,2
2024-03-24,T-16408,Cena,P-25,1
2024-03-24,T-16675,Cena,P-14,2
2024-03-24,T-17029,Cena,P-07,4
2024-03-24,T-17611,Comida,P-19,3
2024-03-24,T-17910,Comida,P-25,3
2024-03-25,T-10800,Comida,P-17,2
2024-03-25,T-10964,Comida,P-04,3
2024-03-25,T-11545,Cena,P-19,2
2024-03-25,T-13382,Comida,P-16,4
2024-03-25,T-13427,Cena,P-16,2
2024-03-25,T-13549,Cena,P-05,4
2024-03-25,T-14327,Comida,P-23,4
2024-03-25,T-14622,Comida,P-08,3
2024-03-25,T-16018,Cena,P-21,3
2024-03-25,T-16020,Cena,P-10,2
2024-03-25,T-16060,Cena,P-21,4
2024-03-25,T-16655,Cena,P-15,2
2024-03-25,T-17045,Cena,P-04,4
2024-03-25,T-17071,Comida,P-14,2
2024-03-25,T-17256,Comida,P-19,2
2024-03-25,T-17307,Cena,P-12,3
2024-03-25,T-17309,Cena,P-15,2
2024-03-25,T-17411,Comida,P-22,2
2024-03-25,T-17442,Cena,P-04,1
2024-03-25,T-17486,Comida,P-23,3
2024-03-25,T-17617,Cena,P-06,1
2024-03-25,T-17772,Cena,P-14,4
2024-03-25,T-17888,Cena,P-05,2
2024-03-25,T-17957,Comida,P-11,3
2024-03-26,T-10240,Cena,P-12,3
2024-03-26,T-10438,Cena,P-10,4
2024-03-26,T-10448,Comida,P-19,3
2024-03-26,T-10529,Comida,P-23,2
2024-03-26,T-10533,Comida,P-14,4
2024-03-26,T-11016,Cena,P-19,1
2024-03-26,T-11210,Cena,P-21,1
2024-03-26,T-11629,Comida,P-20,1
2024-03-26,T-12386,Cena,P-02,3
2024-03-26,T-12817,Cena,P-25,3
2024-03-26,T-12862,Cena,P-02,2
2024-03-26,T-13195,Cena,P-19,3
2024-03-26,T-13497,Cena,P-15,3
2024-03-26,T-13698,Comida,P-05,1
2024-03-26,T-14431,Comida,P-16,2
2024-03-26,T-14506,Comida,P-16,1
2024-03-26,T-15143,Comida,P-25,4
2024-03-26,T-15202,Comida,P-15,1
2024-03-26,T-15584,Cena,P-16,1
2024-03-26,T-15602,Comida,P-10,4
2024-03-26,T-15632,Cena,P-20,3
2024-03-26,T-16355,Comida,P-06,2
2024-03-26,T-16512,Cena,P-22,1
2024-03-26,T-16643,Comida,P-10,3
2024-03-26,T-16789,Comida,P-06,1
2024-03-26,T-17476,Cena,P-09,2
2024-03-26,T-17943,Cena,P-21,4
2024-03-27,T-10569,Cena,P-21,4
2024-03-27,T-10779,Comida,P-23,4
2024-03-27,T-10852,Comida,P-17,4
2024-03-27,T-11099,Cena,P-10,2
2024-03-27,T-11286,Cena,P-14,4
2024-03-27,T-11778,Comida,P-19,1
2024-03-27,T-12584,Cena,P-17,4
2024-03-27,T-12652,Comida,P-18,1
2024-03-27,T-12725,Cena,P-22,2
2024-03-27,T-12741,Comida,P-12,4
2024-03-27,T-12772,Cena,P-11,3
2024-03-27,T-13219,Cena,P-11,2
2024-03-27,T-13463,Comida,P-18,1
2024-03-27,T-13537,Comida,P-01,3
2024-03-27,T-13917,Cena,P-20,3
2024-03-27,T-15160,Comida,P-03,4
2024-03-27,T-15702,Cena,P-14,4
2024-03-27,T-15732,Cena,P-08,1
2024-03-27,T-15886,Cena,P-21,2
2024-03-27,T-16644,Comida,P-23,4
2024-03-27,T-16741,Cena,P-11,1
2024-03-27,T-17229,Cena,P-02,1
2024-03-27,T-17864,Comida,P-13,2
2024-03-27,T-17949,Cena,P-22,3
2024-03-27,T-17974,Cena,P-13,1
2024-03-28,T-10097,Comida,P-22,3
2024-03-28,T-10215,Cena,P-20,2
2024-03-28,T-11235,Cena,P-06,2
2024-03-28,T-11910,Comida,P-07,3
2024-03-28,T-12460,Cena,P-24,3
2024-03-28,T-13032,Cena,P-12,4
2024-03-28,T-13095,Cena,P-13,3
2024-03-28,T-13414,Cena,P-01,1
2024-03-28,T-13442,Comida,P-21,1
2024-03-28,T-13623,Cena,P-24,3
2024-03-28,T-14224,Cena,P-02,3
2024-03-28,T-14491,Cena,P-08,3
2024-03-28,T-14875,Cena,P-09,3
2024-03-28,T-14924,Cena,P-04,2
2024-03-28,T-15644,Comida,P-05,4
2024-03-28,T-15842,Cena,P-10,4
2024-03-28,T-16388,Cena,P-17,3
2024-03-28,T-16492,Cena,P-14,3
2024-03-28,T-16690,Comida,P-05,3
2024-03-28,T-17025,Comida,P-09,2
2024-03-29,T-10331,Cena,P-10,3
2024-03-29,T-10538,Comida,P-03,3
2024-03-29,T-11139,Comida,P-01,2
2024-03-29,T-11248,Comida,P-22,3
2024-03-29,T-11448,Comida,P-02,2
2024-03-29,T-11593,Comida,P-03,2
2024-03-29,T-11872,Comida,P-06,3
2024-03-29,T-12036,Comida,P-03,3
2024-03-29,T-12291,Comida,P-23,2
2024-03-29,T-13104,Cena,P-05,4
2024-03-29,T-13223,Cena,P-14,3
2024-03-29,T-14413,Comida,P-16,1
2024-03-29,T-15241,Cena,P-13,3
2024-03-29,T-15359,Comida,P-13,2
2024-03-29,T-15485,Cena,P-21,3
2024-03-29,T-16361,Cena,P-03,3
2024-03-29,T-16407,Comida,P-07,3
2024-03-29,T-17060,Cena,P-08,4
2024-03-29,T-17564,Cena,P-23,1
2024-03-29,T-17973,Cena,P-07,2
2024-03-30,T-10356,Cena,P-09,2
2024-03-30,T-10536,Cena,P-21,4
2024-03-30,T-10647,Cena,P-25,4
2024-03-30,T-10675,Comida,P-12,2
2024-03-30,T-10737,Comida,P-21,1
2024-03-30,T-10760,Comida,P-09,3
2024-03-30,T-10928,Comida,P-03,3
2024-03-30,T-11022,Cena,P-06,2
2024-03-30,T-11643,Cena,P-16,2
2024-03-30,T-12163,Cena,P-10,2
2024-03-30,T-12205,Comida,P-11,4
2024-03-30,T-12587,Cena,P-25,4
2024-03-30,T-12922,Cena,P-22,4
2024-03-30,T-13297,Comida,P-19,4
2024-03-30,T-14053,Cena,P-01,1
2024-03-30,T-14846,Cena,P-01,2
2024-03-30,T-15515,Cena,P-01,2
2024-03-30,T-15588,Cena,P-23,1
2024-03-30,T-15707,Comida,P-14,3
2024-03-30,T-16647,Comida,P-13,3
2024-03-30,T-16649,Comida,P-12,2
2024-03-30,T-16807,Comida,P-15,3
2024-03-30,T-17578,Comida,P-22,4
2024-03-30,T-17954,Cena,P-14,1
2024-03-31,T-10781,Cena,P-15,2
2024-03-31,T-11504,Comida,P-18,2
2024-03-31,T-11523,Cena,P-10,3
2024-03-31,T-11702,Cena,P-21,1
2024-03-31,T-11994,Comida,P-12,2
2024-03-31,T-12078,Cena,P-11,3
2024-03-31,T-12147,Comida,P-17,1
2024-03-31,T-12261,Comida,P-10,1
2024-03-31,T-12508,Cena,P-09,2
2024-03-31,T-12743,Cena,P-18,2
2024-03-31,T-12861,Cena,P-19,1
2024-03-31,T-13163,Cena,P-12,4
2024-03-31,T-13451,Cena,P-16,1
2024-03-31,T-13934,Cena,P-11,1
2024-03-31,T-13945,Comida,P-14,2
2024-03-31,T-14206,Comida,P-19,1
2024-03-31,T-15031,Cena,P-05,2
2024-03-31,T-15281,Comida,P-14,3
2024-03-31,T-15767,Cena,P-07,4
2024-03-31,T-16729,Comida,P-13,2
2024-03-31,T-16903,Comida,P-13,1
2024-03-31,T-17084,Cena,P-02,3
2024-03-31,T-17581,Cena,P-21,1
2024-03-31,T-17648,Cena,P-23,2
2024-04-01,T-11138,Comida,P-14,2
2024-04-01,T-11238,Comida,P-22,1
2024-04-01,T-11577,Cena,P-04,4
2024-04-01,T-11581,Cena,P-09,3
2024-04-01,T-11813,Comida,P-05,3
2024-04-01,T-13279,Comida,P-17,2
2024-04-01,T-13538,Cena,P-02,2
2024-04-01,T-13715,Cena,P-18,3
2024-04-01,T-14088,Comida,P-06,4
2024-04-01,T-14194,Cena,P-08,4
2024-04-01,T-14235,Cena,P-15,4
2024-04-01,T-15064,Cena,P-02,4
2024-04-01,T-15631,Comida,P-19,1
2024-04-01,T-15913,Comida,P-11,3
2024-04-01,T-16405,Cena,P-10,1
2024-04-02,T-10150,Cena,P-09,2
2024-04-02,T-10449,Cena,P-15,4
2024-04-02,T-11141,Cena,P-08,2
2024-04-02,T-11186,Comida,P-13,1
2024-04-02,T-12268,Cena,P-09,4
2024-04-02,T-12512,Cena,P-02,4
2024-04-02,T-12569,Cena,P-17,2
2024-04-02,T-12593,Comida,P-18,1
2024-04-02,T-12701,Comida,P-19,1
2024-04-02,T-13400,Cena,P-19,4
2024-04-02,T-13846,Comida,P-14,1
2024-04-02,T-14489,Comida,P-20,2
2024-04-02,T-15186,Cena,P-20,3
2024-04-02,T-15978,Cena,P-16,1
2024-04-02,T-17148,Comida,P-22,3
2024-04-02,T-17191,Comida,P-07,3
2024-04-02,T-17197,Comida,P-10,1
2024-04-03,T-10521,Comida,P-18,4
2024-04-03,T-10697,Cena,P-17,3
2024-04-03,T-10935,Comida,P-16,3
2024-04-03,T-10991,Cena,P-03,2
2024-04-03,T-11101,Cena,P-23,1
2024-04-03,T-11963,Cena,P-05,3
2024-04-03,T-12084,Cena,P-08,2
2024-04-03,T-13732,Comida,P-01,3
2024-04-03,T-14038,Cena,P-25,1
2024-04-03,T-14545,Cena,P-08,1
2024-04-03,T-14675,Comida,P-04,3
2024-04-03,T-14873,Cena,P-11,1
2024-04-03,T-15222,Cena,P-22,4
2024-04-03,T-15588,Cena,P-17,2
2024-04-03,T-15941,Cena,P-16,4
2024-04-03,T-16483,Comida,P-19,3
2024-04-03,T-17150,Cena,P-05,3
2024-04-03,T-17202,Comida,P-18,4
2024-04-03,T-17316,Comida,P-20,4
2024-04-03,T-17495,Cena,P-22,4
2024-04-03,T-17498,Cena,P-13,1
2024-04-03,T-17820,Comida,P-02,2
2024-04-03,T-17901,Cena,P-20,1
2024-04-04,T-10237,Cena,P-10,2
2024-04-04,T-10372,Cena,P-23,2
2024-04-04,T-10425,Cena,P-03,2
2024-04-04,T-10482,Cena,P-05,3
2024-04-04,T-10743,Cena,P-10,2
2024-04-04,T-10765,Comida,P-01,4
2024-04-04,T-11293,Comida,P-08,1
2024-04-04,T-12275,Cena,P-07,3
2024-04-04,T-12940,Comida,P-14,2
2024-04-04,T-12964,Cena,P-12,1
2024-04-04,T-13299,Cena,P-06,2
2024-04-04,T-13353,Comida,P-15,1
2024-04-04,T-14247,Comida,P-13,4
2024-04-04,T-14656,Comida,P-25,1
2024-04-04,T-14774,Cena,P-11,1
2024-04-04,T-14940,Cena,P-07,1
2024-04-04,T-14984,Comida,P-11,2
2024-04-04,T-15223,Cena,P-09,2
2024-04-04,T-15513,Cena,P-23,4
2024-04-04,T-15572,Cena,P-10,4
2024-04-04,T-15693,Cena,P-16,3
2024-04-04,T-15797,Comida,P-19,3
2024-04-04,T-16038,Comida,P-08,1
2024-04-04,T-16250,Comida,P-03,1
2024-04-04,T-16359,Cena,P-01,3
2024-04-04,T-17368,Cena,P-01,3
2024-04-04,T-17537,Cena,P-19,3
2024-04-05,T-10360,Comida,P-08,3
2024-04-05,T-10520,Cena,P-24,2
2024-04-05,T-10680,Cena,P-08,1
2024-04-05,T-10914,Cena,P-22,2
2024-04-05,T-10949,Cena,P-03,3
2024-04-05,T-11673,Cena,P-06,1
2024-04-05,T-11818,Cena,P-13,1
2024-04-05,T-11859,Cena,P-14,1
2024-04-05,T-11976,Comida,P-11,4
2024-04-05,T-12322,Comida,P-11,1
2024-04-05,T-12880,Cena,P-23,3
2024-04-05,T-12898,Comida,P-05,2
2024-04-05,T-14102,Cena,P-15,1
2024-04-05,T-14628,Comida,P-19,4
2024-04-05,T-15098,Comida,P-21,4
2024-04-05,T-15599,Comida,P-12,3
2024-04-05,T-15784,Comida,P-16,2
2024-04-05,T-15986,Comida,P-25,1
2024-04-05,T-16006,Cena,P-18,4
2024-04-05,T-16102,Cena,P-06,2
2024-04-05,T-16186,Comida,P-21,3
2024-04-05,T-16349,Cena,P-11,1
2024-04-05,T-16361,Cena,P-02,3
2024-04-05,T-16543,Comida,P-06,3
2024-04-05,T-17353,Comida,P-25,2
2024-04-05,T-17767,Cena,P-13,1
2024-04-06,T-10225,Comida,P-14,1
2024-04-06,T-10387,Cena,P-04,2
2024-04-06,T-10514,Comida,P-13,2
2024-04-06,T-11058,Cena,P-05,3
2024-04-06,T-11793,Comida,P-21,2
2024-04-06,T-11890,Comida,P-08,3
2024-04-06,T-12844,Cena,P-16,4
2024-04-06,T-13331,Cena,P-01,3
2024-04-06,T-14441,Cena,P-10,2
2024-04-06,T-15951,Cena,P-01,4
2024-04-06,T-16426,Cena,P-24,1
2024-04-06,T-16583,Cena,P-13,1
2024-04-06,T-16855,Cena,P-02,1
2024-04-06,T-17459,Cena,P-25,3
2024-04-06,T-17812,Cena,P-10,4
2024-04-07,T-10431,Cena,P-18,3
2024-04-07,T-10600,Cena,P-14,3
2024-04-07,T-11015,Comida,P-15,4
2024-04-07,T-11031,Comida,P-01,3
2024-04-07,T-11561,Comida,P-14,4
2024-04-07,T-12525,Comida,P-01,4
2024-04-07,T-13337,Cena,P-10,4
2024-04-07,T-14388,Cena,P-24,1
2024-04-07,T-14418,Cena,P-09,2
2024-04-07,T-14908,Cena,P-05,1
2024-04-07,T-14967,Cena,P-02,4
2024-04-07,T-15033,Comida,P-03,3
2024-04-07,T-15085,Comida,P-15,4
2024-04-07,T-15189,Cena,P-18,4
2024-04-07,T-15212,Comida,P-18,1
2024-04-07,T-15656,Cena,P-12,2
2024-04-07,T-16018,Cena,P-11,2
2024-04-07,T-16213,Cena,P-01,1
2024-04-07,T-16386,Cena,P-01,1
2024-04-07,T-17347,Comida,P-06,4
2024-04-07,T-17580,Cena,P-02,4
2024-04-07,T-17967,Cena,P-08,2
2024-04-08,T-10972,Comida,P-22,4
2024-04-08,T-11096,Comida,P-20,1
2024-04-08,T-12445,Cena,P-13,2
2024-04-08,T-13200,Cena,P-11,1
2024-04-08,T-13635,Comida,P-23,1
2024-04-08,T-13676,Cena,P-19,1
2024-04-08,T-13714,Cena,P-21,4
2024-04-08,T-13846,Comida,P-15,1
2024-04-08,T-14464,Cena,P-07,3
2024-04-08,T-15365,Cena,P-25,4
2024-04-08,T-15640,Cena,P-12,1
2024-04-08,T-15651,Cena,P-01,2
2024-04-08,T-15955,Cena,P-01,4
2024-04-08,T-16111,Comida,P-18,2
2024-04-08,T-16254,Cena,P-23,3
2024-04-08,T-16288,Comida,P-17,4
2024-04-08,T-16578,Comida,P-16,2
2024-04-08,T-17306,Comida,P-14,4
2024-04-08,T-17608,Comida,P-12,3
2024-04-08,T-17649,Comida,P-01,4
2024-04-09,T-10074,Comida,P-25,1
2024-04-09,T-10227,Cena,P-10,1
2024-04-09,T-10435,Cena,P-19,1
2024-04-09,T-10898,Cena,P-06,2
2024-04-09,T-11273,Cena,P-02,1
2024-04-09,T-11407,Cena,P-06,2
2024-04-09,T-11551,Comida,P-03,4
2024-04-09,T-11647,Comida,P-11,2
2024-04-09,T-12393,Comida,P-04,4
2024-04-09,T-13625,Comida,P-09,3
2024-04-09,T-13962,Cena,P-13,1
2024-04-09,T-15261,Cena,P-20,3
2024-04-09,T-15591,Cena,P-06,2
2024-04-09,T-15759,Cena,P-20,1
2024-04-09,T-16074,Comida,P-09,2
2024-04-09,T-16377,Cena,P-22,2
2024-04-10,T-10383,Cena,P-25,3
2024-04-10,T-10823,Cena,P-13,4
2024-04-10,T-11243,Cena,P-06,1
2024-04-10,T-11546,Cena,P-08,2
2024-04-10,T-11631,Cena,P-06,1
2024-04-10,T-13188,Comida,P-05,4
2024-04-10,T-14128,Comida,P-17,2
2024-04-10,T-14353,Cena,P-01,3
2024-04-10,T-14507,Comida,P-04,1
2024-04-10,T-14526,Cena,P-13,2
2024-04-10,T-14612,Cena,P-08,4
2024-04-10,T-15342,Cena,P-17,2
2024-04-10,T-15369,Cena,P-24,3
2024-04-10,T-15815,Cena,P-25,2
2024-04-10,T-16056,Cena,P-24,4
2024-04-10,T-16137,Comida,P-12,3
2024-04-10,T-17039,Cena,P-25,2
2024-04-10,T-17212,Cena,P-18,3
2024-04-10,T-17638,Comida,P-22,2
2024-04-10,T-17788,Comida,P-08,2
2024-04-11,T-10422,Cena,P-17,1
2024-04-11,T-10594,Comida,P-13,1
2024-04-11,T-10644,Cena,P-07,1
2024-04-11,T-10689,Comida,P-23,2
2024-04-11,T-10823,Cena,P-11,2
2024-04-11,T-10834,Cena,P-20,3
2024-04-11,T-11181,Comida,P-08,1
2024-04-11,T-11687,Comida,P-11,1
2024-04-11,T-12083,Cena,P-15,3
2024-04-11,T-12088,Comida,P-22,1
2024-04-11,T-12336,Cena,P-02,2
2024-04-11,T-12517,Comida,P-09,3
2024-04-11,T-13204,Comida,P-23,1
2024-04-11,T-13666,Comida,P-22,3
2024-04-11,T-14126,Cena,P-15,3
2024-04-11,T-14646,Cena,P-18,4
2024-04-11,T-15252,Comida,P-01,3
2024-04-11,T-15454,Cena,P-23,3
2024-04-11,T-15705,Comida,P-17,2
2024-04-11,T-15816,Cena,P-21,2
2024-04-11,T-15930,Cena,P-05,4
2024-04-11,T-16461,Comida,P-13,2
2024-04-11,T-16770,Cena,P-17,1
2024-04-11,T-16809,Comida,P-04,1
2024-04-11,T-17871,Comida,P-03,1
2024-04-11,T-17906,Cena,P-05,3
2024-04-12,T-10376,Cena,P-09,3
2024-04-12,T-10495,Comida,P-04,1
2024-04-12,T-10739,Cena,P-01,1
2024-04-12,T-11936,Cena,P-02,1
2024-04-12,T-12084,Comida,P-17,4
2024-04-12,T-12308,Cena,P-13,2
2024-04-12,T-12316,Cena,P-03,1
2024-04-12,T-12621,Comida,P-12,2
2024-04-12,T-12890,Comida,P-18,1
2024-04-12,T-12936,Cena,P-25,1
2024-04-12,T-13196,Cena,P-18,4
2024-04-12,T-13377,Cena,P-12,1
2024-04-12,T-13634,Cena,P-13,2
2024-04-12,T-13700,Cena,P-24,3
2024-04-12,T-13981,Cena,P-21,3
2024-04-12,T-14216,Comida,P-16,1
2024-04-12,T-14418,Cena,P-06,2
2024-04-12,T-15667,Cena,P-22,1
2024-04-12,T-16130,Comida,P-17,3
2024-04-12,T-16137,Cena,P-23,4
2024-04-12,T-16864,Cena,P-23,1
2024-04-12,T-16895,Comida,P-20,3
2024-04-12,T-17042,Comida,P-11,2
2024-04-12,T-17069,Cena,P-24,4
2024-04-12,T-17738,Cena,P-04,2
2024-04-13,T-10391,Cena,P-01,4
2024-04-13,T-10436,Cena,P-06,4
2024-04-13,T-10546,Cena,P-08,1
2024-04-13,T-10883,Cena,P-06,3
2024-04-13,T-10885,Cena,P-01,3
2024-04-13,T-11027,Cena,P-23,3
2024-04-13,T-11858,Cena,P-12,2
2024-04-13,T-12792,Cena,P-22,3
2024-04-13,T-13085,Comida,P-13,2
2024-04-13,T-13511,Comida,P-15,1
2024-04-13,T-13516,Cena,P-01,4
2024-04-13,T-13879,Cena,P-11,1
2024-04-13,T-14114,Comida,P-09,4
2024-04-13,T-14148,Cena,P-03,1
2024-04-13,T-14372,Cena,P-12,4
2024-04-13,T-14474,Comida,P-04,1
2024-04-13,T-15099,Comida,P-16,1
2024-04-13,T-15490,Cena,P-13,2
2024-04-13,T-15507,Cena,P-14,4
2024-04-13,T-16516,Cena,P-22,1
2024-04-13,T-16834,Comida,P-22,1
2024-04-13,T-17018,Cena,P-15,3
2024-04-13,T-17096,Comida,P-20,1
2024-04-13,T-17168,Comida,P-23,2
2024-04-14,T-10073,Cena,P-19,4
2024-04-14,T-10218,Comida,P-07,1
2024-04-14,T-11120,Cena,P-24,1
2024-04-14,T-11318,Cena,P-16,3
2024-04-14,T-11678,Cena,P-11,4
2024-04-14,T-11713,Comida,P-22,4
2024-04-14,T-11920,Cena,P-10,4
2024-04-14,T-12244,Cena,P-13,1
2024-04-14,T-12316,Cena,P-21,4
2024-04-14,T-12349,Cena,P-23,4
2024-04-14,T-12610,Comida,P-21,4
2024-04-14,T-13876,Cena,P-06,1
2024-04-14,T-13965,Cena,P-01,4
2024-04-14,T-14252,Cena,P-15,1
2024-04-14,T-14725,Comida,P-20,2
2024-04-14,T-14843,Comida,P-20,3
2024-04-14,T-15188,Cena,P-05,1
2024-04-14,T-15352,Cena,P-18,4
2024-04-14,T-16037,Cena,P-06,4
2024-04-14,T-16756,Cena,P-13,1
2024-04-14,T-16814,Cena,P-24,1
2024-04-14,T-16871,Comida,P-10,1
2024-04-14,T-16900,Cena,P-08,2
2024-04-14,T-17177,Cena,P-10,1
2024-04-14,T-17600,Cena,P-07,2
2024-04-14,T-17784,Cena,P-17,4
2024-04-15,T-10060,Comida,P-25,4
2024-04-15,T-10135,Cena,P-08,3
2024-04-15,T-11452,Comida,P-08,4
2024-04-15,T-11461,Comida,P-25,1
2024-04-15,T-11602,Cena,P-11,1
2024-04-15,T-11813,Cena,P-14,3
2024-04-15,T-12035,Cena,P-15,1
2024-04-15,T-12121,Cena,P-23,3
2024-04-15,T-12157,Cena,P-12,4
2024-04-15,T-12190,Cena,P-04,2
2024-04-15,T-12605,Cena,P-18,2
2024-04-15,T-12979,Cena,P-20,1
2024-04-15,T-13460,Cena,P-05,2
2024-04-15,T-13851,Cena,P-09,2
2024-04-15,T-13911,Cena,P-03,2
2024-04-15,T-13950,Comida,P-05,4
2024-04-15,T-14806,Cena,P-23,3
2024-04-15,T-14946,Comida,P-21,2
2024-04-15,T-15775,Cena,P-25,3
2024-04-15,T-16029,Cena,P-16,3
2024-04-15,T-16359,Cena,P-15,1
2024-04-15,T-16685,Cena,P-23,1
2024-04-15,T-16759,Comida,P-18,2
2024-04-15,T-17289,Comida,P-10,4
2024-04-15,T-17591,Cena,P-20,2
2024-04-16,T-10547,Comida,P-21,4
2024-04-16,T-11645,Cena,P-11,4
2024-04-16,T-12983,Comida,P-19,1
2024-04-16,T-14172,Comida,P-04,4
2024-04-16,T-14646,Cena,P-03,3
2024-04-16,T-15569,Comida,P-12,2
2024-04-16,T-15684,Comida,P-02,1
2024-04-16,T-16530,Cena,P-05,3
2024-04-16,T-17444,Cena,P-02,1
2024-04-16,T-17630,Cena,P-16,1
2024-04-17,T-10067,Cena,P-07,1
2024-04-17,T-10312,Comida,P-04,2
2024-04-17,T-10976,Cena,P-21,4
2024-04-17,T-10997,Cena,P-09,4
2024-04-17,T-11531,Cena,P-16,2
2024-04-17,T-11549,Comida,P-04,3
2024-04-17,T-11823,Cena,P-07,1
2024-04-17,T-12149,Comida,P-25,2
2024-04-17,T-12463,Cena,P-13,4
2024-04-17,T-12476,Cena,P-19,3
2024-04-17,T-12707,Comida,P-07,4
2024-04-17,T-12894,Cena,P-03,2
2024-04-17,T-12916,Cena,P-24,1
2024-04-17,T-13598,Cena,P-22,3
2024-04-17,T-13624,Cena,P-19,2
2024-04-17,T-14133,Cena,P-05,1
2024-04-17,T-14927,Cena,P-25,3
2024-04-17,T-14945,Cena,P-07,4
2024-04-17,T-14994,Comida,P-09,2
2024-04-17,T-15233,Cena,P-20,2
2024-04-17,T-15284,Comida,P-19,1
2024-04-17,T-16251,Cena,P-23,1
2024-04-17,T-17042,Comida,P-20,3
2024-04-17,T-17259,Comida,P-25,3
2024-04-17,T-17885,Cena,P-01,4
2024-04-18,T-10133,Cena,P-16,4
2024-04-18,T-10593,Comida,P-18,3
2024-04-18,T-11123,Comida,P-14,3
2024-04-18,T-12892,Cena,P-02,4
2024-04-18,T-13986,Cena,P-06,4
2024-04-18,T-14032,Comida,P-17,1
2024-04-18,T-14657,Cena,P-14,3
2024-04-18,T-15339,Comida,P-10,4
2024-04-18,T-16320,Cena,P-20,3
2024-04-18,T-16690,Comida,P-19,2
2024-04-18,T-17413,Comida,P-11,4
2024-04-19,T-10015,Comida,P-21,3
2024-04-19,T-10141,Cena,P-09,3
2024-04-19,T-10926,Comida,P-14,3
2024-04-19,T-11344,Comida,P-07,4
2024-04-19,T-11451,Cena,P-05,2
2024-04-19,T-12055,Comida,P-06,1
2024-04-19,T-12311,Comida,P-22,4
2024-04-19,T-12472,Comida,P-17,2
2024-04-19,T-13204,Comida,P-23,1
2024-04-19,T-13808,Cena,P-16,3
2024-04-19,T-13839,Comida,P-12,4
2024-04-19,T-14461,Cena,P-20,1
2024-04-19,T-14713,Cena,P-04,2
2024-04-19,T-14871,Comida,P-17,1
2024-04-19,T-14934,Comida,P-14,1
2024-04-19,T-16113,Comida,P-15,3
2024-04-19,T-16288,Cena,P-24,4
2024-04-19,T-16331,Comida,P-08,3
2024-04-19,T-16523,Cena,P-07,4
2024-04-19,T-17651,Cena,P-05,2
2024-04-20,T-11134,Comida,P-11,1
2024-04-20,T-11342,Cena,P-02,2
2024-04-20,T-11665,Cena,P-25,3
2024-04-20,T-12019,Cena,P-09,2
2024-04-20,T-12780,Comida,P-22,3
2024-04-20,T-13080,Cena,P-20,4
2024-04-20,T-13081,Comida,P-13,1
2024-04-20,T-13813,Cena,P-20,1
2024-04-20,T-14141,Comida,P-06,3
2024-04-20,T-14289,Cena,P-13,1
2024-04-20,T-14519,Cena,P-22,4
2024-04-20,T-14537,Comida,P-03,2
2024-04-20,T-14909,Comida,P-10,4
2024-04-20,T-15065,Cena,P-04,3
2024-04-20,T-15140,Cena,P-06,1
2024-04-20,T-16249,Cena,P-22,2
2024-04-20,T-17618,Comida,P-14,4
2024-04-20,T-17874,Comida,P-06,4
2024-04-21,T-10340,Cena,P-13,3
2024-04-21,T-10659,Cena,P-10,4
2024-04-21,T-10939,Cena,P-16,4
2024-04-21,T-10949,Comida,P-24,3
2024-04-21,T-10974,Cena,P-03,2
2024-04-21,T-11407,Comida,P-18,4
2024-04-21,T-12244,Comida,P-14,3
2024-04-21,T-12653,Cena,P-05,3
2024-04-21,T-13884,Comida,P-14,4
2024-04-21,T-14018,Cena,P-25,3
2024-04-21,T-14041,Cena,P-11,4
2024-04-21,T-15041,Cena,P-05,1
2024-04-21,T-16134,Cena,P-17,2
2024-04-21,T-17664,Cena,P-24,3
2024-04-22,T-10499,Comida,P-21,1
2024-04-22,T-10517,Cena,P-13,4
2024-04-22,T-10747,Cena,P-05,4
2024-04-22,T-11316,Cena,P-02,4
2024-04-22,T-11538,Cena,P-01,3
2024-04-22,T-12600,Cena,P-10,2
2024-04-22,T-14044,Comida,P-16,1
2024-04-22,T-14206,Cena,P-19,1
2024-04-22,T-14359,Cena,P-25,4
2024-04-22,T-14544,Cena,P-17,2
2024-04-22,T-15016,Cena,P-10,3
2024-04-22,T-15768,Cena,P-21,1
2024-04-22,T-16474,Comida,P-06,1
2024-04-22,T-16692,Comida,P-21,3
2024-04-23,T-10259,Cena,P-23,3
2024-04-23,T-10392,Cena,P-23,1
2024-04-23,T-10615,Cena,P-24,3
2024-04-23,T-11060,Cena,P-02,4
2024-04-23,T-11166,Comida,P-22,2
2024-04-23,T-11738,Cena,P-12,1
2024-04-23,T-12074,Comida,P-23,2
2024-04-23,T-12325,Cena,P-09,3
2024-04-23,T-12648,Cena,P-13,3
2024-04-23,T-12687,Cena,P-09,1
2024-04-23,T-12925,Comida,P-02,2
2024-04-23,T-12954,Comida,P-02,1
2024-04-23,T-13193,Cena,P-03,1
2024-04-23,T-13274,Comida,P-10,4
2024-04-23,T-13462,Cena,P-23,3
2024-04-23,T-13713,Comida,P-14,3
2024-04-23,T-13753,Comida,P-19,2
2024-04-23,T-13838,Cena,P-04,3
2024-04-23,T-14219,Comida,P-14,4
2024-04-23,T-14308,Cena,P-01,2
2024-04-23,T-14472,Cena,P-10,1
2024-04-23,T-14729,Comida,P-03,2
2024-04-23,T-14877,Cena,P-02,4
2024-04-23,T-14959,Cena,P-11,1
2024-04-23,T-15054,Cena,P-10,3
2024-04-23,T-15085,Cena,P-04,2
2024-04-23,T-15197,Comida,P-08,4
2024-04-23,T-15302,Comida,P-16,3
2024-04-23,T-15625,Comida,P-03,2
2024-04-23,T-16128,Cena,P-11,1
2024-04-23,T-16143,Cena,P-14,4
2024-04-23,T-16838,Cena,P-20,3
2024-04-23,T-17086,Cena,P-23,1
2024-04-23,T-17398,Cena,P-11,4
2024-04-23,T-17729,Comida,P-12,3
2024-04-23,T-17785,Cena,P-03,4
2024-04-24,T-10597,Comida,P-08,4
2024-04-24,T-11383,Cena,P-15,2
2024-04-24,T-11859,Cena,P-12,3
2024-04-24,T-11929,Comida,P-04,2
2024-04-24,T-12337,Cena,P-09,2
2024-04-24,T-12498,Cena,P-21,1
2024-04-24,T-12556,Comida,P-22,3
2024-04-24,T-12872,Comida,P-06,3
2024-04-24,T-13097,Cena,P-08,4
2024-04-24,T-13733,Cena,P-03,2
2024-04-24,T-13796,Cena,P-20,1
2024-04-24,T-13835,Cena,P-12,2
2024-04-24,T-14758,Cena,P-09,1
2024-04-24,T-15055,Comida,P-05,3
2024-04-24,T-15251,Comida,P-25,2
2024-04-24,T-15461,Comida,P-16,3
2024-04-24,T-16635,Cena,P-09,1
2024-04-24,T-17184,Comida,P-11,4
2024-04-24,T-17498,Comida,P-20,2
2024-04-25,T-11864,Comida,P-13,2
2024-04-25,T-11998,Cena,P-13,2
2024-04-25,T-12512,Cena,P-10,3
2024-04-25,T-12723,Cena,P-02,4
2024-04-25,T-14194,Cena,P-20,2
2024-04-25,T-14478,Cena,P-16,2
2024-04-25,T-15025,Cena,P-12,4
2024-04-25,T-15147,Comida,P-20,1
2024-04-25,T-16012,Cena,P-23,3
2024-04-25,T-17645,Cena,P-21,3
2024-04-25,T-17747,Cena,P-22,3
2024-04-26,T-10809,Cena,P-01,1
2024-04-26,T-11093,Cena,P-16,2
2024-04-26,T-11140,Cena,P-06,4
2024-04-26,T-11847,Comida,P-10,2
2024-04-26,T-12269,Cena,P-06,4
2024-04-26,T-12543,Comida,P-20,4
2024-04-26,T-12689,Cena,P-01,2
2024-04-26,T-14526,Cena,P-08,1
2024-04-26,T-14797,Cena,P-16,1
2024-04-26,T-15099,Comida,P-15,2
2024-04-26,T-15157,Comida,P-03,4
2024-04-26,T-15385,Cena,P-23,3
2024-04-26,T-15657,Comida,P-18,3
2024-04-26,T-16097,Cena,P-21,3
2024-04-26,T-16822,Cena,P-15,2
2024-04-26,T-17172,Cena,P-02,2
2024-04-26,T-17219,Cena,P-20,3
2024-04-26,T-17719,Comida,P-03,2
2024-04-27,T-10011,Cena,P-11,1
2024-04-27,T-10017,Comida,P-20,3
2024-04-27,T-10244,Comida,P-04,3
2024-04-27,T-10379,Comida,P-14,3
2024-04-27,T-10421,Cena,P-06,2
2024-04-27,T-10622,Cena,P-04,4
2024-04-27,T-10704,Cena,P-25,4
2024-04-27,T-11095,Cena,P-17,1
2024-04-27,T-11245,Cena,P-22,4
2024-04-27,T-11515,Comida,P-06,4
2024-04-27,T-12198,Cena,P-18,4
2024-04-27,T-12556,Comida,P-04,2
2024-04-27,T-12754,Comida,P-25,2
2024-04-27,T-12896,Cena,P-03,3
2024-04-27,T-14945,Cena,P-11,3
2024-04-27,T-15621,Cena,P-16,4
2024-04-27,T-16334,Cena,P-14,1
2024-04-27,T-17275,Comida,P-01,4
2024-04-28,T-10555,Comida,P-03,3
2024-04-28,T-11664,Cena,P-16,2
2024-04-28,T-11768,Cena,P-11,4
2024-04-28,T-13060,Cena,P-04,2
2024-04-28,T-13432,Cena,P-10,1
2024-04-28,T-13568,Cena,P-23,1
2024-04-28,T-13860,Cena,P-14,3
2024-04-28,T-14138,Cena,P-10,2
2024-04-28,T-15351,Cena,P-16,1
2024-04-28,T-15833,Comida,P-25,3
2024-04-28,T-15838,Comida,P-07,2
2024-04-28,T-16060,Comida,P-20,4
2024-04-28,T-16429,Cena,P-24,1
2024-04-28,T-16455,Comida,P-17,3
2024-04-28,T-17062,Comida,P-03,4
2024-04-29,T-10456,Cena,P-07,4
2024-04-29,T-10844,Cena,P-07,4
2024-04-29,T-10852,Comida,P-25,2
2024-04-29,T-11021,Comida,P-15,2
2024-04-29,T-11144,Comida,P-21,4
2024-04-29,T-11227,Cena,P-11,3
2024-04-29,T-11416,Cena,P-20,1
2024-04-29,T-11918,Cena,P-24,2
2024-04-29,T-12054,Cena,P-08,2
2024-04-29,T-12702,Comida,P-14,1
2024-04-29,T-12842,Comida,P-08,1
2024-04-29,T-13105,Comida,P-22,3
2024-04-29,T-13674,Cena,P-23,2
2024-04-29,T-13991,Comida,P-16,3
2024-04-29,T-14699,Cena,P-17,3
2024-04-29,T-14782,Cena,P-10,2
2024-04-29,T-17079,Comida,P-15,3
2024-04-29,T-17759,Cena,P-14,2
2024-04-30,T-10247,Cena,P-24,2
2024-04-30,T-10646,Comida,P-15,1
2024-04-30,T-11266,Cena,P-07,1
2024-04-30,T-11466,Cena,P-14,2
2024-04-30,T-11525,Cena,P-01,3
2024-04-30,T-11736,Comida,P-15,1
2024-04-30,T-13162,Cena,P-01,4
2024-04-30,T-13453,Cena,P-19,3
2024-04-30,T-13628,Comida,P-14,4
2024-04-30,T-14218,Comida,P-01,3
2024-04-30,T-14249,Cena,P-04,2
2024-04-30,T-14806,Comida,P-13,1
2024-04-30,T-15064,Comida,P-21,2
2024-04-30,T-15267,Cena,P-10,4
2024-04-30,T-16225,Cena,P-15,2
2024-04-30,T-16510,Cena,P-07,3
2024-04-30,T-16720,Cena,P-13,2
2024-04-30,T-17495,Comida,P-01,3
2024-05-01,T-10501,Cena,P-04,3
2024-05-01,T-10687,Comida,P-17,3
2024-05-01,T-10989,Cena,P-18,2
2024-05-01,T-11372,Comida,P-06,2
2024-05-01,T-11598,Cena,P-19,1
2024-05-01,T-11899,Cena,P-12,4
2024-05-01,T-12912,Cena,P-06,2
2024-05-01,T-13319,Comida,P-09,4
2024-05-01,T-13375,Cena,P-21,4
2024-05-01,T-13526,Comida,P-01,1
2024-05-01,T-14115,Cena,P-22,4
2024-05-01,T-14551,Cena,P-12,2
2024-05-01,T-14753,Comida,P-25,3
2024-05-01,T-15038,Cena,P-16,3
2024-05-01,T-15708,Cena,P-02,1
2024-05-01,T-15779,Comida,P-21,2
2024-05-01,T-17398,Cena,P-16,4
2024-05-02,T-10033,Comida,P-12,2
2024-05-02,T-10917,Comida,P-20,4
2024-05-02,T-11794,Cena,P-07,3
2024-05-02,T-11883,Cena,P-03,2
2024-05-02,T-12153,Cena,P-11,4
2024-05-02,T-12392,Cena,P-14,1
2024-05-02,T-12610,Cena,P-02,2
2024-05-02,T-13473,Comida,P-08,1
2024-05-02,T-13476,Cena,P-18,4
2024-05-02,T-13758,Comida,P-25,4
2024-05-02,T-14303,Cena,P-12,1
2024-05-02,T-14390,Cena,P-10,1
2024-05-02,T-15016,Cena,P-20,4
2024-05-02,T-16230,Cena,P-05,1
2024-05-02,T-16534,Cena,P-22,2
2024-05-02,T-17003,Cena,P-11,1
2024-05-02,T-17093,Comida,P-08,4
2024-05-02,T-17812,Cena,P-25,1
2024-05-03,T-10340,Cena,P-24,1
2024-05-03,T-10516,Comida,P-10,2
2024-05-03,T-11747,Cena,P-14,4
2024-05-03,T-12497,Cena,P-01,4
2024-05-03,T-12623,Cena,P-12,4
2024-05-03,T-13163,Comida,P-08,1
2024-05-03,T-13568,Cena,P-23,4
2024-05-03,T-14687,Comida,P-12,1
2024-05-03,T-15201,Cena,P-19,2
2024-05-03,T-15241,Cena,P-23,2
2024-05-03,T-15437,Cena,P-01,1
2024-05-03,T-15627,Cena,P-21,2
2024-05-03,T-15634,Comida,P-06,2
2024-05-03,T-15839,Cena,P-13,2
2024-05-03,T-16022,Comida,P-22,3
2024-05-03,T-16401,Comida,P-05,3
2024-05-03,T-17014,Comida,P-11,3
2024-05-03,T-17790,Comida,P-05,2
2024-05-04,T-10004,Cena,P-25,1
2024-05-04,T-10094,Comida,P-04,3
2024-05-04,T-11897,Cena,P-14,4
2024-05-04,T-11980,Comida,P-20,3
2024-05-04,T-12350,Cena,P-22,2
2024-05-04,T-12636,Comida,P-02,2
2024-05-04,T-12758,Comida,P-23,3
2024-05-04,T-12941,Comida,P-10,1
2024-05-04,T-13123,Cena,P-03,4
2024-05-04,T-13198,Cena,P-03,4
2024-05-04,T-13462,Cena,P-04,3
2024-05-04,T-14147,Cena,P-19,2
2024-05-04,T-14195,Cena,P-16,4
2024-05-04,T-14600,Cena,P-02,3
2024-05-04,T-15327,Cena,P-05,1
2024-05-04,T-15461,Cena,P-14,4
2024-05-04,T-15979,Comida,P-15,1
2024-05-04,T-16041,Comida,P-02,4
2024-05-04,T-16558,Comida,P-24,3
2024-05-04,T-17408,Cena,P-22,3
2024-05-05,T-10027,Comida,P-19,1
2024-05-05,T-10375,Comida,P-17,3
2024-05-05,T-10446,Comida,P-06,4
2024-05-05,T-10475,Cena,P-04,1
2024-05-05,T-10854,Cena,P-02,2
2024-05-05,T-11100,Comida,P-20,2
2024-05-05,T-11622,Cena,P-23,3
2024-05-05,T-12411,Cena,P-15,1
2024-05-05,T-12521,Cena,P-04,2
2024-05-05,T-13081,Cena,P-15,4
2024-05-05,T-13082,Cena,P-13,1
2024-05-05,T-13106,Cena,P-17,3
2024-05-05,T-13259,Cena,P-01,1
2024-05-05,T-13687,Cena,P-14,3
2024-05-05,T-14304,Cena,P-15,1
2024-05-05,T-14669,Cena,P-22,3
2024-05-05,T-15559,Cena,P-05,4
2024-05-05,T-15677,Comida,P-06,3
2024-05-05,T-15770,Cena,P-02,2
2024-05-05,T-16270,Cena,P-16,1
2024-05-05,T-17044,Comida,P-13,4
2024-05-05,T-17196,Cena,P-21,4
2024-05-06,T-10333,Cena,P-20,4
2024-05-06,T-11079,Cena,P-09,4
2024-05-06,T-11160,Comida,P-17,4
2024-05-06,T-11355,Comida,P-06,1
2024-05-06,T-11565,Cena,P-02,3
2024-05-06,T-11872,Comida,P-01,2
2024-05-06,T-12379,Cena,P-15,2
2024-05-06,T-12402,Cena,P-02,2
2024-05-06,T-12547,Cena,P-15,1
2024-05-06,T-12980,Comida,P-21,2
2024-05-06,T-13077,Comida,P-06,1
2024-05-06,T-13426,Cena,P-25,1
2024-05-06,T-13521,Cena,P-24,2
2024-05-06,T-13623,Comida,P-01,2
2024-05-06,T-14461,Cena,P-02,3
2024-05-06,T-14507,Comida,P-15,2
2024-05-06,T-15143,Comida,P-09,4
2024-05-06,T-16278,Cena,P-14,1
2024-05-06,T-16327,Cena,P-05,2
2024-05-06,T-16360,Cena,P-04,2
2024-05-06,T-16476,Comida,P-16,4
2024-05-06,T-16809,Comida,P-16,3
2024-05-06,T-16842,Cena,P-13,1
2024-05-07,T-10778,Comida,P-05,1
2024-05-07,T-10882,Comida,P-05,3
2024-05-07,T-12772,Cena,P-25,3
2024-05-07,T-13298,Comida,P-17,4
2024-05-07,T-13307,Cena,P-05,1
2024-05-07,T-13627,Cena,P-05,4
2024-05-07,T-15074,Cena,P-04,4
2024-05-07,T-15160,Comida,P-23,1
2024-05-07,T-15306,Cena,P-08,4
2024-05-07,T-16348,Comida,P-03,2
2024-05-07,T-16376,Cena,P-11,4
2024-05-07,T-16461,Cena,P-01,2
2024-05-07,T-16462,Comida,P-15,4
2024-05-07,T-16822,Cena,P-24,1
2024-05-07,T-17223,Comida,P-08,2
2024-05-07,T-17235,Comida,P-14,3
2024-05-07,T-17516,Cena,P-11,1
2024-05-08,T-10398,Comida,P-13,4
2024-05-08,T-10595,Cena,P-08,4
2024-05-08,T-10991,Comida,P-10,3
2024-05-08,T-11315,Cena,P-18,2
2024-05-08,T-12315,Comida,P-23,2
2024-05-08,T-12732,Cena,P-20,2
2024-05-08,T-12762,Cena,P-19,2
2024-05-08,T-13064,Cena,P-08,1
2024-05-08,T-13135,Cena,P-18,2
2024-05-08,T-13378,Comida,P-04,3
2024-05-08,T-14372,Cena,P-10,1
2024-05-08,T-15052,Comida,P-17,4
2024-05-08,T-15506,Cena,P-12,4
2024-05-08,T-17236,Cena,P-15,2
2024-05-09,T-10074,Comida,P-11,3
2024-05-09,T-10411,Cena,P-20,3
2024-05-09,T-10547,Cena,P-11,1
2024-05-09,T-10740,Comida,P-08,3
2024-05-09,T-10772,Cena,P-17,4
2024-05-09,T-10933,Cena,P-16,2
2024-05-09,T-10993,Comida,P-21,3
2024-05-09,T-11841,Cena,P-04,1
2024-05-09,T-11942,Cena,P-22,4
2024-05-09,T-12341,Cena,P-17,1
2024-05-09,T-12422,Cena,P-08,4
2024-05-09,T-12604,Cena,P-19,3
2024-05-09,T-13388,Cena,P-20,3
2024-05-09,T-13654,Cena,P-18,2
2024-05-09,T-13657,Comida,P-16,3
2024-05-09,T-14032,Comida,P-16,3
2024-05-09,T-14405,Cena,P-04,1
2024-05-09,T-15319,Cena,P-10,1
2024-05-09,T-16038,Cena,P-12,3
2024-05-09,T-16038,Comida,P-20,3
2024-05-09,T-16607,Comida,P-10,1
2024-05-09,T-16617,Comida,P-02,2
2024-05-09,T-17259,Cena,P-20,1
2024-05-09,T-17974,Cena,P-20,3
2024-05-10,T-10280,Cena,P-10,1
2024-05-10,T-10332,Comida,P-25,2
2024-05-10,T-10454,Cena,P-09,1
2024-05-10,T-11125,Comida,P-23,1
2024-05-10,T-11216,Comida,P-20,1
2024-05-10,T-12095,Comida,P-21,1
2024-05-10,T-12143,Cena,P-12,4
2024-05-10,T-12221,Cena,P-01,3
2024-05-10,T-12374,Comida,P-25,1
2024-05-10,T-12509,Cena,P-24,3
2024-05-10,T-13024,Cena,P-05,1
2024-05-10,T-13209,Comida,P-01,1
2024-05-10,T-14263,Cena,P-20,1
2024-05-10,T-14737,Cena,P-02,2
2024-05-10,T-14945,Comida,P-23,4
2024-05-10,T-16135,Comida,P-23,1
2024-05-10,T-16681,Comida,P-23,3
2024-05-10,T-17215,Comida,P-13,3
2024-05-10,T-17352,Comida,P-09,4
2024-05-10,T-17467,Comida,P-05,3
2024-05-10,T-17907,Cena,P-07,4
2024-05-11,T-10283,Cena,P-01,3
2024-05-11,T-10780,Cena,P-01,1
2024-05-11,T-11735,Comida,P-24,3
2024-05-11,T-12285,Comida,P-25,3
2024-05-11,T-12925,Comida,P-13,3
2024-05-11,T-12960,Cena,P-24,3
2024-05-11,T-13121,Cena,P-12,4
2024-05-11,T-13463,Comida,P-13,4
2024-05-11,T-13521,Cena,P-06,4
2024-05-11,T-14816,Cena,P-23,3
2024-05-11,T-15053,Comida,P-05,3
2024-05-11,T-15640,Cena,P-25,2
2024-05-11,T-15753,Comida,P-05,3
2024-05-11,T-15791,Comida,P-05,2
2024-05-11,T-15839,Cena,P-11,2
2024-05-11,T-16316,Cena,P-03,3
2024-05-11,T-16368,Comida,P-08,1
2024-05-11,T-17064,Cena,P-11,2
2024-05-12,T-10450,Comida,P-06,4
2024-05-12,T-11585,Comida,P-19,1
2024-05-12,T-12290,Cena,P-02,4
2024-05-12,T-12933,Comida,P-09,4
2024-05-12,T-14184,Comida,P-23,3
2024-05-12,T-14401,Cena,P-07,1
2024-05-12,T-14868,Cena,P-24,3
2024-05-12,T-15643,Cena,P-12,1
2024-05-12,T-15876,Comida,P-22,3
2024-05-12,T-15887,Cena,P-18,4
2024-05-12,T-15972,Comida,P-08,2
2024-05-12,T-16212,Cena,P-10,1
2024-05-12,T-16299,Cena,P-02,2
2024-05-12,T-16867,Cena,P-08,1
2024-05-12,T-17825,Cena,P-13,1
2024-05-13,T-10137,Cena,P-03,1
2024-05-13,T-10285,Comida,P-10,3
2024-05-13,T-10452,Cena,P-19,1
2024-05-13,T-10461,Comida,P-24,4
2024-05-13,T-10791,Comida,P-21,3
2024-05-13,T-11001,Cena,P-11,4
2024-05-13,T-11352,Comida,P-18,2
2024-05-13,T-11416,Cena,P-13,4
2024-05-13,T-13294,Comida,P-12,4
2024-05-13,T-15138,Cena,P-19,1
2024-05-13,T-15249,Cena,P-15,3
2024-05-13,T-15516,Cena,P-25,1
2024-05-13,T-15760,Cena,P-19,1
2024-05-13,T-15821,Comida,P-09,1
2024-05-13,T-16373,Cena,P-04,1
2024-05-13,T-17003,Cena,P-04,3
2024-05-13,T-17044,Comida,P-06,1
2024-05-13,T-17648,Cena,P-23,3
2024-05-13,T-17906,Cena,P-14,1
2024-05-14,T-10373,Cena,P-08,3
2024-05-14,T-10614,Cena,P-20,1
2024-05-14,T-11650,Cena,P-23,2
2024-05-14,T-11894,Comida,P-23,1
2024-05-14,T-12017,Cena,P-08,4
2024-05-14,T-12393,Cena,P-17,2
2024-05-14,T-13815,Comida,P-21,4
2024-05-14,T-13968,Comida,P-25,1
2024-05-14,T-14328,Cena,P-16,4
2024-05-14,T-14991,Comida,P-17,3
2024-05-14,T-15891,Comida,P-04,4
2024-05-14,T-16052,Comida,P-15,2
2024-05-14,T-16453,Cena,P-17,2
2024-05-14,T-17173,Comida,P-11,3
2024-05-14,T-17367,Cena,P-07,2
2024-05-15,T-11607,Cena,P-06,2
2024-05-15,T-12255,Cena,P-14,3
2024-05-15,T-12354,Comida,P-03,2
2024-05-15,T-13054,Cena,P-03,4
2024-05-15,T-13510,Comida,P-25,4
2024-05-15,T-14587,Comida,P-05,4
2024-05-15,T-14613,Comida,P-18,1
2024-05-15,T-14901,Comida,P-13,2
2024-05-15,T-16027,Cena,P-08,1
2024-05-15,T-17126,Cena,P-12,2
2024-05-15,T-17136,Comida,P-16,2
2024-05-15,T-17181,Comida,P-07,1
2024-05-15,T-17455,Cena,P-09,3
2024-05-16,T-10304,Cena,P-09,3
2024-05-16,T-10410,Comida,P-18,4
2024-05-16,T-10478,Cena,P-12,3
2024-05-16,T-11137,Cena,P-10,3
2024-05-16,T-11172,Cena,P-03,1
2024-05-16,T-11683,Cena,P-12,3
2024-05-16,T-12091,Cena,P-07,1
2024-05-16,T-12143,Cena,P-07,1
2024-05-16,T-13171,Cena,P-05,1
2024-05-16,T-13645,Cena,P-24,4
2024-05-16,T-14493,Cena,P-15,4
2024-05-16,T-15369,Comida,P-16,4
2024-05-16,T-15820,Cena,P-18,4
2024-05-16,T-17143,Cena,P-10,2
2024-05-16,T-17370,Comida,P-10,4
2024-05-16,T-17700,Comida,P-05,2
2024-05-16,T-17735,Comida,P-14,3
2024-05-16,T-17793,Cena,P-06,1
2024-05-16,T-17845,Cena,P-15,3
2024-05-17,T-10237,Cena,P-10,2
2024-05-17,T-10382,Cena,P-04,2
2024-05-17,T-10581,Comida,P-04,2
2024-05-17,T-10756,Cena,P-12,1
2024-05-17,T-11553,Comida,P-15,1
2024-05-17,T-11976,Cena,P-12,2
2024-05-17,T-12235,Comida,P-16,2
2024-05-17,T-12477,Comida,P-18,3
2024-05-17,T-13984,Comida,P-11,2
2024-05-17,T-14251,Comida,P-04,3
2024-05-17,T-14351,Comida,P-14,3
2024-05-17,T-14486,Comida,P-22,3
2024-05-17,T-14680,Comida,P-17,3
2024-05-17,T-14733,Comida,P-15,2
2024-05-17,T-14901,Cena,P-04,4
2024-05-17,T-15785,Cena,P-25,3
2024-05-17,T-16446,Comida,P-06,3
2024-05-17,T-16521,Cena,P-19,4
2024-05-17,T-16830,Cena,P-23,4
2024-05-17,T-17235,Comida,P-14,4
2024-05-18,T-10344,Cena,P-04,1
2024-05-18,T-10442,Cena,P-19,1
2024-05-18,T-11305,Comida,P-14,4
2024-05-18,T-11512,Cena,P-19,2
2024-05-18,T-11560,Cena,P-13,1
2024-05-18,T-12208,Cena,P-22,3
2024-05-18,T-12639,Cena,P-19,4
2024-05-18,T-12884,Cena,P-08,2
2024-05-18,T-12921,Cena,P-05,1
2024-05-18,T-12956,Comida,P-14,4
2024-05-18,T-13138,Cena,P-03,4
2024-05-18,T-13306,Cena,P-07,1
2024-05-18,T-14069,Cena,P-07,4
2024-05-18,T-14160,Cena,P-24,4
2024-05-18,T-14807,Cena,P-14,2
2024-05-18,T-15254,Comida,P-19,3
2024-05-18,T-15654,Cena,P-15,1
2024-05-18,T-15807,Cena,P-06,2
2024-05-18,T-16282,Cena,P-05,2
2024-05-18,T-16307,Cena,P-20,4
2024-05-18,T-16309,Cena,P-05,4
2024-05-18,T-16458,Comida,P-14,2
2024-05-18,T-16479,Comida,P-10,1
2024-05-18,T-16569,Cena,P-02,1
2024-05-18,T-16754,Comida,P-20,4
2024-05-18,T-17099,Cena,P-02,4
2024-05-18,T-17578,Cena,P-19,3
2024-05-18,T-17722,Cena,P-04,4
2024-05-18,T-17735,Comida,P-23,2
2024-05-18,T-17796,Cena,P-24,3
2024-05-18,T-17834,Cena,P-18,2
2024-05-18,T-17985,Cena,P-23,3
2024-05-19,T-10236,Cena,P-12,4
2024-05-19,T-10839,Cena,P-06,4
2024-05-19,T-10986,Cena,P-04,2
2024-05-19,T-11084,Comida,P-08,2
2024-05-19,T-11149,Comida,P-13,3
2024-05-19,T-11651,Cena,P-25,4
2024-05-19,T-11700,Cena,P-14,3
2024-05-19,T-12202,Cena,P-21,3
2024-05-19,T-12598,Cena,P-24,2
2024-05-19,T-13015,Comida,P-08,2
2024-05-19,T-13021,Cena,P-02,1
2024-05-19,T-13113,Comida,P-06,1
2024-05-19,T-15701,Cena,P-04,4
2024-05-19,T-16144,Comida,P-24,4
2024-05-19,T-16521,Comida,P-23,3
2024-05-19,T-16948,Cena,P-22,3
2024-05-19,T-17168,Comida,P-17,1
2024-05-19,T-17688,Comida,P-09,4
2024-05-19,T-17971,Cena,P-03,4
2024-05-20,T-10682,Comida,P-13,4
2024-05-20,T-10724,Comida,P-05,2
2024-05-20,T-10882,Comida,P-01,1
2024-05-20,T-10969,Comida,P-22,1
2024-05-20,T-11491,Comida,P-23,2
2024-05-20,T-11882,Comida,P-12,4
2024-05-20,T-12080,Cena,P-12,4
2024-05-20,T-12373,Comida,P-21,2
2024-05-20,T-12739,Cena,P-08,1
2024-05-20,T-13012,Comida,P-02,4
2024-05-20,T-13025,Cena,P-20,4
2024-05-20,T-13320,Cena,P-22,1
2024-05-20,T-13467,Cena,P-22,2
2024-05-20,T-14659,Comida,P-20,2
2024-05-20,T-14820,Cena,P-25,4
2024-05-20,T-15734,Comida,P-06,3
2024-05-20,T-16413,Comida,P-18,3
2024-05-20,T-16443,Comida,P-24,3
2024-05-20,T-16532,Cena,P-01,2
2024-05-20,T-17375,Cena,P-16,4
2024-05-20,T-17377,Cena,P-05,4
2024-05-20,T-17623,Cena,P-06,4
2024-05-21,T-10161,Cena,P-11,3
2024-05-21,T-10742,Comida,P-13,4
2024-05-21,T-12256,Cena,P-23,4
2024-05-21,T-12413,Comida,P-12,1
2024-05-21,T-12442,Comida,P-11,3
2024-05-21,T-13151,Cena,P-04,1
2024-05-21,T-13404,Comida,P-01,4
2024-05-21,T-13473,Comida,P-07,2
2024-05-21,T-13627,Cena,P-10,1
2024-05-21,T-13650,Cena,P-04,1
2024-05-21,T-13902,Cena,P-03,3
2024-05-21,T-14016,Cena,P-20,2
2024-05-21,T-14149,Cena,P-12,4
2024-05-21,T-15136,Cena,P-15,3
2024-05-21,T-15816,Cena,P-19,1
2024-05-21,T-16188,Cena,P-11,1
2024-05-21,T-16596,Cena,P-06,3
2024-05-21,T-16815,Comida,P-07,4
2024-05-21,T-17119,Cena,P-03,3
2024-05-21,T-17575,Cena,P-11,2
2024-05-21,T-17584,Comida,P-03,3
2024-05-21,T-17754,Cena,P-11,2
2024-05-22,T-10204,Cena,P-11,2
2024-05-22,T-10762,Cena,P-24,2
2024-05-22,T-11195,Comida,P-09,3
2024-05-22,T-13079,Comida,P-09,4
2024-05-22,T-13803,Cena,P-23,3
2024-05-22,T-13888,Comida,P-08,1
2024-05-22,T-14157,Cena,P-22,2
2024-05-22,T-14564,Cena,P-08,2
2024-05-22,T-15120,Cena,P-06,2
2024-05-22,T-15350,Comida,P-12,1
2024-05-22,T-15359,Cena,P-03,2
2024-05-22,T-16633,Cena,P-04,2
2024-05-22,T-16772,Comida,P-17,4
2024-05-22,T-17455,Cena,P-21,4
2024-05-22,T-17626,Comida,P-03,2
2024-05-23,T-10157,Comida,P-20,1
2024-05-23,T-10220,Cena,P-15,2
2024-05-23,T-10407,Comida,P-08,3
2024-05-23,T-10743,Cena,P-07,3
2024-05-23,T-10934,Comida,P-15,3
2024-05-23,T-10959,Comida,P-06,4
2024-05-23,T-11040,Comida,P-18,1
2024-05-23,T-11303,Comida,P-02,4
2024-05-23,T-11336,Cena,P-14,2
2024-05-23,T-12516,Cena,P-04,1
2024-05-23,T-12621,Comida,P-13,4
2024-05-23,T-12838,Comida,P-24,1
2024-05-23,T-12914,Cena,P-21,3
2024-05-23,T-13779,Cena,P-15,2
2024-05-23,T-14413,Cena,P-10,4
2024-05-23,T-14628,Comida,P-06,1
2024-05-23,T-14696,Cena,P-03,1
2024-05-23,T-14734,Cena,P-20,4
2024-05-23,T-14852,Cena,P-17,1
2024-05-23,T-15668,Cena,P-11,2
2024-05-23,T-16184,Comida,P-09,3
2024-05-23,T-16334,Cena,P-21,1
2024-05-23,T-16485,Cena,P-22,3
2024-05-23,T-16921,Cena,P-01,2
2024-05-23,T-16955,Comida,P-03,3
2024-05-23,T-17606,Cena,P-22,3
2024-05-23,T-17946,Cena,P-02,4
2024-05-24,T-10777,Cena,P-10,4
2024-05-24,T-10959,Comida,P-07,3
2024-05-24,T-11563,Cena,P-01,2
2024-05-24,T-12772,Cena,P-18,2
2024-05-24,T-13062,Comida,P-17,1
2024-05-24,T-13481,Comida,P-13,1
2024-05-24,T-14242,Comida,P-07,3
2024-05-24,T-14293,Cena,P-11,2
2024-05-24,T-14863,Cena,P-01,1
2024-05-24,T-15105,Cena,P-22,3
2024-05-24,T-15376,Comida,P-03,2
2024-05-24,T-16099,Comida,P-19,2
2024-05-24,T-16297,Comida,P-23,4
2024-05-24,T-16302,Cena,P-08,2
2024-05-24,T-16359,Cena,P-04,4
2024-05-24,T-16458,Comida,P-07,2
2024-05-24,T-16576,Comida,P-20,3
2024-05-24,T-17433,Cena,P-25,2
2024-05-25,T-10571,Cena,P-22,3
2024-05-25,T-10588,Comida,P-09,1
2024-05-25,T-10918,Cena,P-11,2
2024-05-25,T-11051,Comida,P-02,2
2024-05-25,T-11359,Comida,P-20,2
2024-05-25,T-11546,Cena,P-06,3
2024-05-25,T-11673,Cena,P-19,4
2024-05-25,T-11814,Comida,P-16,2
2024-05-25,T-11867,Cena,P-10,2
2024-05-25,T-12314,Cena,P-21,3
2024-05-25,T-12317,Cena,P-11,4
2024-05-25,T-13319,Comida,P-05,1
2024-05-25,T-13926,Cena,P-08,3
2024-05-25,T-14399,Comida,P-17,3
2024-05-25,T-14558,Cena,P-02,1
2024-05-25,T-14941,Cena,P-20,1
2024-05-25,T-14953,Comida,P-02,1
2024-05-25,T-15207,Comida,P-10,1
2024-05-25,T-16020,Cena,P-10,2
2024-05-25,T-16302,Cena,P-23,4
2024-05-25,T-16628,Cena,P-01,2
2024-05-25,T-16703,Cena,P-03,4
2024-05-25,T-16754,Comida,P-18,1
2024-05-25,T-16866,Comida,P-07,3
2024-05-25,T-16872,Cena,P-01,1
2024-05-25,T-17711,Cena,P-01,4
2024-05-25,T-17733,Cena,P-10,4
2024-05-26,T-10238,Comida,P-17,1
2024-05-26,T-10835,Cena,P-24,1
2024-05-26,T-11697,Comida,P-06,2
2024-05-26,T-12290,Cena,P-15,3
2024-05-26,T-12399,Cena,P-19,2
2024-05-26,T-12530,Cena,P-13,1
2024-05-26,T-12681,Cena,P-18,3
2024-05-26,T-12798,Cena,P-05,3
2024-05-26,T-13767,Cena,P-24,3
2024-05-26,T-14122,Comida,P-12,2
2024-05-26,T-14933,Cena,P-05,1
2024-05-26,T-14939,Cena,P-23,1
2024-05-26,T-15716,Cena,P-24,4
2024-05-26,T-15989,Cena,P-15,2
2024-05-26,T-16110,Cena,P-12,1
2024-05-27,T-11379,Cena,P-09,1
2024-05-27,T-11458,Cena,P-22,3
2024-05-27,T-12750,Cena,P-03,3
2024-05-27,T-13747,Comida,P-03,4
2024-05-27,T-13824,Comida,P-07,4
2024-05-27,T-14712,Comida,P-14,1
2024-05-27,T-15155,Comida,P-07,1
2024-05-27,T-15233,Cena,P-17,2
2024-05-27,T-15396,Comida,P-06,1
2024-05-27,T-16051,Cena,P-09,1
2024-05-27,T-16298,Cena,P-07,2
2024-05-27,T-16823,Cena,P-25,3
2024-05-27,T-17385,Comida,P-16,3
2024-05-27,T-17976,Cena,P-11,4
2024-05-28,T-10119,Cena,P-20,1
2024-05-28,T-10470,Cena,P-06,1
2024-05-28,T-11121,Cena,P-16,3
2024-05-28,T-11245,Cena,P-12,4
2024-05-28,T-12391,Comida,P-19,3
2024-05-28,T-12686,Cena,P-20,3
2024-05-28,T-13241,Cena,P-12,2
2024-05-28,T-13294,Cena,P-09,4
2024-05-28,T-14108,Cena,P-10,2
2024-05-28,T-15052,Cena,P-12,3
2024-05-28,T-16165,Comida,P-25,2
2024-05-28,T-16215,Comida,P-18,1
2024-05-28,T-16353,Cena,P-01,1
2024-05-28,T-16492,Cena,P-21,2
2024-05-28,T-16503,Comida,P-15,1
2024-05-28,T-16611,Cena,P-14,2
2024-05-28,T-16835,Comida,P-01,1
2024-05-28,T-16913,Comida,P-14,4
2024-05-28,T-17230,Cena,P-24,1
2024-05-28,T-17293,Cena,P-25,3
2024-05-28,T-17316,Comida,P-12,2
2024-05-28,T-17603,Comida,P-01,3
2024-05-28,T-17826,Comida,P-12,1
2024-05-29,T-10239,Cena,P-16,2
2024-05-29,T-11226,Comida,P-09,4
2024-05-29,T-12201,Cena,P-05,1
2024-05-29,T-12274,Comida,P-15,4
2024-05-29,T-12551,Comida,P-01,4
2024-05-29,T-12566,Cena,P-08,1
2024-05-29,T-13113,Comida,P-09,3
2024-05-29,T-14312,Cena,P-19,1
2024-05-29,T-15256,Comida,P-15,2
2024-05-29,T-16182,Comida,P-22,1
2024-05-29,T-16228,Cena,P-16,3
2024-05-29,T-16261,Cena,P-14,2
2024-05-29,T-16865,Cena,P-08,1
2024-05-29,T-17105,Comida,P-03,2
2024-05-29,T-17348,Comida,P-07,3
2024-05-29,T-17486,Cena,P-23,4
2024-05-29,T-17867,Comida,P-23,3
2024-05-29,T-17893,Comida,P-18,3
2024-05-30,T-10162,Cena,P-20,1
2024-05-30,T-10816,Cena,P-03,3
2024-05-30,T-11089,Cena,P-07,3
2024-05-30,T-11277,Cena,P-09,1
2024-05-30,T-11818,Cena,P-05,2
2024-05-30,T-11920,Comida,P-04,3
2024-05-30,T-12336,Cena,P-04,1
2024-05-30,T-12356,Comida,P-10,2
2024-05-30,T-13818,Cena,P-04,1
2024-05-30,T-14283,Cena,P-02,1
2024-05-30,T-14375,Comida,P-22,2
2024-05-30,T-14619,Cena,P-22,2
2024-05-30,T-14757,Cena,P-08,4
2024-05-30,T-15244,Cena,P-09,3
2024-05-30,T-15632,Cena,P-01,2
2024-05-30,T-16979,Cena,P-17,1
2024-05-30,T-17350,Cena,P-20,3
2024-05-30,T-17614,Cena,P-11,3
2024-05-30,T-17988,Cena,P-23,2
2024-05-31,T-10107,Comida,P-05,4
2024-05-31,T-10332,Comida,P-23,2
2024-05-31,T-11580,Cena,P-21,1
2024-05-31,T-11649,Cena,P-12,2
2024-05-31,T-12593,Cena,P-23,3
2024-05-31,T-12800,Comida,P-11,4
2024-05-31,T-12904,Cena,P-07,3
2024-05-31,T-13077,Comida,P-18,3
2024-05-31,T-13467,Comida,P-19,3
2024-05-31,T-13538,Cena,P-19,4
2024-05-31,T-13678,Comida,P-17,1
2024-05-31,T-14437,Comida,P-09,1
2024-05-31,T-14526,Cena,P-23,4
2024-05-31,T-15389,Cena,P-14,3
2024-05-31,T-15514,Cena,P-05,3
2024-05-31,T-15587,Comida,P-17,3
2024-05-31,T-15634,Cena,P-14,4
2024-05-31,T-15862,Cena,P-08,2
2024-05-31,T-16181,Cena,P-03,2
2024-05-31,T-16404,Cena,P-13,3
2024-05-31,T-16455,Comida,P-03,3
2024-05-31,T-16805,Comida,P-18,1
2024-05-31,T-17024,Comida,P-09,2
2024-05-31,T-17048,Cena,P-21,2
2024-05-31,T-17156,Cena,P-04,3
2024-05-31,T-17403,Comida,P-21,3
2024-05-31,T-17949,Cena,P-03,3
2024-06-01,T-10089,Comida,P-05,2
2024-06-01,T-10127,Cena,P-24,4
2024-06-01,T-10248,Cena,P-03,2
2024-06-01,T-10469,Cena,P-03,4
2024-06-01,T-11168,Cena,P-22,4
2024-06-01,T-11489,Comida,P-17,4
2024-06-01,T-12150,Comida,P-21,2
2024-06-01,T-12527,Comida,P-15,1
2024-06-01,T-13899,Comida,P-03,3
2024-06-01,T-14234,Cena,P-06,4
2024-06-01,T-14838,Comida,P-03,3
2024-06-01,T-15032,Cena,P-06,4
2024-06-01,T-16091,Comida,P-20,3
2024-06-01,T-16259,Cena,P-01,2
2024-06-01,T-16602,Cena,P-17,3
2024-06-01,T-16710,Cena,P-02,4
2024-06-01,T-17538,Cena,P-13,4
2024-06-01,T-17664,Cena,P-02,1
2024-06-02,T-10220,Cena,P-17,1
2024-06-02,T-10505,Comida,P-09,3
2024-06-02,T-10559,Cena,P-13,2
2024-06-02,T-11419,Cena,P-17,2
2024-06-02,T-12714,Cena,P-09,3
2024-06-02,T-13070,Comida,P-02,2
2024-06-02,T-13551,Comida,P-22,4
2024-06-02,T-13794,Cena,P-13,2
2024-06-02,T-14269,Cena,P-10,1
2024-06-02,T-14355,Cena,P-17,2
2024-06-02,T-15212,Comida,P-22,3
2024-06-02,T-15682,Cena,P-14,4
2024-06-02,T-16111,Cena,P-01,3
2024-06-02,T-16498,Cena,P-20,2
2024-06-02,T-16611,Comida,P-11,1
2024-06-02,T-16992,Comida,P-19,1
2024-06-03,T-10254,Cena,P-16,3
2024-06-03,T-10333,Cena,P-10,2
2024-06-03,T-11038,Comida,P-09,4
2024-06-03,T-11847,Cena,P-08,1
2024-06-03,T-12420,Comida,P-02,2
2024-06-03,T-12975,Cena,P-21,4
2024-06-03,T-13944,Cena,P-18,4
2024-06-03,T-14314,Comida,P-20,4
2024-06-03,T-15120,Comida,P-23,1
2024-06-03,T-15263,Cena,P-18,4
2024-06-03,T-15386,Comida,P-06,4
2024-06-03,T-15596,Cena,P-01,2
2024-06-03,T-15724,Comida,P-24,2
2024-06-03,T-15773,Comida,P-14,3
2024-06-03,T-16185,Cena,P-20,1
2024-06-03,T-17530,Comida,P-24,1
2024-06-03,T-17900,Cena,P-24,3
2024-06-04,T-10669,Cena,P-06,4
2024-06-04,T-10817,Cena,P-21,3
2024-06-04,T-11424,Comida,P-22,4
2024-06-04,T-11807,Comida,P-01,1
2024-06-04,T-12201,Comida,P-22,1
2024-06-04,T-12261,Comida,P-04,4
2024-06-04,T-13248,Cena,P-10,4
2024-06-04,T-13597,Cena,P-02,3
2024-06-04,T-13970,Comida,P-15,1
2024-06-04,T-15193,Cena,P-14,1
2024-06-04,T-16042,Cena,P-10,1
2024-06-04,T-16065,Cena,P-14,3
2024-06-04,T-16486,Cena,P-22,4
2024-06-04,T-17566,Cena,P-09,1
2024-06-04,T-17959,Cena,P-15,4
2024-06-05,T-10198,Cena,P-15,4
2024-06-05,T-11147,Cena,P-16,3
2024-06-05,T-11757,Comida,P-11,2
2024-06-05,T-11910,Comida,P-08,4
2024-06-05,T-12491,Cena,P-16,4
2024-06-05,T-12668,Comida,P-14,3
2024-06-05,T-13011,Comida,P-09,2
2024-06-05,T-13199,Cena,P-02,3
2024-06-05,T-15887,Cena,P-08,4
2024-06-05,T-16353,Cena,P-19,3
2024-06-05,T-16471,Comida,P-02,1
2024-06-05,T-16687,Comida,P-20,2
2024-06-05,T-16694,Cena,P-13,3
2024-06-05,T-17066,Comida,P-20,3
2024-06-06,T-10221,Cena,P-15,4
2024-06-06,T-10542,Cena,P-06,4
2024-06-06,T-10995,Cena,P-20,4
2024-06-06,T-11940,Cena,P-04,4
2024-06-06,T-13186,Cena,P-05,3
2024-06-06,T-14247,Cena,P-20,1
2024-06-06,T-14707,Comida,P-22,3
2024-06-06,T-15160,Comida,P-09,4
2024-06-06,T-16125,Cena,P-02,3
2024-06-06,T-16211,Cena,P-13,4
2024-06-06,T-16902,Comida,P-10,4
2024-06-06,T-17526,Cena,P-17,3
2024-06-06,T-17646,Comida,P-01,3
2024-06-06,T-17909,Cena,P-11,2
2024-06-07,T-10284,Cena,P-05,2
2024-06-07,T-10470,Cena,P-07,3
2024-06-07,T-10800,Cena,P-10,3
2024-06-07,T-10907,Comida,P-23,4
2024-06-07,T-10949,Cena,P-10,2
2024-06-07,T-11312,Cena,P-17,3
2024-06-07,T-12170,Comida,P-17,1
2024-06-07,T-12693,Cena,P-20,1
2024-06-07,T-12854,Cena,P-21,4
2024-06-07,T-13169,Cena,P-03,4
2024-06-07,T-13276,Comida,P-13,2
2024-06-07,T-13734,Comida,P-02,3
2024-06-07,T-14374,Cena,P-01,3
2024-06-07,T-14534,Cena,P-24,1
2024-06-07,T-14958,Cena,P-20,4
2024-06-07,T-14995,Comida,P-06,3
2024-06-07,T-16189,Cena,P-11,4
2024-06-07,T-16723,Comida,P-05,2
2024-06-07,T-16833,Comida,P-06,1
2024-06-07,T-16936,Comida,P-09,2
2024-06-07,T-17013,Comida,P-01,4
2024-06-07,T-17362,Comida,P-18,3
2024-06-07,T-17800,Cena,P-01,3
2024-06-07,T-17877,Comida,P-24,4
2024-06-07,T-17975,Cena,P-22,4
2024-06-08,T-10511,Cena,P-09,1
2024-06-08,T-10512,Cena,P-11,1
2024-06-08,T-10572,Comida,P-12,2
2024-06-08,T-10592,Cena,P-07,1
2024-06-08,T-10837,Cena,P-11,3
2024-06-08,T-11926,Cena,P-04,4
2024-06-08,T-12848,Cena,P-07,4
2024-06-08,T-12887,Cena,P-12,3
2024-06-08,T-13029,Comida,P-20,4
2024-06-08,T-13161,Cena,P-24,4
2024-06-08,T-13252,Cena,P-02,4
2024-06-08,T-13608,Comida,P-07,1
2024-06-08,T-13628,Comida,P-01,3
2024-06-08,T-14761,Comida,P-24,3
2024-06-08,T-14869,Comida,P-07,1
2024-06-08,T-15381,Comida,P-06,1
2024-06-08,T-15441,Cena,P-10,4
2024-06-08,T-16787,Cena,P-06,4
2024-06-08,T-16855,Cena,P-11,4
2024-06-08,T-17184,Comida,P-22,1
2024-06-08,T-17352,Comida,P-07,3
2024-06-08,T-17487,Comida,P-15,2
2024-06-08,T-17983,Cena,P-06,2
2024-06-09,T-10135,Cena,P-13,4
2024-06-09,T-10573,Cena,P-06,2
2024-06-09,T-10580,Comida,P-17,2
2024-06-09,T-11421,Cena,P-17,3
2024-06-09,T-11567,Comida,P-05,2
2024-06-09,T-12189,Comida,P-06,4
2024-06-09,T-12998,Cena,P-08,1
2024-06-09,T-13141,Cena,P-15,2
2024-06-09,T-13272,Comida,P-08,2
2024-06-09,T-13341,Cena,P-25,4
2024-06-09,T-14149,Comida,P-06,3
2024-06-09,T-14426,Cena,P-22,4
2024-06-09,T-14608,Cena,P-04,1
2024-06-09,T-15768,Cena,P-11,4
2024-06-09,T-15990,Cena,P-22,2
2024-06-09,T-16064,Comida,P-18,2
2024-06-09,T-16471,Comida,P-10,3
2024-06-09,T-17170,Comida,P-10,4
2024-06-09,T-17341,Cena,P-14,3
2024-06-09,T-17915,Cena,P-15,2
2024-06-10,T-10003,Cena,P-13,1
2024-06-10,T-10006,Cena,P-23,1
2024-06-10,T-10246,Comida,P-02,3
2024-06-10,T-10327,Comida,P-07,4
2024-06-10,T-10634,Cena,P-04,4
2024-06-10,T-10838,Comida,P-02,2
2024-06-10,T-10969,Comida,P-19,3
2024-06-10,T-11175,Comida,P-25,2
2024-06-10,T-12100,Cena,P-10,2
2024-06-10,T-12147,Comida,P-12,4
2024-06-10,T-13114,Cena,P-08,3
2024-06-10,T-14013,Comida,P-02,2
2024-06-10,T-14246,Cena,P-13,2
2024-06-10,T-15189,Cena,P-19,4
2024-06-10,T-15660,Cena,P-10,3
2024-06-10,T-15958,Cena,P-04,2
2024-06-10,T-16319,Cena,P-18,1
2024-06-10,T-16859,Comida,P-21,2
2024-06-10,T-17154,Cena,P-23,2
2024-06-10,T-17545,Cena,P-06,3
2024-06-10,T-17658,Comida,P-15,1
2024-06-11,T-10330,Cena,P-12,2
2024-06-11,T-10392,Comida,P-24,1
2024-06-11,T-10746,Cena,P-11,2
2024-06-11,T-11630,Comida,P-22,2
2024-06-11,T-11890,Comida,P-16,2
2024-06-11,T-12268,Cena,P-09,2
2024-06-11,T-12987,Comida,P-09,3
2024-06-11,T-13262,Comida,P-07,2
2024-06-11,T-13407,Cena,P-09,2
2024-06-11,T-14458,Comida,P-19,4
2024-06-11,T-14606,Cena,P-05,4
2024-06-11,T-14739,Cena,P-07,2
2024-06-11,T-15463,Cena,P-25,2
2024-06-11,T-16046,Comida,P-06,2
2024-06-11,T-16365,Comida,P-14,2
2024-06-11,T-16443,Cena,P-04,3
2024-06-11,T-17219,Cena,P-10,4
2024-06-12,T-10318,Cena,P-03,4
2024-06-12,T-10322,Cena,P-12,1
2024-06-12,T-11353,Cena,P-18,3
2024-06-12,T-12115,Comida,P-18,2
2024-06-12,T-13042,Comida,P-20,3
2024-06-12,T-13222,Cena,P-05,2
2024-06-12,T-14849,Comida,P-07,4
2024-06-12,T-14989,Comida,P-15,3
2024-06-12,T-15740,Cena,P-13,4
2024-06-13,T-10028,Comida,P-05,1
2024-06-13,T-10288,Comida,P-07,1
2024-06-13,T-10361,Cena,P-12,3
2024-06-13,T-10477,Cena,P-25,2
2024-06-13,T-11227,Comida,P-17,2
2024-06-13,T-11411,Comida,P-25,1
2024-06-13,T-11533,Cena,P-05,4
2024-06-13,T-12293,Cena,P-16,1
2024-06-13,T-12359,Cena,P-13,3
2024-06-13,T-13543,Cena,P-19,2
2024-06-13,T-13779,Cena,P-21,4
2024-06-13,T-14289,Cena,P-20,3
2024-06-13,T-14397,Comida,P-05,1
2024-06-13,T-14596,Comida,P-14,4
2024-06-13,T-14699,Cena,P-10,3
2024-06-13,T-15041,Comida,P-25,2
2024-06-13,T-15419,Cena,P-02,1
2024-06-13,T-15529,Comida,P-25,4
2024-06-13,T-15644,Cena,P-02,1
2024-06-13,T-16314,Cena,P-22,4
2024-06-13,T-16486,Cena,P-18,3
2024-06-13,T-16563,Cena,P-24,2
2024-06-13,T-17018,Cena,P-21,2
2024-06-13,T-17260,Comida,P-02,1
2024-06-13,T-17800,Cena,P-15,4
2024-06-14,T-10605,Cena,P-17,2
2024-06-14,T-11239,Cena,P-17,3
2024-06-14,T-11267,Cena,P-14,1
2024-06-14,T-12049,Cena,P-11,2
2024-06-14,T-12455,Comida,P-16,4
2024-06-14,T-12597,Cena,P-23,1
2024-06-14,T-12852,Comida,P-08,2
2024-06-14,T-12852,Comida,P-14,4
2024-06-14,T-12876,Cena,P-13,4
2024-06-14,T-14129,Cena,P-05,4
2024-06-14,T-14263,Cena,P-23,4
2024-06-14,T-14767,Cena,P-24,2
2024-06-14,T-15197,Cena,P-11,4
2024-06-14,T-15854,Comida,P-05,1
2024-06-14,T-16601,Comida,P-05,4
2024-06-14,T-16812,Cena,P-06,1
2024-06-14,T-17009,Comida,P-23,2
2024-06-15,T-10098,Cena,P-07,3
2024-06-15,T-10495,Comida,P-06,3
2024-06-15,T-11100,Cena,P-15,1
2024-06-15,T-11223,Cena,P-01,2
2024-06-15,T-11979,Cena,P-01,2
2024-06-15,T-12106,Cena,P-06,4
2024-06-15,T-12937,Comida,P-20,2
2024-06-15,T-12953,Cena,P-21,1
2024-06-15,T-13120,Comida,P-23,1
2024-06-15,T-13300,Comida,P-20,1
2024-06-15,T-14252,Cena,P-02,2
2024-06-15,T-14495,Comida,P-20,4
2024-06-15,T-14723,Cena,P-10,2
2024-06-15,T-15031,Cena,P-09,1
2024-06-15,T-15610,Cena,P-05,3
2024-06-15,T-16513,Cena,P-07,4
2024-06-16,T-10508,Cena,P-19,4
2024-06-16,T-10582,Comida,P-20,2
2024-06-16,T-10949,Comida,P-17,4
2024-06-16,T-11146,Cena,P-24,1
2024-06-16,T-11386,Cena,P-01,1
2024-06-16,T-11567,Cena,P-08,1
2024-06-16,T-11957,Comida,P-12,2
2024-06-16,T-12122,Cena,P-22,3
2024-06-16,T-12895,Comida,P-06,2
2024-06-16,T-13024,Cena,P-17,2
2024-06-16,T-14095,Comida,P-01,4
2024-06-16,T-14126,Comida,P-15,2
2024-06-16,T-14491,Cena,P-14,4
2024-06-16,T-14492,Cena,P-15,4
2024-06-16,T-14646,Comida,P-25,4
2024-06-16,T-14701,Cena,P-24,4
2024-06-16,T-14780,Cena,P-20,2
2024-06-16,T-15596,Comida,P-19,2
2024-06-16,T-15721,Cena,P-10,4
2024-06-16,T-15767,Comida,P-02,4
2024-06-16,T-15998,Cena,P-13,2
2024-06-16,T-17203,Comida,P-08,4
2024-06-16,T-17302,Comida,P-21,2
2024-06-16,T-17531,Comida,P-21,1
2024-06-16,T-17583,Cena,P-12,1
2024-06-17,T-10683,Cena,P-22,1
2024-06-17,T-11336,Comida,P-11,4
2024-06-17,T-11542,Cena,P-23,2
2024-06-17,T-12476,Cena,P-12,2
2024-06-17,T-13362,Cena,P-19,2
2024-06-17,T-14429,Comida,P-12,4
2024-06-17,T-14748,Comida,P-19,2
2024-06-17,T-14918,Comida,P-18,4
2024-06-17,T-15484,Comida,P-22,4
2024-06-17,T-15867,Cena,P-13,1
2024-06-17,T-16066,Comida,P-05,4
2024-06-17,T-16648,Cena,P-13,1
2024-06-17,T-16741,Cena,P-08,1
2024-06-17,T-16764,Comida,P-08,3
2024-06-17,T-17073,Cena,P-25,4
2024-06-17,T-17589,Comida,P-06,3
2024-06-17,T-17614,Cena,P-20,3
2024-06-17,T-18000,Comida,P-01,1
2024-06-18,T-10069,Cena,P-20,2
2024-06-18,T-10083,Cena,P-11,4
2024-06-18,T-10400,Cena,P-10,3
2024-06-18,T-10702,Cena,P-19,4
2024-06-18,T-10904,Comida,P-18,4
2024-06-18,T-11370,Comida,P-17,1
2024-06-18,T-12753,Cena,P-19,3
2024-06-18,T-13085,Cena,P-10,3
2024-06-18,T-14119,Comida,P-17,4
2024-06-18,T-14427,Cena,P-09,3
2024-06-18,T-14931,Cena,P-07,1
2024-06-18,T-15129,Comida,P-12,4
2024-06-18,T-15396,Comida,P-10,3
2024-06-18,T-16631,Cena,P-09,3
2024-06-18,T-17447,Cena,P-12,2
2024-06-18,T-17652,Comida,P-12,4
2024-06-19,T-10548,Comida,P-24,3
2024-06-19,T-11159,Comida,P-21,1
2024-06-19,T-11630,Comida,P-06,2
2024-06-19,T-11781,Comida,P-07,3
2024-06-19,T-12076,Cena,P-11,2
2024-06-19,T-12080,Cena,P-09,3
2024-06-19,T-12262,Cena,P-21,3
2024-06-19,T-13361,Cena,P-16,1
2024-06-19,T-13703,Cena,P-15,1
2024-06-19,T-14311,Cena,P-20,1
2024-06-19,T-14385,Comida,P-14,4
2024-06-19,T-15018,Comida,P-21,4
2024-06-19,T-15600,Comida,P-04,4
2024-06-19,T-15783,Cena,P-13,4
2024-06-19,T-16917,Cena,P-09,2
2024-06-19,T-17096,Cena,P-21,4
2024-06-19,T-17442,Comida,P-01,4
2024-06-20,T-11077,Cena,P-07,3
2024-06-20,T-11117,Cena,P-11,1
2024-06-20,T-11238,Cena,P-10,1
2024-06-20,T-12250,Cena,P-21,1
2024-06-20,T-12616,Comida,P-16,2
2024-06-20,T-12965,Comida,P-11,3
2024-06-20,T-13611,Comida,P-03,1
2024-06-20,T-13719,Comida,P-24,1
2024-06-20,T-14072,Cena,P-04,2
2024-06-20,T-15018,Cena,P-21,2
2024-06-20,T-16024,Comida,P-02,3
2024-06-20,T-16169,Cena,P-05,4
2024-06-20,T-16363,Comida,P-11,3
2024-06-20,T-16405,Cena,P-14,3
2024-06-20,T-16929,Comida,P-05,3
2024-06-20,T-17917,Cena,P-10,1
2024-06-21,T-10132,Cena,P-08,4
2024-06-21,T-11016,Cena,P-19,4
2024-06-21,T-11533,Cena,P-11,2
2024-06-21,T-11842,Comida,P-11,2
2024-06-21,T-12095,Cena,P-19,1
2024-06-21,T-12874,Cena,P-25,4
2024-06-21,T-13049,Cena,P-13,3
2024-06-21,T-13059,Cena,P-13,4
2024-06-21,T-13427,Cena,P-15,1
2024-06-21,T-13569,Cena,P-23,3
2024-06-21,T-14490,Comida,P-19,4
2024-06-21,T-14960,Cena,P-07,1
2024-06-21,T-15458,Cena,P-21,4
2024-06-21,T-15853,Cena,P-08,1
2024-06-21,T-16105,Cena,P-05,3
2024-06-21,T-16221,Comida,P-25,1
2024-06-21,T-16346,Comida,P-14,2
2024-06-21,T-16418,Comida,P-03,2
2024-06-21,T-16722,Comida,P-10,4
2024-06-22,T-10069,Cena,P-19,2
2024-06-22,T-10641,Cena,P-09,3
2024-06-22,T-10943,Cena,P-03,3
2024-06-22,T-11367,Comida,P-21,2
2024-06-22,T-12953,Comida,P-14,4
2024-06-22,T-13602,Cena,P-10,2
2024-06-22,T-13792,Cena,P-15,1
2024-06-22,T-13841,Comida,P-17,3
2024-06-22,T-14346,Comida,P-20,1
2024-06-22,T-14690,Comida,P-07,4
2024-06-22,T-14713,Cena,P-17,2
2024-06-22,T-15334,Cena,P-10,3
2024-06-22,T-15466,Comida,P-07,2
2024-06-22,T-15580,Comida,P-22,2
2024-06-22,T-16074,Comida,P-05,1
2024-06-22,T-16240,Cena,P-13,4
2024-06-22,T-16819,Comida,P-06,2
2024-06-22,T-17031,Comida,P-02,1
2024-06-22,T-17033,Cena,P-01,1
2024-06-22,T-17054,Cena,P-09,4
2024-06-22,T-17328,Comida,P-14,1
2024-06-22,T-17378,Cena,P-01,4
2024-06-22,T-17523,Comida,P-24,4
2024-06-22,T-17583,Cena,P-11,3
2024-06-22,T-17667,Cena,P-22,1
2024-06-23,T-10072,Comida,P-11,1
2024-06-23,T-11134,Cena,P-04,1
2024-06-23,T-11403,Comida,P-11,1
2024-06-23,T-12036,Cena,P-13,3
2024-06-23,T-12752,Comida,P-21,2
2024-06-23,T-12904,Comida,P-14,4
2024-06-23,T-13130,Comida,P-11,4
2024-06-23,T-13293,Cena,P-17,3
2024-06-23,T-13574,Comida,P-18,4
2024-06-23,T-15214,Comida,P-06,1
2024-06-23,T-15463,Comida,P-20,4
2024-06-23,T-15751,Cena,P-23,4
2024-06-23,T-15828,Cena,P-12,3
2024-06-23,T-17250,Cena,P-19,2
2024-06-23,T-17472,Comida,P-09,1
2024-06-24,T-10093,Comida,P-08,1
2024-06-24,T-10241,Cena,P-21,2
2024-06-24,T-10242,Cena,P-06,4
2024-06-24,T-11660,Cena,P-10,2
2024-06-24,T-11805,Comida,P-13,1
2024-06-24,T-12914,Cena,P-13,4
2024-06-24,T-13957,Cena,P-08,4
2024-06-24,T-13974,Cena,P-05,1
2024-06-24,T-14653,Comida,P-16,3
2024-06-24,T-14699,Cena,P-17,2
2024-06-24,T-15025,Comida,P-09,4
2024-06-24,T-15068,Cena,P-20,3
2024-06-24,T-15082,Cena,P-13,2
2024-06-24,T-15484,Comida,P-21,3
2024-06-24,T-15810,Cena,P-15,2
2024-06-24,T-15984,Cena,P-03,4
2024-06-24,T-16052,Comida,P-16,1
2024-06-24,T-17645,Cena,P-23,2
2024-06-25,T-10213,Comida,P-17,1
2024-06-25,T-11706,Cena,P-06,1
2024-06-25,T-11798,Comida,P-05,3
2024-06-25,T-11859,Comida,P-14,3
2024-06-25,T-12349,Cena,P-18,3
2024-06-25,T-12581,Cena,P-11,3
2024-06-25,T-12630,Comida,P-13,1
2024-06-25,T-13147,Comida,P-21,2
2024-06-25,T-13691,Cena,P-19,2
2024-06-25,T-14503,Cena,P-24,3
2024-06-25,T-16170,Comida,P-19,3
2024-06-25,T-16337,Cena,P-25,4
2024-06-25,T-16346,Comida,P-13,3
2024-06-25,T-17040,Comida,P-16,4
2024-06-25,T-17452,Comida,P-10,4
2024-06-25,T-17740,Cena,P-11,3
2024-06-26,T-10509,Cena,P-09,1
2024-06-26,T-10652,Cena,P-06,1
2024-06-26,T-11041,Cena,P-04,2
2024-06-26,T-11152,Comida,P-11,2
2024-06-26,T-11361,Cena,P-02,3
2024-06-26,T-11714,Cena,P-04,3
2024-06-26,T-12307,Cena,P-25,1
2024-06-26,T-12359,Cena,P-02,4
2024-06-26,T-12490,Cena,P-06,4
2024-06-26,T-13216,Cena,P-08,4
2024-06-26,T-13427,Cena,P-05,1
2024-06-26,T-14400,Cena,P-14,4
2024-06-26,T-15158,Cena,P-07,2
2024-06-26,T-15357,Cena,P-09,4
2024-06-26,T-15477,Comida,P-09,3
2024-06-26,T-15735,Comida,P-01,4
2024-06-26,T-16097,Cena,P-14,1
2024-06-26,T-16350,Comida,P-06,1
2024-06-26,T-16520,Cena,P-01,4
2024-06-26,T-16577,Cena,P-16,4
2024-06-26,T-16932,Cena,P-16,4
2024-06-27,T-10264,Comida,P-25,1
2024-06-27,T-11279,Cena,P-22,4
2024-06-27,T-12446,Comida,P-01,3
2024-06-27,T-12580,Comida,P-15,1
2024-06-27,T-13183,Comida,P-07,2
2024-06-27,T-14533,Comida,P-10,1
2024-06-27,T-14945,Comida,P-14,2
2024-06-27,T-15117,Cena,P-04,4
2024-06-27,T-15340,Cena,P-12,4
2024-06-27,T-15654,Comida,P-04,1
2024-06-27,T-15963,Cena,P-13,2
2024-06-27,T-16591,Cena,P-05,2
2024-06-27,T-17010,Cena,P-06,3
2024-06-27,T-17435,Comida,P-16,3
2024-06-28,T-10429,Comida,P-21,3
2024-06-28,T-10530,Comida,P-04,3
2024-06-28,T-10561,Cena,P-13,3
2024-06-28,T-11290,Cena,P-06,2
2024-06-28,T-11329,Cena,P-05,1
2024-06-28,T-11395,Cena,P-03,4
2024-06-28,T-11751,Cena,P-12,4
2024-06-28,T-11774,Cena,P-07,2
2024-06-28,T-13067,Comida,P-15,2
2024-06-28,T-13207,Cena,P-18,1
2024-06-28,T-13268,Cena,P-01,1
2024-06-28,T-13492,Cena,P-24,4
2024-06-28,T-14749,Cena,P-13,2
2024-06-28,T-15132,Cena,P-12,3
2024-06-28,T-15208,Cena,P-15,4
2024-06-28,T-15720,Comida,P-11,3
2024-06-28,T-16005,Cena,P-20,4
2024-06-28,T-16627,Cena,P-11,1
2024-06-28,T-17854,Comida,P-16,4
2024-06-29,T-10026,Cena,P-10,1
2024-06-29,T-10180,Comida,P-23,3
2024-06-29,T-10567,Cena,P-02,1
2024-06-29,T-11161,Cena,P-25,2
2024-06-29,T-11461,Comida,P-03,4
2024-06-29,T-12134,Comida,P-07,3
2024-06-29,T-12319,Cena,P-03,1
2024-06-29,T-12337,Cena,P-05,4
2024-06-29,T-14039,Cena,P-08,2
2024-06-29,T-14266,Comida,P-19,3
2024-06-29,T-14663,Cena,P-16,4
2024-06-29,T-15027,Comida,P-21,4
2024-06-29,T-15849,Comida,P-16,2
2024-06-29,T-16708,Comida,P-18,4
2024-06-29,T-16815,Comida,P-14,2
2024-06-29,T-16917,Comida,P-19,1
2024-06-29,T-17426,Comida,P-11,1
2024-06-29,T-17526,Cena,P-03,1
2024-06-29,T-17596,Cena,P-08,4
2024-06-29,T-17870,Cena,P-24,3
2024-06-30,T-10014,Comida,P-06,1
2024-06-30,T-10372,Cena,P-19,2
2024-06-30,T-10685,Cena,P-11,4
2024-06-30,T-10719,Cena,P-11,1
2024-06-30,T-10731,Cena,P-02,1
2024-06-30,T-10883,Comida,P-03,4
2024-06-30,T-10887,Cena,P-05,4
2024-06-30,T-11330,Comida,P-09,4
2024-06-30,T-11881,Cena,P-05,2
2024-06-30,T-12123,Cena,P-06,4
2024-06-30,T-12800,Comida,P-24,2
2024-06-30,T-13154,Comida,P-17,4
2024-06-30,T-13407,Comida,P-07,3
2024-06-30,T-13412,Cena,P-09,1
2024-06-30,T-13468,Comida,P-06,2
2024-06-30,T-14617,Comida,P-09,4
2024-06-30,T-14776,Comida,P-24,4
2024-06-30,T-14778,Cena,P-02,4
2024-06-30,T-15197,Cena,P-09,4
2024-06-30,T-15418,Cena,P-22,4
2024-06-30,T-15821,Comida,P-23,4
2024-06-30,T-16579,Cena,P-17,3
2024-06-30,T-16830,Comida,P-02,3
2024-06-30,T-17256,Comida,P-25,4
2024-06-30,T-17272,Comida,P-07,1
2024-06-30,T-17593,Comida,P-18,4
2024-07-01,T-11346,Comida,P-17,1
2024-07-01,T-11438,Cena,P-12,2
2024-07-01,T-11452,Cena,P-09,1
2024-07-01,T-11880,Comida,P-23,1
2024-07-01,T-12323,Cena,P-09,3
2024-07-01,T-12538,Cena,P-24,1
2024-07-01,T-12584,Cena,P-03,2
2024-07-01,T-12751,Cena,P-03,4
2024-07-01,T-12819,Cena,P-12,3
2024-07-01,T-13222,Cena,P-11,2
2024-07-01,T-13307,Comida,P-06,2
2024-07-01,T-14147,Comida,P-11,2
2024-07-01,T-14363,Cena,P-16,2
2024-07-01,T-14535,Cena,P-16,1
2024-07-01,T-14800,Cena,P-06,2
2024-07-01,T-15201,Cena,P-17,2
2024-07-01,T-15553,Comida,P-25,2
2024-07-01,T-15988,Cena,P-22,2
2024-07-01,T-16082,Cena,P-11,4
2024-07-01,T-16307,Cena,P-23,2
2024-07-01,T-17048,Cena,P-25,2
2024-07-02,T-11350,Comida,P-06,1
2024-07-02,T-11765,Cena,P-17,2
2024-07-02,T-12795,Comida,P-22,2
2024-07-02,T-12958,Comida,P-16,1
2024-07-02,T-13512,Cena,P-13,1
2024-07-02,T-13659,Cena,P-10,2
2024-07-02,T-13768,Cena,P-03,2
2024-07-02,T-13929,Comida,P-17,4
2024-07-02,T-14266,Comida,P-14,3
2024-07-02,T-14910,Cena,P-20,3
2024-07-02,T-15394,Comida,P-19,1
2024-07-02,T-15632,Comida,P-15,4
2024-07-02,T-15799,Cena,P-21,1
2024-07-02,T-16493,Comida,P-17,4
2024-07-02,T-16911,Cena,P-19,2
2024-07-02,T-16936,Cena,P-17,4
2024-07-02,T-17153,Cena,P-24,4
2024-07-02,T-17501,Cena,P-19,2
2024-07-02,T-17603,Comida,P-23,4
2024-07-02,T-17856,Cena,P-25,4
2024-07-03,T-10062,Comida,P-12,1
2024-07-03,T-10735,Comida,P-14,2
2024-07-03,T-11213,Comida,P-01,2
2024-07-03,T-11260,Cena,P-22,1
2024-07-03,T-11312,Cena,P-19,4
2024-07-03,T-11423,Cena,P-02,1
2024-07-03,T-12531,Comida,P-08,2
2024-07-03,T-12848,Comida,P-16,2
2024-07-03,T-12900,Cena,P-13,1
2024-07-03,T-13197,Cena,P-22,2
2024-07-03,T-13250,Comida,P-23,1
2024-07-03,T-13866,Cena,P-23,3
2024-07-03,T-13895,Comida,P-20,3
2024-07-03,T-14024,Cena,P-10,1
2024-07-03,T-14349,Comida,P-12,2
2024-07-03,T-14720,Comida,P-07,4
2024-07-03,T-15668,Comida,P-05,1
2024-07-03,T-15954,Cena,P-23,1
2024-07-03,T-16193,Comida,P-20,1
2024-07-03,T-16383,Cena,P-23,1
2024-07-03,T-16653,Cena,P-18,2
2024-07-03,T-17062,Comida,P-03,2
2024-07-03,T-17685,Cena,P-24,3
2024-07-04,T-10014,Cena,P-22,3
2024-07-04,T-10254,Cena,P-17,3
2024-07-04,T-10364,Cena,P-15,4
2024-07-04,T-10507,Comida,P-11,1
2024-07-04,T-10554,Comida,P-11,1
2024-07-04,T-10968,Cena,P-22,2
2024-07-04,T-10982,Cena,P-18,1
2024-07-04,T-11523,Cena,P-07,3
2024-07-04,T-11916,Comida,P-01,1
2024-07-04,T-12761,Cena,P-23,2
2024-07-04,T-12877,Cena,P-07,3
2024-07-04,T-13123,Cena,P-19,1
2024-07-04,T-13201,Comida,P-14,3
2024-07-04,T-13360,Cena,P-11,1
2024-07-04,T-13435,Cena,P-06,4
2024-07-04,T-13488,Comida,P-21,3
2024-07-04,T-13521,Cena,P-16,3
2024-07-04,T-13693,Comida,P-03,4
2024-07-04,T-14052,Comida,P-17,1
2024-07-04,T-14258,Cena,P-04,3
2024-07-04,T-14445,Cena,P-01,3
2024-07-04,T-15902,Cena,P-16,4
2024-07-04,T-16442,Comida,P-18,1
2024-07-04,T-16685,Cena,P-10,4
2024-07-04,T-17177,Cena,P-12,3
2024-07-04,T-17872,Comida,P-13,3
2024-07-04,T-17974,Cena,P-04,4
2024-07-05,T-10048,Comida,P-01,4
2024-07-05,T-10069,Cena,P-20,1
2024-07-05,T-10166,Cena,P-05,2
2024-07-05,T-10815,Cena,P-12,1
2024-07-05,T-11235,Cena,P-06,2
2024-07-05,T-11757,Cena,P-14,4
2024-07-05,T-11793,Cena,P-13,3
2024-07-05,T-12113,Cena,P-10,1
2024-07-05,T-12259,Comida,P-12,1
2024-07-05,T-12531,Comida,P-18,1
2024-07-05,T-13334,Cena,P-10,4
2024-07-05,T-13595,Cena,P-10,3
2024-07-05,T-13786,Comida,P-03,1
2024-07-05,T-14056,Cena,P-14,3
2024-07-05,T-14160,Cena,P-17,4
2024-07-05,T-14568,Cena,P-15,4
2024-07-05,T-14738,Cena,P-19,1
2024-07-05,T-14796,Cena,P-25,1
2024-07-05,T-14811,Cena,P-14,4
2024-07-05,T-15284,Cena,P-05,1
2024-07-05,T-15328,Cena,P-09,3
2024-07-05,T-16134,Cena,P-24,3
2024-07-05,T-17341,Comida,P-19,4
2024-07-06,T-10091,Cena,P-12,2
2024-07-06,T-10751,Cena,P-06,3
2024-07-06,T-11745,Comida,P-07,1
2024-07-06,T-13075,Comida,P-17,3
2024-07-06,T-13328,Comida,P-04,2
2024-07-06,T-13374,Comida,P-23,1
2024-07-06,T-13564,Cena,P-16,2
2024-07-06,T-13747,Comida,P-08,2
2024-07-06,T-14182,Cena,P-14,2
2024-07-06,T-14857,Cena,P-22,4
2024-07-06,T-14892,Cena,P-04,1
2024-07-06,T-15511,Cena,P-22,3
2024-07-06,T-15634,Comida,P-08,1
2024-07-06,T-15653,Cena,P-18,1
2024-07-06,T-16299,Comida,P-12,1
2024-07-06,T-16958,Comida,P-25,4
2024-07-06,T-17336,Cena,P-22,1
2024-07-06,T-17630,Comida,P-10,4
2024-07-07,T-10246,Comida,P-12,1
2024-07-07,T-10365,Comida,P-11,1
2024-07-07,T-11741,Cena,P-18,3
2024-07-07,T-12180,Cena,P-02,1
2024-07-07,T-12369,Comida,P-09,2
2024-07-07,T-13727,Comida,P-12,2
2024-07-07,T-13964,Cena,P-10,2
2024-07-07,T-14541,Cena,P-06,1
2024-07-07,T-15656,Cena,P-11,2
2024-07-07,T-15747,Cena,P-24,3
2024-07-07,T-17915,Comida,P-16,2
2024-07-08,T-10553,Cena,P-15,3
2024-07-08,T-10630,Cena,P-06,1
2024-07-08,T-10657,Cena,P-03,4
2024-07-08,T-11361,Comida,P-14,2
2024-07-08,T-11646,Comida,P-24,3
2024-07-08,T-11862,Cena,P-14,2
2024-07-08,T-11906,Cena,P-17,1
2024-07-08,T-12282,Cena,P-07,3
2024-07-08,T-12907,Cena,P-02,4
2024-07-08,T-13194,Cena,P-22,4
2024-07-08,T-13281,Comida,P-15,4
2024-07-08,T-13477,Cena,P-13,4
2024-07-08,T-13974,Comida,P-12,1
2024-07-08,T-14759,Comida,P-19,2
2024-07-08,T-14809,Cena,P-05,4
2024-07-08,T-14968,Comida,P-20,1
2024-07-08,T-14986,Cena,P-13,2
2024-07-08,T-15474,Comida,P-13,1
2024-07-08,T-15558,Comida,P-22,3
2024-07-08,T-15647,Cena,P-22,1
2024-07-08,T-15892,Comida,P-16,4
2024-07-08,T-16102,Comida,P-24,4
2024-07-08,T-16628,Cena,P-08,2
2024-07-08,T-16730,Comida,P-17,4
2024-07-08,T-16816,Cena,P-17,4
2024-07-08,T-16927,Comida,P-06,3
2024-07-08,T-17013,Comida,P-22,1
2024-07-08,T-17051,Comida,P-25,4
2024-07-08,T-17538,Cena,P-06,2
2024-07-09,T-12284,Cena,P-02,2
2024-07-09,T-12808,Comida,P-09,4
2024-07-09,T-13353,Comida,P-09,3
2024-07-09,T-13426,Comida,P-14,2
2024-07-09,T-13428,Cena,P-01,2
2024-07-09,T-14243,Cena,P-09,2
2024-07-09,T-14966,Cena,P-09,4
2024-07-09,T-15038,Cena,P-17,1
2024-07-09,T-15709,Cena,P-07,3
2024-07-09,T-16615,Cena,P-02,1
2024-07-09,T-16709,Cena,P-08,3
2024-07-09,T-17848,Cena,P-25,3
2024-07-10,T-10627,Cena,P-05,3
2024-07-10,T-10772,Cena,P-25,2
2024-07-10,T-12874,Cena,P-19,3
2024-07-10,T-13487,Comida,P-13,4
2024-07-10,T-13859,Cena,P-24,2
2024-07-10,T-14043,Cena,P-18,4
2024-07-10,T-14111,Cena,P-10,3
2024-07-10,T-14520,Cena,P-16,3
2024-07-10,T-15178,Comida,P-25,3
2024-07-10,T-15498,Comida,P-04,1
2024-07-10,T-16407,Cena,P-17,3
2024-07-10,T-17460,Cena,P-24,1
2024-07-10,T-17483,Cena,P-09,1
2024-07-10,T-17774,Cena,P-11,2
2024-07-11,T-10131,Cena,P-08,4
2024-07-11,T-10639,Cena,P-18,4
2024-07-11,T-10789,Cena,P-23,3
2024-07-11,T-11156,Cena,P-03,3
2024-07-11,T-12248,Comida,P-02,4
2024-07-11,T-12274,Comida,P-24,4
2024-07-11,T-12472,Cena,P-18,1
2024-07-11,T-12978,Cena,P-12,1
2024-07-11,T-13219,Cena,P-12,2
2024-07-11,T-13564,Cena,P-23,1
2024-07-11,T-14680,Comida,P-02,2
2024-07-11,T-14735,Cena,P-21,3
2024-07-11,T-14751,Cena,P-02,4
2024-07-11,T-16101,Comida,P-10,2
2024-07-11,T-17425,Comida,P-14,2
2024-07-11,T-17967,Cena,P-23,4
2024-07-12,T-10285,Comida,P-05,1
2024-07-12,T-10823,Comida,P-24,3
2024-07-12,T-10859,Cena,P-13,4
2024-07-12,T-10893,Comida,P-18,2
2024-07-12,T-11291,Cena,P-04,2
2024-07-12,T-11504,Cena,P-11,4
2024-07-12,T-11841,Cena,P-17,3
2024-07-12,T-12831,Cena,P-22,3
2024-07-12,T-12992,Cena,P-23,3
2024-07-12,T-13210,Cena,P-14,3
2024-07-12,T-13348,Cena,P-05,2
2024-07-12,T-13510,Cena,P-20,3
2024-07-12,T-13934,Cena,P-17,4
2024-07-12,T-13956,Comida,P-14,2
2024-07-12,T-14113,Comida,P-14,1
2024-07-12,T-14184,Comida,P-19,4
2024-07-12,T-14624,Cena,P-18,2
2024-07-12,T-14676,Comida,P-07,1
2024-07-12,T-14956,Comida,P-15,3
2024-07-12,T-15277,Cena,P-19,4
2024-07-12,T-15632,Comida,P-06,1
2024-07-12,T-16256,Cena,P-20,1
2024-07-12,T-16737,Cena,P-12,2
2024-07-12,T-16770,Comida,P-22,3
2024-07-12,T-17448,Cena,P-10,3
2024-07-13,T-10384,Cena,P-02,3
2024-07-13,T-10890,Cena,P-01,1
2024-07-13,T-10975,Cena,P-08,4
2024-07-13,T-11153,Comida,P-18,1
2024-07-13,T-11254,Cena,P-05,3
2024-07-13,T-11437,Comida,P-21,4
2024-07-13,T-12084,Cena,P-20,4
2024-07-13,T-12746,Cena,P-10,4
2024-07-13,T-13242,Comida,P-25,4
2024-07-13,T-13462,Cena,P-08,4
2024-07-13,T-14531,Comida,P-10,2
2024-07-13,T-15114,Comida,P-13,3
2024-07-13,T-15559,Comida,P-23,1
2024-07-13,T-15650,Cena,P-07,1
2024-07-13,T-15854,Comida,P-23,2
2024-07-13,T-16645,Cena,P-09,1
2024-07-13,T-17721,Comida,P-13,3
2024-07-13,T-17934,Comida,P-03,2
2024-07-14,T-11504,Cena,P-02,2
2024-07-14,T-11801,Comida,P-20,3
2024-07-14,T-12010,Comida,P-01,3
2024-07-14,T-13017,Cena,P-03,3
2024-07-14,T-13102,Cena,P-23,3
2024-07-14,T-13583,Cena,P-24,3
2024-07-14,T-13942,Cena,P-13,4
2024-07-14,T-14012,Comida,P-02,1
2024-07-14,T-14823,Comida,P-01,3
2024-07-14,T-15015,Cena,P-13,3
2024-07-14,T-15152,Cena,P-24,2
2024-07-14,T-17072,Cena,P-04,2
2024-07-14,T-17997,Cena,P-05,4
2024-07-15,T-10280,Cena,P-25,1
2024-07-15,T-10493,Cena,P-10,1
2024-07-15,T-11099,Cena,P-13,2
2024-07-15,T-11449,Comida,P-18,3
2024-07-15,T-11634,Comida,P-11,1
2024-07-15,T-11999,Comida,P-09,1
2024-07-15,T-12272,Comida,P-05,3
2024-07-15,T-12348,Cena,P-23,4
2024-07-15,T-12625,Comida,P-13,4
2024-07-15,T-12799,Comida,P-09,1
2024-07-15,T-13398,Cena,P-02,3
2024-07-15,T-14194,Cena,P-06,1
2024-07-15,T-14272,Comida,P-23,3
2024-07-15,T-14358,Comida,P-03,1
2024-07-15,T-14598,Cena,P-19,2
2024-07-15,T-14792,Cena,P-17,3
2024-07-15,T-14794,Comida,P-23,3
2024-07-15,T-14879,Cena,P-14,2
2024-07-15,T-15600,Comida,P-07,3
2024-07-15,T-16308,Comida,P-04,3
2024-07-15,T-16681,Cena,P-20,4
2024-07-15,T-17601,Cena,P-11,2
2024-07-16,T-10452,Comida,P-20,3
2024-07-16,T-11070,Cena,P-01,2
2024-07-16,T-11443,Cena,P-18,3
2024-07-16,T-11577,Comida,P-23,2
2024-07-16,T-11738,Comida,P-15,1
2024-07-16,T-11829,Cena,P-09,2
2024-07-16,T-12151,Cena,P-18,2
2024-07-16,T-12301,Cena,P-08,3
2024-07-16,T-12881,Cena,P-13,3
2024-07-16,T-12930,Cena,P-13,4
2024-07-16,T-13112,Cena,P-23,4
2024-07-16,T-13963,Cena,P-24,3
2024-07-16,T-14559,Cena,P-18,3
2024-07-16,T-14838,Comida,P-20,1
2024-07-16,T-15065,Cena,P-18,4
2024-07-16,T-16583,Cena,P-19,4
2024-07-16,T-16599,Comida,P-10,2
2024-07-16,T-16917,Comida,P-07,2
2024-07-16,T-17120,Cena,P-23,1
2024-07-16,T-17158,Comida,P-10,1
2024-07-16,T-17179,Cena,P-22,1
2024-07-16,T-17732,Comida,P-22,2
2024-07-17,T-10259,Comida,P-22,4
2024-07-17,T-10584,Comida,P-17,1
2024-07-17,T-10847,Cena,P-17,1
2024-07-17,T-11495,Comida,P-18,3
2024-07-17,T-13674,Cena,P-08,2
2024-07-17,T-14461,Cena,P-25,1
2024-07-17,T-14913,Cena,P-12,3
2024-07-17,T-15006,Cena,P-08,1
2024-07-17,T-15282,Cena,P-15,1
2024-07-17,T-15404,Comida,P-15,3
2024-07-17,T-15702,Comida,P-23,3
2024-07-17,T-15952,Cena,P-11,4
2024-07-17,T-17332,Cena,P-20,4
2024-07-18,T-10914,Comida,P-02,4
2024-07-18,T-11000,Cena,P-13,2
2024-07-18,T-11133,Comida,P-10,4
2024-07-18,T-11641,Comida,P-21,4
2024-07-18,T-11679,Comida,P-08,2
2024-07-18,T-11726,Cena,P-20,1
2024-07-18,T-11877,Cena,P-11,2
2024-07-18,T-12425,Comida,P-21,3
2024-07-18,T-12715,Cena,P-01,3
2024-07-18,T-12727,Cena,P-06,3
2024-07-18,T-12830,Comida,P-02,4
2024-07-18,T-13192,Cena,P-02,2
2024-07-18,T-13333,Comida,P-21,4
2024-07-18,T-13869,Cena,P-14,3
2024-07-18,T-13903,Cena,P-07,3
2024-07-18,T-14456,Cena,P-21,4
2024-07-18,T-14903,Comida,P-01,3
2024-07-18,T-15307,Comida,P-11,1
2024-07-18,T-15476,Cena,P-01,2
2024-07-18,T-15602,Cena,P-22,1
2024-07-18,T-15797,Cena,P-12,2
2024-07-18,T-16143,Cena,P-10,4
2024-07-18,T-17016,Cena,P-13,2
2024-07-18,T-17738,Cena,P-25,3
2024-07-19,T-10913,Comida,P-25,2
2024-07-19,T-10944,Cena,P-17,3
2024-07-19,T-11472,Cena,P-07,3
2024-07-19,T-11684,Cena,P-07,1
2024-07-19,T-11821,Cena,P-10,1
2024-07-19,T-14113,Cena,P-13,2
2024-07-19,T-15511,Cena,P-08,2
2024-07-19,T-16181,Cena,P-10,1
2024-07-19,T-16331,Comida,P-25,2
2024-07-19,T-17152,Cena,P-16,1
2024-07-19,T-17383,Cena,P-14,2
2024-07-19,T-17403,Comida,P-06,3
2024-07-19,T-17856,Cena,P-06,1
2024-07-20,T-10202,Cena,P-01,2
2024-07-20,T-10396,Comida,P-02,2
2024-07-20,T-10459,Comida,P-17,2
2024-07-20,T-10743,Cena,P-10,3
2024-07-20,T-11023,Cena,P-23,1
2024-07-20,T-11143,Comida,P-12,2
2024-07-20,T-11360,Comida,P-11,3
2024-07-20,T-12424,Cena,P-13,2
2024-07-20,T-12569,Cena,P-06,4
2024-07-20,T-12707,Comida,P-05,2
2024-07-20,T-12708,Cena,P-08,1
2024-07-20,T-12746,Cena,P-25,2
2024-07-20,T-13197,Cena,P-22,3
2024-07-20,T-13432,Cena,P-17,2
2024-07-20,T-14585,Comida,P-02,4
2024-07-20,T-14621,Comida,P-18,2
2024-07-20,T-14738,Cena,P-21,4
2024-07-21,T-10174,Cena,P-13,1
2024-07-21,T-10388,Cena,P-04,1
2024-07-21,T-10559,Comida,P-12,3
2024-07-21,T-10567,Cena,P-22,1
2024-07-21,T-10762,Cena,P-10,3
2024-07-21,T-10892,Cena,P-11,4
2024-07-21,T-12753,Comida,P-13,1
2024-07-21,T-14417,Cena,P-23,3
2024-07-21,T-14604,Comida,P-18,2
2024-07-21,T-14891,Cena,P-06,3
2024-07-21,T-15920,Cena,P-13,3
2024-07-21,T-16369,Comida,P-12,4
2024-07-21,T-17397,Comida,P-07,2
2024-07-21,T-17407,Cena,P-24,2
2024-07-21,T-17672,Cena,P-08,1
2024-07-22,T-10067,Cena,P-12,3
2024-07-22,T-10182,Cena,P-13,4
2024-07-22,T-10235,Comida,P-06,2
2024-07-22,T-10305,Comida,P-23,1
2024-07-22,T-11290,Comida,P-03,2
2024-07-22,T-11578,Cena,P-17,1
2024-07-22,T-11778,Cena,P-10,4
2024-07-22,T-12021,Cena,P-16,2
2024-07-22,T-13117,Cena,P-17,4
2024-07-22,T-13293,Cena,P-08,1
2024-07-22,T-14492,Cena,P-11,3
2024-07-22,T-14498,Cena,P-02,1
2024-07-22,T-14532,Cena,P-03,3
2024-07-22,T-14910,Cena,P-13,4
2024-07-22,T-15937,Cena,P-21,4
2024-07-22,T-16024,Cena,P-01,3
2024-07-22,T-16026,Comida,P-19,4
2024-07-22,T-16320,Cena,P-14,1
2024-07-22,T-16509,Comida,P-06,3
2024-07-22,T-16788,Cena,P-20,4
2024-07-22,T-17694,Cena,P-05,2
2024-07-23,T-10272,Cena,P-24,1
2024-07-23,T-10347,Cena,P-09,4
2024-07-23,T-10448,Cena,P-24,3
2024-07-23,T-11536,Cena,P-01,4
2024-07-23,T-11712,Comida,P-19,2
2024-07-23,T-11863,Cena,P-13,4
2024-07-23,T-12046,Comida,P-19,4
2024-07-23,T-12128,Cena,P-21,3
2024-07-23,T-12129,Cena,P-12,2
2024-07-23,T-12560,Cena,P-07,4
2024-07-23,T-12639,Cena,P-13,4
2024-07-23,T-12969,Comida,P-25,4
2024-07-23,T-13105,Cena,P-20,4
2024-07-23,T-13706,Comida,P-20,3
2024-07-23,T-13791,Comida,P-01,3
2024-07-23,T-13794,Cena,P-06,3
2024-07-23,T-14109,Comida,P-11,3
2024-07-23,T-14150,Comida,P-05,1
2024-07-23,T-15252,Cena,P-09,3
2024-07-23,T-15431,Cena,P-23,2
2024-07-23,T-15794,Cena,P-24,2
2024-07-23,T-16362,Cena,P-16,2
2024-07-23,T-16368,Cena,P-07,2
2024-07-23,T-16916,Cena,P-04,3
2024-07-23,T-17226,Cena,P-02,4
2024-07-23,T-17378,Cena,P-18,4
2024-07-23,T-17485,Cena,P-07,1
2024-07-23,T-17610,Comida,P-01,4
2024-07-23,T-17892,Cena,P-02,2
2024-07-24,T-10458,Cena,P-12,1
2024-07-24,T-10894,Cena,P-07,3
2024-07-24,T-11126,Cena,P-11,1
2024-07-24,T-11270,Cena,P-21,4
2024-07-24,T-11506,Comida,P-16,3
2024-07-24,T-11800,Cena,P-17,4
2024-07-24,T-12205,Cena,P-04,2
2024-07-24,T-12372,Comida,P-03,3
2024-07-24,T-12693,Cena,P-02,1
2024-07-24,T-12735,Comida,P-16,3
2024-07-24,T-12818,Comida,P-14,2
2024-07-24,T-13282,Cena,P-12,2
2024-07-24,T-13974,Comida,P-01,1
2024-07-24,T-14503,Cena,P-07,1
2024-07-24,T-14565,Comida,P-08,2
2024-07-24,T-15266,Cena,P-09,3
2024-07-24,T-15626,Comida,P-06,2
2024-07-24,T-16307,Cena,P-13,4
2024-07-24,T-16473,Comida,P-25,3
2024-07-24,T-16668,Comida,P-19,3
2024-07-24,T-17018,Cena,P-11,4
2024-07-24,T-17079,Comida,P-14,2
2024-07-24,T-17502,Cena,P-20,1
2024-07-24,T-17908,Comida,P-19,4
2024-07-25,T-10087,Cena,P-23,3
2024-07-25,T-10644,Cena,P-03,4
2024-07-25,T-10838,Comida,P-23,1
2024-07-25,T-10900,Cena,P-09,2
2024-07-25,T-11331,Comida,P-05,3
2024-07-25,T-11529,Cena,P-05,4
2024-07-25,T-12019,Cena,P-16,2
2024-07-25,T-12023,Cena,P-06,4
2024-07-25,T-12027,Comida,P-01,1
2024-07-25,T-12859,Cena,P-23,1
2024-07-25,T-13006,Cena,P-21,3
2024-07-25,T-13275,Comida,P-11,4
2024-07-25,T-13955,Cena,P-10,1
2024-07-25,T-14012,Comida,P-01,2
2024-07-25,T-14129,Comida,P-14,3
2024-07-25,T-14517,Cena,P-15,2
2024-07-25,T-14792,Cena,P-16,2
2024-07-25,T-14960,Cena,P-04,2
2024-07-25,T-15174,Comida,P-02,4
2024-07-25,T-15347,Comida,P-15,2
2024-07-25,T-15378,Cena,P-09,4
2024-07-25,T-15778,Cena,P-11,4
2024-07-25,T-15817,Cena,P-12,1
2024-07-25,T-15847,Comida,P-17,4
2024-07-26,T-11011,Cena,P-10,4
2024-07-26,T-11130,Cena,P-07,4
2024-07-26,T-11442,Comida,P-25,4
2024-07-26,T-11542,Comida,P-03,3
2024-07-26,T-12036,Cena,P-08,1
2024-07-26,T-13467,Comida,P-17,2
2024-07-26,T-13769,Comida,P-19,2
2024-07-26,T-13898,Comida,P-19,2
2024-07-26,T-13926,Cena,P-09,2
2024-07-26,T-14439,Comida,P-25,4
2024-07-26,T-15969,Cena,P-08,2
2024-07-26,T-16921,Comida,P-16,2
2024-07-26,T-16966,Cena,P-21,4
2024-07-26,T-17395,Cena,P-07,1
2024-07-27,T-10037,Comida,P-07,1
2024-07-27,T-10238,Comida,P-15,4
2024-07-27,T-10324,Cena,P-12,1
2024-07-27,T-10503,Cena,P-14,4
2024-07-27,T-10510,Cena,P-16,4
2024-07-27,T-10793,Cena,P-04,3
2024-07-27,T-10934,Comida,P-24,3
2024-07-27,T-11367,Cena,P-15,4
2024-07-27,T-11468,Comida,P-23,4
2024-07-27,T-11550,Cena,P-06,1
2024-07-27,T-11685,Cena,P-19,3
2024-07-27,T-12000,Comida,P-01,4
2024-07-27,T-12328,Comida,P-15,3
2024-07-27,T-12353,Cena,P-04,3
2024-07-27,T-12431,Comida,P-20,4
2024-07-27,T-12498,Cena,P-04,4
2024-07-27,T-13238,Comida,P-11,3
2024-07-27,T-13593,Cena,P-12,4
2024-07-27,T-16639,Comida,P-12,4
2024-07-27,T-16807,Cena,P-12,1
2024-07-28,T-10013,Comida,P-22,2
2024-07-28,T-10034,Cena,P-13,4
2024-07-28,T-10743,Cena,P-06,2
2024-07-28,T-10796,Comida,P-05,3
2024-07-28,T-11213,Comida,P-21,1
2024-07-28,T-11677,Comida,P-25,2
2024-07-28,T-12070,Comida,P-02,2
2024-07-28,T-12308,Cena,P-01,2
2024-07-28,T-12768,Cena,P-12,4
2024-07-28,T-13214,Cena,P-10,3
2024-07-28,T-14318,Cena,P-22,2
2024-07-28,T-15015,Cena,P-09,2
2024-07-28,T-15205,Comida,P-20,3
2024-07-28,T-15302,Cena,P-13,1
2024-07-28,T-15894,Cena,P-18,2
2024-07-28,T-15967,Cena,P-05,2
2024-07-28,T-16013,Cena,P-13,2
2024-07-28,T-16082,Comida,P-22,2
2024-07-28,T-16253,Comida,P-05,3
2024-07-28,T-16375,Cena,P-08,2
2024-07-28,T-16497,Comida,P-08,2
2024-07-28,T-16614,Comida,P-08,3
2024-07-28,T-16831,Cena,P-04,3
2024-07-28,T-17041,Comida,P-21,2
2024-07-28,T-17499,Cena,P-04,1
2024-07-28,T-17566,Comida,P-01,1
2024-07-29,T-10080,Comida,P-05,4
2024-07-29,T-10682,Comida,P-12,3
2024-07-29,T-10740,Comida,P-12,2
2024-07-29,T-10796,Cena,P-21,2
2024-07-29,T-10803,Cena,P-25,2
2024-07-29,T-11946,Cena,P-16,4
2024-07-29,T-12149,Comida,P-25,4
2024-07-29,T-12660,Comida,P-06,3
2024-07-29,T-12683,Cena,P-13,1
2024-07-29,T-12997,Cena,P-13,1
2024-07-29,T-13085,Comida,P-22,1
2024-07-29,T-13400,Cena,P-11,3
2024-07-29,T-13936,Cena,P-16,1
2024-07-29,T-14853,Cena,P-25,3
2024-07-29,T-15006,Comida,P-09,3
2024-07-29,T-16529,Cena,P-15,4
2024-07-29,T-16808,Comida,P-25,3
2024-07-29,T-17188,Cena,P-17,1
2024-07-29,T-17267,Cena,P-25,1
2024-07-29,T-17286,Comida,P-17,4
2024-07-30,T-10055,Cena,P-22,4
2024-07-30,T-11423,Cena,P-23,4
2024-07-30,T-11699,Comida,P-05,2
2024-07-30,T-11846,Cena,P-20,1
2024-07-30,T-12708,Comida,P-15,3
2024-07-30,T-13005,Cena,P-01,1
2024-07-30,T-13631,Comida,P-09,4
2024-07-30,T-13946,Cena,P-16,1
2024-07-30,T-14045,Comida,P-08,1
2024-07-30,T-14675,Comida,P-21,1
2024-07-30,T-14785,Comida,P-12,2
2024-07-30,T-15160,Comida,P-17,1
2024-07-30,T-15180,Cena,P-14,3
2024-07-30,T-15224,Cena,P-18,4
2024-07-30,T-15584,Comida,P-12,3
2024-07-30,T-16559,Cena,P-09,3
2024-07-30,T-17161,Cena,P-25,4
2024-07-30,T-17173,Cena,P-04,2
2024-07-30,T-17309,Cena,P-01,1
2024-07-30,T-17661,Cena,P-19,2
2024-07-30,T-17818,Cena,P-19,3
2024-07-31,T-10135,Cena,P-08,2
2024-07-31,T-10434,Comida,P-01,3
2024-07-31,T-10458,Cena,P-09,2
2024-07-31,T-10556,Comida,P-16,1
2024-07-31,T-10724,Comida,P-24,3
2024-07-31,T-11387,Comida,P-18,2
2024-07-31,T-12160,Comida,P-01,3
2024-07-31,T-12228,Comida,P-02,3
2024-07-31,T-12859,Cena,P-20,4
2024-07-31,T-13716,Comida,P-23,3
2024-07-31,T-13985,Cena,P-22,3
2024-07-31,T-14489,Comida,P-19,1
2024-07-31,T-14542,Comida,P-23,3
2024-07-31,T-14549,Cena,P-16,2
2024-07-31,T-14745,Cena,P-04,2
2024-07-31,T-15109,Comida,P-20,2
2024-07-31,T-16009,Cena,P-18,3
2024-07-31,T-16074,Comida,P-11,3
2024-08-01,T-10283,Cena,P-12,1
2024-08-01,T-10434,Cena,P-04,1
2024-08-01,T-10521,Comida,P-20,2
2024-08-01,T-10815,Comida,P-22,2
2024-08-01,T-10833,Comida,P-17,4
2024-08-01,T-10996,Cena,P-24,4
2024-08-01,T-11085,Cena,P-08,2
2024-08-01,T-12254,Comida,P-16,2
2024-08-01,T-14648,Cena,P-08,4
2024-08-01,T-14872,Cena,P-16,4
2024-08-01,T-15041,Cena,P-18,2
2024-08-01,T-15167,Cena,P-05,1
2024-08-01,T-15861,Cena,P-17,1
2024-08-01,T-17189,Comida,P-08,4
2024-08-02,T-10429,Comida,P-02,3
2024-08-02,T-11284,Cena,P-17,2
2024-08-02,T-12046,Comida,P-05,1
2024-08-02,T-12263,Cena,P-15,4
2024-08-02,T-12530,Cena,P-02,2
2024-08-02,T-12575,Cena,P-06,1
2024-08-02,T-12713,Cena,P-15,2
2024-08-02,T-13213,Cena,P-23,1
2024-08-02,T-13420,Cena,P-02,3
2024-08-02,T-13530,Cena,P-06,2
2024-08-02,T-13840,Comida,P-11,2
2024-08-02,T-14104,Cena,P-14,3
2024-08-02,T-14294,Comida,P-24,4
2024-08-02,T-14395,Cena,P-17,1
2024-08-02,T-14686,Cena,P-20,4
2024-08-02,T-15209,Cena,P-19,1
2024-08-02,T-15254,Comida,P-10,4
2024-08-02,T-16236,Comida,P-21,1
2024-08-02,T-17163,Comida,P-15,4
2024-08-02,T-17272,Cena,P-10,1
2024-08-02,T-17290,Comida,P-05,4
2024-08-02,T-17489,Comida,P-09,1
2024-08-02,T-17807,Cena,P-09,3
2024-08-02,T-17911,Cena,P-17,1
2024-08-03,T-10738,Cena,P-18,1
2024-08-03,T-12258,Cena,P-13,4
2024-08-03,T-12864,Comida,P-17,1
2024-08-03,T-13252,Cena,P-07,4
2024-08-03,T-13291,Cena,P-18,4
2024-08-03,T-13971,Cena,P-24,3
2024-08-03,T-14137,Cena,P-14,4
2024-08-03,T-14190,Cena,P-24,1
2024-08-03,T-14670,Cena,P-12,2
2024-08-03,T-14692,Cena,P-06,3
2024-08-03,T-15412,Cena,P-11,1
2024-08-03,T-15605,Comida,P-24,1
2024-08-03,T-15682,Cena,P-22,3
2024-08-03,T-16137,Comida,P-02,1
2024-08-03,T-16424,Cena,P-16,1
2024-08-03,T-16513,Cena,P-04,4
2024-08-03,T-17067,Comida,P-01,4
2024-08-03,T-17083,Comida,P-15,1
2024-08-03,T-17086,Comida,P-09,4
2024-08-03,T-17513,Cena,P-01,4
2024-08-03,T-17700,Cena,P-07,4
2024-08-03,T-17818,Cena,P-15,2
2024-08-04,T-10241,Cena,P-05,2
2024-08-04,T-11236,Cena,P-04,1
2024-08-04,T-11361,Comida,P-16,1
2024-08-04,T-11442,Comida,P-05,3
2024-08-04,T-11525,Comida,P-17,4
2024-08-04,T-11907,Cena,P-09,2
2024-08-04,T-11967,Cena,P-17,4
2024-08-04,T-12467,Comida,P-04,1
2024-08-04,T-12698,Comida,P-23,2
2024-08-04,T-12879,Cena,P-03,2
2024-08-04,T-12993,Cena,P-10,4
2024-08-04,T-13827,Comida,P-14,3
2024-08-04,T-14034,Comida,P-04,4
2024-08-04,T-14089,Cena,P-02,3
2024-08-04,T-14143,Comida,P-03,2
2024-08-04,T-14185,Cena,P-13,1
2024-08-04,T-14359,Cena,P-24,3
2024-08-04,T-14450,Cena,P-23,1
2024-08-04,T-15318,Cena,P-07,4
2024-08-04,T-16515,Cena,P-12,4
2024-08-04,T-17176,Comida,P-12,4
2024-08-04,T-17191,Comida,P-23,4
2024-08-04,T-17511,Comida,P-14,1
2024-08-05,T-10382,Cena,P-22,2
2024-08-05,T-10752,Comida,P-15,3
2024-08-05,T-10969,Cena,P-16,2
2024-08-05,T-11072,Comida,P-10,2
2024-08-05,T-11073,Comida,P-23,4
2024-08-05,T-11166,Cena,P-14,1
2024-08-05,T-11444,Cena,P-03,2
2024-08-05,T-11815,Comida,P-08,4
2024-08-05,T-11995,Comida,P-03,1
2024-08-05,T-12878,Comida,P-25,3
2024-08-05,T-13077,Comida,P-19,4
2024-08-05,T-13347,Cena,P-13,4
2024-08-05,T-14269,Cena,P-07,4
2024-08-05,T-15494,Cena,P-24,3
2024-08-05,T-15586,Cena,P-12,3
2024-08-05,T-15640,Cena,P-12,2
2024-08-05,T-15850,Comida,P-11,2
2024-08-05,T-16117,Cena,P-22,3
2024-08-05,T-16150,Comida,P-03,2
2024-08-05,T-17191,Cena,P-22,3
2024-08-05,T-17663,Cena,P-18,4
2024-08-05,T-17829,Cena,P-02,3
2024-08-06,T-10469,Cena,P-18,2
2024-08-06,T-10977,Comida,P-20,3
2024-08-06,T-11416,Cena,P-11,4
2024-08-06,T-11685,Cena,P-25,3
2024-08-06,T-11931,Comida,P-08,2
2024-08-06,T-12234,Cena,P-13,4
2024-08-06,T-12521,Cena,P-20,4
2024-08-06,T-12739,Cena,P-14,1
2024-08-06,T-13410,Cena,P-09,3
2024-08-06,T-13657,Cena,P-10,3
2024-08-06,T-14020,Comida,P-15,1
2024-08-06,T-14150,Comida,P-19,3
2024-08-06,T-15482,Cena,P-18,2
2024-08-06,T-15903,Cena,P-16,4
2024-08-06,T-16146,Cena,P-17,2
2024-08-06,T-16718,Comida,P-06,3
2024-08-06,T-16907,Cena,P-05,1
2024-08-06,T-17131,Comida,P-10,2
2024-08-06,T-17518,Comida,P-17,2
2024-08-07,T-10466,Cena,P-17,2
2024-08-07,T-10679,Comida,P-02,1
2024-08-07,T-10719,Comida,P-02,3
2024-08-07,T-10896,Cena,P-13,1
2024-08-07,T-11008,Cena,P-17,2
2024-08-07,T-11309,Cena,P-25,1
2024-08-07,T-11774,Cena,P-14,3
2024-08-07,T-11803,Comida,P-25,1
2024-08-07,T-11896,Cena,P-23,4
2024-08-07,T-12590,Cena,P-20,4
2024-08-07,T-12641,Comida,P-22,4
2024-08-07,T-12773,Comida,P-12,1
2024-08-07,T-12886,Comida,P-03,3
2024-08-07,T-13260,Comida,P-06,2
2024-08-07,T-13894,Cena,P-22,1
2024-08-07,T-14387,Comida,P-03,4
2024-08-07,T-14480,Cena,P-18,3
2024-08-07,T-14823,Comida,P-24,4
2024-08-07,T-14885,Comida,P-04,4
2024-08-07,T-14970,Cena,P-04,2
2024-08-07,T-15143,Comida,P-07,3
2024-08-07,T-15244,Cena,P-11,1
2024-08-07,T-15717,Cena,P-11,4
2024-08-07,T-15817,Cena,P-23,4
2024-08-07,T-16079,Comida,P-09,2
2024-08-07,T-16789,Cena,P-08,4
2024-08-07,T-17401,Comida,P-16,2
2024-08-08,T-10260,Comida,P-24,3
2024-08-08,T-10396,Cena,P-02,1
2024-08-08,T-10501,Comida,P-05,4
2024-08-08,T-11164,Comida,P-13,4
2024-08-08,T-11375,Cena,P-21,3
2024-08-08,T-12822,Cena,P-05,1
2024-08-08,T-12823,Cena,P-21,4
2024-08-08,T-12878,Cena,P-10,4
2024-08-08,T-13006,Comida,P-03,2
2024-08-08,T-13384,Cena,P-17,1
2024-08-08,T-13581,Cena,P-20,1
2024-08-08,T-13626,Cena,P-07,1
2024-08-08,T-13960,Comida,P-16,3
2024-08-08,T-14457,Cena,P-04,3
2024-08-08,T-15251,Comida,P-13,1
2024-08-08,T-15943,Comida,P-07,3
2024-08-08,T-16242,Cena,P-18,4
2024-08-08,T-16907,Comida,P-05,3
2024-08-08,T-17306,Comida,P-25,4
2024-08-08,T-17308,Comida,P-05,4
2024-08-09,T-10841,Cena,P-25,2
2024-08-09,T-11073,Cena,P-20,1
2024-08-09,T-11424,Cena,P-15,2
2024-08-09,T-11660,Cena,P-11,1
2024-08-09,T-12237,Comida,P-23,4
2024-08-09,T-12268,Cena,P-22,2
2024-08-09,T-12787,Cena,P-25,4
2024-08-09,T-13095,Comida,P-23,3
2024-08-09,T-13253,Comida,P-08,3
2024-08-09,T-14014,Cena,P-14,2
2024-08-09,T-14018,Cena,P-21,3
2024-08-09,T-15994,Cena,P-20,3
2024-08-09,T-16381,Comida,P-01,3
2024-08-09,T-16487,Comida,P-16,1
2024-08-09,T-16498,Cena,P-07,3
2024-08-09,T-17206,Comida,P-23,1
2024-08-09,T-17635,Cena,P-09,4
2024-08-09,T-17940,Cena,P-19,1
2024-08-10,T-10392,Cena,P-04,3
2024-08-10,T-10432,Comida,P-12,1
2024-08-10,T-11430,Comida,P-17,4
2024-08-10,T-11914,Comida,P-14,4
2024-08-10,T-12317,Comida,P-02,4
2024-08-10,T-12541,Comida,P-15,2
2024-08-10,T-12831,Cena,P-24,2
2024-08-10,T-12965,Comida,P-07,1
2024-08-10,T-13192,Cena,P-25,1
2024-08-10,T-13203,Cena,P-05,1
2024-08-10,T-14122,Comida,P-14,2
2024-08-10,T-14565,Cena,P-23,3
2024-08-10,T-14820,Cena,P-17,4
2024-08-10,T-15169,Comida,P-13,2
2024-08-10,T-15801,Cena,P-07,3
2024-08-10,T-15887,Cena,P-25,1
2024-08-10,T-15891,Comida,P-23,2
2024-08-10,T-16110,Comida,P-01,3
2024-08-10,T-16354,Comida,P-03,1
2024-08-10,T-16492,Cena,P-21,1
2024-08-10,T-16586,Cena,P-13,2
2024-08-10,T-16665,Comida,P-12,3
2024-08-10,T-17336,Cena,P-24,1
2024-08-11,T-10238,Comida,P-01,4
2024-08-11,T-10587,Cena,P-09,3
2024-08-11,T-10713,Cena,P-23,4
2024-08-11,T-11185,Cena,P-11,4
2024-08-11,T-11365,Cena,P-17,4
2024-08-11,T-11686,Cena,P-15,4
2024-08-11,T-11878,Comida,P-25,3
2024-08-11,T-12359,Cena,P-22,4
2024-08-11,T-12503,Comida,P-09,2
2024-08-11,T-12663,Cena,P-15,1
2024-08-11,T-13040,Cena,P-19,2
2024-08-11,T-13139,Cena,P-05,2
2024-08-11,T-13440,Cena,P-23,3
2024-08-11,T-13886,Cena,P-09,3
2024-08-11,T-14284,Cena,P-03,3
2024-08-11,T-14625,Cena,P-10,4
2024-08-11,T-14676,Comida,P-12,2
2024-08-11,T-15432,Cena,P-16,3
2024-08-11,T-15864,Comida,P-16,1
2024-08-11,T-16252,Cena,P-03,3
2024-08-11,T-16279,Cena,P-21,2
2024-08-11,T-16435,Cena,P-02,4
2024-08-11,T-16677,Cena,P-21,3
2024-08-11,T-16745,Cena,P-04,2
2024-08-11,T-17023,Comida,P-11,1
2024-08-11,T-17488,Cena,P-20,4
2024-08-11,T-17598,Cena,P-01,4
2024-08-12,T-10313,Comida,P-24,4
2024-08-12,T-10662,Cena,P-10,1
2024-08-12,T-11312,Cena,P-19,4
2024-08-12,T-11324,Comida,P-11,1
2024-08-12,T-12006,Comida,P-04,3
2024-08-12,T-12045,Cena,P-10,4
2024-08-12,T-12282,Cena,P-20,1
2024-08-12,T-12415,Cena,P-12,3
2024-08-12,T-12473,Comida,P-08,3
2024-08-12,T-12598,Cena,P-05,4
2024-08-12,T-12739,Cena,P-22,1
2024-08-12,T-12768,Cena,P-02,4
2024-08-12,T-12968,Cena,P-05,4
2024-08-12,T-13347,Cena,P-22,4
2024-08-12,T-13640,Cena,P-21,2
2024-08-12,T-14736,Cena,P-17,4
2024-08-12,T-15268,Cena,P-01,1
2024-08-12,T-15787,Cena,P-05,1
2024-08-12,T-15931,Comida,P-25,3
2024-08-12,T-16538,Cena,P-20,1
2024-08-12,T-17060,Cena,P-04,4
2024-08-12,T-17130,Cena,P-19,2
2024-08-12,T-17434,Cena,P-21,3
2024-08-12,T-17574,Cena,P-15,3
2024-08-13,T-10163,Comida,P-21,4
2024-08-13,T-10315,Comida,P-03,2
2024-08-13,T-11191,Cena,P-03,1
2024-08-13,T-12175,Cena,P-17,2
2024-08-13,T-12308,Cena,P-03,3
2024-08-13,T-12461,Cena,P-16,3
2024-08-13,T-12529,Comida,P-05,3
2024-08-13,T-12945,Comida,P-22,4
2024-08-13,T-13421,Comida,P-24,2
2024-08-13,T-13507,Cena,P-06,1
2024-08-13,T-14169,Cena,P-06,1
2024-08-13,T-16305,Cena,P-17,3
2024-08-13,T-16463,Cena,P-24,4
2024-08-13,T-16585,Comida,P-04,2
2024-08-13,T-16805,Cena,P-25,1
2024-08-13,T-16914,Comida,P-01,3
2024-08-13,T-17356,Comida,P-13,3
2024-08-13,T-17410,Comida,P-11,1
2024-08-14,T-10051,Comida,P-22,3
2024-08-14,T-11106,Cena,P-05,4
2024-08-14,T-11259,Comida,P-14,4
2024-08-14,T-11572,Cena,P-01,2
2024-08-14,T-11736,Comida,P-20,2
2024-08-14,T-11979,Cena,P-10,2
2024-08-14,T-12664,Cena,P-03,2
2024-08-14,T-13043,Comida,P-06,3
2024-08-14,T-13059,Cena,P-20,1
2024-08-14,T-13405,Comida,P-05,1
2024-08-14,T-15720,Cena,P-04,4
2024-08-14,T-16144,Cena,P-25,1
2024-08-14,T-16553,Comida,P-08,1
2024-08-14,T-16739,Cena,P-22,3
2024-08-14,T-17178,Cena,P-22,2
2024-08-14,T-17775,Comida,P-03,3
2024-08-15,T-10059,Cena,P-13,2
2024-08-15,T-10097,Cena,P-19,4
2024-08-15,T-10454,Comida,P-22,2
2024-08-15,T-10491,Cena,P-23,3
2024-08-15,T-10535,Comida,P-22,3
2024-08-15,T-10797,Comida,P-21,2
2024-08-15,T-11132,Comida,P-13,2
2024-08-15,T-12263,Comida,P-17,4
2024-08-15,T-12586,Comida,P-03,4
2024-08-15,T-12608,Cena,P-13,3
2024-08-15,T-12974,Comida,P-25,3
2024-08-15,T-13511,Cena,P-04,4
2024-08-15,T-13726,Comida,P-04,1
2024-08-15,T-13768,Cena,P-14,3
2024-08-15,T-13892,Cena,P-13,2
2024-08-15,T-15003,Cena,P-07,1
2024-08-15,T-15019,Cena,P-02,2
2024-08-15,T-15651,Cena,P-02,2
2024-08-15,T-15792,Cena,P-05,3
2024-08-15,T-15885,Cena,P-23,4
2024-08-15,T-16140,Cena,P-09,1
2024-08-15,T-16624,Comida,P-07,1
2024-08-15,T-16815,Comida,P-04,4
2024-08-15,T-16988,Cena,P-15,3
2024-08-15,T-17246,Comida,P-22,1
2024-08-15,T-17248,Cena,P-17,4
2024-08-15,T-17516,Cena,P-13,3
2024-08-15,T-17599,Cena,P-16,4
2024-08-16,T-10331,Cena,P-08,2
2024-08-16,T-10559,Cena,P-02,3
2024-08-16,T-11022,Comida,P-02,4
2024-08-16,T-11185,Cena,P-06,4
2024-08-16,T-11410,Cena,P-06,1
2024-08-16,T-11512,Cena,P-03,2
2024-08-16,T-11951,Comida,P-21,3
2024-08-16,T-12863,Cena,P-11,2
2024-08-16,T-14678,Cena,P-04,4
2024-08-16,T-15370,Comida,P-19,3
2024-08-16,T-15596,Cena,P-16,3
2024-08-16,T-15648,Comida,P-12,2
2024-08-16,T-16325,Cena,P-03,1
2024-08-16,T-16972,Cena,P-02,3
2024-08-16,T-16994,Cena,P-16,2
2024-08-16,T-17209,Cena,P-16,2
2024-08-16,T-17697,Cena,P-04,2
2024-08-17,T-10162,Comida,P-17,4
2024-08-17,T-11107,Comida,P-05,2
2024-08-17,T-11432,Cena,P-05,1
2024-08-17,T-12077,Comida,P-21,3
2024-08-17,T-12377,Comida,P-01,4
2024-08-17,T-12585,Cena,P-04,4
2024-08-17,T-12934,Comida,P-18,2
2024-08-17,T-12993,Cena,P-22,3
2024-08-17,T-13129,Cena,P-02,4
2024-08-17,T-13851,Cena,P-19,2
2024-08-17,T-14066,Cena,P-15,1
2024-08-17,T-14263,Comida,P-03,1
2024-08-17,T-14570,Comida,P-24,1
2024-08-17,T-15653,Comida,P-21,4
2024-08-17,T-15785,Cena,P-19,4
2024-08-17,T-16789,Cena,P-03,4
2024-08-17,T-17486,Cena,P-06,1
2024-08-17,T-17673,Cena,P-01,2
2024-08-18,T-10189,Cena,P-02,2
2024-08-18,T-10701,Cena,P-05,3
2024-08-18,T-10733,Cena,P-22,2
2024-08-18,T-11181,Comida,P-07,4
2024-08-18,T-11843,Cena,P-01,2
2024-08-18,T-12295,Cena,P-15,4
2024-08-18,T-12352,Comida,P-02,4
2024-08-18,T-12713,Cena,P-20,1
2024-08-18,T-12762,Comida,P-06,2
2024-08-18,T-13024,Cena,P-03,4
2024-08-18,T-13155,Cena,P-25,4
2024-08-18,T-13416,Cena,P-14,2
2024-08-18,T-13416,Comida,P-04,2
2024-08-18,T-13980,Comida,P-14,3
2024-08-18,T-13992,Cena,P-23,1
2024-08-18,T-14142,Cena,P-14,4
2024-08-18,T-14190,Cena,P-05,2
2024-08-18,T-14243,Cena,P-02,3
2024-08-18,T-14282,Cena,P-25,4
2024-08-18,T-14458,Cena,P-14,3
2024-08-18,T-14472,Cena,P-20,3
2024-08-18,T-16446,Comida,P-07,3
2024-08-18,T-16624,Cena,P-03,4
2024-08-18,T-17940,Comida,P-04,4
2024-08-18,T-17969,Cena,P-20,2
2024-08-19,T-10443,Comida,P-03,3
2024-08-19,T-10510,Cena,P-24,2
2024-08-19,T-11745,Comida,P-16,3
2024-08-19,T-12464,Cena,P-20,1
2024-08-19,T-13064,Comida,P-12,2
2024-08-19,T-13594,Cena,P-15,2
2024-08-19,T-13949,Cena,P-13,4
2024-08-19,T-14032,Comida,P-10,2
2024-08-19,T-14159,Comida,P-12,1
2024-08-19,T-14660,Comida,P-10,4
2024-08-19,T-14693,Cena,P-22,2
2024-08-19,T-14782,Cena,P-18,1
2024-08-19,T-14949,Comida,P-06,1
2024-08-19,T-15515,Cena,P-02,2
2024-08-19,T-16192,Comida,P-09,2
2024-08-19,T-16306,Comida,P-01,4
2024-08-20,T-10723,Cena,P-04,1
2024-08-20,T-10888,Comida,P-07,2
2024-08-20,T-11261,Cena,P-12,4
2024-08-20,T-11336,Cena,P-19,2
2024-08-20,T-11366,Comida,P-10,3
2024-08-20,T-11792,Cena,P-17,3
2024-08-20,T-11895,Comida,P-11,4
2024-08-20,T-13296,Cena,P-01,1
2024-08-20,T-13330,Comida,P-02,2
2024-08-20,T-13432,Cena,P-25,3
2024-08-20,T-13574,Cena,P-13,3
2024-08-20,T-13736,Cena,P-24,1
2024-08-20,T-14293,Cena,P-10,1
2024-08-20,T-15489,Comida,P-22,1
2024-08-20,T-15518,Cena,P-14,4
2024-08-20,T-15916,Cena,P-19,4
2024-08-20,T-16759,Cena,P-02,2
2024-08-20,T-17561,Cena,P-11,2
2024-08-20,T-17998,Cena,P-08,1
2024-08-21,T-10240,Comida,P-02,4
2024-08-21,T-10386,Comida,P-16,4
2024-08-21,T-10445,Cena,P-06,1
2024-08-21,T-12865,Comida,P-04,4
2024-08-21,T-13198,Comida,P-11,1
2024-08-21,T-13255,Cena,P-17,1
2024-08-21,T-13838,Cena,P-02,2
2024-08-21,T-14145,Cena,P-02,2
2024-08-21,T-14497,Cena,P-21,1
2024-08-21,T-14841,Cena,P-15,4
2024-08-21,T-15054,Cena,P-13,2
2024-08-21,T-15137,Cena,P-04,1
2024-08-21,T-15783,Cena,P-14,4
2024-08-21,T-17111,Cena,P-13,4
2024-08-21,T-17503,Comida,P-23,1
2024-08-21,T-17549,Cena,P-24,4
2024-08-22,T-11235,Cena,P-14,1
2024-08-22,T-11453,Cena,P-22,2
2024-08-22,T-11911,Cena,P-03,1
2024-08-22,T-12422,Cena,P-06,4
2024-08-22,T-13141,Cena,P-21,3
2024-08-22,T-13855,Comida,P-07,4
2024-08-22,T-13951,Cena,P-24,2
2024-08-22,T-15101,Cena,P-14,3
2024-08-22,T-15668,Comida,P-06,4
2024-08-22,T-16433,Cena,P-03,1
2024-08-22,T-16718,Cena,P-03,4
2024-08-22,T-17309,Cena,P-18,1
2024-08-22,T-17554,Cena,P-02,2
2024-08-22,T-17881,Comida,P-01,3
2024-08-23,T-10040,Comida,P-02,3
2024-08-23,T-10259,Comida,P-17,2
2024-08-23,T-10416,Cena,P-10,1
2024-08-23,T-10747,Comida,P-20,4
2024-08-23,T-10859,Cena,P-06,4
2024-08-23,T-10878,Cena,P-01,4
2024-08-23,T-10908,Cena,P-05,3
2024-08-23,T-11016,Cena,P-17,3
2024-08-23,T-11634,Comida,P-24,4
2024-08-23,T-11844,Cena,P-19,4
2024-08-23,T-12275,Cena,P-12,1
2024-08-23,T-12337,Cena,P-21,4
2024-08-23,T-13030,Cena,P-05,4
2024-08-23,T-13521,Comida,P-14,2
2024-08-23,T-14001,Comida,P-03,3
2024-08-23,T-14011,Comida,P-10,4
2024-08-23,T-14242,Cena,P-17,3
2024-08-23,T-15010,Cena,P-18,4
2024-08-23,T-15153,Cena,P-18,3
2024-08-23,T-15270,Cena,P-10,4
2024-08-23,T-16003,Cena,P-20,1
2024-08-23,T-17033,Cena,P-24,4
2024-08-23,T-17405,Cena,P-19,3
2024-08-23,T-17414,Comida,P-21,3
2024-08-23,T-17711,Cena,P-19,1
2024-08-23,T-17795,Cena,P-03,1
2024-08-24,T-10559,Cena,P-18,2
2024-08-24,T-11056,Comida,P-01,1
2024-08-24,T-11208,Comida,P-04,4
2024-08-24,T-13419,Comida,P-11,3
2024-08-24,T-13497,Cena,P-18,3
2024-08-24,T-13899,Comida,P-17,4
2024-08-24,T-14467,Cena,P-04,1
2024-08-24,T-14751,Cena,P-18,2
2024-08-24,T-14782,Cena,P-21,1
2024-08-24,T-15836,Cena,P-17,4
2024-08-24,T-16328,Comida,P-09,4
2024-08-24,T-16452,Comida,P-12,1
2024-08-24,T-17046,Comida,P-15,4
2024-08-24,T-17133,Comida,P-02,4
2024-08-24,T-17332,Cena,P-01,2
2024-08-24,T-17886,Cena,P-02,1
2024-08-25,T-12453,Comida,P-18,4
2024-08-25,T-13019,Cena,P-18,4
2024-08-25,T-13259,Cena,P-20,1
2024-08-25,T-13294,Comida,P-02,4
2024-08-25,T-13330,Cena,P-17,4
2024-08-25,T-14241,Comida,P-22,1
2024-08-25,T-14454,Cena,P-06,1
2024-08-25,T-14475,Cena,P-01,1
2024-08-25,T-15219,Cena,P-09,1
2024-08-25,T-15706,Comida,P-04,2
2024-08-25,T-15746,Comida,P-03,3
2024-08-25,T-15858,Cena,P-18,2
2024-08-25,T-16059,Comida,P-05,2
2024-08-25,T-16226,Cena,P-22,2
2024-08-25,T-16424,Comida,P-04,2
2024-08-25,T-16723,Comida,P-08,1
2024-08-25,T-16726,Cena,P-18,3
2024-08-25,T-17331,Cena,P-23,4
2024-08-25,T-17850,Comida,P-09,2
2024-08-26,T-10175,Cena,P-21,3
2024-08-26,T-10790,Cena,P-04,2
2024-08-26,T-11411,Cena,P-14,2
2024-08-26,T-11738,Cena,P-01,1
2024-08-26,T-12006,Comida,P-21,4
2024-08-26,T-12049,Cena,P-10,2
2024-08-26,T-12437,Cena,P-22,1
2024-08-26,T-12446,Comida,P-15,1
2024-08-26,T-12539,Comida,P-06,1
2024-08-26,T-13130,Cena,P-15,4
2024-08-26,T-13236,Comida,P-25,1
2024-08-26,T-13695,Comida,P-03,2
2024-08-26,T-13897,Cena,P-02,3
2024-08-26,T-14320,Cena,P-14,2
2024-08-26,T-14412,Cena,P-18,2
2024-08-26,T-14837,Comida,P-23,1
2024-08-26,T-15336,Cena,P-22,1
2024-08-26,T-15981,Cena,P-13,1
2024-08-26,T-16368,Comida,P-17,4
2024-08-26,T-16819,Comida,P-06,3
2024-08-26,T-17255,Comida,P-02,1
2024-08-26,T-17420,Comida,P-17,1
2024-08-26,T-17991,Cena,P-08,4
2024-08-27,T-10195,Comida,P-18,3
2024-08-27,T-10595,Comida,P-06,2
2024-08-27,T-10659,Comida,P-15,4
2024-08-27,T-10882,Cena,P-04,4
2024-08-27,T-11124,Comida,P-01,3
2024-08-27,T-11368,Cena,P-24,2
2024-08-27,T-11810,Cena,P-14,3
2024-08-27,T-12453,Comida,P-18,4
2024-08-27,T-13191,Cena,P-14,1
2024-08-27,T-13287,Comida,P-12,2
2024-08-27,T-14011,Cena,P-23,4
2024-08-27,T-14173,Cena,P-15,2
2024-08-27,T-14199,Cena,P-21,1
2024-08-27,T-14829,Cena,P-21,2
2024-08-27,T-17456,Cena,P-19,3
2024-08-28,T-10537,Cena,P-07,4
2024-08-28,T-10547,Cena,P-14,2
2024-08-28,T-11210,Cena,P-10,1
2024-08-28,T-12778,Cena,P-18,3
2024-08-28,T-13315,Cena,P-20,2
2024-08-28,T-13340,Comida,P-19,1
2024-08-28,T-13633,Cena,P-17,3
2024-08-28,T-13790,Cena,P-06,1
2024-08-28,T-13897,Cena,P-06,2
2024-08-28,T-13949,Cena,P-03,4
2024-08-28,T-14372,Comida,P-18,4
2024-08-28,T-14636,Cena,P-22,1
2024-08-28,T-14796,Comida,P-05,4
2024-08-28,T-14843,Cena,P-16,1
2024-08-28,T-14888,Comida,P-01,2
2024-08-28,T-15937,Cena,P-16,3
2024-08-28,T-16072,Cena,P-19,2
2024-08-28,T-16848,Comida,P-08,4
2024-08-28,T-17209,Cena,P-17,3
2024-08-29,T-10076,Comida,P-19,4
2024-08-29,T-10091,Comida,P-20,4
2024-08-29,T-10850,Comida,P-07,3
2024-08-29,T-11173,Comida,P-03,2
2024-08-29,T-11483,Cena,P-06,1
2024-08-29,T-11730,Cena,P-24,2
2024-08-29,T-11793,Cena,P-21,4
2024-08-29,T-11862,Cena,P-20,1
2024-08-29,T-13044,Comida,P-18,2
2024-08-29,T-13269,Cena,P-20,3
2024-08-29,T-13416,Comida,P-14,2
2024-08-29,T-13477,Cena,P-10,4
2024-08-29,T-13752,Cena,P-19,4
2024-08-29,T-14516,Cena,P-25,2
2024-08-29,T-14848,Cena,P-13,4
2024-08-29,T-15126,Cena,P-18,2
2024-08-29,T-15209,Cena,P-21,3
2024-08-29,T-15547,Comida,P-08,2
2024-08-29,T-16410,Comida,P-03,3
2024-08-29,T-16439,Comida,P-01,3
2024-08-29,T-16718,Cena,P-17,3
2024-08-29,T-17451,Cena,P-03,4
2024-08-29,T-17741,Cena,P-16,1
2024-08-29,T-17813,Cena,P-21,3
2024-08-29,T-17825,Comida,P-24,4
2024-08-30,T-10262,Cena,P-02,1
2024-08-30,T-10424,Cena,P-22,2
2024-08-30,T-10468,Cena,P-04,4
2024-08-30,T-11711,Cena,P-01,1
2024-08-30,T-12724,Comida,P-18,3
2024-08-30,T-12978,Cena,P-25,4
2024-08-30,T-13166,Comida,P-15,1
2024-08-30,T-13254,Comida,P-11,2
2024-08-30,T-13656,Cena,P-12,3
2024-08-30,T-13857,Cena,P-21,3
2024-08-30,T-13910,Comida,P-24,2
2024-08-30,T-13915,Comida,P-12,3
2024-08-30,T-13986,Comida,P-01,4
2024-08-30,T-14516,Cena,P-23,4
2024-08-30,T-14645,Comida,P-20,2
2024-08-30,T-15583,Cena,P-25,2
2024-08-30,T-16233,Cena,P-11,1
2024-08-30,T-17775,Comida,P-25,3
2024-08-31,T-10242,Cena,P-09,1
2024-08-31,T-10324,Cena,P-01,3
2024-08-31,T-10331,Comida,P-11,2
2024-08-31,T-10617,Comida,P-23,1
2024-08-31,T-10782,Comida,P-13,4
2024-08-31,T-11290,Comida,P-05,2
2024-08-31,T-12125,Cena,P-01,4
2024-08-31,T-12478,Cena,P-25,1
2024-08-31,T-12676,Comida,P-17,3
2024-08-31,T-12872,Comida,P-22,2
2024-08-31,T-13443,Cena,P-23,3
2024-08-31,T-13627,Cena,P-09,3
2024-08-31,T-14103,Comida,P-21,2
2024-08-31,T-14475,Cena,P-02,1
2024-08-31,T-14607,Cena,P-01,3
2024-08-31,T-14902,Cena,P-18,4
2024-08-31,T-15580,Cena,P-12,4
2024-08-31,T-16270,Cena,P-03,3
2024-08-31,T-16300,Cena,P-17,4
2024-08-31,T-16341,Comida,P-25,2
2024-08-31,T-17111,Cena,P-03,2
2024-08-31,T-17126,Cena,P-10,4
2024-08-31,T-17130,Cena,P-18,3
2024-08-31,T-17418,Comida,P-19,2
2024-08-31,T-17425,Comida,P-01,3
2024-09-01,T-10223,Cena,P-13,2
2024-09-01,T-10356,Cena,P-07,2
2024-09-01,T-11081,Comida,P-16,3
2024-09-01,T-11202,Comida,P-13,1
2024-09-01,T-11485,Cena,P-04,3
2024-09-01,T-11554,Comida,P-20,4
2024-09-01,T-11738,Cena,P-10,4
2024-09-01,T-11936,Cena,P-15,3
2024-09-01,T-13410,Comida,P-22,1
2024-09-01,T-13536,Cena,P-15,4
2024-09-01,T-13628,Comida,P-06,2
2024-09-01,T-14337,Cena,P-09,2
2024-09-01,T-14770,Cena,P-03,3
2024-09-01,T-14825,Comida,P-22,1
2024-09-01,T-14881,Cena,P-12,1
2024-09-01,T-15031,Cena,P-21,3
2024-09-01,T-15180,Comida,P-15,2
2024-09-01,T-15391,Comida,P-08,2
2024-09-01,T-15957,Comida,P-18,1
2024-09-01,T-16833,Comida,P-02,3
2024-09-01,T-17521,Comida,P-23,4
2024-09-01,T-17532,Cena,P-06,1
2024-09-01,T-17667,Comida,P-10,4
2024-09-01,T-17787,Cena,P-08,3
2024-09-02,T-10031,Comida,P-06,3
2024-09-02,T-10150,Cena,P-10,4
2024-09-02,T-10461,Comida,P-07,3
2024-09-02,T-10652,Cena,P-25,4
2024-09-02,T-11463,Cena,P-11,2
2024-09-02,T-11674,Cena,P-15,4
2024-09-02,T-13092,Comida,P-08,1
2024-09-02,T-13117,Cena,P-04,3
2024-09-02,T-14098,Comida,P-02,3
2024-09-02,T-14949,Cena,P-17,1
2024-09-02,T-15361,Cena,P-17,4
2024-09-02,T-15413,Comida,P-12,2
2024-09-02,T-15979,Cena,P-01,3
2024-09-02,T-16104,Cena,P-25,3
2024-09-02,T-16409,Cena,P-16,1
2024-09-02,T-17147,Comida,P-18,2
2024-09-02,T-17227,Cena,P-13,3
2024-09-02,T-17485,Comida,P-11,1
2024-09-02,T-17856,Cena,P-19,3
2024-09-02,T-17932,Cena,P-21,3
2024-09-03,T-10034,Comida,P-21,1
2024-09-03,T-10324,Cena,P-15,1
2024-09-03,T-10842,Cena,P-19,2
2024-09-03,T-11237,Comida,P-23,3
2024-09-03,T-12641,Comida,P-08,4
2024-09-03,T-12828,Comida,P-03,4
2024-09-03,T-13191,Cena,P-06,2
2024-09-03,T-14171,Cena,P-04,2
2024-09-03,T-14186,Cena,P-21,1
2024-09-03,T-14248,Comida,P-10,4
2024-09-03,T-14302,Cena,P-13,2
2024-09-03,T-14623,Comida,P-25,3
2024-09-03,T-14675,Cena,P-24,2
2024-09-03,T-15251,Cena,P-17,2
2024-09-03,T-15378,Cena,P-16,2
2024-09-03,T-15644,Cena,P-19,1
2024-09-03,T-15651,Cena,P-12,4
2024-09-03,T-17321,Cena,P-23,2
2024-09-03,T-17720,Cena,P-05,2
2024-09-03,T-17971,Comida,P-14,4
2024-09-04,T-10406,Comida,P-08,1
2024-09-04,T-10764,Cena,P-19,2
2024-09-04,T-11113,Cena,P-25,1
2024-09-04,T-11637,Cena,P-21,1
2024-09-04,T-11777,Cena,P-24,3
2024-09-04,T-11935,Comida,P-21,2
2024-09-04,T-14001,Comida,P-24,4
2024-09-04,T-14029,Comida,P-10,3
2024-09-04,T-14216,Comida,P-23,3
2024-09-04,T-14555,Cena,P-23,2
2024-09-04,T-14872,Cena,P-09,2
2024-09-04,T-15914,Comida,P-23,2
2024-09-04,T-16179,Comida,P-09,4
2024-09-04,T-16256,Cena,P-20,3
2024-09-04,T-16889,Cena,P-19,1
2024-09-04,T-16975,Cena,P-09,2
2024-09-04,T-17085,Comida,P-23,4
2024-09-04,T-17230,Cena,P-16,1
2024-09-04,T-17876,Cena,P-16,4
2024-09-04,T-17888,Cena,P-01,1
2024-09-05,T-10097,Cena,P-21,4
2024-09-05,T-10197,Cena,P-25,4
2024-09-05,T-10455,Cena,P-10,4
2024-09-05,T-11485,Cena,P-15,2
2024-09-05,T-11547,Cena,P-08,1
2024-09-05,T-13322,Comida,P-13,1
2024-09-05,T-13615,Comida,P-10,4
2024-09-05,T-14253,Cena,P-16,1
2024-09-05,T-14443,Comida,P-16,3
2024-09-05,T-15021,Cena,P-06,3
2024-09-05,T-15208,Cena,P-25,4
2024-09-05,T-15377,Comida,P-19,3
2024-09-05,T-15997,Cena,P-08,2
2024-09-05,T-16167,Cena,P-06,4
2024-09-05,T-16644,Comida,P-23,3
2024-09-06,T-10396,Comida,P-08,1
2024-09-06,T-10419,Comida,P-25,2
2024-09-06,T-11615,Cena,P-04,1
2024-09-06,T-11897,Cena,P-19,4
2024-09-06,T-12057,Cena,P-24,3
2024-09-06,T-12095,Cena,P-04,4
2024-09-06,T-12111,Cena,P-09,4
2024-09-06,T-12128,Cena,P-05,2
2024-09-06,T-12151,Comida,P-18,3
2024-09-06,T-12719,Comida,P-15,4
2024-09-06,T-13715,Comida,P-07,4
2024-09-06,T-13783,Comida,P-14,3
2024-09-06,T-14177,Cena,P-13,2
2024-09-06,T-14259,Cena,P-23,2
2024-09-06,T-14275,Cena,P-18,3
2024-09-06,T-14578,Cena,P-22,2
2024-09-06,T-16348,Cena,P-10,4
2024-09-06,T-17097,Cena,P-18,2
2024-09-06,T-17386,Cena,P-07,3
2024-09-07,T-10043,Comida,P-12,3
2024-09-07,T-10143,Comida,P-18,3
2024-09-07,T-11005,Comida,P-21,4
2024-09-07,T-11946,Comida,P-23,4
2024-09-07,T-12747,Comida,P-06,3
2024-09-07,T-13318,Cena,P-07,1
2024-09-07,T-13983,Comida,P-04,3
2024-09-07,T-13986,Comida,P-22,3
2024-09-07,T-14158,Comida,P-23,2
2024-09-07,T-14270,Cena,P-03,4
2024-09-07,T-15076,Comida,P-07,4
2024-09-07,T-15667,Comida,P-07,2
2024-09-07,T-15877,Cena,P-21,2
2024-09-07,T-15908,Comida,P-15,1
2024-09-07,T-16034,Comida,P-15,4
2024-09-07,T-16072,Cena,P-09,4
2024-09-07,T-16108,Comida,P-23,3
2024-09-07,T-16550,Comida,P-01,4
2024-09-07,T-17142,Comida,P-08,4
2024-09-07,T-17375,Cena,P-13,4
2024-09-07,T-17636,Comida,P-06,3
2024-09-07,T-17749,Cena,P-25,4
2024-09-08,T-11420,Comida,P-22,4
2024-09-08,T-11788,Cena,P-14,1
2024-09-08,T-11813,Cena,P-06,3
2024-09-08,T-12427,Cena,P-19,1
2024-09-08,T-12835,Cena,P-18,1
2024-09-08,T-13260,Comida,P-09,3
2024-09-08,T-13749,Cena,P-02,1
2024-09-08,T-14140,Cena,P-07,2
2024-09-08,T-14185,Comida,P-15,3
2024-09-08,T-14242,Cena,P-13,3
2024-09-08,T-14336,Cena,P-11,1
2024-09-08,T-15315,Cena,P-02,4
2024-09-08,T-15675,Cena,P-25,2
2024-09-08,T-16176,Cena,P-07,1
2024-09-08,T-16433,Cena,P-23,2
2024-09-08,T-16837,Cena,P-04,2
2024-09-08,T-17094,Comida,P-16,4
2024-09-08,T-17447,Comida,P-10,4
2024-09-08,T-17478,Cena,P-19,2
2024-09-08,T-17912,Cena,P-09,4
2024-09-09,T-10242,Comida,P-07,1
2024-09-09,T-10266,Cena,P-04,2
2024-09-09,T-10623,Cena,P-09,2
2024-09-09,T-10708,Comida,P-24,2
2024-09-09,T-10819,Cena,P-18,1
2024-09-09,T-11380,Cena,P-14,1
2024-09-09,T-11779,Comida,P-10,1
2024-09-09,T-12237,Comida,P-25,4
2024-09-09,T-12340,Cena,P-03,3
2024-09-09,T-12608,Cena,P-03,4
2024-09-09,T-13118,Cena,P-09,1
2024-09-09,T-13131,Comida,P-04,2
2024-09-09,T-13142,Comida,P-25,4
2024-09-09,T-13369,Cena,P-15,1
2024-09-09,T-13437,Comida,P-20,1
2024-09-09,T-13604,Cena,P-18,4
2024-09-09,T-13880,Comida,P-20,4
2024-09-09,T-14194,Cena,P-15,3
2024-09-09,T-14700,Comida,P-24,3
2024-09-09,T-15401,Cena,P-19,3
2024-09-09,T-15540,Cena,P-22,1
2024-09-09,T-16164,Cena,P-06,2
2024-09-09,T-16513,Cena,P-09,4
2024-09-09,T-16631,Cena,P-12,3
2024-09-09,T-17035,Comida,P-15,1
2024-09-09,T-17083,Comida,P-04,3
2024-09-09,T-17146,Comida,P-13,3
2024-09-09,T-17304,Cena,P-16,4
2024-09-09,T-17400,Cena,P-07,3
2024-09-10,T-10436,Cena,P-23,4
2024-09-10,T-10473,Comida,P-16,4
2024-09-10,T-10510,Cena,P-05,4
2024-09-10,T-10622,Cena,P-20,1
2024-09-10,T-10973,Cena,P-20,3
2024-09-10,T-11051,Cena,P-04,3
2024-09-10,T-11249,Cena,P-11,3
2024-09-10,T-11587,Cena,P-05,2
2024-09-10,T-11637,Cena,P-14,3
2024-09-10,T-11889,Cena,P-08,2
2024-09-10,T-12429,Comida,P-06,4
2024-09-10,T-12439,Comida,P-18,2
2024-09-10,T-12826,Comida,P-19,4
2024-09-10,T-13281,Comida,P-13,4
2024-09-10,T-13787,Cena,P-08,3
2024-09-10,T-14250,Comida,P-10,1
2024-09-10,T-14775,Cena,P-17,3
2024-09-10,T-14947,Comida,P-17,2
2024-09-10,T-14989,Cena,P-11,2
2024-09-10,T-14993,Cena,P-14,1
2024-09-10,T-15170,Cena,P-04,4
2024-09-10,T-16624,Cena,P-09,2
2024-09-10,T-16929,Comida,P-20,2
2024-09-10,T-17167,Cena,P-06,1
2024-09-11,T-10273,Cena,P-17,2
2024-09-11,T-11907,Cena,P-06,3
2024-09-11,T-12095,Comida,P-12,2
2024-09-11,T-13290,Cena,P-12,1
2024-09-11,T-13662,Comida,P-04,4
2024-09-11,T-14453,Cena,P-12,1
2024-09-11,T-14953,Cena,P-07,1
2024-09-11,T-15379,Comida,P-05,2
2024-09-11,T-16072,Cena,P-02,2
2024-09-11,T-16344,Cena,P-16,3
2024-09-11,T-16439,Comida,P-06,3
2024-09-11,T-17250,Cena,P-17,1
2024-09-12,T-10428,Comida,P-05,1
2024-09-12,T-11149,Comida,P-10,2
2024-09-12,T-11333,Cena,P-06,4
2024-09-12,T-11704,Cena,P-15,4
2024-09-12,T-12009,Comida,P-09,2
2024-09-12,T-12110,Cena,P-06,4
2024-09-12,T-12434,Comida,P-25,1
2024-09-12,T-12783,Cena,P-17,3
2024-09-12,T-13043,Cena,P-04,2
2024-09-12,T-13044,Comida,P-09,1
2024-09-12,T-13107,Cena,P-21,2
2024-09-12,T-13712,Cena,P-05,4
2024-09-12,T-14158,Cena,P-24,4
2024-09-12,T-14314,Comida,P-16,4
2024-09-12,T-14477,Cena,P-08,3
2024-09-12,T-14665,Comida,P-21,4
2024-09-12,T-15741,Comida,P-13,4
2024-09-12,T-15792,Cena,P-08,4
2024-09-12,T-16399,Comida,P-22,1
2024-09-12,T-16515,Cena,P-02,3
2024-09-12,T-16563,Cena,P-08,4
2024-09-12,T-17707,Comida,P-06,1
2024-09-12,T-17786,Comida,P-10,2
2024-09-13,T-10335,Cena,P-12,1
2024-09-13,T-11866,Cena,P-15,3
2024-09-13,T-12974,Cena,P-21,3
2024-09-13,T-13047,Cena,P-19,1
2024-09-13,T-13491,Cena,P-14,1
2024-09-13,T-13649,Comida,P-24,1
2024-09-13,T-14306,Comida,P-17,3
2024-09-13,T-14397,Comida,P-03,2
2024-09-13,T-14655,Comida,P-17,4
2024-09-13,T-14911,Comida,P-14,4
2024-09-13,T-16201,Comida,P-07,1
2024-09-13,T-16487,Cena,P-02,1
2024-09-13,T-16571,Cena,P-24,4
2024-09-13,T-17304,Cena,P-09,3
2024-09-13,T-17464,Comida,P-07,3
2024-09-14,T-11197,Cena,P-15,2
2024-09-14,T-11872,Comida,P-15,4
2024-09-14,T-12840,Comida,P-08,3
2024-09-14,T-13329,Cena,P-12,4
2024-09-14,T-13551,Comida,P-10,3
2024-09-14,T-13782,Cena,P-21,3
2024-09-14,T-14098,Cena,P-20,3
2024-09-14,T-14294,Cena,P-16,1
2024-09-14,T-14636,Comida,P-18,2
2024-09-14,T-15224,Comida,P-24,1
2024-09-14,T-15755,Cena,P-13,4
2024-09-14,T-16453,Cena,P-16,1
2024-09-14,T-16964,Comida,P-13,3
2024-09-14,T-17614,Cena,P-06,4
2024-09-14,T-17780,Comida,P-14,2
2024-09-15,T-10613,Comida,P-13,4
2024-09-15,T-12413,Comida,P-23,3
2024-09-15,T-12619,Comida,P-20,1
2024-09-15,T-12960,Cena,P-04,4
2024-09-15,T-14666,Comida,P-24,4
2024-09-15,T-14826,Comida,P-06,1
2024-09-15,T-15278,Comida,P-12,4
2024-09-15,T-15678,Cena,P-23,2
2024-09-15,T-15856,Cena,P-21,4
2024-09-15,T-15902,Comida,P-08,3
2024-09-15,T-16418,Comida,P-16,3
2024-09-15,T-17133,Comida,P-18,4
2024-09-15,T-17275,Cena,P-24,3
2024-09-15,T-17323,Comida,P-25,2
2024-09-15,T-17984,Comida,P-02,2
2024-09-16,T-10260,Comida,P-18,1
2024-09-16,T-11025,Comida,P-19,3
2024-09-16,T-11844,Comida,P-24,2
2024-09-16,T-12336,Cena,P-20,4
2024-09-16,T-12483,Cena,P-25,2
2024-09-16,T-12956,Comida,P-11,3
2024-09-16,T-13240,Comida,P-22,2
2024-09-16,T-15163,Comida,P-10,4
2024-09-16,T-15291,Cena,P-22,2
2024-09-16,T-15361,Cena,P-08,3
2024-09-16,T-16094,Cena,P-18,1
2024-09-16,T-16433,Comida,P-07,4
2024-09-16,T-16640,Cena,P-03,3
2024-09-16,T-16900,Cena,P-20,4
2024-09-16,T-17721,Cena,P-17,4
2024-09-17,T-10624,Comida,P-21,2
2024-09-17,T-11577,Comida,P-01,2
2024-09-17,T-11865,Cena,P-04,2
2024-09-17,T-12293,Comida,P-02,2
2024-09-17,T-13608,Cena,P-08,4
2024-09-17,T-13700,Cena,P-25,2
2024-09-17,T-13976,Cena,P-16,1
2024-09-17,T-15003,Cena,P-06,2
2024-09-17,T-15902,Cena,P-23,4
2024-09-17,T-16300,Comida,P-17,3
2024-09-17,T-17947,Cena,P-20,2
2024-09-17,T-17948,Cena,P-17,4
2024-09-18,T-10945,Cena,P-24,4
2024-09-18,T-11227,Comida,P-19,3
2024-09-18,T-11869,Cena,P-12,4
2024-09-18,T-12159,Cena,P-20,3
2024-09-18,T-16339,Comida,P-01,3
2024-09-18,T-17085,Comida,P-12,1
2024-09-18,T-17127,Cena,P-22,1
2024-09-18,T-17200,Comida,P-15,2
2024-09-18,T-17770,Comida,P-09,1
2024-09-19,T-10101,Cena,P-22,4
2024-09-19,T-11708,Comida,P-05,2
2024-09-19,T-12169,Cena,P-13,2
2024-09-19,T-12539,Comida,P-01,1
2024-09-19,T-12903,Cena,P-22,4
2024-09-19,T-13131,Cena,P-03,1
2024-09-19,T-13718,Comida,P-22,1
2024-09-19,T-13788,Cena,P-01,4
2024-09-19,T-13954,Cena,P-09,4
2024-09-19,T-13977,Cena,P-03,4
2024-09-19,T-15103,Cena,P-18,3
2024-09-19,T-15295,Cena,P-03,3
2024-09-19,T-15774,Comida,P-24,1
2024-09-19,T-15972,Comida,P-14,1
2024-09-19,T-16755,Cena,P-16,1
2024-09-19,T-17862,Cena,P-13,1
2024-09-20,T-10055,Cena,P-06,4
2024-09-20,T-10320,Cena,P-01,3
2024-09-20,T-11255,Cena,P-16,1
2024-09-20,T-12380,Cena,P-03,2
2024-09-20,T-12583,Cena,P-02,1
2024-09-20,T-12791,Cena,P-07,2
2024-09-20,T-13363,Comida,P-21,4
2024-09-20,T-14737,Cena,P-16,3
2024-09-20,T-14983,Cena,P-18,3
2024-09-20,T-15210,Cena,P-13,3
2024-09-20,T-15408,Cena,P-06,1
2024-09-20,T-15932,Cena,P-22,3
2024-09-20,T-16009,Cena,P-22,4
2024-09-20,T-17540,Comida,P-21,2
2024-09-20,T-17608,Comida,P-16,1
2024-09-20,T-17882,Cena,P-23,1
2024-09-21,T-10111,Cena,P-17,2
2024-09-21,T-10995,Cena,P-07,1
2024-09-21,T-11307,Cena,P-16,1
2024-09-21,T-12200,Cena,P-23,4
2024-09-21,T-12320,Cena,P-11,3
2024-09-21,T-12618,Cena,P-08,4
2024-09-21,T-13284,Comida,P-14,1
2024-09-21,T-13382,Comida,P-05,2
2024-09-21,T-13526,Cena,P-02,3
2024-09-21,T-13662,Comida,P-12,3
2024-09-21,T-13858,Cena,P-02,4
2024-09-21,T-14504,Comida,P-07,3
2024-09-21,T-14580,Cena,P-18,1
2024-09-21,T-14975,Comida,P-05,4
2024-09-21,T-15241,Comida,P-09,4
2024-09-21,T-15319,Cena,P-16,4
2024-09-21,T-15523,Comida,P-24,4
2024-09-21,T-15783,Cena,P-07,4
2024-09-21,T-16588,Cena,P-20,1
2024-09-21,T-16595,Comida,P-10,4
2024-09-21,T-16851,Cena,P-25,1
2024-09-21,T-16888,Cena,P-07,2
2024-09-21,T-17093,Cena,P-04,1
2024-09-21,T-17297,Cena,P-02,1
2024-09-21,T-17515,Comida,P-09,3
2024-09-22,T-10835,Cena,P-06,2
2024-09-22,T-11336,Comida,P-23,2
2024-09-22,T-11410,Cena,P-04,2
2024-09-22,T-11427,Cena,P-22,1
2024-09-22,T-11500,Comida,P-20,3
2024-09-22,T-11609,Cena,P-23,1
2024-09-22,T-12219,Cena,P-21,1
2024-09-22,T-12394,Comida,P-11,3
2024-09-22,T-12792,Comida,P-20,3
2024-09-22,T-13204,Comida,P-09,2
2024-09-22,T-13811,Cena,P-13,2
2024-09-22,T-14039,Comida,P-01,2
2024-09-22,T-14789,Cena,P-03,3
2024-09-22,T-14815,Cena,P-04,1
2024-09-22,T-15287,Comida,P-19,2
2024-09-22,T-15331,Cena,P-06,1
2024-09-22,T-15933,Cena,P-13,3
2024-09-22,T-16488,Comida,P-11,2
2024-09-22,T-17127,Cena,P-21,1
2024-09-22,T-17825,Comida,P-22,4
2024-09-23,T-10675,Cena,P-01,1
2024-09-23,T-10974,Cena,P-17,1
2024-09-23,T-11033,Comida,P-25,1
2024-09-23,T-11121,Cena,P-25,4
2024-09-23,T-11606,Cena,P-16,3
2024-09-23,T-12036,Cena,P-04,2
2024-09-23,T-12047,Comida,P-15,1
2024-09-23,T-12606,Cena,P-24,4
2024-09-23,T-13178,Comida,P-01,4
2024-09-23,T-13372,Cena,P-15,1
2024-09-23,T-13544,Comida,P-07,4
2024-09-23,T-14056,Cena,P-21,1
2024-09-23,T-14187,Comida,P-20,4
2024-09-23,T-14828,Cena,P-23,2
2024-09-23,T-14843,Cena,P-02,2
2024-09-23,T-16443,Cena,P-18,2
2024-09-23,T-16461,Cena,P-11,3
2024-09-23,T-16485,Cena,P-16,3
2024-09-23,T-16627,Cena,P-24,1
2024-09-23,T-17109,Cena,P-13,1
2024-09-23,T-17295,Comida,P-11,1
2024-09-24,T-10211,Comida,P-13,3
2024-09-24,T-10308,Cena,P-11,2
2024-09-24,T-12162,Comida,P-19,1
2024-09-24,T-12235,Comida,P-02,4
2024-09-24,T-12347,Cena,P-06,1
2024-09-24,T-12459,Cena,P-04,2
2024-09-24,T-12493,Cena,P-12,3
2024-09-24,T-12858,Cena,P-02,1
2024-09-24,T-13198,Cena,P-01,2
2024-09-24,T-13284,Cena,P-11,3
2024-09-24,T-13899,Cena,P-22,1
2024-09-24,T-13919,Cena,P-24,4
2024-09-24,T-14329,Comida,P-17,2
2024-09-24,T-14681,Cena,P-21,1
2024-09-24,T-14896,Cena,P-04,1
2024-09-24,T-14973,Comida,P-08,3
2024-09-24,T-15795,Cena,P-19,2
2024-09-24,T-16241,Cena,P-20,4
2024-09-24,T-16293,Comida,P-25,1
2024-09-24,T-16879,Cena,P-16,1
2024-09-24,T-17138,Comida,P-07,4
2024-09-24,T-17227,Cena,P-18,2
2024-09-24,T-17711,Cena,P-13,1
2024-09-24,T-17831,Cena,P-10,1
2024-09-24,T-17902,Comida,P-04,2
2024-09-24,T-17980,Comida,P-01,4
2024-09-25,T-10061,Cena,P-08,3
2024-09-25,T-10076,Comida,P-02,3
2024-09-25,T-11233,Comida,P-20,3
2024-09-25,T-11524,Cena,P-22,3
2024-09-25,T-12084,Cena,P-24,1
2024-09-25,T-12153,Cena,P-10,1
2024-09-25,T-12550,Cena,P-21,3
2024-09-25,T-13072,Cena,P-06,2
2024-09-25,T-13293,Cena,P-04,3
2024-09-25,T-13315,Comida,P-23,4
2024-09-25,T-14331,Cena,P-25,4
2024-09-25,T-15034,Comida,P-06,3
2024-09-25,T-15278,Comida,P-20,2
2024-09-25,T-15360,Comida,P-21,4
2024-09-25,T-15608,Cena,P-18,1
2024-09-25,T-15775,Cena,P-19,1
2024-09-25,T-15797,Cena,P-21,2
2024-09-25,T-15912,Comida,P-22,4
2024-09-25,T-15958,Cena,P-15,2
2024-09-25,T-17426,Comida,P-19,4
2024-09-25,T-17431,Cena,P-09,1
2024-09-26,T-10544,Cena,P-25,1
2024-09-26,T-10838,Comida,P-22,1
2024-09-26,T-10956,Cena,P-23,4
2024-09-26,T-11139,Comida,P-20,1
2024-09-26,T-11514,Comida,P-10,4
2024-09-26,T-11741,Comida,P-19,3
2024-09-26,T-12020,Cena,P-07,3
2024-09-26,T-12355,Cena,P-17,3
2024-09-26,T-13366,Cena,P-20,4
2024-09-26,T-13642,Comida,P-23,1
2024-09-26,T-14582,Comida,P-09,1
2024-09-26,T-14626,Cena,P-24,2
2024-09-26,T-14868,Cena,P-12,4
2024-09-26,T-15174,Cena,P-23,4
2024-09-26,T-15227,Comida,P-15,3
2024-09-26,T-15613,Comida,P-05,3
2024-09-26,T-15830,Cena,P-23,1
2024-09-26,T-15884,Cena,P-17,2
2024-09-26,T-16089,Cena,P-17,1
2024-09-26,T-16221,Cena,P-01,3
2024-09-26,T-16414,Cena,P-10,1
2024-09-26,T-17226,Cena,P-15,2
2024-09-26,T-17373,Comida,P-22,2
2024-09-26,T-17606,Cena,P-18,2
2024-09-26,T-17876,Comida,P-06,4
2024-09-26,T-17895,Comida,P-10,2
2024-09-27,T-10207,Comida,P-11,1
2024-09-27,T-10552,Cena,P-24,3
2024-09-27,T-10702,Comida,P-03,4
2024-09-27,T-10751,Comida,P-12,1
2024-09-27,T-11277,Cena,P-02,2
2024-09-27,T-11884,Cena,P-08,3
2024-09-27,T-12095,Comida,P-14,4
2024-09-27,T-12340,Cena,P-15,2
2024-09-27,T-12777,Cena,P-08,3
2024-09-27,T-12854,Cena,P-06,3
2024-09-27,T-14534,Cena,P-20,1
2024-09-27,T-14920,Cena,P-10,4
2024-09-27,T-15131,Comida,P-17,1
2024-09-27,T-15294,Cena,P-24,4
2024-09-27,T-16590,Cena,P-03,2
2024-09-27,T-16778,Cena,P-24,3
2024-09-27,T-17823,Cena,P-23,3
2024-09-27,T-17926,Comida,P-16,1
2024-09-28,T-10949,Cena,P-22,2
2024-09-28,T-11134,Comida,P-21,4
2024-09-28,T-11151,Cena,P-23,1
2024-09-28,T-11603,Cena,P-13,2
2024-09-28,T-11612,Comida,P-03,1
2024-09-28,T-11833,Cena,P-01,2
2024-09-28,T-12851,Comida,P-06,2
2024-09-28,T-13050,Cena,P-09,2
2024-09-28,T-13201,Cena,P-04,3
2024-09-28,T-14588,Cena,P-07,2
2024-09-28,T-14666,Comida,P-07,3
2024-09-28,T-15638,Comida,P-20,4
2024-09-28,T-16002,Comida,P-25,1
2024-09-28,T-16144,Cena,P-13,4
2024-09-28,T-16668,Comida,P-05,2
2024-09-28,T-16869,Cena,P-07,2
2024-09-28,T-17067,Cena,P-18,3
2024-09-28,T-17562,Cena,P-21,3
2024-09-29,T-10351,Comida,P-04,4
2024-09-29,T-10379,Comida,P-23,4
2024-09-29,T-10789,Comida,P-21,4
2024-09-29,T-10880,Comida,P-04,2
2024-09-29,T-11057,Cena,P-20,4
2024-09-29,T-11070,Cena,P-17,2
2024-09-29,T-11190,Comida,P-05,4
2024-09-29,T-11935,Comida,P-18,4
2024-09-29,T-12280,Cena,P-10,3
2024-09-29,T-12683,Comida,P-11,2
2024-09-29,T-13659,Cena,P-10,4
2024-09-29,T-13702,Cena,P-18,3
2024-09-29,T-13944,Cena,P-19,3
2024-09-29,T-14919,Cena,P-21,2
2024-09-29,T-15304,Cena,P-25,4
2024-09-29,T-15466,Comida,P-17,4
2024-09-29,T-15601,Comida,P-06,3
2024-09-29,T-15745,Cena,P-18,4
2024-09-30,T-10372,Comida,P-17,1
2024-09-30,T-11306,Cena,P-14,4
2024-09-30,T-11349,Cena,P-20,1
2024-09-30,T-11569,Cena,P-22,1
2024-09-30,T-11608,Cena,P-25,1
2024-09-30,T-12221,Cena,P-20,2
2024-09-30,T-12678,Cena,P-25,3
2024-09-30,T-13207,Cena,P-19,1
2024-09-30,T-13354,Cena,P-12,4
2024-09-30,T-13963,Cena,P-25,2
2024-09-30,T-14142,Cena,P-14,1
2024-09-30,T-14170,Cena,P-04,2
2024-09-30,T-14176,Cena,P-19,4
2024-09-30,T-14263,Comida,P-21,2
2024-09-30,T-14265,Cena,P-11,1
2024-09-30,T-14352,Cena,P-23,4
2024-09-30,T-14365,Cena,P-18,2
2024-09-30,T-14550,Comida,P-12,1
2024-09-30,T-14692,Cena,P-22,3
2024-09-30,T-14756,Comida,P-06,4
2024-09-30,T-15340,Cena,P-18,1
2024-09-30,T-15366,Comida,P-18,4
2024-09-30,T-15674,Cena,P-14,4
2024-09-30,T-16032,Cena,P-20,2
2024-09-30,T-16240,Comida,P-22,2
2024-09-30,T-16443,Comida,P-02,1
2024-09-30,T-16719,Cena,P-06,2
2024-09-30,T-17035,Comida,P-02,3
2024-09-30,T-17572,Cena,P-22,4
2024-09-30,T-17707,Comida,P-13,2
2024-10-01,T-10000,Cena,P-24,3
2024-10-01,T-10040,Cena,P-16,3
2024-10-01,T-10817,Comida,P-14,1
2024-10-01,T-11007,Cena,P-05,2
2024-10-01,T-11028,Comida,P-24,3
2024-10-01,T-11186,Cena,P-23,2
2024-10-01,T-11315,Comida,P-06,3
2024-10-01,T-13187,Cena,P-13,2
2024-10-01,T-13722,Cena,P-04,2
2024-10-01,T-14477,Cena,P-01,2
2024-10-01,T-14908,Cena,P-10,4
2024-10-01,T-14926,Comida,P-22,4
2024-10-01,T-15668,Comida,P-16,1
2024-10-01,T-16139,Comida,P-11,1
2024-10-01,T-16254,Cena,P-23,1
2024-10-01,T-17304,Comida,P-24,4
2024-10-01,T-17535,Comida,P-12,3
2024-10-01,T-17877,Cena,P-07,2
2024-10-01,T-17981,Cena,P-05,1
2024-10-02,T-10073,Cena,P-23,2
2024-10-02,T-10978,Cena,P-20,4
2024-10-02,T-11639,Cena,P-18,4
2024-10-02,T-12100,Cena,P-14,4
2024-10-02,T-12889,Comida,P-01,3
2024-10-02,T-13219,Cena,P-24,3
2024-10-02,T-13401,Cena,P-09,2
2024-10-02,T-14035,Comida,P-22,4
2024-10-02,T-14559,Comida,P-16,2
2024-10-02,T-14595,Cena,P-09,1
2024-10-02,T-14761,Cena,P-23,3
2024-10-02,T-15339,Cena,P-17,1
2024-10-02,T-15527,Cena,P-11,3
2024-10-02,T-15868,Cena,P-10,3
2024-10-02,T-16113,Comida,P-12,3
2024-10-02,T-16650,Comida,P-12,1
2024-10-02,T-16863,Cena,P-03,3
2024-10-02,T-17333,Comida,P-02,1
2024-10-02,T-17383,Comida,P-11,1
2024-10-03,T-10089,Cena,P-20,2
2024-10-03,T-10311,Cena,P-22,4
2024-10-03,T-10760,Cena,P-17,1
2024-10-03,T-10777,Cena,P-21,3
2024-10-03,T-10927,Comida,P-12,1
2024-10-03,T-11695,Comida,P-23,2
2024-10-03,T-12055,Cena,P-09,2
2024-10-03,T-12097,Cena,P-02,1
2024-10-03,T-12758,Comida,P-03,2
2024-10-03,T-13203,Cena,P-15,2
2024-10-03,T-13679,Comida,P-08,1
2024-10-03,T-14653,Comida,P-05,3
2024-10-03,T-14733,Comida,P-11,1
2024-10-03,T-14790,Cena,P-22,1
2024-10-03,T-15270,Cena,P-19,1
2024-10-03,T-16118,Cena,P-21,1
2024-10-03,T-16523,Cena,P-11,2
2024-10-03,T-17293,Cena,P-04,2
2024-10-03,T-17456,Cena,P-24,1
2024-10-04,T-10209,Comida,P-22,2
2024-10-04,T-11149,Comida,P-12,4
2024-10-04,T-11202,Comida,P-23,2
2024-10-04,T-11639,Comida,P-02,3
2024-10-04,T-12681,Cena,P-12,2
2024-10-04,T-13041,Comida,P-15,3
2024-10-04,T-13065,Comida,P-11,2
2024-10-04,T-13116,Cena,P-09,2
2024-10-04,T-14217,Comida,P-20,2
2024-10-04,T-14332,Comida,P-25,2
2024-10-04,T-14614,Comida,P-24,2
2024-10-04,T-15044,Cena,P-25,3
2024-10-04,T-15293,Comida,P-20,4
2024-10-04,T-15496,Comida,P-19,4
2024-10-04,T-15978,Comida,P-08,1
2024-10-04,T-16502,Comida,P-05,4
2024-10-04,T-16536,Cena,P-10,3
2024-10-04,T-17086,Comida,P-06,4
2024-10-04,T-17444,Comida,P-06,2
2024-10-04,T-17936,Cena,P-06,1
2024-10-05,T-10455,Cena,P-13,4
2024-10-05,T-10785,Cena,P-11,3
2024-10-05,T-10797,Comida,P-11,3
2024-10-05,T-10810,Cena,P-20,2
2024-10-05,T-10995,Cena,P-23,2
2024-10-05,T-12167,Cena,P-09,2
2024-10-05,T-13131,Cena,P-16,3
2024-10-05,T-13413,Comida,P-12,2
2024-10-05,T-13534,Comida,P-21,2
2024-10-05,T-13628,Cena,P-08,2
2024-10-05,T-14880,Comida,P-09,4
2024-10-05,T-15902,Comida,P-02,2
2024-10-05,T-16325,Comida,P-23,4
2024-10-05,T-16499,Comida,P-06,3
2024-10-05,T-16510,Cena,P-02,3
2024-10-05,T-17024,Cena,P-21,2
2024-10-06,T-11700,Comida,P-24,1
2024-10-06,T-11744,Cena,P-13,2
2024-10-06,T-11816,Cena,P-05,4
2024-10-06,T-12096,Cena,P-08,1
2024-10-06,T-12290,Cena,P-14,4
2024-10-06,T-12454,Cena,P-20,3
2024-10-06,T-12496,Comida,P-19,2
2024-10-06,T-12643,Comida,P-23,2
2024-10-06,T-13492,Comida,P-11,1
2024-10-06,T-13621,Cena,P-01,1
2024-10-06,T-13833,Cena,P-17,2
2024-10-06,T-14291,Comida,P-12,3
2024-10-06,T-14327,Comida,P-04,2
2024-10-06,T-14817,Comida,P-20,3
2024-10-06,T-15636,Comida,P-01,2
2024-10-06,T-15868,Cena,P-17,1
2024-10-06,T-16668,Cena,P-22,1
2024-10-06,T-16807,Cena,P-23,2
2024-10-06,T-17208,Comida,P-24,2
2024-10-06,T-17242,Comida,P-10,2
2024-10-06,T-17412,Comida,P-21,2
2024-10-06,T-17679,Comida,P-02,3
2024-10-06,T-17957,Cena,P-20,2
2024-10-07,T-10197,Cena,P-21,2
2024-10-07,T-10924,Comida,P-24,3
2024-10-07,T-11251,Comida,P-09,1
2024-10-07,T-12387,Cena,P-24,1
2024-10-07,T-12409,Cena,P-01,4
2024-10-07,T-12501,Cena,P-19,4
2024-10-07,T-13088,Cena,P-09,1
2024-10-07,T-13661,Cena,P-20,3
2024-10-07,T-13696,Cena,P-23,4
2024-10-07,T-14005,Comida,P-02,3
2024-10-07,T-14193,Cena,P-15,3
2024-10-07,T-14881,Cena,P-14,2
2024-10-07,T-15635,Cena,P-02,3
2024-10-07,T-15641,Cena,P-17,4
2024-10-07,T-16321,Comida,P-25,2
2024-10-07,T-16518,Cena,P-21,1
2024-10-07,T-16866,Comida,P-07,4
2024-10-07,T-17640,Cena,P-03,3
2024-10-08,T-10199,Cena,P-20,3
2024-10-08,T-10287,Comida,P-04,3
2024-10-08,T-10395,Cena,P-24,4
2024-10-08,T-10790,Comida,P-19,2
2024-10-08,T-11750,Comida,P-03,1
2024-10-08,T-11771,Cena,P-12,3
2024-10-08,T-12195,Cena,P-23,4
2024-10-08,T-12569,Cena,P-20,2
2024-10-08,T-12587,Comida,P-23,4
2024-10-08,T-12774,Cena,P-22,4
2024-10-08,T-14414,Cena,P-02,2
2024-10-08,T-14837,Cena,P-25,1
2024-10-08,T-14842,Cena,P-10,2
2024-10-08,T-15314,Cena,P-24,3
2024-10-08,T-16481,Cena,P-04,4
2024-10-08,T-16591,Cena,P-05,1
2024-10-08,T-17306,Comida,P-16,4
2024-10-08,T-17444,Comida,P-04,1
2024-10-08,T-17998,Cena,P-18,4
2024-10-09,T-10047,Comida,P-22,1
2024-10-09,T-10392,Cena,P-24,1
2024-10-09,T-12009,Cena,P-16,1
2024-10-09,T-12012,Cena,P-14,4
2024-10-09,T-12258,Cena,P-08,2
2024-10-09,T-12610,Comida,P-25,4
2024-10-09,T-12769,Comida,P-18,1
2024-10-09,T-12904,Cena,P-02,2
2024-10-09,T-13183,Comida,P-18,3
2024-10-09,T-13769,Comida,P-03,4
2024-10-09,T-14138,Cena,P-20,3
2024-10-09,T-14720,Comida,P-22,2
2024-10-09,T-15204,Cena,P-19,1
2024-10-09,T-15635,Comida,P-20,3
2024-10-09,T-15730,Comida,P-04,4
2024-10-09,T-16021,Cena,P-06,2
2024-10-09,T-16260,Cena,P-11,1
2024-10-09,T-16740,Comida,P-02,3
2024-10-09,T-16800,Comida,P-13,3
2024-10-09,T-17058,Cena,P-22,4
2024-10-10,T-10280,Cena,P-02,2
2024-10-10,T-10654,Comida,P-17,2
2024-10-10,T-11135,Cena,P-11,1
2024-10-10,T-11545,Comida,P-11,4
2024-10-10,T-12662,Comida,P-17,4
2024-10-10,T-12866,Cena,P-01,3
2024-10-10,T-14341,Comida,P-12,4
2024-10-10,T-14871,Comida,P-21,3
2024-10-10,T-14895,Comida,P-08,3
2024-10-10,T-15139,Cena,P-10,3
2024-10-10,T-15247,Comida,P-17,4
2024-10-10,T-16037,Cena,P-01,1
2024-10-10,T-16102,Cena,P-01,1
2024-10-10,T-17290,Cena,P-11,2
2024-10-10,T-17440,Comida,P-22,1
2024-10-11,T-10598,Comida,P-04,2
2024-10-11,T-10991,Cena,P-23,4
2024-10-11,T-11563,Cena,P-21,4
2024-10-11,T-11692,Comida,P-06,3
2024-10-11,T-13227,Cena,P-16,1
2024-10-11,T-13762,Comida,P-23,2
2024-10-11,T-14063,Comida,P-08,1
2024-10-11,T-14142,Cena,P-24,1
2024-10-11,T-14346,Cena,P-15,1
2024-10-11,T-14395,Cena,P-07,2
2024-10-11,T-14555,Cena,P-02,4
2024-10-11,T-14882,Comida,P-03,2
2024-10-11,T-15238,Cena,P-08,1
2024-10-11,T-15514,Cena,P-04,3
2024-10-11,T-16125,Comida,P-02,4
2024-10-11,T-16245,Cena,P-24,4
2024-10-11,T-16256,Cena,P-02,1
2024-10-11,T-16342,Cena,P-03,2
2024-10-11,T-16520,Cena,P-02,2
2024-10-11,T-17071,Cena,P-13,1
2024-10-11,T-17141,Cena,P-25,1
2024-10-11,T-17287,Comida,P-24,1
2024-10-11,T-17395,Cena,P-23,3
2024-10-12,T-10480,Cena,P-18,4
2024-10-12,T-10885,Cena,P-03,1
2024-10-12,T-10913,Cena,P-09,4
2024-10-12,T-11236,Comida,P-18,2
2024-10-12,T-11299,Cena,P-16,3
2024-10-12,T-11970,Cena,P-11,3
2024-10-12,T-12008,Comida,P-17,2
2024-10-12,T-12360,Cena,P-18,2
2024-10-12,T-12725,Cena,P-04,4
2024-10-12,T-12843,Cena,P-17,3
2024-10-12,T-12911,Cena,P-08,4
2024-10-12,T-13441,Cena,P-24,1
2024-10-12,T-14532,Cena,P-02,1
2024-10-12,T-14543,Cena,P-14,4
2024-10-12,T-14863,Comida,P-24,3
2024-10-12,T-14942,Cena,P-08,3
2024-10-12,T-15181,Cena,P-25,2
2024-10-12,T-15432,Cena,P-09,3
2024-10-12,T-16186,Comida,P-07,1
2024-10-12,T-16381,Comida,P-19,3
2024-10-12,T-16661,Cena,P-23,1
2024-10-12,T-16728,Cena,P-08,2
2024-10-12,T-16798,Comida,P-12,4
2024-10-12,T-17846,Cena,P-20,3
2024-10-13,T-10059,Cena,P-16,4
2024-10-13,T-10639,Cena,P-25,1
2024-10-13,T-10762,Comida,P-09,2
2024-10-13,T-10837,Comida,P-17,1
2024-10-13,T-10886,Cena,P-06,3
2024-10-13,T-11053,Comida,P-04,1
2024-10-13,T-12271,Comida,P-14,4
2024-10-13,T-12423,Cena,P-15,3
2024-10-13,T-13223,Cena,P-08,2
2024-10-13,T-13336,Cena,P-15,3
2024-10-13,T-13437,Comida,P-09,2
2024-10-13,T-13983,Cena,P-11,3
2024-10-13,T-15104,Comida,P-14,3
2024-10-13,T-15222,Cena,P-20,3
2024-10-13,T-15321,Cena,P-20,1
2024-10-13,T-15898,Cena,P-16,3
2024-10-13,T-15974,Cena,P-21,2
2024-10-13,T-16113,Comida,P-06,3
2024-10-13,T-16733,Cena,P-07,1
2024-10-13,T-16981,Comida,P-24,1
2024-10-13,T-17417,Comida,P-17,2
2024-10-13,T-17481,Comida,P-09,1
2024-10-13,T-17551,Cena,P-19,3
2024-10-13,T-17674,Cena,P-03,1
2024-10-13,T-17712,Cena,P-09,3
2024-10-14,T-10721,Cena,P-16,3
2024-10-14,T-10733,Cena,P-25,2
2024-10-14,T-11076,Comida,P-04,4
2024-10-14,T-11618,Cena,P-02,2
2024-10-14,T-12561,Comida,P-04,4
2024-10-14,T-13406,Cena,P-01,4
2024-10-14,T-13436,Cena,P-04,4
2024-10-14,T-13443,Cena,P-24,2
2024-10-14,T-13459,Cena,P-06,3
2024-10-14,T-13610,Comida,P-14,3
2024-10-14,T-13752,Cena,P-08,1
2024-10-14,T-14304,Comida,P-10,3
2024-10-14,T-15640,Cena,P-19,4
2024-10-14,T-15856,Cena,P-16,2
2024-10-14,T-17218,Cena,P-17,2
2024-10-14,T-17534,Cena,P-15,2
2024-10-15,T-10607,Comida,P-04,3
2024-10-15,T-11221,Cena,P-25,1
2024-10-15,T-11323,Cena,P-09,4
2024-10-15,T-12808,Comida,P-21,2
2024-10-15,T-12983,Comida,P-01,1
2024-10-15,T-13133,Cena,P-15,3
2024-10-15,T-13211,Comida,P-22,1
2024-10-15,T-13935,Comida,P-12,2
2024-10-15,T-14032,Comida,P-24,2
2024-10-15,T-14385,Cena,P-14,4
2024-10-15,T-14414,Cena,P-07,4
2024-10-15,T-14740,Comida,P-18,3
2024-10-15,T-15048,Comida,P-23,1
2024-10-15,T-15725,Cena,P-04,4
2024-10-15,T-16161,Comida,P-18,4
2024-10-15,T-16292,Comida,P-24,4
2024-10-15,T-16637,Comida,P-10,4
2024-10-15,T-17050,Comida,P-09,1
2024-10-15,T-17419,Cena,P-23,2
2024-10-15,T-17448,Cena,P-04,3
2024-10-16,T-10569,Cena,P-03,4
2024-10-16,T-11479,Cena,P-13,4
2024-10-16,T-12272,Comida,P-03,4
2024-10-16,T-12912,Cena,P-23,2
2024-10-16,T-13679,Comida,P-20,2
2024-10-16,T-14800,Cena,P-18,2
2024-10-16,T-15046,Cena,P-14,2
2024-10-16,T-15604,Cena,P-25,1
2024-10-16,T-16516,Cena,P-20,1
2024-10-16,T-16620,Cena,P-20,4
2024-10-16,T-16710,Cena,P-03,4
2024-10-16,T-17086,Cena,P-02,2
2024-10-16,T-17846,Comida,P-19,2
2024-10-17,T-11212,Comida,P-07,1
2024-10-17,T-11651,Cena,P-16,2
2024-10-17,T-11711,Cena,P-16,1
2024-10-17,T-11887,Cena,P-11,2
2024-10-17,T-11983,Cena,P-25,2
2024-10-17,T-12086,Cena,P-03,2
2024-10-17,T-12174,Comida,P-06,4
2024-10-17,T-12554,Cena,P-04,2
2024-10-17,T-13342,Cena,P-13,2
2024-10-17,T-13479,Cena,P-14,4
2024-10-17,T-14736,Cena,P-21,1
2024-10-17,T-14879,Cena,P-19,2
2024-10-17,T-14966,Comida,P-02,4
2024-10-17,T-15935,Comida,P-08,4
2024-10-17,T-16414,Cena,P-01,1
2024-10-17,T-17071,Cena,P-09,3
2024-10-18,T-10168,Comida,P-17,2
2024-10-18,T-10325,Cena,P-17,3
2024-10-18,T-10515,Cena,P-10,3
2024-10-18,T-10782,Comida,P-21,1
2024-10-18,T-11281,Cena,P-03,1
2024-10-18,T-11911,Cena,P-22,4
2024-10-18,T-12476,Comida,P-21,4
2024-10-18,T-12665,Cena,P-01,4
2024-10-18,T-12731,Cena,P-06,1
2024-10-18,T-14038,Comida,P-10,3
2024-10-18,T-14169,Cena,P-16,2
2024-10-18,T-14551,Comida,P-14,1
2024-10-18,T-14826,Comida,P-22,1
2024-10-18,T-15282,Cena,P-22,2
2024-10-18,T-15350,Comida,P-14,4
2024-10-18,T-16503,Cena,P-02,1
2024-10-18,T-16547,Comida,P-07,4
2024-10-18,T-16550,Cena,P-09,1
2024-10-18,T-16654,Cena,P-25,3
2024-10-18,T-16803,Comida,P-09,1
2024-10-18,T-17109,Cena,P-25,2
2024-10-18,T-17337,Cena,P-11,4
2024-10-18,T-17493,Comida,P-01,4
2024-10-18,T-17716,Cena,P-04,1
2024-10-19,T-10077,Comida,P-12,2
2024-10-19,T-10510,Cena,P-18,4
2024-10-19,T-11032,Comida,P-02,2
2024-10-19,T-11554,Comida,P-23,3
2024-10-19,T-11884,Comida,P-03,1
2024-10-19,T-11920,Comida,P-08,2
2024-10-19,T-13644,Cena,P-25,2
2024-10-19,T-14582,Cena,P-21,1
2024-10-19,T-15410,Cena,P-09,4
2024-10-19,T-16896,Comida,P-17,4
2024-10-19,T-17001,Comida,P-17,3
2024-10-19,T-17350,Cena,P-03,1
2024-10-20,T-10801,Comida,P-23,3
2024-10-20,T-10890,Cena,P-25,2
2024-10-20,T-11200,Cena,P-15,2
2024-10-20,T-11213,Cena,P-10,3
2024-10-20,T-11276,Cena,P-02,2
2024-10-20,T-11382,Comida,P-01,3
2024-10-20,T-11707,Comida,P-16,1
2024-10-20,T-11895,Comida,P-13,3
2024-10-20,T-12319,Cena,P-19,4
2024-10-20,T-12409,Cena,P-17,2
2024-10-20,T-12980,Cena,P-15,4
2024-10-20,T-13240,Cena,P-06,2
2024-10-20,T-13440,Cena,P-25,3
2024-10-20,T-13855,Comida,P-12,2
2024-10-20,T-14217,Cena,P-10,4
2024-10-20,T-14427,Comida,P-24,2
2024-10-20,T-15181,Cena,P-05,2
2024-10-20,T-15295,Cena,P-11,4
2024-10-20,T-16497,Comida,P-12,4
2024-10-20,T-17075,Cena,P-15,1
2024-10-21,T-10381,Cena,P-02,3
2024-10-21,T-10554,Cena,P-14,3
2024-10-21,T-11117,Cena,P-19,1
2024-10-21,T-11304,Comida,P-06,2
2024-10-21,T-11340,Comida,P-13,3
2024-10-21,T-11541,Comida,P-25,3
2024-10-21,T-12239,Cena,P-24,3
2024-10-21,T-12270,Cena,P-19,4
2024-10-21,T-13595,Cena,P-05,4
2024-10-21,T-13872,Cena,P-20,4
2024-10-21,T-14994,Comida,P-23,3
2024-10-21,T-16207,Comida,P-10,3
2024-10-21,T-16695,Cena,P-19,4
2024-10-21,T-16788,Cena,P-04,1
2024-10-21,T-17004,Cena,P-15,2
2024-10-22,T-10240,Comida,P-06,1
2024-10-22,T-10623,Cena,P-14,2
2024-10-22,T-10977,Cena,P-05,2
2024-10-22,T-10992,Comida,P-16,3
2024-10-22,T-11123,Comida,P-21,2
2024-10-22,T-11549,Cena,P-24,4
2024-10-22,T-12156,Cena,P-03,2
2024-10-22,T-13713,Cena,P-25,1
2024-10-22,T-13966,Cena,P-16,2
2024-10-22,T-15019,Cena,P-10,1
2024-10-22,T-15024,Cena,P-21,2
2024-10-22,T-15032,Cena,P-02,2
2024-10-22,T-15118,Comida,P-15,3
2024-10-22,T-16231,Cena,P-15,1
2024-10-22,T-16421,Cena,P-24,3
2024-10-22,T-16536,Cena,P-08,2
2024-10-22,T-16699,Cena,P-15,2
2024-10-22,T-16992,Cena,P-05,3
2024-10-22,T-17521,Comida,P-04,3
2024-10-22,T-17954,Cena,P-07,3
2024-10-23,T-10270,Cena,P-02,1
2024-10-23,T-10337,Comida,P-06,3
2024-10-23,T-10367,Cena,P-01,3
2024-10-23,T-10580,Cena,P-25,4
2024-10-23,T-10826,Comida,P-20,2
2024-10-23,T-11293,Comida,P-12,3
2024-10-23,T-11651,Comida,P-05,3
2024-10-23,T-11790,Comida,P-02,3
2024-10-23,T-12270,Cena,P-03,4
2024-10-23,T-12639,Cena,P-08,4
2024-10-23,T-12667,Comida,P-18,1
2024-10-23,T-13121,Cena,P-03,3
2024-10-23,T-14511,Cena,P-16,2
2024-10-23,T-15003,Cena,P-06,1
2024-10-23,T-15204,Cena,P-24,1
2024-10-23,T-15459,Cena,P-25,3
2024-10-23,T-15893,Cena,P-08,1
2024-10-23,T-17312,Cena,P-08,3
2024-10-23,T-17380,Cena,P-24,3
2024-10-23,T-17389,Cena,P-07,1
2024-10-23,T-17550,Cena,P-17,4
2024-10-23,T-17672,Comida,P-05,2
2024-10-23,T-17819,Cena,P-20,2
2024-10-23,T-17957,Comida,P-01,2
2024-10-24,T-10507,Cena,P-16,3
2024-10-24,T-10551,Cena,P-14,3
2024-10-24,T-10927,Cena,P-19,2
2024-10-24,T-12669,Comida,P-17,3
2024-10-24,T-12872,Comida,P-18,2
2024-10-24,T-13117,Cena,P-09,2
2024-10-24,T-13847,Cena,P-02,4
2024-10-24,T-14005,Comida,P-24,1
2024-10-24,T-14244,Cena,P-25,1
2024-10-24,T-14799,Cena,P-03,4
2024-10-24,T-14803,Cena,P-24,2
2024-10-24,T-15633,Comida,P-08,4
2024-10-24,T-15686,Cena,P-07,4
2024-10-24,T-16187,Cena,P-16,3
2024-10-24,T-16568,Comida,P-19,2
2024-10-24,T-16654,Comida,P-19,2
2024-10-24,T-16655,Comida,P-01,2
2024-10-24,T-16991,Comida,P-07,3
2024-10-24,T-17215,Comida,P-24,3
2024-10-24,T-17467,Cena,P-12,1
2024-10-25,T-10388,Cena,P-13,1
2024-10-25,T-10830,Cena,P-05,4
2024-10-25,T-11032,Comida,P-22,4
2024-10-25,T-11590,Cena,P-15,2
2024-10-25,T-11630,Cena,P-09,1
2024-10-25,T-11755,Comida,P-24,2
2024-10-25,T-11837,Cena,P-13,2
2024-10-25,T-11961,Cena,P-13,3
2024-10-25,T-12366,Comida,P-25,4
2024-10-25,T-13409,Cena,P-16,1
2024-10-25,T-13869,Cena,P-08,3
2024-10-25,T-13999,Comida,P-03,4
2024-10-25,T-14418,Cena,P-06,4
2024-10-25,T-14453,Cena,P-11,3
2024-10-25,T-14863,Cena,P-14,1
2024-10-25,T-15270,Comida,P-09,4
2024-10-25,T-15497,Cena,P-18,3
2024-10-25,T-15918,Comida,P-02,4
2024-10-25,T-16404,Comida,P-19,2
2024-10-25,T-16584,Cena,P-19,1
2024-10-25,T-16950,Cena,P-19,1
2024-10-25,T-17108,Comida,P-09,2
2024-10-25,T-17337,Cena,P-25,2
2024-10-26,T-10013,Comida,P-04,1
2024-10-26,T-10697,Comida,P-14,3
2024-10-26,T-11266,Cena,P-11,2
2024-10-26,T-11489,Comida,P-21,4
2024-10-26,T-11734,Comida,P-14,1
2024-10-26,T-11742,Comida,P-19,4
2024-10-26,T-12115,Comida,P-17,1
2024-10-26,T-12583,Comida,P-17,1
2024-10-26,T-13884,Comida,P-17,4
2024-10-26,T-14557,Comida,P-01,2
2024-10-26,T-15171,Comida,P-24,1
2024-10-26,T-15474,Comida,P-16,1
2024-10-26,T-15874,Cena,P-12,1
2024-10-26,T-16416,Comida,P-09,1
2024-10-26,T-16638,Comida,P-17,2
2024-10-26,T-16820,Cena,P-01,2
2024-10-26,T-17179,Cena,P-17,4
2024-10-26,T-17541,Cena,P-01,4
2024-10-26,T-17834,Cena,P-01,1
2024-10-26,T-17862,Cena,P-20,2
2024-10-27,T-10300,Comida,P-22,1
2024-10-27,T-10458,Cena,P-14,2
2024-10-27,T-10479,Cena,P-15,3
2024-10-27,T-10832,Comida,P-02,2
2024-10-27,T-11021,Comida,P-25,2
2024-10-27,T-11064,Cena,P-09,3
2024-10-27,T-11236,Cena,P-04,3
2024-10-27,T-12103,Cena,P-14,4
2024-10-27,T-12155,Comida,P-22,2
2024-10-27,T-12350,Cena,P-10,4
2024-10-27,T-12522,Cena,P-25,3
2024-10-27,T-13186,Cena,P-15,4
2024-10-27,T-13509,Cena,P-04,4
2024-10-27,T-13633,Cena,P-12,1
2024-10-27,T-14668,Cena,P-11,2
2024-10-27,T-14712,Cena,P-06,4
2024-10-27,T-15172,Cena,P-24,3
2024-10-27,T-15179,Cena,P-22,3
2024-10-27,T-15423,Cena,P-24,1
2024-10-27,T-16005,Comida,P-07,2
2024-10-27,T-16390,Comida,P-12,4
2024-10-27,T-17090,Comida,P-20,1
2024-10-27,T-17191,Cena,P-22,4
2024-10-27,T-17721,Cena,P-23,4
2024-10-27,T-17849,Cena,P-06,1
2024-10-27,T-17882,Comida,P-08,3
2024-10-28,T-10163,Comida,P-10,4
2024-10-28,T-10225,Cena,P-06,3
2024-10-28,T-10248,Cena,P-04,3
2024-10-28,T-10607,Cena,P-02,1
2024-10-28,T-10868,Cena,P-24,1
2024-10-28,T-11580,Cena,P-05,3
2024-10-28,T-11614,Cena,P-25,2
2024-10-28,T-11659,Cena,P-01,1
2024-10-28,T-11795,Comida,P-05,1
2024-10-28,T-13083,Cena,P-20,3
2024-10-28,T-13164,Comida,P-04,2
2024-10-28,T-13320,Cena,P-21,2
2024-10-28,T-14260,Cena,P-07,1
2024-10-28,T-15539,Comida,P-21,3
2024-10-28,T-16648,Comida,P-24,3
2024-10-28,T-16783,Cena,P-21,1
2024-10-28,T-17373,Cena,P-19,3
2024-10-28,T-17792,Comida,P-06,4
2024-10-28,T-17847,Cena,P-03,3
2024-10-29,T-10266,Cena,P-18,1
2024-10-29,T-11138,Comida,P-14,1
2024-10-29,T-11566,Comida,P-14,4
2024-10-29,T-11593,Comida,P-13,2
2024-10-29,T-11921,Comida,P-24,3
2024-10-29,T-12580,Cena,P-13,3
2024-10-29,T-12710,Cena,P-03,3
2024-10-29,T-12724,Comida,P-17,3
2024-10-29,T-13033,Cena,P-04,3
2024-10-29,T-13606,Cena,P-09,2
2024-10-29,T-14049,Cena,P-17,1
2024-10-29,T-14266,Comida,P-19,4
2024-10-29,T-14973,Comida,P-20,2
2024-10-29,T-15182,Cena,P-09,3
2024-10-29,T-16035,Cena,P-02,2
2024-10-29,T-16465,Cena,P-08,4
2024-10-29,T-16612,Comida,P-20,2
2024-10-29,T-16841,Cena,P-25,3
2024-10-29,T-16959,Comida,P-04,3
2024-10-29,T-16991,Comida,P-11,1
2024-10-29,T-17211,Cena,P-12,4
2024-10-30,T-10036,Comida,P-09,4
2024-10-30,T-10266,Cena,P-06,4
2024-10-30,T-10368,Cena,P-06,4
2024-10-30,T-10537,Cena,P-07,3
2024-10-30,T-10619,Cena,P-02,4
2024-10-30,T-10737,Cena,P-08,1
2024-10-30,T-10771,Cena,P-16,3
2024-10-30,T-11374,Cena,P-23,4
2024-10-30,T-11602,Cena,P-19,2
2024-10-30,T-12339,Cena,P-20,1
2024-10-30,T-12713,Cena,P-01,1
2024-10-30,T-12940,Comida,P-09,3
2024-10-30,T-13130,Comida,P-23,3
2024-10-30,T-13288,Comida,P-20,2
2024-10-30,T-13457,Cena,P-09,1
2024-10-30,T-13724,Comida,P-15,3
2024-10-30,T-15082,Comida,P-10,2
2024-10-30,T-15502,Cena,P-17,1
2024-10-30,T-15613,Comida,P-05,3
2024-10-30,T-15963,Comida,P-14,2
2024-10-30,T-16213,Cena,P-14,2
2024-10-30,T-16709,Cena,P-20,3
2024-10-30,T-16905,Cena,P-11,3
2024-10-30,T-17755,Cena,P-18,3
2024-10-30,T-17897,Cena,P-01,2
2024-10-31,T-10345,Comida,P-18,1
2024-10-31,T-10686,Comida,P-08,4
2024-10-31,T-11344,Cena,P-25,2
2024-10-31,T-11795,Cena,P-16,3
2024-10-31,T-11878,Comida,P-05,4
2024-10-31,T-12681,Cena,P-07,4
2024-10-31,T-13716,Cena,P-07,3
2024-10-31,T-13990,Cena,P-15,3
2024-10-31,T-14651,Comida,P-23,4
2024-10-31,T-16240,Cena,P-22,3
2024-10-31,T-16937,Comida,P-21,1
2024-10-31,T-17047,Comida,P-11,1
2024-10-31,T-17167,Cena,P-10,1
2024-10-31,T-17182,Comida,P-16,1
2024-10-31,T-17380,Cena,P-14,1
2024-10-31,T-17868,Cena,P-24,3
2024-11-01,T-10101,Comida,P-21,3
2024-11-01,T-11095,Comida,P-21,2
2024-11-01,T-11141,Comida,P-05,2
2024-11-01,T-12137,Cena,P-25,4
2024-11-01,T-12307,Cena,P-09,2
2024-11-01,T-12482,Comida,P-01,2
2024-11-01,T-12877,Cena,P-09,2
2024-11-01,T-12905,Cena,P-09,1
2024-11-01,T-13223,Cena,P-11,4
2024-11-01,T-13470,Cena,P-25,4
2024-11-01,T-14494,Comida,P-09,4
2024-11-01,T-15797,Comida,P-03,1
2024-11-01,T-16182,Cena,P-15,2
2024-11-01,T-16398,Cena,P-08,4
2024-11-01,T-16603,Cena,P-11,3
2024-11-01,T-16995,Cena,P-19,3
2024-11-01,T-17272,Cena,P-13,1
2024-11-01,T-17587,Cena,P-03,2
2024-11-01,T-17663,Cena,P-11,2
2024-11-01,T-17871,Comida,P-19,3
2024-11-01,T-17931,Cena,P-18,4
2024-11-01,T-17958,Cena,P-18,2
2024-11-01,T-17991,Comida,P-10,2
2024-11-02,T-10033,Cena,P-22,4
2024-11-02,T-10578,Cena,P-04,1
2024-11-02,T-10583,Comida,P-05,4
2024-11-02,T-11347,Comida,P-24,4
2024-11-02,T-11372,Comida,P-02,3
2024-11-02,T-11474,Comida,P-19,4
2024-11-02,T-12392,Comida,P-18,4
2024-11-02,T-12549,Cena,P-18,2
2024-11-02,T-13024,Cena,P-20,1
2024-11-02,T-13713,Cena,P-17,2
2024-11-02,T-13720,Comida,P-07,3
2024-11-02,T-14035,Comida,P-09,1
2024-11-02,T-14098,Comida,P-12,2
2024-11-02,T-14213,Cena,P-11,2
2024-11-02,T-14603,Comida,P-19,1
2024-11-02,T-14704,Cena,P-20,2
2024-11-02,T-14973,Comida,P-05,2
2024-11-02,T-16028,Cena,P-13,2
2024-11-02,T-16096,Cena,P-14,3
2024-11-02,T-17096,Cena,P-25,1
2024-11-02,T-17466,Cena,P-07,2
2024-11-02,T-17531,Cena,P-08,4
2024-11-02,T-17947,Comida,P-21,4
2024-11-03,T-10265,Comida,P-15,2
2024-11-03,T-10482,Cena,P-20,3
2024-11-03,T-11267,Cena,P-20,1
2024-11-03,T-11779,Comida,P-25,4
2024-11-03,T-11849,Comida,P-22,3
2024-11-03,T-11969,Cena,P-17,1
2024-11-03,T-12407,Cena,P-03,3
2024-11-03,T-12476,Comida,P-02,2
2024-11-03,T-12993,Cena,P-04,3
2024-11-03,T-13722,Cena,P-12,2
2024-11-03,T-13843,Cena,P-23,4
2024-11-03,T-14345,Cena,P-17,1
2024-11-03,T-15288,Cena,P-12,3
2024-11-03,T-15475,Cena,P-19,2
2024-11-03,T-16302,Cena,P-17,2
2024-11-03,T-16751,Cena,P-07,3
2024-11-03,T-16851,Cena,P-15,3
2024-11-03,T-17481,Comida,P-23,1
2024-11-03,T-17621,Comida,P-08,2
2024-11-04,T-10161,Cena,P-11,4
2024-11-04,T-10318,Cena,P-12,4
2024-11-04,T-10495,Cena,P-19,4
2024-11-04,T-10542,Comida,P-11,4
2024-11-04,T-10620,Cena,P-11,2
2024-11-04,T-11579,Comida,P-06,1
2024-11-04,T-11700,Cena,P-12,4
2024-11-04,T-12001,Cena,P-01,4
2024-11-04,T-12135,Cena,P-12,2
2024-11-04,T-12185,Cena,P-06,4
2024-11-04,T-12653,Cena,P-02,4
2024-11-04,T-12860,Cena,P-11,4
2024-11-04,T-13010,Cena,P-12,4
2024-11-04,T-13373,Comida,P-05,1
2024-11-04,T-13446,Cena,P-05,1
2024-11-04,T-13493,Cena,P-23,1
2024-11-04,T-13661,Cena,P-18,1
2024-11-04,T-13915,Cena,P-11,4
2024-11-04,T-14160,Cena,P-03,3
2024-11-04,T-15228,Cena,P-24,2
2024-11-04,T-15786,Cena,P-23,4
2024-11-04,T-16036,Comida,P-13,4
2024-11-04,T-16152,Comida,P-10,3
2024-11-04,T-16336,Comida,P-07,4
2024-11-04,T-16358,Cena,P-11,1
2024-11-04,T-16562,Cena,P-08,2
2024-11-05,T-10051,Cena,P-05,3
2024-11-05,T-10289,Cena,P-11,3
2024-11-05,T-10604,Cena,P-19,2
2024-11-05,T-11110,Comida,P-20,4
2024-11-05,T-12029,Comida,P-23,1
2024-11-05,T-12919,Comida,P-16,2
2024-11-05,T-12949,Cena,P-08,4
2024-11-05,T-13019,Cena,P-11,2
2024-11-05,T-13335,Cena,P-02,3
2024-11-05,T-13352,Comida,P-08,2
2024-11-05,T-13493,Cena,P-24,2
2024-11-05,T-13529,Cena,P-21,4
2024-11-05,T-13693,Comida,P-11,3
2024-11-05,T-14353,Cena,P-06,2
2024-11-05,T-14670,Cena,P-02,2
2024-11-05,T-14889,Cena,P-11,3
2024-11-05,T-14920,Cena,P-12,1
2024-11-05,T-15586,Cena,P-18,1
2024-11-05,T-16049,Cena,P-24,4
2024-11-05,T-16922,Comida,P-24,2
2024-11-05,T-17375,Cena,P-04,3
2024-11-05,T-17580,Comida,P-05,2
2024-11-05,T-17848,Cena,P-03,2
2024-11-05,T-17940,Comida,P-14,4
2024-11-06,T-10118,Cena,P-21,4
2024-11-06,T-10329,Cena,P-25,2
2024-11-06,T-10675,Cena,P-12,1
2024-11-06,T-12093,Comida,P-17,1
2024-11-06,T-12823,Comida,P-02,2
2024-11-06,T-13029,Comida,P-22,3
2024-11-06,T-14105,Cena,P-10,2
2024-11-06,T-16739,Cena,P-06,1
2024-11-06,T-17067,Comida,P-12,4
2024-11-06,T-17152,Cena,P-21,1
2024-11-06,T-17630,Comida,P-17,3
2024-11-07,T-10091,Comida,P-17,2
2024-11-07,T-10552,Cena,P-09,2
2024-11-07,T-11062,Comida,P-18,1
2024-11-07,T-11229,Comida,P-05,4
2024-11-07,T-11443,Cena,P-09,2
2024-11-07,T-12520,Cena,P-14,2
2024-11-07,T-13138,Cena,P-09,4
2024-11-07,T-13459,Comida,P-19,2
2024-11-07,T-13913,Cena,P-12,4
2024-11-07,T-14275,Comida,P-24,2
2024-11-07,T-14461,Cena,P-18,2
2024-11-07,T-14796,Cena,P-07,3
2024-11-07,T-16484,Cena,P-15,3
2024-11-07,T-16529,Cena,P-04,1
2024-11-07,T-16741,Comida,P-18,4
2024-11-07,T-16785,Cena,P-05,1
2024-11-07,T-17780,Comida,P-12,4
2024-11-07,T-17856,Cena,P-16,3
2024-11-07,T-17885,Cena,P-24,2
2024-11-08,T-10175,Cena,P-20,1
2024-11-08,T-10257,Cena,P-22,3
2024-11-08,T-10416,Comida,P-25,3
2024-11-08,T-10730,Comida,P-19,4
2024-11-08,T-11091,Cena,P-15,4
2024-11-08,T-11531,Cena,P-05,3
2024-11-08,T-11642,Comida,P-02,4
2024-11-08,T-11993,Comida,P-03,3
2024-11-08,T-12206,Comida,P-08,2
2024-11-08,T-13423,Comida,P-24,4
2024-11-08,T-13495,Cena,P-21,2
2024-11-08,T-13910,Cena,P-21,4
2024-11-08,T-14140,Comida,P-05,2
2024-11-08,T-14441,Comida,P-18,4
2024-11-08,T-15110,Comida,P-06,1
2024-11-08,T-15212,Comida,P-25,2
2024-11-08,T-15251,Comida,P-06,3
2024-11-08,T-15358,Cena,P-06,2
2024-11-08,T-15452,Comida,P-25,3
2024-11-08,T-15475,Cena,P-07,3
2024-11-08,T-15654,Comida,P-08,1
2024-11-08,T-15947,Cena,P-05,1
2024-11-08,T-15991,Comida,P-02,2
2024-11-08,T-16287,Comida,P-05,2
2024-11-08,T-16409,Cena,P-01,4
2024-11-08,T-16846,Comida,P-03,4
2024-11-08,T-17668,Cena,P-07,2
2024-11-08,T-17764,Comida,P-24,2
2024-11-09,T-10839,Cena,P-09,1
2024-11-09,T-11069,Comida,P-10,1
2024-11-09,T-11628,Comida,P-18,4
2024-11-09,T-11768,Comida,P-04,4
2024-11-09,T-12107,Cena,P-22,1
2024-11-09,T-12142,Cena,P-16,2
2024-11-09,T-12168,Cena,P-06,3
2024-11-09,T-13262,Comida,P-18,2
2024-11-09,T-13524,Cena,P-15,1
2024-11-09,T-13854,Cena,P-06,2
2024-11-09,T-16179,Cena,P-05,4
2024-11-09,T-16733,Cena,P-17,3
2024-11-09,T-16882,Cena,P-16,2
2024-11-09,T-17886,Cena,P-06,2
2024-11-10,T-10880,Cena,P-15,3
2024-11-10,T-11110,Cena,P-16,3
2024-11-10,T-11416,Cena,P-22,1
2024-11-10,T-12346,Cena,P-07,1
2024-11-10,T-13108,Cena,P-06,1
2024-11-10,T-13156,Cena,P-09,4
2024-11-10,T-13897,Cena,P-20,1
2024-11-10,T-14362,Cena,P-19,1
2024-11-10,T-16927,Comida,P-11,3
2024-11-10,T-17101,Cena,P-23,2
2024-11-10,T-17201,Comida,P-19,2
2024-11-10,T-17792,Comida,P-20,1
2024-11-10,T-17900,Comida,P-18,3
2024-11-11,T-10350,Cena,P-10,4
2024-11-11,T-10894,Cena,P-12,4
2024-11-11,T-11619,Cena,P-01,4
2024-11-11,T-11724,Comida,P-06,1
2024-11-11,T-12025,Cena,P-03,3
2024-11-11,T-12517,Comida,P-23,4
2024-11-11,T-13017,Comida,P-14,2
2024-11-11,T-14170,Cena,P-22,4
2024-11-11,T-14770,Comida,P-12,1
2024-11-11,T-15444,Cena,P-20,1
2024-11-11,T-15503,Cena,P-03,1
2024-11-11,T-15703,Cena,P-01,4
2024-11-11,T-15765,Cena,P-18,2
2024-11-11,T-16632,Cena,P-12,4
2024-11-11,T-16986,Comida,P-16,3
2024-11-11,T-17108,Comida,P-13,3
2024-11-11,T-17124,Comida,P-10,2
2024-11-12,T-10473,Comida,P-08,4
2024-11-12,T-11680,Cena,P-05,4
2024-11-12,T-11727,Cena,P-05,2
2024-11-12,T-12844,Cena,P-25,1
2024-11-12,T-13441,Cena,P-20,2
2024-11-12,T-14185,Cena,P-12,1
2024-11-12,T-14208,Comida,P-11,3
2024-11-12,T-14584,Cena,P-04,2
2024-11-12,T-16245,Cena,P-21,2
2024-11-12,T-16889,Cena,P-13,1
2024-11-12,T-16993,Comida,P-10,1
2024-11-13,T-10035,Cena,P-20,3
2024-11-13,T-10299,Cena,P-25,3
2024-11-13,T-10688,Comida,P-05,1
2024-11-13,T-11273,Cena,P-20,1
2024-11-13,T-11852,Cena,P-03,1
2024-11-13,T-11871,Comida,P-21,4
2024-11-13,T-11898,Cena,P-11,4
2024-11-13,T-12140,Cena,P-23,1
2024-11-13,T-12295,Cena,P-20,3
2024-11-13,T-12489,Cena,P-18,2
2024-11-13,T-12897,Comida,P-16,1
2024-11-13,T-13355,Comida,P-25,3
2024-11-13,T-13694,Cena,P-02,2
2024-11-13,T-14411,Comida,P-25,4
2024-11-13,T-14587,Cena,P-03,2
2024-11-13,T-14977,Cena,P-08,4
2024-11-13,T-16163,Cena,P-18,4
2024-11-13,T-16181,Cena,P-11,2
2024-11-13,T-16246,Comida,P-09,4
2024-11-13,T-16596,Comida,P-07,2
2024-11-13,T-16926,Cena,P-11,2
2024-11-13,T-17114,Comida,P-17,1
2024-11-13,T-17222,Cena,P-12,3
2024-11-14,T-10154,Cena,P-13,3
2024-11-14,T-10309,Comida,P-17,1
2024-11-14,T-10329,Cena,P-21,3
2024-11-14,T-10980,Cena,P-10,2
2024-11-14,T-11009,Comida,P-16,3
2024-11-14,T-11907,Cena,P-12,4
2024-11-14,T-12239,Comida,P-15,3
2024-11-14,T-12302,Cena,P-01,1
2024-11-14,T-12379,Comida,P-12,1
2024-11-14,T-12492,Comida,P-14,4
2024-11-14,T-12713,Cena,P-20,3
2024-11-14,T-12917,Cena,P-08,3
2024-11-14,T-13725,Cena,P-04,4
2024-11-14,T-13812,Cena,P-13,2
2024-11-14,T-13822,Cena,P-08,3
2024-11-14,T-14039,Comida,P-02,3
2024-11-14,T-14837,Cena,P-05,4
2024-11-14,T-15697,Comida,P-10,2
2024-11-14,T-16733,Cena,P-09,4
2024-11-14,T-16849,Cena,P-25,4
2024-11-14,T-17025,Cena,P-22,2
2024-11-14,T-17246,Cena,P-19,3
2024-11-14,T-17451,Cena,P-10,1
2024-11-14,T-17647,Cena,P-14,2
2024-11-15,T-11016,Cena,P-09,3
2024-11-15,T-11631,Cena,P-19,1
2024-11-15,T-11979,Cena,P-11,4
2024-11-15,T-12012,Cena,P-09,3
2024-11-15,T-12188,Cena,P-25,2
2024-11-15,T-12765,Cena,P-15,2
2024-11-15,T-12885,Cena,P-09,3
2024-11-15,T-12944,Cena,P-08,4
2024-11-15,T-13066,Cena,P-03,3
2024-11-15,T-13138,Cena,P-05,4
2024-11-15,T-13149,Comida,P-05,3
2024-11-15,T-13460,Cena,P-06,2
2024-11-15,T-13509,Cena,P-06,2
2024-11-15,T-14451,Cena,P-17,4
2024-11-15,T-14768,Comida,P-21,4
2024-11-15,T-16323,Comida,P-14,4
2024-11-16,T-10244,Cena,P-09,3
2024-11-16,T-10606,Cena,P-10,1
2024-11-16,T-10743,Cena,P-16,2
2024-11-16,T-11136,Cena,P-07,1
2024-11-16,T-11541,Cena,P-04,3
2024-11-16,T-12374,Cena,P-13,4
2024-11-16,T-13179,Cena,P-24,4
2024-11-16,T-14122,Comida,P-04,2
2024-11-16,T-14238,Comida,P-13,4
2024-11-16,T-14565,Cena,P-23,2
2024-11-16,T-14677,Comida,P-04,1
2024-11-16,T-15523,Comida,P-02,1
2024-11-16,T-15835,Cena,P-10,3
2024-11-16,T-15962,Comida,P-23,1
2024-11-16,T-16120,Cena,P-13,1
2024-11-16,T-16614,Cena,P-09,1
2024-11-16,T-17221,Cena,P-04,2
2024-11-16,T-17547,Cena,P-03,2
2024-11-17,T-10279,Comida,P-15,1
2024-11-17,T-10571,Comida,P-05,2
2024-11-17,T-10789,Comida,P-04,3
2024-11-17,T-10789,Comida,P-14,3
2024-11-17,T-12039,Cena,P-02,4
2024-11-17,T-12380,Comida,P-12,3
2024-11-17,T-12724,Comida,P-09,4
2024-11-17,T-14396,Cena,P-16,2
2024-11-17,T-15398,Comida,P-24,2
2024-11-17,T-16222,Comida,P-08,2
2024-11-17,T-16347,Comida,P-24,3
2024-11-17,T-16359,Comida,P-18,1
2024-11-17,T-16380,Cena,P-18,3
2024-11-17,T-16600,Cena,P-21,1
2024-11-17,T-17115,Comida,P-18,2
2024-11-17,T-17228,Cena,P-10,1
2024-11-17,T-17537,Cena,P-05,4
2024-11-17,T-17817,Cena,P-18,1
2024-11-18,T-10051,Cena,P-22,4
2024-11-18,T-10207,Comida,P-25,1
2024-11-18,T-11273,Cena,P-18,3
2024-11-18,T-11305,Comida,P-04,4
2024-11-18,T-11639,Cena,P-04,3
2024-11-18,T-11970,Cena,P-24,2
2024-11-18,T-12134,Comida,P-12,3
2024-11-18,T-12965,Comida,P-14,3
2024-11-18,T-13322,Cena,P-16,4
2024-11-18,T-13412,Cena,P-22,3
2024-11-18,T-13649,Cena,P-24,2
2024-11-18,T-13731,Comida,P-09,2
2024-11-18,T-14753,Comida,P-02,3
2024-11-18,T-15074,Cena,P-13,3
2024-11-18,T-15391,Comida,P-07,2
2024-11-18,T-16095,Comida,P-24,2
2024-11-18,T-16152,Cena,P-17,2
2024-11-18,T-16540,Cena,P-22,1
2024-11-18,T-17729,Cena,P-12,2
2024-11-19,T-10377,Cena,P-14,4
2024-11-19,T-10505,Cena,P-25,4
2024-11-19,T-10973,Cena,P-20,2
2024-11-19,T-11078,Comida,P-20,4
2024-11-19,T-11292,Cena,P-01,3
2024-11-19,T-11959,Comida,P-17,4
2024-11-19,T-13578,Cena,P-03,2
2024-11-19,T-13622,Cena,P-15,3
2024-11-19,T-14046,Comida,P-21,4
2024-11-19,T-14413,Cena,P-18,4
2024-11-19,T-16466,Comida,P-02,3
2024-11-19,T-16946,Comida,P-25,2
2024-11-19,T-17632,Cena,P-21,1
2024-11-19,T-17753,Comida,P-14,3
2024-11-20,T-10147,Comida,P-09,2
2024-11-20,T-10275,Cena,P-24,3
2024-11-20,T-10454,Comida,P-05,4
2024-11-20,T-10537,Comida,P-01,3
2024-11-20,T-10613,Comida,P-11,4
2024-11-20,T-10671,Comida,P-07,2
2024-11-20,T-12057,Cena,P-09,1
2024-11-20,T-12810,Comida,P-15,2
2024-11-20,T-13721,Comida,P-11,1
2024-11-20,T-14669,Comida,P-18,3
2024-11-20,T-14832,Comida,P-13,2
2024-11-20,T-15354,Cena,P-15,1
2024-11-20,T-15427,Comida,P-14,2
2024-11-20,T-15439,Cena,P-17,4
2024-11-20,T-15539,Comida,P-06,2
2024-11-20,T-15682,Cena,P-21,4
2024-11-20,T-16082,Cena,P-11,4
2024-11-20,T-16343,Comida,P-12,4
2024-11-20,T-16738,Cena,P-24,3
2024-11-20,T-16977,Cena,P-07,1
2024-11-20,T-17282,Cena,P-17,1
2024-11-20,T-17352,Cena,P-08,3
2024-11-20,T-17378,Cena,P-16,2
2024-11-20,T-17380,Cena,P-06,2
2024-11-20,T-17427,Comida,P-06,4
2024-11-20,T-17593,Cena,P-16,4
2024-11-20,T-17596,Comida,P-25,3
2024-11-21,T-10222,Cena,P-12,4
2024-11-21,T-10588,Cena,P-07,2
2024-11-21,T-10743,Cena,P-10,1
2024-11-21,T-10788,Comida,P-05,3
2024-11-21,T-10898,Comida,P-16,2
2024-11-21,T-11329,Cena,P-10,3
2024-11-21,T-11817,Cena,P-25,2
2024-11-21,T-12155,Cena,P-20,2
2024-11-21,T-12186,Cena,P-20,2
2024-11-21,T-12213,Comida,P-13,4
2024-11-21,T-12394,Comida,P-05,3
2024-11-21,T-12568,Cena,P-20,4
2024-11-21,T-14295,Cena,P-10,4
2024-11-21,T-15491,Cena,P-21,4
2024-11-21,T-15848,Cena,P-22,4
2024-11-21,T-16340,Comida,P-22,4
2024-11-21,T-17141,Comida,P-05,1
2024-11-22,T-10126,Comida,P-18,1
2024-11-22,T-10209,Comida,P-07,3
2024-11-22,T-12621,Comida,P-09,3
2024-11-22,T-13823,Cena,P-06,4
2024-11-22,T-13981,Cena,P-02,2
2024-11-22,T-14213,Cena,P-18,3
2024-11-22,T-14744,Comida,P-21,1
2024-11-22,T-14945,Cena,P-11,2
2024-11-22,T-14966,Cena,P-15,1
2024-11-22,T-15082,Comida,P-02,4
2024-11-22,T-15736,Cena,P-03,2
2024-11-22,T-15799,Cena,P-22,4
2024-11-22,T-16140,Cena,P-11,2
2024-11-22,T-17169,Cena,P-15,4
2024-11-22,T-17256,Comida,P-25,4
2024-11-23,T-10059,Cena,P-19,3
2024-11-23,T-10155,Comida,P-24,2
2024-11-23,T-10376,Cena,P-16,4
2024-11-23,T-12089,Comida,P-17,3
2024-11-23,T-12678,Cena,P-20,2
2024-11-23,T-14486,Comida,P-17,2
2024-11-23,T-14919,Cena,P-09,2
2024-11-23,T-15109,Comida,P-05,4
2024-11-23,T-15485,Cena,P-01,4
2024-11-23,T-15971,Comida,P-12,4
2024-11-23,T-16010,Cena,P-09,2
2024-11-23,T-16044,Cena,P-02,1
2024-11-23,T-16583,Cena,P-05,3
2024-11-23,T-16697,Comida,P-24,1
2024-11-23,T-17001,Comida,P-16,2
2024-11-23,T-17265,Cena,P-07,3
2024-11-23,T-17272,Cena,P-16,3
2024-11-24,T-10410,Cena,P-08,2
2024-11-24,T-10695,Cena,P-23,4
2024-11-24,T-11297,Cena,P-13,2
2024-11-24,T-11527,Comida,P-19,4
2024-11-24,T-11869,Cena,P-01,4
2024-11-24,T-11951,Comida,P-21,1
2024-11-24,T-12710,Comida,P-08,1
2024-11-24,T-12862,Cena,P-04,2
2024-11-24,T-13261,Comida,P-05,4
2024-11-24,T-13631,Comida,P-17,2
2024-11-24,T-14045,Comida,P-22,2
2024-11-24,T-15033,Cena,P-21,2
2024-11-24,T-15294,Cena,P-05,4
2024-11-24,T-15537,Comida,P-13,4
2024-11-24,T-16181,Cena,P-21,2
2024-11-24,T-16708,Cena,P-20,3
2024-11-24,T-16741,Cena,P-18,1
2024-11-24,T-17769,Comida,P-20,4
2024-11-24,T-17868,Cena,P-17,4
2024-11-24,T-17912,Comida,P-22,4
2024-11-24,T-17917,Comida,P-01,4
2024-11-24,T-17958,Comida,P-03,2
2024-11-25,T-10501,Cena,P-11,2
2024-11-25,T-10508,Cena,P-22,4
2024-11-25,T-10734,Comida,P-22,3
2024-11-25,T-12322,Comida,P-05,2
2024-11-25,T-12341,Cena,P-17,3
2024-11-25,T-13219,Cena,P-03,1
2024-11-25,T-13282,Cena,P-18,3
2024-11-25,T-13745,Cena,P-14,2
2024-11-25,T-14284,Cena,P-23,4
2024-11-25,T-15477,Comida,P-09,4
2024-11-25,T-15776,Comida,P-23,1
2024-11-25,T-16287,Comida,P-13,3
2024-11-25,T-16645,Comida,P-01,1
2024-11-25,T-16888,Cena,P-01,2
2024-11-25,T-17530,Cena,P-12,4
2024-11-25,T-17658,Comida,P-01,3
2024-11-26,T-10474,Cena,P-07,3
2024-11-26,T-11801,Comida,P-18,4
2024-11-26,T-12357,Comida,P-18,4
2024-11-26,T-13328,Comida,P-08,1
2024-11-26,T-13416,Cena,P-25,4
2024-11-26,T-13781,Cena,P-18,4
2024-11-26,T-13952,Comida,P-05,4
2024-11-26,T-14158,Comida,P-02,1
2024-11-26,T-14214,Cena,P-05,4
2024-11-26,T-15706,Cena,P-20,2
2024-11-26,T-15830,Cena,P-07,1
2024-11-26,T-16167,Comida,P-01,2
2024-11-26,T-16699,Cena,P-20,1
2024-11-26,T-17026,Cena,P-08,4
2024-11-27,T-10452,Cena,P-09,4
2024-11-27,T-10492,Cena,P-01,1
2024-11-27,T-10702,Comida,P-16,1
2024-11-27,T-12077,Comida,P-03,3
2024-11-27,T-12534,Comida,P-09,3
2024-11-27,T-13158,Cena,P-11,4
2024-11-27,T-13782,Cena,P-01,2
2024-11-27,T-14584,Cena,P-12,3
2024-11-27,T-14957,Comida,P-12,4
2024-11-27,T-14991,Comida,P-10,3
2024-11-27,T-14994,Cena,P-19,4
2024-11-27,T-15653,Cena,P-14,4
2024-11-27,T-16220,Cena,P-12,1
2024-11-27,T-17403,Comida,P-25,3
2024-11-27,T-17439,Cena,P-16,3
2024-11-27,T-17709,Comida,P-08,4
2024-11-27,T-17864,Cena,P-14,1
2024-11-28,T-10323,Comida,P-23,3
2024-11-28,T-12481,Cena,P-02,4
2024-11-28,T-13191,Comida,P-01,3
2024-11-28,T-13198,Cena,P-16,3
2024-11-28,T-13464,Comida,P-21,3
2024-11-28,T-13523,Comida,P-16,3
2024-11-28,T-13739,Comida,P-06,1
2024-11-28,T-15045,Comida,P-10,3
2024-11-28,T-15277,Cena,P-25,3
2024-11-28,T-15834,Comida,P-21,2
2024-11-28,T-15947,Cena,P-07,3
2024-11-28,T-16141,Comida,P-25,1
2024-11-28,T-17392,Comida,P-13,3
2024-11-28,T-17906,Cena,P-23,4
2024-11-29,T-10007,Comida,P-15,4
2024-11-29,T-10933,Comida,P-14,4
2024-11-29,T-11208,Comida,P-01,3
2024-11-29,T-11356,Cena,P-23,3
2024-11-29,T-11395,Cena,P-15,1
2024-11-29,T-11540,Comida,P-24,3
2024-11-29,T-11564,Cena,P-25,4
2024-11-29,T-11789,Cena,P-09,1
2024-11-29,T-11791,Cena,P-11,1
2024-11-29,T-12550,Cena,P-22,1
2024-11-29,T-13625,Comida,P-07,1
2024-11-29,T-14068,Comida,P-14,2
2024-11-29,T-15012,Cena,P-12,1
2024-11-29,T-15099,Comida,P-16,2
2024-11-29,T-15221,Cena,P-10,3
2024-11-29,T-15258,Comida,P-11,4
2024-11-29,T-15549,Cena,P-16,2
2024-11-29,T-15632,Comida,P-21,4
2024-11-29,T-16254,Comida,P-22,1
2024-11-29,T-16507,Comida,P-03,2
2024-11-29,T-16932,Cena,P-24,3
2024-11-29,T-17098,Comida,P-11,1
2024-11-29,T-17111,Cena,P-05,2
2024-11-29,T-17413,Comida,P-25,4
2024-11-30,T-10067,Cena,P-21,4
2024-11-30,T-10650,Comida,P-25,1
2024-11-30,T-10675,Comida,P-13,2
2024-11-30,T-11252,Comida,P-02,4
2024-11-30,T-12219,Comida,P-12,3
2024-11-30,T-12809,Comida,P-06,2
2024-11-30,T-12831,Cena,P-17,2
2024-11-30,T-13234,Cena,P-11,2
2024-11-30,T-13460,Cena,P-06,3
2024-11-30,T-13638,Cena,P-08,3
2024-11-30,T-14207,Comida,P-12,2
2024-11-30,T-14337,Cena,P-18,3
2024-11-30,T-14471,Cena,P-03,1
2024-11-30,T-15099,Comida,P-19,3
2024-11-30,T-15143,Comida,P-09,1
2024-11-30,T-15971,Cena,P-01,4
2024-11-30,T-16548,Cena,P-18,4
2024-11-30,T-16585,Comida,P-08,3
2024-11-30,T-17026,Cena,P-12,2
2024-11-30,T-17256,Comida,P-05,3
2024-11-30,T-17506,Cena,P-04,2
2024-12-01,T-10037,Comida,P-12,3
2024-12-01,T-10160,Cena,P-22,2
2024-12-01,T-10307,Comida,P-15,1
2024-12-01,T-10884,Cena,P-07,2
2024-12-01,T-11084,Cena,P-13,2
2024-12-01,T-11551,Comida,P-13,1
2024-12-01,T-12127,Cena,P-11,2
2024-12-01,T-12239,Cena,P-06,2
2024-12-01,T-12287,Cena,P-10,3
2024-12-01,T-13429,Cena,P-15,2
2024-12-01,T-13480,Cena,P-13,1
2024-12-01,T-14329,Cena,P-04,4
2024-12-01,T-14406,Cena,P-22,4
2024-12-01,T-14477,Cena,P-18,4
2024-12-01,T-14489,Comida,P-09,2
2024-12-01,T-16056,Cena,P-02,2
2024-12-01,T-16292,Comida,P-04,2
2024-12-01,T-16423,Cena,P-14,2
2024-12-01,T-16430,Comida,P-07,2
2024-12-01,T-16648,Cena,P-25,4
2024-12-01,T-16746,Comida,P-24,4
2024-12-01,T-17025,Comida,P-05,1
2024-12-01,T-17170,Cena,P-19,4
2024-12-01,T-17481,Cena,P-24,1
2024-12-01,T-17569,Cena,P-13,1
2024-12-01,T-17684,Comida,P-02,2
2024-12-01,T-17963,Comida,P-13,3
2024-12-02,T-10556,Comida,P-10,1
2024-12-02,T-11031,Comida,P-13,1
2024-12-02,T-11229,Comida,P-17,3
2024-12-02,T-11551,Comida,P-13,3
2024-12-02,T-11735,Cena,P-25,4
2024-12-02,T-11951,Comida,P-01,1
2024-12-02,T-12090,Cena,P-18,3
2024-12-02,T-12500,Cena,P-12,3
2024-12-02,T-12774,Cena,P-19,4
2024-12-02,T-12986,Comida,P-09,3
2024-12-02,T-13055,Cena,P-03,1
2024-12-02,T-13367,Cena,P-08,4
2024-12-02,T-13962,Cena,P-12,4
2024-12-02,T-13992,Comida,P-14,2
2024-12-02,T-14308,Comida,P-17,2
2024-12-02,T-14580,Cena,P-17,1
2024-12-02,T-15331,Cena,P-15,3
2024-12-02,T-15797,Comida,P-04,2
2024-12-02,T-16505,Cena,P-09,2
2024-12-02,T-16739,Cena,P-16,4
2024-12-02,T-16848,Comida,P-24,1
2024-12-02,T-17269,Comida,P-17,3
2024-12-03,T-10509,Comida,P-25,1
2024-12-03,T-10820,Cena,P-12,2
2024-12-03,T-11238,Cena,P-12,3
2024-12-03,T-12014,Comida,P-09,2
2024-12-03,T-14202,Cena,P-08,1
2024-12-03,T-15209,Cena,P-15,2
2024-12-03,T-15247,Cena,P-02,4
2024-12-03,T-15997,Cena,P-11,3
2024-12-03,T-16164,Cena,P-22,2
2024-12-03,T-16331,Comida,P-05,4
2024-12-03,T-16846,Cena,P-18,2
2024-12-03,T-17759,Cena,P-15,2
2024-12-04,T-10008,Cena,P-17,2
2024-12-04,T-10060,Comida,P-25,4
2024-12-04,T-10460,Comida,P-03,4
2024-12-04,T-11957,Cena,P-05,1
2024-12-04,T-12676,Comida,P-19,4
2024-12-04,T-12802,Cena,P-19,3
2024-12-04,T-13992,Comida,P-02,3
2024-12-04,T-14017,Cena,P-06,1
2024-12-04,T-14221,Comida,P-16,1
2024-12-04,T-14964,Cena,P-07,1
2024-12-04,T-15406,Cena,P-03,3
2024-12-04,T-16254,Cena,P-04,4
2024-12-04,T-17108,Comida,P-21,1
2024-12-04,T-17367,Cena,P-12,4
2024-12-05,T-10035,Cena,P-17,1
2024-12-05,T-10147,Comida,P-12,1
2024-12-05,T-10422,Cena,P-08,2
2024-12-05,T-10639,Cena,P-17,4
2024-12-05,T-11245,Cena,P-05,3
2024-12-05,T-11716,Cena,P-18,3
2024-12-05,T-12083,Cena,P-25,4
2024-12-05,T-12598,Cena,P-05,4
2024-12-05,T-12610,Comida,P-08,1
2024-12-05,T-12830,Comida,P-18,1
2024-12-05,T-12968,Cena,P-22,1
2024-12-05,T-13661,Cena,P-16,1
2024-12-05,T-13812,Cena,P-19,2
2024-12-05,T-14123,Cena,P-21,4
2024-12-05,T-14308,Comida,P-06,4
2024-12-05,T-14374,Comida,P-04,4
2024-12-05,T-14439,Comida,P-04,4
2024-12-05,T-14898,Comida,P-06,1
2024-12-05,T-16079,Cena,P-19,1
2024-12-05,T-16622,Cena,P-23,1
2024-12-05,T-16985,Cena,P-12,3
2024-12-05,T-17437,Comida,P-25,2
2024-12-05,T-17916,Cena,P-13,3
2024-12-06,T-10058,Cena,P-07,4
2024-12-06,T-10244,Comida,P-12,4
2024-12-06,T-10586,Comida,P-15,1
2024-12-06,T-10612,Cena,P-10,3
2024-12-06,T-10729,Comida,P-11,1
2024-12-06,T-11120,Comida,P-24,1
2024-12-06,T-11177,Cena,P-18,3
2024-12-06,T-11494,Cena,P-19,4
2024-12-06,T-11592,Cena,P-16,3
2024-12-06,T-11898,Cena,P-11,3
2024-12-06,T-11953,Cena,P-11,1
2024-12-06,T-12264,Cena,P-05,4
2024-12-06,T-12376,Comida,P-12,4
2024-12-06,T-12710,Comida,P-06,4
2024-12-06,T-12768,Comida,P-13,4
2024-12-06,T-12873,Comida,P-15,1
2024-12-06,T-12909,Cena,P-16,3
2024-12-06,T-13145,Cena,P-12,4
2024-12-06,T-13391,Cena,P-20,4
2024-12-06,T-13474,Cena,P-17,1
2024-12-06,T-14285,Cena,P-24,2
2024-12-06,T-14351,Comida,P-16,3
2024-12-06,T-14411,Comida,P-13,3
2024-12-06,T-14451,Cena,P-09,3
2024-12-06,T-14518,Cena,P-08,2
2024-12-06,T-14818,Comida,P-06,4
2024-12-06,T-14899,Comida,P-02,4
2024-12-06,T-15313,Comida,P-07,1
2024-12-06,T-15460,Comida,P-11,1
2024-12-06,T-16376,Cena,P-10,4
2024-12-06,T-16426,Cena,P-25,4
2024-12-06,T-16442,Comida,P-14,4
2024-12-06,T-16968,Comida,P-19,4
2024-12-06,T-16976,Comida,P-22,3
2024-12-06,T-17403,Comida,P-09,4
2024-12-06,T-17589,Cena,P-11,4
2024-12-06,T-17824,Cena,P-06,3
2024-12-07,T-10468,Cena,P-10,3
2024-12-07,T-11129,Cena,P-01,3
2024-12-07,T-11252,Comida,P-17,4
2024-12-07,T-11571,Comida,P-07,1
2024-12-07,T-11787,Comida,P-03,3
2024-12-07,T-11790,Comida,P-07,2
2024-12-07,T-12095,Cena,P-16,3
2024-12-07,T-12171,Comida,P-17,1
2024-12-07,T-13213,Cena,P-23,1
2024-12-07,T-13755,Comida,P-15,1
2024-12-07,T-14098,Comida,P-17,1
2024-12-07,T-14462,Cena,P-16,2
2024-12-07,T-15634,Comida,P-15,4
2024-12-07,T-16719,Cena,P-19,3
2024-12-07,T-16942,Comida,P-08,2
2024-12-07,T-17520,Comida,P-19,3
2024-12-07,T-17745,Comida,P-04,2
2024-12-07,T-17760,Cena,P-07,2
2024-12-07,T-17765,Comida,P-15,2
2024-12-07,T-17920,Cena,P-24,1
2024-12-08,T-10118,Cena,P-10,1
2024-12-08,T-11834,Cena,P-15,3
2024-12-08,T-12098,Comida,P-18,1
2024-12-08,T-12294,Cena,P-15,4
2024-12-08,T-13106,Cena,P-24,3
2024-12-08,T-13858,Cena,P-11,1
2024-12-08,T-14404,Comida,P-09,2
2024-12-08,T-15173,Comida,P-25,2
2024-12-08,T-15893,Cena,P-04,1
2024-12-08,T-16709,Comida,P-03,2
2024-12-08,T-16865,Cena,P-25,2
2024-12-08,T-17133,Cena,P-11,2
2024-12-08,T-17244,Comida,P-12,3
2024-12-08,T-17704,Comida,P-25,3
2024-12-08,T-17854,Comida,P-22,3
2024-12-09,T-10241,Cena,P-05,2
2024-12-09,T-10779,Comida,P-08,2
2024-12-09,T-11010,Cena,P-03,4
2024-12-09,T-11138,Cena,P-08,2
2024-12-09,T-12081,Comida,P-03,2
2024-12-09,T-12330,Cena,P-08,2
2024-12-09,T-12382,Comida,P-01,1
2024-12-09,T-12672,Cena,P-23,4
2024-12-09,T-12816,Cena,P-03,2
2024-12-09,T-12889,Comida,P-20,2
2024-12-09,T-13142,Comida,P-04,4
2024-12-09,T-13259,Comida,P-05,2
2024-12-09,T-13306,Cena,P-17,4
2024-12-09,T-13456,Comida,P-06,2
2024-12-09,T-13822,Cena,P-16,3
2024-12-09,T-13880,Comida,P-03,1
2024-12-09,T-14539,Comida,P-18,1
2024-12-09,T-14591,Comida,P-21,1
2024-12-09,T-14652,Comida,P-12,4
2024-12-09,T-15145,Cena,P-11,1
2024-12-09,T-15209,Cena,P-15,4
2024-12-09,T-15442,Comida,P-02,4
2024-12-09,T-15830,Cena,P-05,1
2024-12-09,T-15979,Cena,P-05,2
2024-12-09,T-16901,Cena,P-10,2
2024-12-10,T-10464,Cena,P-04,4
2024-12-10,T-10516,Comida,P-03,1
2024-12-10,T-10542,Comida,P-07,2
2024-12-10,T-12068,Cena,P-06,4
2024-12-10,T-12185,Cena,P-09,4
2024-12-10,T-12323,Cena,P-12,2
2024-12-10,T-12529,Comida,P-03,2
2024-12-10,T-12716,Cena,P-10,1
2024-12-10,T-13071,Cena,P-19,2
2024-12-10,T-13127,Cena,P-09,4
2024-12-10,T-13365,Comida,P-19,3
2024-12-10,T-13795,Comida,P-12,1
2024-12-10,T-13946,Cena,P-10,1
2024-12-10,T-14104,Comida,P-19,2
2024-12-10,T-14225,Cena,P-23,2
2024-12-10,T-14648,Cena,P-01,2
2024-12-10,T-15360,Cena,P-16,1
2024-12-10,T-15494,Comida,P-16,3
2024-12-10,T-15742,Cena,P-13,4
2024-12-10,T-15799,Cena,P-13,1
2024-12-10,T-16085,Cena,P-03,3
2024-12-10,T-16675,Comida,P-12,2
2024-12-10,T-17428,Comida,P-12,4
2024-12-11,T-10244,Cena,P-13,2
2024-12-11,T-10405,Cena,P-24,2
2024-12-11,T-11177,Comida,P-05,4
2024-12-11,T-11524,Comida,P-13,3
2024-12-11,T-13059,Cena,P-19,2
2024-12-11,T-13161,Cena,P-01,1
2024-12-11,T-13355,Comida,P-19,3
2024-12-11,T-14284,Comida,P-11,3
2024-12-11,T-14457,Cena,P-20,2
2024-12-11,T-15072,Cena,P-24,4
2024-12-11,T-15482,Comida,P-19,4
2024-12-11,T-15542,Cena,P-06,3
2024-12-11,T-16711,Cena,P-18,4
2024-12-12,T-10804,Cena,P-21,4
2024-12-12,T-11058,Cena,P-03,3
2024-12-12,T-11144,Cena,P-21,4
2024-12-12,T-11184,Comida,P-05,2
2024-12-12,T-11458,Cena,P-03,2
2024-12-12,T-11926,Cena,P-06,2
2024-12-12,T-12104,Cena,P-08,2
2024-12-12,T-12483,Cena,P-09,3
2024-12-12,T-12837,Cena,P-22,2
2024-12-12,T-13199,Cena,P-22,3
2024-12-12,T-15486,Cena,P-14,4
2024-12-12,T-16095,Cena,P-09,2
2024-12-12,T-16115,Comida,P-13,1
2024-12-12,T-16495,Cena,P-17,4
2024-12-12,T-16617,Cena,P-12,1
2024-12-12,T-16666,Cena,P-16,3
2024-12-12,T-17035,Comida,P-15,3
2024-12-12,T-17088,Cena,P-04,4
2024-12-12,T-17416,Cena,P-25,1
2024-12-12,T-17571,Comida,P-02,4
2024-12-13,T-10355,Cena,P-09,3
2024-12-13,T-10356,Comida,P-25,2
2024-12-13,T-10635,Cena,P-24,3
2024-12-13,T-10808,Comida,P-01,3
2024-12-13,T-11678,Cena,P-16,3
2024-12-13,T-12353,Cena,P-17,2
2024-12-13,T-12426,Comida,P-20,3
2024-12-13,T-12501,Comida,P-12,4
2024-12-13,T-14152,Cena,P-24,2
2024-12-13,T-14222,Cena,P-01,3
2024-12-13,T-14458,Comida,P-02,2
2024-12-13,T-14811,Comida,P-24,2
2024-12-13,T-14887,Cena,P-04,3
2024-12-13,T-15101,Cena,P-03,3
2024-12-13,T-15365,Cena,P-14,3
2024-12-13,T-15407,Cena,P-13,2
2024-12-13,T-15910,Cena,P-05,3
2024-12-13,T-16128,Cena,P-04,4
2024-12-13,T-17847,Cena,P-13,3
2024-12-14,T-10399,Cena,P-25,1
2024-12-14,T-10430,Cena,P-12,3
2024-12-14,T-11245,Cena,P-01,3
2024-12-14,T-11464,Cena,P-10,4
2024-12-14,T-11812,Cena,P-18,1
2024-12-14,T-13835,Cena,P-22,2
2024-12-14,T-13857,Comida,P-01,2
2024-12-14,T-14328,Cena,P-07,3
2024-12-14,T-14350,Comida,P-07,3
2024-12-14,T-14450,Cena,P-04,2
2024-12-14,T-14791,Comida,P-08,2
2024-12-14,T-14942,Cena,P-16,1
2024-12-14,T-14949,Comida,P-20,1
2024-12-14,T-15665,Comida,P-10,2
2024-12-14,T-16265,Comida,P-20,4
2024-12-14,T-17471,Cena,P-14,1
2024-12-15,T-10682,Comida,P-08,3
2024-12-15,T-11303,Cena,P-06,2
2024-12-15,T-12896,Cena,P-05,1
2024-12-15,T-13792,Comida,P-04,1
2024-12-15,T-14178,Cena,P-20,2
2024-12-15,T-14560,Cena,P-10,2
2024-12-15,T-14699,Cena,P-10,4
2024-12-15,T-14922,Cena,P-20,2
2024-12-15,T-15027,Comida,P-12,2
2024-12-15,T-15240,Cena,P-04,1
2024-12-15,T-15305,Comida,P-15,2
2024-12-15,T-16040,Cena,P-22,4
2024-12-15,T-16375,Comida,P-03,3
2024-12-15,T-16673,Cena,P-14,4
2024-12-15,T-17438,Comida,P-19,3
2024-12-15,T-17531,Cena,P-08,1
2024-12-16,T-10095,Comida,P-10,1
2024-12-16,T-10272,Cena,P-12,3
2024-12-16,T-10607,Cena,P-02,3
2024-12-16,T-10816,Cena,P-16,1
2024-12-16,T-10829,Cena,P-02,1
2024-12-16,T-10984,Comida,P-24,4
2024-12-16,T-11064,Cena,P-08,3
2024-12-16,T-11471,Cena,P-23,2
2024-12-16,T-11810,Comida,P-20,2
2024-12-16,T-12558,Comida,P-19,3
2024-12-16,T-12725,Cena,P-04,4
2024-12-16,T-12745,Comida,P-17,1
2024-12-16,T-12847,Comida,P-18,1
2024-12-16,T-13060,Comida,P-06,4
2024-12-16,T-13133,Cena,P-25,4
2024-12-16,T-13138,Cena,P-20,4
2024-12-16,T-13500,Cena,P-12,2
2024-12-16,T-15075,Cena,P-24,1
2024-12-16,T-15592,Cena,P-25,2
2024-12-16,T-15615,Cena,P-15,1
2024-12-16,T-15719,Cena,P-10,2
2024-12-16,T-15882,Cena,P-20,2
2024-12-16,T-16021,Comida,P-17,4
2024-12-16,T-16324,Cena,P-10,1
2024-12-16,T-17117,Cena,P-25,2
2024-12-16,T-17565,Cena,P-09,4
2024-12-17,T-10364,Cena,P-16,1
2024-12-17,T-10994,Comida,P-02,2
2024-12-17,T-11198,Comida,P-07,1
2024-12-17,T-11304,Cena,P-10,3
2024-12-17,T-11333,Comida,P-13,3
2024-12-17,T-12360,Cena,P-05,1
2024-12-17,T-13752,Cena,P-17,3
2024-12-17,T-14277,Comida,P-21,1
2024-12-17,T-14534,Cena,P-19,1
2024-12-17,T-14689,Cena,P-02,3
2024-12-17,T-14976,Cena,P-08,1
2024-12-17,T-15973,Comida,P-05,2
2024-12-17,T-16463,Comida,P-18,4
2024-12-17,T-16572,Comida,P-11,3
2024-12-17,T-16638,Comida,P-02,3
2024-12-17,T-17306,Comida,P-15,2
2024-12-18,T-10562,Cena,P-25,1
2024-12-18,T-10670,Comida,P-17,1
2024-12-18,T-10687,Comida,P-03,4
2024-12-18,T-12001,Comida,P-09,2
2024-12-18,T-12337,Cena,P-22,1
2024-12-18,T-13881,Comida,P-15,4
2024-12-18,T-14043,Cena,P-20,1
2024-12-18,T-16349,Cena,P-01,2
2024-12-18,T-16499,Cena,P-14,3
2024-12-18,T-16997,Cena,P-18,2
2024-12-18,T-17676,Cena,P-16,3
2024-12-18,T-17840,Comida,P-02,3
2024-12-19,T-10375,Comida,P-09,3
2024-12-19,T-10645,Comida,P-17,4
2024-12-19,T-10691,Cena,P-19,3
2024-12-19,T-10855,Cena,P-04,1
2024-12-19,T-11001,Cena,P-08,2
2024-12-19,T-11716,Cena,P-07,1
2024-12-19,T-11737,Cena,P-07,2
2024-12-19,T-12376,Cena,P-12,1
2024-12-19,T-12711,Comida,P-03,4
2024-12-19,T-12823,Comida,P-11,4
2024-12-19,T-13040,Comida,P-20,3
2024-12-19,T-13486,Cena,P-03,2
2024-12-19,T-13662,Comida,P-04,4
2024-12-19,T-14622,Cena,P-25,1
2024-12-19,T-14695,Comida,P-08,2
2024-12-19,T-15552,Comida,P-05,4
2024-12-19,T-16749,Cena,P-10,1
2024-12-19,T-16929,Comida,P-21,2
2024-12-19,T-17136,Comida,P-10,3
2024-12-19,T-17755,Comida,P-13,4
2024-12-20,T-10219,Cena,P-04,1
2024-12-20,T-11003,Comida,P-15,1
2024-12-20,T-11290,Comida,P-11,2
2024-12-20,T-11306,Comida,P-24,3
2024-12-20,T-11318,Cena,P-20,4
2024-12-20,T-11924,Cena,P-09,2
2024-12-20,T-12261,Comida,P-04,1
2024-12-20,T-12659,Cena,P-14,4
2024-12-20,T-12703,Cena,P-05,2
2024-12-20,T-13192,Cena,P-14,2
2024-12-20,T-13768,Comida,P-03,1
2024-12-20,T-13819,Comida,P-02,3
2024-12-20,T-14176,Cena,P-11,2
2024-12-20,T-14331,Cena,P-09,1
2024-12-20,T-14843,Comida,P-14,3
2024-12-20,T-15228,Cena,P-05,2
2024-12-20,T-15405,Cena,P-04,3
2024-12-20,T-15677,Comida,P-19,4
2024-12-20,T-15800,Comida,P-16,2
2024-12-20,T-16137,Cena,P-03,3
2024-12-20,T-17070,Comida,P-08,1
2024-12-20,T-17680,Comida,P-11,1
2024-12-20,T-17760,Cena,P-05,3
2024-12-21,T-10099,Cena,P-08,4
2024-12-21,T-10307,Comida,P-25,1
2024-12-21,T-10315,Comida,P-18,4
2024-12-21,T-10481,Cena,P-07,3
2024-12-21,T-10700,Comida,P-23,1
2024-12-21,T-10760,Cena,P-17,4
2024-12-21,T-11172,Cena,P-13,1
2024-12-21,T-11727,Cena,P-08,1
2024-12-21,T-12080,Cena,P-25,4
2024-12-21,T-12446,Comida,P-15,1
2024-12-21,T-13420,Cena,P-24,3
2024-12-21,T-13538,Comida,P-13,1
2024-12-21,T-13755,Comida,P-08,2
2024-12-21,T-13869,Cena,P-02,3
2024-12-21,T-14103,Cena,P-21,4
2024-12-21,T-15741,Comida,P-06,3
2024-12-21,T-16042,Cena,P-15,2
2024-12-21,T-16168,Comida,P-02,2
2024-12-21,T-16516,Cena,P-12,3
2024-12-21,T-17049,Comida,P-19,1
2024-12-21,T-17380,Cena,P-20,4
2024-12-21,T-17448,Comida,P-25,2
2024-12-21,T-17565,Comida,P-13,4
2024-12-21,T-17948,Cena,P-07,2
2024-12-22,T-10423,Cena,P-03,2
2024-12-22,T-10502,Cena,P-23,1
2024-12-22,T-10518,Cena,P-10,3
2024-12-22,T-10802,Cena,P-16,3
2024-12-22,T-11116,Cena,P-21,1
2024-12-22,T-12651,Cena,P-22,1
2024-12-22,T-12784,Cena,P-10,1
2024-12-22,T-13228,Cena,P-18,2
2024-12-22,T-13433,Comida,P-21,1
2024-12-22,T-14123,Comida,P-09,3
2024-12-22,T-14165,Comida,P-06,3
2024-12-22,T-14515,Comida,P-09,4
2024-12-22,T-14772,Cena,P-10,3
2024-12-22,T-14960,Comida,P-07,1
2024-12-22,T-15087,Cena,P-19,3
2024-12-22,T-15390,Cena,P-11,1
2024-12-22,T-15540,Comida,P-20,4
2024-12-22,T-17192,Comida,P-05,2
2024-12-22,T-17704,Cena,P-08,2
2024-12-22,T-17939,Comida,P-04,3
2024-12-23,T-11158,Cena,P-13,1
2024-12-23,T-11605,Comida,P-18,3
2024-12-23,T-12189,Cena,P-21,3
2024-12-23,T-12508,Cena,P-14,2
2024-12-23,T-13141,Cena,P-09,3
2024-12-23,T-13330,Cena,P-04,4
2024-12-23,T-13872,Comida,P-10,3
2024-12-23,T-13876,Cena,P-18,3
2024-12-23,T-14743,Cena,P-15,3
2024-12-23,T-14913,Cena,P-15,1
2024-12-23,T-15312,Cena,P-17,1
2024-12-23,T-15723,Cena,P-17,1
2024-12-23,T-16487,Comida,P-17,4
2024-12-23,T-16770,Cena,P-18,3
2024-12-23,T-17159,Cena,P-12,4
2024-12-23,T-17167,Cena,P-16,4
2024-12-23,T-17401,Cena,P-09,1
2024-12-23,T-17823,Cena,P-15,2
2024-12-24,T-10099,Cena,P-04,3
2024-12-24,T-10337,Cena,P-21,2
2024-12-24,T-10743,Comida,P-21,4
2024-12-24,T-10748,Comida,P-25,4
2024-12-24,T-11560,Cena,P-25,1
2024-12-24,T-12310,Comida,P-16,1
2024-12-24,T-13096,Cena,P-23,3
2024-12-24,T-13467,Cena,P-10,3
2024-12-24,T-13908,Cena,P-23,2
2024-12-24,T-15874,Cena,P-21,4
2024-12-24,T-16135,Cena,P-14,2
2024-12-24,T-16212,Cena,P-16,2
2024-12-24,T-16473,Comida,P-09,2
2024-12-24,T-17162,Cena,P-14,1
2024-12-24,T-17357,Comida,P-16,3
2024-12-24,T-17380,Cena,P-19,2
2024-12-24,T-17453,Cena,P-06,3
2024-12-25,T-10019,Cena,P-15,3
2024-12-25,T-10304,Cena,P-08,2
2024-12-25,T-10823,Cena,P-09,4
2024-12-25,T-11426,Cena,P-18,2
2024-12-25,T-11471,Comida,P-01,1
2024-12-25,T-12108,Cena,P-25,3
2024-12-25,T-12291,Cena,P-03,1
2024-12-25,T-13335,Cena,P-04,3
2024-12-25,T-14007,Cena,P-04,1
2024-12-25,T-14150,Cena,P-11,2
2024-12-25,T-14382,Cena,P-01,3
2024-12-25,T-15018,Comida,P-23,4
2024-12-25,T-15105,Cena,P-19,1
2024-12-25,T-15369,Comida,P-05,4
2024-12-25,T-15398,Cena,P-23,2
2024-12-25,T-15665,Comida,P-23,4
2024-12-25,T-15672,Cena,P-16,2
2024-12-25,T-16040,Comida,P-17,4
2024-12-25,T-16613,Comida,P-06,3
2024-12-25,T-16702,Comida,P-04,3
2024-12-25,T-16735,Cena,P-06,4
2024-12-25,T-16827,Cena,P-03,2
2024-12-25,T-16888,Cena,P-15,4
2024-12-25,T-16934,Comida,P-12,1
2024-12-25,T-17046,Comida,P-04,3
2024-12-25,T-17260,Comida,P-05,4
2024-12-25,T-17807,Cena,P-05,1
2024-12-26,T-10665,Comida,P-02,2
2024-12-26,T-10954,Comida,P-09,4
2024-12-26,T-10971,Cena,P-08,2
2024-12-26,T-11040,Cena,P-10,2
2024-12-26,T-11076,Cena,P-17,1
2024-12-26,T-11619,Cena,P-10,2
2024-12-26,T-11628,Cena,P-01,2
2024-12-26,T-11630,Cena,P-16,4
2024-12-26,T-11761,Cena,P-02,2
2024-12-26,T-12056,Comida,P-12,3
2024-12-26,T-12355,Cena,P-23,1
2024-12-26,T-12455,Comida,P-11,1
2024-12-26,T-12560,Cena,P-19,1
2024-12-26,T-13218,Cena,P-01,4
2024-12-26,T-13558,Comida,P-07,2
2024-12-26,T-14102,Cena,P-25,1
2024-12-26,T-14320,Cena,P-25,3
2024-12-26,T-15051,Comida,P-03,1
2024-12-26,T-15212,Cena,P-19,3
2024-12-26,T-15423,Cena,P-04,1
2024-12-26,T-15490,Cena,P-14,2
2024-12-26,T-15775,Cena,P-18,4
2024-12-26,T-15907,Cena,P-11,2
2024-12-26,T-16257,Cena,P-15,1
2024-12-26,T-16498,Comida,P-08,1
2024-12-26,T-16624,Comida,P-23,2
2024-12-26,T-17404,Comida,P-08,3
2024-12-26,T-17523,Cena,P-01,1
2024-12-27,T-10400,Cena,P-18,2
2024-12-27,T-10523,Cena,P-02,2
2024-12-27,T-10861,Comida,P-25,4
2024-12-27,T-11992,Comida,P-15,2
2024-12-27,T-12574,Comida,P-03,1
2024-12-27,T-13183,Comida,P-02,2
2024-12-27,T-14088,Comida,P-02,1
2024-12-27,T-14644,Comida,P-12,4
2024-12-27,T-14762,Cena,P-15,2
2024-12-27,T-15949,Cena,P-18,2
2024-12-27,T-15999,Cena,P-24,1
2024-12-27,T-16398,Cena,P-04,4
2024-12-27,T-16713,Cena,P-21,1
2024-12-27,T-17162,Cena,P-21,4
2024-12-27,T-17323,Comida,P-15,1
2024-12-27,T-17400,Cena,P-10,1
2024-12-27,T-17957,Comida,P-22,4
2024-12-28,T-10304,Comida,P-08,4
2024-12-28,T-10419,Comida,P-19,4
2024-12-28,T-11444,Cena,P-25,4
2024-12-28,T-11904,Cena,P-19,3
2024-12-28,T-12375,Cena,P-12,4
2024-12-28,T-13610,Comida,P-01,4
2024-12-28,T-14035,Comida,P-16,1
2024-12-28,T-14208,Comida,P-16,1
2024-12-28,T-14439,Cena,P-15,4
2024-12-28,T-16530,Cena,P-23,2
2024-12-28,T-17514,Cena,P-15,2
2024-12-28,T-17518,Cena,P-24,1
2024-12-28,T-17736,Comida,P-04,2
2024-12-29,T-10050,Comida,P-13,3
2024-12-29,T-10782,Comida,P-17,1
2024-12-29,T-10870,Cena,P-23,4
2024-12-29,T-11300,Cena,P-10,4
2024-12-29,T-11367,Cena,P-10,4
2024-12-29,T-11486,Cena,P-16,3
2024-12-29,T-12035,Comida,P-02,3
2024-12-29,T-13147,Comida,P-18,3
2024-12-29,T-13287,Comida,P-22,2
2024-12-29,T-13495,Comida,P-15,1
2024-12-29,T-13557,Cena,P-21,3
2024-12-29,T-13557,Comida,P-12,3
2024-12-29,T-13748,Cena,P-06,1
2024-12-29,T-14430,Cena,P-07,1
2024-12-29,T-14657,Cena,P-23,1
2024-12-29,T-15176,Cena,P-25,4
2024-12-29,T-15406,Cena,P-07,2
2024-12-29,T-15908,Comida,P-24,4
2024-12-29,T-15956,Cena,P-21,3
2024-12-29,T-16082,Cena,P-10,4
2024-12-29,T-16239,Cena,P-16,4
2024-12-29,T-16666,Comida,P-13,2
2024-12-29,T-17447,Cena,P-23,1
2024-12-29,T-17799,Comida,P-13,2
2024-12-30,T-10157,Cena,P-09,2
2024-12-30,T-10449,Cena,P-20,4
2024-12-30,T-10554,Cena,P-18,4
2024-12-30,T-10560,Comida,P-07,1
2024-12-30,T-10700,Cena,P-08,3
2024-12-30,T-11142,Cena,P-23,4
2024-12-30,T-11355,Cena,P-17,4
2024-12-30,T-11437,Comida,P-11,1
2024-12-30,T-11765,Cena,P-11,4
2024-12-30,T-12150,Cena,P-22,4
2024-12-30,T-12316,Cena,P-15,2
2024-12-30,T-12325,Cena,P-09,3
2024-12-30,T-12468,Cena,P-05,2
2024-12-30,T-12533,Cena,P-17,4
2024-12-30,T-13053,Cena,P-07,3
2024-12-30,T-13270,Cena,P-05,3
2024-12-30,T-13409,Comida,P-15,3
2024-12-30,T-13521,Cena,P-10,3
2024-12-30,T-14010,Cena,P-13,4
2024-12-30,T-14993,Cena,P-12,1
2024-12-30,T-15223,Cena,P-01,2
2024-12-30,T-15301,Comida,P-21,1
2024-12-30,T-15897,Cena,P-23,3
2024-12-30,T-16071,Cena,P-13,1
2024-12-30,T-16280,Comida,P-17,1
2024-12-30,T-16368,Cena,P-21,1
2024-12-30,T-17024,Comida,P-02,3
2024-12-30,T-17118,Comida,P-02,3
2024-12-30,T-17655,Comida,P-15,1
2024-12-30,T-17891,Cena,P-17,4
2024-12-31,T-10054,Comida,P-04,2
2024-12-31,T-10542,Comida,P-02,3
2024-12-31,T-11524,Comida,P-02,1
2024-12-31,T-11629,Cena,P-17,3
2024-12-31,T-11766,Cena,P-06,2
2024-12-31,T-11881,Cena,P-20,3
2024-12-31,T-12536,Cena,P-07,4
2024-12-31,T-13435,Cena,P-19,2
2024-12-31,T-13836,Cena,P-05,1
2024-12-31,T-14790,Comida,P-15,2
2024-12-31,T-15292,Cena,P-14,3
2024-12-31,T-15753,Cena,P-15,3
2024-12-31,T-16385,Comida,P-01,4
2024-12-31,T-17367,Cena,P-12,1
2024-12-31,T-17612,Cena,P-20,2
2024-12-31,T-17880,Comida,P-24,1
2025-01-01,T-10647,Cena,P-06,4
2025-01-01,T-10854,Comida,P-06,2
2025-01-01,T-10894,Cena,P-21,2
2025-01-01,T-11002,Comida,P-18,4
2025-01-01,T-12518,Cena,P-03,1
2025-01-01,T-13364,Cena,P-02,4
2025-01-01,T-13591,Cena,P-04,3
2025-01-01,T-13942,Cena,P-17,3
2025-01-01,T-14950,Cena,P-24,4
2025-01-01,T-15281,Cena,P-15,3
2025-01-01,T-15677,Comida,P-25,3
2025-01-01,T-15958,Cena,P-17,4
2025-01-01,T-16249,Cena,P-09,2
2025-01-01,T-16710,Comida,P-18,1
2025-01-01,T-16711,Cena,P-06,4
2025-01-01,T-16823,Cena,P-02,4
2025-01-01,T-17546,Cena,P-15,1
2025-01-01,T-17820,Comida,P-19,1
2025-01-02,T-10331,Cena,P-15,3
2025-01-02,T-10394,Cena,P-19,3
2025-01-02,T-10496,Cena,P-06,4
2025-01-02,T-10875,Comida,P-09,3
2025-01-02,T-11109,Cena,P-04,4
2025-01-02,T-11157,Cena,P-11,4
2025-01-02,T-11970,Cena,P-23,1
2025-01-02,T-12744,Comida,P-16,3
2025-01-02,T-12876,Cena,P-06,2
2025-01-02,T-13094,Comida,P-10,2
2025-01-02,T-13867,Comida,P-05,3
2025-01-02,T-14050,Cena,P-10,1
2025-01-02,T-14611,Cena,P-07,4
2025-01-02,T-14719,Comida,P-06,3
2025-01-02,T-15773,Comida,P-08,1
2025-01-02,T-16070,Cena,P-03,2
2025-01-02,T-16313,Cena,P-25,2
2025-01-02,T-17355,Cena,P-18,3
2025-01-02,T-17463,Cena,P-22,1
2025-01-02,T-17473,Cena,P-22,1
2025-01-02,T-17707,Comida,P-10,1
2025-01-02,T-17826,Comida,P-10,2
2025-01-03,T-10057,Comida,P-10,1
2025-01-03,T-10847,Comida,P-09,3
2025-01-03,T-11188,Comida,P-12,2
2025-01-03,T-11255,Cena,P-18,1
2025-01-03,T-11370,Cena,P-24,2
2025-01-03,T-11981,Cena,P-13,4
2025-01-03,T-12015,Comida,P-21,4
2025-01-03,T-12585,Cena,P-07,2
2025-01-03,T-12808,Comida,P-16,3
2025-01-03,T-13136,Cena,P-15,1
2025-01-03,T-13692,Cena,P-24,4
2025-01-03,T-14021,Comida,P-13,3
2025-01-03,T-14130,Comida,P-19,4
2025-01-03,T-14400,Cena,P-05,2
2025-01-03,T-14510,Comida,P-18,2
2025-01-03,T-14765,Cena,P-21,3
2025-01-03,T-14990,Cena,P-23,3
2025-01-03,T-15223,Cena,P-03,3
2025-01-03,T-15393,Comida,P-09,4
2025-01-03,T-15756,Cena,P-24,4
2025-01-04,T-10340,Cena,P-25,4
2025-01-04,T-10412,Comida,P-03,4
2025-01-04,T-12188,Cena,P-23,3
2025-01-04,T-13107,Comida,P-15,2
2025-01-04,T-13149,Cena,P-21,1
2025-01-04,T-13402,Cena,P-17,1
2025-01-04,T-14012,Comida,P-01,2
2025-01-04,T-14408,Cena,P-07,2
2025-01-04,T-14621,Comida,P-15,1
2025-01-04,T-14771,Cena,P-07,2
2025-01-04,T-15386,Comida,P-14,4
2025-01-04,T-15704,Comida,P-02,1
2025-01-05,T-10762,Cena,P-16,1
2025-01-05,T-11030,Cena,P-12,3
2025-01-05,T-11173,Comida,P-01,2
2025-01-05,T-11650,Comida,P-15,1
2025-01-05,T-11671,Cena,P-15,1
2025-01-05,T-11839,Cena,P-18,3
2025-01-05,T-11977,Cena,P-12,4
2025-01-05,T-12449,Comida,P-20,3
2025-01-05,T-12712,Cena,P-11,2
2025-01-05,T-13047,Comida,P-18,1
2025-01-05,T-13485,Cena,P-16,2
2025-01-05,T-13490,Cena,P-13,4
2025-01-05,T-13640,Cena,P-08,2
2025-01-05,T-13761,Cena,P-20,4
2025-01-05,T-13940,Comida,P-24,3
2025-01-05,T-13961,Comida,P-16,1
2025-01-05,T-14216,Cena,P-22,2
2025-01-05,T-14936,Cena,P-24,3
2025-01-05,T-16611,Comida,P-09,2
2025-01-05,T-17510,Cena,P-16,1
2025-01-05,T-17610,Comida,P-16,3
2025-01-06,T-10017,Comida,P-13,2
2025-01-06,T-10453,Comida,P-22,3
2025-01-06,T-10720,Cena,P-06,3
2025-01-06,T-10727,Comida,P-15,3
2025-01-06,T-11042,Cena,P-18,1
2025-01-06,T-11706,Cena,P-06,4
2025-01-06,T-11921,Comida,P-13,1
2025-01-06,T-12998,Cena,P-21,3
2025-01-06,T-13067,Comida,P-03,3
2025-01-06,T-13433,Comida,P-13,2
2025-01-06,T-13458,Cena,P-05,3
2025-01-06,T-13489,Cena,P-25,4
2025-01-06,T-14739,Cena,P-06,3
2025-01-06,T-14976,Cena,P-13,1
2025-01-06,T-15126,Cena,P-02,4
2025-01-06,T-15773,Cena,P-03,2
2025-01-06,T-15835,Cena,P-15,2
2025-01-06,T-16158,Cena,P-18,3
2025-01-06,T-16383,Cena,P-18,2
2025-01-06,T-17089,Cena,P-04,2
2025-01-06,T-17097,Comida,P-09,4
2025-01-06,T-17266,Cena,P-14,3
2025-01-06,T-17869,Comida,P-21,1
2025-01-07,T-10047,Comida,P-20,2
2025-01-07,T-10261,Cena,P-16,2
2025-01-07,T-10470,Comida,P-03,1
2025-01-07,T-10591,Cena,P-06,2
2025-01-07,T-10719,Cena,P-22,2
2025-01-07,T-10806,Cena,P-09,1
2025-01-07,T-11583,Cena,P-09,3
2025-01-07,T-12598,Cena,P-12,4
2025-01-07,T-14138,Comida,P-13,1
2025-01-07,T-14152,Cena,P-21,2
2025-01-07,T-14791,Cena,P-20,3
2025-01-07,T-14849,Comida,P-21,4
2025-01-07,T-15104,Comida,P-10,3
2025-01-07,T-15152,Cena,P-24,3
2025-01-07,T-15634,Comida,P-13,1
2025-01-07,T-15819,Comida,P-22,3
2025-01-07,T-16009,Comida,P-21,2
2025-01-07,T-16473,Comida,P-05,1
2025-01-07,T-16503,Comida,P-08,3
2025-01-07,T-16636,Comida,P-20,4
2025-01-07,T-16705,Comida,P-13,1
2025-01-07,T-16892,Comida,P-15,2
2025-01-07,T-17788,Cena,P-01,3
2025-01-07,T-17808,Cena,P-01,4
2025-01-07,T-17897,Cena,P-08,1
2025-01-07,T-17943,Cena,P-01,4
2025-01-08,T-10496,Cena,P-20,2
2025-01-08,T-11632,Cena,P-07,3
2025-01-08,T-13601,Comida,P-21,2
2025-01-08,T-14967,Cena,P-23,4
2025-01-08,T-14985,Comida,P-06,1
2025-01-08,T-15314,Cena,P-01,2
2025-01-08,T-15530,Cena,P-18,3
2025-01-08,T-15618,Comida,P-07,3
2025-01-08,T-15627,Comida,P-14,1
2025-01-08,T-16045,Comida,P-09,2
2025-01-08,T-16106,Cena,P-12,4
2025-01-08,T-16285,Cena,P-04,1
2025-01-08,T-16354,Comida,P-03,3
2025-01-08,T-16476,Comida,P-24,2
2025-01-08,T-16970,Comida,P-14,4
2025-01-08,T-17155,Comida,P-10,4
2025-01-08,T-17305,Cena,P-12,1
2025-01-08,T-17557,Comida,P-09,1
2025-01-09,T-10402,Comida,P-03,1
2025-01-09,T-10588,Cena,P-10,1
2025-01-09,T-10992,Cena,P-14,2
2025-01-09,T-11757,Cena,P-01,3
2025-01-09,T-11891,Comida,P-24,2
2025-01-09,T-12068,Cena,P-18,3
2025-01-09,T-12070,Cena,P-06,1
2025-01-09,T-13302,Cena,P-06,4
2025-01-09,T-13432,Cena,P-10,1
2025-01-09,T-13601,Comida,P-20,2
2025-01-09,T-14334,Cena,P-06,2
2025-01-09,T-14515,Cena,P-09,4
2025-01-09,T-14719,Comida,P-22,4
2025-01-09,T-14796,Comida,P-01,4
2025-01-09,T-14857,Cena,P-24,1
2025-01-09,T-15332,Cena,P-07,2
2025-01-09,T-15957,Comida,P-12,2
2025-01-09,T-16150,Comida,P-18,1
2025-01-09,T-16194,Comida,P-17,4
2025-01-09,T-17278,Comida,P-24,1
2025-01-09,T-17638,Cena,P-04,3
2025-01-09,T-17742,Cena,P-13,2
2025-01-10,T-10233,Comida,P-06,1
2025-01-10,T-10606,Cena,P-10,4
2025-01-10,T-11297,Comida,P-18,3
2025-01-10,T-11318,Cena,P-05,1
2025-01-10,T-11469,Cena,P-07,4
2025-01-10,T-11794,Cena,P-16,2
2025-01-10,T-11872,Comida,P-24,3
2025-01-10,T-11875,Cena,P-15,1
2025-01-10,T-12173,Comida,P-09,4
2025-01-10,T-12181,Comida,P-23,2
2025-01-10,T-12646,Cena,P-23,4
2025-01-10,T-14139,Cena,P-16,1
2025-01-10,T-15418,Cena,P-14,2
2025-01-10,T-15696,Cena,P-06,3
2025-01-10,T-15936,Comida,P-01,2
2025-01-10,T-16233,Cena,P-08,4
2025-01-10,T-16401,Comida,P-19,3
2025-01-10,T-17705,Comida,P-06,1
2025-01-10,T-17791,Comida,P-13,3
2025-01-11,T-12157,Cena,P-12,2
2025-01-11,T-13109,Comida,P-08,3
2025-01-11,T-13398,Cena,P-22,3
2025-01-11,T-13503,Cena,P-20,1
2025-01-11,T-14139,Cena,P-09,2
2025-01-11,T-14883,Comida,P-25,1
2025-01-11,T-14937,Cena,P-14,3
2025-01-11,T-14949,Comida,P-19,4
2025-01-11,T-14975,Cena,P-25,1
2025-01-11,T-15006,Comida,P-20,3
2025-01-11,T-15315,Cena,P-18,1
2025-01-11,T-15398,Comida,P-20,3
2025-01-11,T-15518,Cena,P-02,4
2025-01-11,T-16002,Cena,P-13,4
2025-01-11,T-16012,Cena,P-18,3
2025-01-11,T-16393,Comida,P-19,3
2025-01-11,T-17010,Comida,P-03,3
2025-01-11,T-17712,Cena,P-10,2
2025-01-12,T-11269,Cena,P-25,3
2025-01-12,T-11472,Comida,P-20,4
2025-01-12,T-12423,Comida,P-22,4
2025-01-12,T-12678,Cena,P-22,1
2025-01-12,T-13205,Cena,P-03,4
2025-01-12,T-14252,Cena,P-12,4
2025-01-12,T-14375,Cena,P-19,1
2025-01-12,T-14704,Cena,P-03,1
2025-01-12,T-15247,Cena,P-18,1
2025-01-12,T-15751,Cena,P-07,2
2025-01-12,T-17035,Comida,P-20,1
2025-01-12,T-17191,Cena,P-19,1
2025-01-12,T-17273,Comida,P-04,3
2025-01-12,T-17775,Cena,P-20,1
2025-01-12,T-17997,Cena,P-08,1
2025-01-13,T-10627,Comida,P-24,4
2025-01-13,T-10677,Cena,P-16,2
2025-01-13,T-10842,Cena,P-24,3
2025-01-13,T-10994,Comida,P-13,2
2025-01-13,T-11113,Comida,P-18,3
2025-01-13,T-11304,Cena,P-24,2
2025-01-13,T-12100,Cena,P-20,3
2025-01-13,T-12522,Cena,P-24,2
2025-01-13,T-12565,Cena,P-07,2
2025-01-13,T-12679,Cena,P-23,1
2025-01-13,T-13109,Comida,P-21,4
2025-01-13,T-13341,Cena,P-17,3
2025-01-13,T-13635,Comida,P-06,2
2025-01-13,T-13853,Comida,P-01,2
2025-01-13,T-14837,Cena,P-05,2
2025-01-13,T-14879,Cena,P-16,1
2025-01-13,T-15138,Cena,P-15,4
2025-01-13,T-15170,Cena,P-03,4
2025-01-13,T-15299,Cena,P-11,3
2025-01-13,T-15386,Cena,P-09,3
2025-01-13,T-16415,Cena,P-12,2
2025-01-13,T-16503,Comida,P-11,1
2025-01-13,T-16992,Comida,P-07,1
2025-01-13,T-17619,Comida,P-18,3
2025-01-14,T-10129,Cena,P-09,4
2025-01-14,T-10545,Cena,P-18,1
2025-01-14,T-10587,Cena,P-04,1
2025-01-14,T-11048,Comida,P-19,3
2025-01-14,T-11359,Comida,P-21,2
2025-01-14,T-11507,Comida,P-24,4
2025-01-14,T-11579,Cena,P-14,1
2025-01-14,T-11608,Comida,P-19,3
2025-01-14,T-12391,Cena,P-05,2
2025-01-14,T-12601,Cena,P-04,2
2025-01-14,T-13505,Cena,P-17,1
2025-01-14,T-13815,Comida,P-25,1
2025-01-14,T-14174,Comida,P-25,3
2025-01-14,T-14354,Cena,P-20,2
2025-01-14,T-14504,Comida,P-21,3
2025-01-14,T-14801,Cena,P-08,2
2025-01-14,T-15324,Cena,P-15,3
2025-01-14,T-15352,Cena,P-15,1
2025-01-14,T-16156,Cena,P-25,2
2025-01-14,T-16901,Cena,P-03,4
2025-01-14,T-17357,Comida,P-15,4
2025-01-15,T-10076,Cena,P-05,4
2025-01-15,T-10207,Comida,P-06,2
2025-01-15,T-10271,Comida,P-17,2
2025-01-15,T-12172,Cena,P-04,1
2025-01-15,T-12220,Cena,P-21,4
2025-01-15,T-12348,Cena,P-17,1
2025-01-15,T-13102,Cena,P-24,4
2025-01-15,T-13583,Cena,P-17,2
2025-01-15,T-13607,Cena,P-24,3
2025-01-15,T-13676,Cena,P-17,3
2025-01-15,T-15084,Cena,P-10,1
2025-01-15,T-15457,Cena,P-11,2
2025-01-15,T-15645,Cena,P-23,2
2025-01-15,T-16940,Cena,P-12,3
2025-01-15,T-17324,Cena,P-03,1
2025-01-15,T-17524,Cena,P-19,3
2025-01-15,T-17882,Comida,P-11,3
2025-01-16,T-10345,Comida,P-08,4
2025-01-16,T-10640,Cena,P-15,3
2025-01-16,T-10916,Comida,P-13,2
2025-01-16,T-11253,Comida,P-24,4
2025-01-16,T-11620,Cena,P-20,4
2025-01-16,T-11670,Comida,P-17,3
2025-01-16,T-11998,Cena,P-23,3
2025-01-16,T-12325,Comida,P-04,1
2025-01-16,T-12805,Cena,P-10,3
2025-01-16,T-13200,Comida,P-25,4
2025-01-16,T-13428,Cena,P-16,1
2025-01-16,T-13949,Cena,P-17,1
2025-01-16,T-14199,Cena,P-20,4
2025-01-16,T-14289,Cena,P-21,4
2025-01-16,T-14450,Cena,P-06,4
2025-01-16,T-14510,Comida,P-01,4
2025-01-16,T-14668,Cena,P-23,3
2025-01-16,T-14846,Cena,P-19,2
2025-01-16,T-14896,Cena,P-05,4
2025-01-16,T-15930,Comida,P-12,4
2025-01-17,T-10197,Cena,P-22,1
2025-01-17,T-10322,Cena,P-01,2
2025-01-17,T-10550,Comida,P-16,3
2025-01-17,T-10673,Comida,P-16,1
2025-01-17,T-11070,Cena,P-19,3
2025-01-17,T-11355,Comida,P-06,2
2025-01-17,T-11606,Cena,P-05,4
2025-01-17,T-11638,Comida,P-21,3
2025-01-17,T-11658,Cena,P-21,3
2025-01-17,T-12697,Cena,P-01,3
2025-01-17,T-13347,Cena,P-18,2
2025-01-17,T-14716,Cena,P-09,1
2025-01-17,T-14997,Cena,P-25,2
2025-01-17,T-16164,Cena,P-11,2
2025-01-17,T-16304,Cena,P-25,3
2025-01-17,T-16401,Cena,P-18,2
2025-01-17,T-16906,Cena,P-18,1
2025-01-17,T-17306,Comida,P-11,3
2025-01-18,T-10984,Comida,P-08,3
2025-01-18,T-11190,Comida,P-07,4
2025-01-18,T-11241,Cena,P-23,1
2025-01-18,T-11332,Cena,P-06,3
2025-01-18,T-12457,Cena,P-16,3
2025-01-18,T-12551,Comida,P-21,3
2025-01-18,T-13229,Cena,P-19,2
2025-01-18,T-13497,Cena,P-20,4
2025-01-18,T-14035,Cena,P-23,3
2025-01-18,T-14108,Cena,P-01,3
2025-01-18,T-14340,Cena,P-15,4
2025-01-18,T-15347,Comida,P-04,3
2025-01-18,T-16643,Cena,P-25,4
2025-01-18,T-16657,Cena,P-04,2
2025-01-18,T-17245,Cena,P-04,1
2025-01-18,T-17612,Comida,P-11,4
2025-01-18,T-17800,Cena,P-14,3
2025-01-19,T-10057,Cena,P-08,2
2025-01-19,T-10411,Cena,P-25,4
2025-01-19,T-10448,Cena,P-12,1
2025-01-19,T-11006,Cena,P-07,4
2025-01-19,T-11375,Cena,P-19,1
2025-01-19,T-12372,Comida,P-16,3
2025-01-19,T-12819,Comida,P-17,2
2025-01-19,T-13092,Comida,P-25,2
2025-01-19,T-13536,Cena,P-04,1
2025-01-19,T-13563,Cena,P-12,3
2025-01-19,T-14050,Cena,P-24,4
2025-01-19,T-15101,Cena,P-15,1
2025-01-19,T-15167,Cena,P-06,4
2025-01-19,T-16367,Comida,P-21,4
2025-01-19,T-16462,Comida,P-07,3
2025-01-19,T-16814,Cena,P-16,1
2025-01-19,T-16834,Cena,P-17,1
2025-01-19,T-17188,Cena,P-03,3
2025-01-20,T-10247,Cena,P-16,2
2025-01-20,T-10439,Cena,P-15,1
2025-01-20,T-10946,Cena,P-06,3
2025-01-20,T-11124,Comida,P-01,1
2025-01-20,T-11617,Cena,P-16,4
2025-01-20,T-12661,Cena,P-24,2
2025-01-20,T-13096,Cena,P-17,2
2025-01-20,T-13793,Cena,P-20,4
2025-01-20,T-14414,Cena,P-10,1
2025-01-20,T-14596,Comida,P-11,1
2025-01-20,T-15653,Cena,P-13,4
2025-01-20,T-15971,Cena,P-11,2
2025-01-20,T-16123,Cena,P-13,2
2025-01-20,T-16424,Cena,P-23,4
2025-01-20,T-16688,Cena,P-20,1
2025-01-20,T-17057,Cena,P-23,2
2025-01-20,T-17298,Cena,P-13,4
2025-01-20,T-17437,Comida,P-24,4
2025-01-20,T-17449,Cena,P-23,2
2025-01-20,T-17723,Cena,P-05,2
2025-01-21,T-10132,Cena,P-23,1
2025-01-21,T-10158,Comida,P-25,4
2025-01-21,T-10437,Cena,P-08,2
2025-01-21,T-11949,Cena,P-09,1
2025-01-21,T-12857,Comida,P-22,2
2025-01-21,T-12940,Comida,P-07,2
2025-01-21,T-13062,Cena,P-05,3
2025-01-21,T-13295,Comida,P-06,4
2025-01-21,T-14401,Comida,P-24,1
2025-01-21,T-14700,Comida,P-14,1
2025-01-21,T-14764,Cena,P-01,1
2025-01-21,T-14820,Comida,P-15,2
2025-01-21,T-14957,Cena,P-01,2
2025-01-21,T-15691,Comida,P-21,4
2025-01-21,T-16102,Cena,P-15,3
2025-01-21,T-16654,Cena,P-24,2
2025-01-21,T-17012,Cena,P-21,1
2025-01-21,T-17200,Comida,P-25,2
2025-01-21,T-17422,Comida,P-20,1
2025-01-21,T-17677,Cena,P-17,1
2025-01-21,T-17790,Comida,P-24,1
2025-01-21,T-17867,Cena,P-15,2
2025-01-22,T-10331,Cena,P-11,4
2025-01-22,T-10425,Comida,P-05,1
2025-01-22,T-10581,Cena,P-04,1
2025-01-22,T-10601,Cena,P-06,2
2025-01-22,T-10643,Cena,P-03,4
2025-01-22,T-11044,Cena,P-11,4
2025-01-22,T-11088,Comida,P-02,2
2025-01-22,T-11375,Cena,P-23,3
2025-01-22,T-12215,Comida,P-19,3
2025-01-22,T-13187,Comida,P-10,4
2025-01-22,T-13387,Cena,P-24,1
2025-01-22,T-13614,Cena,P-21,3
2025-01-22,T-14847,Comida,P-09,2
2025-01-22,T-15020,Cena,P-05,1
2025-01-22,T-15034,Comida,P-23,3
2025-01-22,T-15118,Comida,P-24,3
2025-01-22,T-15333,Cena,P-21,4
2025-01-22,T-15348,Cena,P-17,2
2025-01-22,T-16296,Comida,P-19,3
2025-01-22,T-16596,Comida,P-13,1
2025-01-22,T-16605,Cena,P-17,2
2025-01-22,T-17265,Cena,P-18,3
2025-01-23,T-10929,Cena,P-19,2
2025-01-23,T-10965,Cena,P-02,4
2025-01-23,T-11236,Cena,P-15,2
2025-01-23,T-12075,Comida,P-24,3
2025-01-23,T-12083,Cena,P-05,1
2025-01-23,T-12698,Comida,P-20,2
2025-01-23,T-12912,Cena,P-20,4
2025-01-23,T-13524,Cena,P-17,4
2025-01-23,T-13791,Cena,P-14,4
2025-01-23,T-15281,Cena,P-22,2
2025-01-23,T-15316,Comida,P-19,3
2025-01-23,T-15995,Cena,P-16,1
2025-01-23,T-16611,Comida,P-16,3
2025-01-23,T-16894,Comida,P-18,1
2025-01-23,T-17199,Cena,P-24,1
2025-01-23,T-17298,Cena,P-07,4
2025-01-24,T-10491,Comida,P-07,4
2025-01-24,T-10756,Comida,P-13,1
2025-01-24,T-10756,Comida,P-15,1
2025-01-24,T-11491,Comida,P-08,1
2025-01-24,T-11685,Cena,P-19,4
2025-01-24,T-12834,Comida,P-20,3
2025-01-24,T-12937,Cena,P-20,1
2025-01-24,T-13159,Comida,P-11,1
2025-01-24,T-13179,Comida,P-01,4
2025-01-24,T-13425,Comida,P-15,4
2025-01-24,T-13675,Comida,P-09,3
2025-01-24,T-14787,Cena,P-22,3
2025-01-24,T-14940,Cena,P-16,4
2025-01-24,T-15230,Cena,P-16,4
2025-01-24,T-15491,Comida,P-01,2
2025-01-24,T-16459,Cena,P-15,1
2025-01-24,T-16558,Comida,P-18,3
2025-01-24,T-17667,Comida,P-23,1
2025-01-25,T-11862,Cena,P-10,1
2025-01-25,T-12526,Cena,P-05,1
2025-01-25,T-13253,Comida,P-15,2
2025-01-25,T-14305,Cena,P-08,1
2025-01-25,T-15031,Cena,P-20,2
2025-01-25,T-15264,Comida,P-20,3
2025-01-25,T-15889,Comida,P-12,3
2025-01-25,T-16512,Cena,P-22,4
2025-01-25,T-16663,Cena,P-06,3
2025-01-25,T-16741,Cena,P-22,2
2025-01-25,T-17041,Comida,P-21,4
2025-01-25,T-17085,Comida,P-22,2
2025-01-25,T-17382,Cena,P-05,3
2025-01-25,T-17673,Cena,P-07,3
2025-01-26,T-10020,Cena,P-04,4
2025-01-26,T-10040,Cena,P-07,2
2025-01-26,T-10346,Comida,P-25,3
2025-01-26,T-10378,Cena,P-14,4
2025-01-26,T-11321,Comida,P-12,2
2025-01-26,T-12387,Cena,P-09,2
2025-01-26,T-12518,Cena,P-16,2
2025-01-26,T-12669,Cena,P-24,2
2025-01-26,T-12854,Cena,P-25,3
2025-01-26,T-14335,Cena,P-03,3
2025-01-26,T-14564,Cena,P-01,4
2025-01-26,T-14867,Cena,P-01,4
2025-01-26,T-14885,Comida,P-03,4
2025-01-26,T-15293,Cena,P-01,3
2025-01-26,T-16289,Comida,P-04,3
2025-01-26,T-16738,Cena,P-08,4
2025-01-26,T-16991,Comida,P-08,2
2025-01-26,T-17830,Comida,P-02,2
2025-01-27,T-10665,Cena,P-20,1
2025-01-27,T-10722,Comida,P-01,1
2025-01-27,T-11389,Comida,P-23,1
2025-01-27,T-11448,Cena,P-19,2
2025-01-27,T-11656,Cena,P-11,3
2025-01-27,T-12526,Cena,P-09,2
2025-01-27,T-12759,Comida,P-21,2
2025-01-27,T-12948,Cena,P-21,1
2025-01-27,T-13076,Cena,P-19,3
2025-01-27,T-13818,Comida,P-11,1
2025-01-27,T-14006,Cena,P-12,4
2025-01-27,T-14198,Cena,P-24,4
2025-01-27,T-14906,Cena,P-17,4
2025-01-27,T-15389,Comida,P-08,3
2025-01-27,T-15516,Comida,P-20,2
2025-01-27,T-16332,Cena,P-01,1
2025-01-27,T-16368,Comida,P-25,2
2025-01-27,T-16389,Cena,P-22,1
2025-01-27,T-16629,Comida,P-10,1
2025-01-27,T-17156,Cena,P-11,4
2025-01-27,T-17329,Cena,P-08,2
2025-01-28,T-10275,Cena,P-11,4
2025-01-28,T-10554,Cena,P-21,2
2025-01-28,T-10567,Cena,P-06,1
2025-01-28,T-10918,Cena,P-16,4
2025-01-28,T-10964,Comida,P-20,3
2025-01-28,T-11366,Comida,P-25,4
2025-01-28,T-11789,Cena,P-10,2
2025-01-28,T-11795,Comida,P-22,3
2025-01-28,T-12525,Cena,P-17,2
2025-01-28,T-12540,Comida,P-02,2
2025-01-28,T-13217,Cena,P-25,4
2025-01-28,T-14854,Cena,P-25,4
2025-01-28,T-15002,Cena,P-17,1
2025-01-28,T-15688,Cena,P-03,1
2025-01-28,T-15928,Cena,P-12,2
2025-01-28,T-16317,Comida,P-16,2
2025-01-28,T-16420,Cena,P-15,3
2025-01-28,T-17747,Comida,P-19,3
2025-01-29,T-10898,Cena,P-19,3
2025-01-29,T-11310,Cena,P-12,4
2025-01-29,T-11468,Comida,P-23,4
2025-01-29,T-11594,Cena,P-13,4
2025-01-29,T-11843,Comida,P-14,1
2025-01-29,T-11861,Comida,P-10,1
2025-01-29,T-12253,Cena,P-10,2
2025-01-29,T-12471,Cena,P-10,1
2025-01-29,T-13121,Cena,P-01,4
2025-01-29,T-13514,Comida,P-22,2
2025-01-29,T-13550,Cena,P-22,1
2025-01-29,T-13680,Cena,P-22,1
2025-01-29,T-13776,Comida,P-21,4
2025-01-29,T-13874,Cena,P-11,3
2025-01-29,T-13880,Comida,P-04,2
2025-01-29,T-14277,Cena,P-23,3
2025-01-29,T-14443,Comida,P-21,1
2025-01-29,T-14692,Cena,P-05,2
2025-01-29,T-14767,Cena,P-06,3
2025-01-29,T-14978,Cena,P-08,2
2025-01-29,T-14980,Cena,P-10,3
2025-01-29,T-15939,Cena,P-16,2
2025-01-29,T-17099,Cena,P-04,3
2025-01-29,T-17471,Comida,P-14,1
2025-01-29,T-17551,Cena,P-03,4
2025-01-29,T-17572,Cena,P-24,3
2025-01-29,T-17866,Comida,P-11,4
2025-01-30,T-10991,Cena,P-12,3
2025-01-30,T-11275,Comida,P-01,3
2025-01-30,T-11308,Comida,P-08,4
2025-01-30,T-12011,Cena,P-22,4
2025-01-30,T-12274,Cena,P-07,1
2025-01-30,T-12888,Cena,P-21,4
2025-01-30,T-13391,Comida,P-18,2
2025-01-30,T-13547,Comida,P-05,1
2025-01-30,T-14296,Comida,P-23,3
2025-01-30,T-14490,Cena,P-09,2
2025-01-30,T-14818,Comida,P-13,3
2025-01-30,T-14839,Comida,P-18,3
2025-01-30,T-15008,Cena,P-23,1
2025-01-30,T-15732,Cena,P-06,1
2025-01-30,T-16133,Cena,P-20,1
2025-01-30,T-16483,Cena,P-22,4
2025-01-30,T-17343,Comida,P-18,3
2025-01-30,T-17744,Cena,P-19,1
2025-01-30,T-17818,Cena,P-02,2
2025-01-31,T-10667,Cena,P-03,2
2025-01-31,T-11271,Cena,P-20,2
2025-01-31,T-11737,Comida,P-13,3
2025-01-31,T-11758,Comida,P-15,2
2025-01-31,T-11956,Cena,P-13,3
2025-01-31,T-11976,Comida,P-21,1
2025-01-31,T-12076,Cena,P-07,3
2025-01-31,T-12232,Cena,P-10,3
2025-01-31,T-12897,Comida,P-24,2
2025-01-31,T-12954,Comida,P-18,2
2025-01-31,T-13090,Comida,P-14,3
2025-01-31,T-13279,Cena,P-11,4
2025-01-31,T-13387,Comida,P-02,4
2025-01-31,T-13805,Cena,P-13,4
2025-01-31,T-14173,Cena,P-12,3
2025-01-31,T-14612,Cena,P-10,2
2025-01-31,T-14646,Comida,P-17,3
2025-01-31,T-14788,Comida,P-12,3
2025-01-31,T-15674,Cena,P-21,4
2025-01-31,T-15882,Cena,P-16,2
2025-01-31,T-16155,Comida,P-09,1
2025-01-31,T-16240,Comida,P-12,3
2025-01-31,T-16920,Cena,P-04,4
2025-01-31,T-17431,Cena,P-08,3
2025-02-01,T-10309,Comida,P-11,1
2025-02-01,T-10538,Cena,P-20,2
2025-02-01,T-11022,Comida,P-17,3
2025-02-01,T-11130,Cena,P-06,4
2025-02-01,T-11847,Comida,P-01,2
2025-02-01,T-11991,Comida,P-23,2
2025-02-01,T-12463,Cena,P-18,4
2025-02-01,T-12772,Cena,P-17,2
2025-02-01,T-12818,Cena,P-08,1
2025-02-01,T-13305,Comida,P-12,1
2025-02-01,T-13396,Comida,P-04,4
2025-02-01,T-13622,Cena,P-18,4
2025-02-01,T-14025,Cena,P-04,2
2025-02-01,T-15021,Cena,P-15,4
2025-02-01,T-15075,Cena,P-22,2
2025-02-01,T-15098,Comida,P-10,3
2025-02-01,T-15714,Cena,P-07,3
2025-02-01,T-16312,Comida,P-19,2
2025-02-01,T-16982,Cena,P-09,4
2025-02-01,T-17158,Comida,P-24,3
2025-02-01,T-17206,Comida,P-17,1
2025-02-01,T-17218,Cena,P-13,1
2025-02-01,T-17736,Comida,P-09,2
2025-02-01,T-17920,Cena,P-17,4
2025-02-02,T-10294,Comida,P-21,4
2025-02-02,T-10356,Comida,P-04,3
2025-02-02,T-10732,Cena,P-21,4
2025-02-02,T-10780,Comida,P-02,4
2025-02-02,T-10824,Cena,P-16,4
2025-02-02,T-10967,Cena,P-01,2
2025-02-02,T-11136,Cena,P-05,2
2025-02-02,T-11532,Cena,P-03,1
2025-02-02,T-11738,Cena,P-24,2
2025-02-02,T-12679,Cena,P-04,4
2025-02-02,T-14219,Cena,P-07,4
2025-02-02,T-14427,Comida,P-10,1
2025-02-02,T-14755,Comida,P-14,2
2025-02-02,T-14831,Cena,P-19,2
2025-02-02,T-14892,Comida,P-11,1
2025-02-02,T-15312,Cena,P-15,1
2025-02-02,T-15475,Cena,P-25,1
2025-02-02,T-15804,Cena,P-09,3
2025-02-02,T-15842,Cena,P-22,1
2025-02-02,T-17464,Comida,P-05,2
2025-02-03,T-10249,Cena,P-19,3
2025-02-03,T-10398,Comida,P-14,3
2025-02-03,T-10894,Comida,P-15,3
2025-02-03,T-11377,Cena,P-11,1
2025-02-03,T-11432,Cena,P-11,4
2025-02-03,T-11698,Cena,P-23,4
2025-02-03,T-12239,Cena,P-04,2
2025-02-03,T-13590,Cena,P-07,4
2025-02-03,T-13913,Cena,P-24,3
2025-02-03,T-14335,Cena,P-24,3
2025-02-03,T-14518,Comida,P-25,1
2025-02-03,T-15578,Comida,P-15,2
2025-02-03,T-16417,Comida,P-24,1
2025-02-03,T-16754,Comida,P-20,4
2025-02-03,T-17319,Cena,P-11,1
2025-02-03,T-17897,Cena,P-07,2
2025-02-04,T-10392,Comida,P-04,2
2025-02-04,T-10584,Cena,P-23,2
2025-02-04,T-10858,Comida,P-16,1
2025-02-04,T-11332,Cena,P-02,2
2025-02-04,T-11338,Cena,P-03,3
2025-02-04,T-11700,Comida,P-20,2
2025-02-04,T-12704,Cena,P-10,1
2025-02-04,T-13048,Cena,P-06,1
2025-02-04,T-13174,Comida,P-03,3
2025-02-04,T-13808,Cena,P-23,4
2025-02-04,T-13885,Cena,P-25,4
2025-02-04,T-13952,Comida,P-23,1
2025-02-04,T-14051,Cena,P-09,3
2025-02-04,T-14608,Cena,P-24,1
2025-02-04,T-14822,Cena,P-14,3
2025-02-04,T-15063,Comida,P-22,3
2025-02-04,T-15338,Comida,P-05,4
2025-02-04,T-15540,Comida,P-17,1
2025-02-04,T-15579,Cena,P-05,2
2025-02-04,T-15957,Comida,P-12,4
2025-02-04,T-16253,Comida,P-24,2
2025-02-04,T-16362,Cena,P-03,2
2025-02-04,T-16625,Cena,P-02,2
2025-02-04,T-16929,Comida,P-21,4
2025-02-04,T-17051,Comida,P-19,2
2025-02-04,T-17683,Comida,P-18,1
2025-02-04,T-17842,Comida,P-01,2
2025-02-05,T-10377,Cena,P-17,2
2025-02-05,T-10964,Comida,P-07,4
2025-02-05,T-11299,Cena,P-09,2
2025-02-05,T-11390,Comida,P-10,2
2025-02-05,T-11575,Cena,P-03,3
2025-02-05,T-11771,Cena,P-18,4
2025-02-05,T-12163,Cena,P-15,1
2025-02-05,T-12424,Cena,P-24,2
2025-02-05,T-13200,Comida,P-21,1
2025-02-05,T-13372,Comida,P-06,2
2025-02-05,T-13382,Cena,P-19,1
2025-02-05,T-13715,Cena,P-25,2
2025-02-05,T-13917,Cena,P-10,2
2025-02-05,T-13926,Cena,P-04,1
2025-02-05,T-15179,Comida,P-14,4
2025-02-05,T-15859,Comida,P-23,3
2025-02-05,T-15977,Comida,P-05,2
2025-02-05,T-16016,Cena,P-13,3
2025-02-05,T-16155,Comida,P-06,3
2025-02-05,T-16501,Cena,P-12,3
2025-02-05,T-16598,Comida,P-18,1
2025-02-05,T-16856,Comida,P-25,3
2025-02-05,T-17738,Cena,P-19,4
2025-02-05,T-17846,Cena,P-18,3
2025-02-06,T-10028,Comida,P-17,4
2025-02-06,T-10268,Comida,P-15,3
2025-02-06,T-10343,Cena,P-11,1
2025-02-06,T-11376,Comida,P-14,3
2025-02-06,T-11590,Cena,P-07,4
2025-02-06,T-11691,Comida,P-21,4
2025-02-06,T-11819,Comida,P-16,4
2025-02-06,T-11840,Comida,P-03,3
2025-02-06,T-12111,Cena,P-01,1
2025-02-06,T-12380,Cena,P-15,3
2025-02-06,T-12434,Comida,P-10,1
2025-02-06,T-12938,Comida,P-21,2
2025-02-06,T-13060,Cena,P-21,1
2025-02-06,T-13863,Cena,P-08,4
2025-02-06,T-14082,Cena,P-13,1
2025-02-06,T-14211,Comida,P-04,1
2025-02-06,T-14358,Comida,P-05,1
2025-02-06,T-14453,Cena,P-16,4
2025-02-06,T-15776,Comida,P-14,2
2025-02-06,T-15973,Comida,P-25,1
2025-02-06,T-16067,Cena,P-06,2
2025-02-06,T-16171,Cena,P-22,1
2025-02-06,T-17136,Cena,P-07,3
2025-02-06,T-17140,Comida,P-21,4
2025-02-07,T-10060,Comida,P-13,2
2025-02-07,T-10135,Comida,P-13,3
2025-02-07,T-10796,Comida,P-01,3
2025-02-07,T-10847,Cena,P-21,1
2025-02-07,T-10951,Cena,P-18,2
2025-02-07,T-11186,Cena,P-23,4
2025-02-07,T-11439,Comida,P-16,3
2025-02-07,T-11458,Comida,P-02,1
2025-02-07,T-11893,Cena,P-15,4
2025-02-07,T-12436,Cena,P-25,4
2025-02-07,T-12885,Cena,P-16,3
2025-02-07,T-13299,Cena,P-10,4
2025-02-07,T-13553,Cena,P-19,2
2025-02-07,T-13760,Cena,P-04,4
2025-02-07,T-14119,Comida,P-03,4
2025-02-07,T-14147,Cena,P-13,2
2025-02-07,T-14675,Cena,P-11,3
2025-02-07,T-14863,Comida,P-19,2
2025-02-07,T-15239,Cena,P-12,2
2025-02-07,T-15701,Cena,P-03,4
2025-02-07,T-15883,Comida,P-12,4
2025-02-07,T-17531,Cena,P-23,1
2025-02-07,T-17663,Comida,P-22,2
2025-02-08,T-10429,Comida,P-18,3
2025-02-08,T-11224,Cena,P-25,3
2025-02-08,T-11410,Cena,P-21,1
2025-02-08,T-11685,Cena,P-21,1
2025-02-08,T-13874,Cena,P-06,4
2025-02-08,T-14153,Comida,P-24,4
2025-02-08,T-14984,Comida,P-02,3
2025-02-08,T-15368,Cena,P-07,1
2025-02-08,T-15410,Cena,P-23,2
2025-02-08,T-17950,Cena,P-20,1
2025-02-09,T-10059,Cena,P-22,3
2025-02-09,T-10150,Comida,P-19,2
2025-02-09,T-11028,Comida,P-03,2
2025-02-09,T-11208,Comida,P-05,1
2025-02-09,T-11480,Cena,P-18,3
2025-02-09,T-12890,Comida,P-14,3
2025-02-09,T-13127,Cena,P-24,4
2025-02-09,T-13307,Cena,P-02,2
2025-02-09,T-13442,Comida,P-18,2
2025-02-09,T-13599,Cena,P-19,3
2025-02-09,T-13862,Cena,P-25,2
2025-02-09,T-14140,Comida,P-25,3
2025-02-09,T-14325,Comida,P-16,1
2025-02-09,T-14478,Cena,P-18,2
2025-02-09,T-15294,Cena,P-11,2
2025-02-09,T-16009,Cena,P-21,4
2025-02-09,T-17625,Cena,P-17,4
2025-02-10,T-10086,Comida,P-08,1
2025-02-10,T-10282,Cena,P-02,4
2025-02-10,T-10458,Comida,P-04,4
2025-02-10,T-10589,Cena,P-18,3
2025-02-10,T-10719,Cena,P-12,2
2025-02-10,T-11015,Comida,P-14,1
2025-02-10,T-12206,Comida,P-09,4
2025-02-10,T-12435,Comida,P-22,1
2025-02-10,T-13064,Cena,P-20,1
2025-02-10,T-13423,Comida,P-13,2
2025-02-10,T-13907,Cena,P-01,4
2025-02-10,T-14106,Comida,P-08,4
2025-02-10,T-14501,Cena,P-07,4
2025-02-10,T-14598,Cena,P-05,4
2025-02-10,T-14956,Comida,P-10,2
2025-02-10,T-15339,Comida,P-20,2
2025-02-10,T-15628,Comida,P-03,1
2025-02-10,T-16181,Cena,P-23,3
2025-02-10,T-16247,Comida,P-09,2
2025-02-10,T-16684,Cena,P-13,4
2025-02-10,T-16778,Cena,P-01,1
2025-02-10,T-16867,Cena,P-04,2
2025-02-10,T-17576,Cena,P-20,3
2025-02-10,T-17705,Comida,P-21,4
2025-02-10,T-17744,Cena,P-20,2
2025-02-10,T-17973,Cena,P-16,2
2025-02-11,T-11386,Comida,P-17,1
2025-02-11,T-11542,Cena,P-11,2
2025-02-11,T-11910,Comida,P-01,2
2025-02-11,T-12039,Cena,P-17,2
2025-02-11,T-12088,Comida,P-08,2
2025-02-11,T-12655,Cena,P-21,3
2025-02-11,T-13161,Comida,P-17,1
2025-02-11,T-13294,Cena,P-05,3
2025-02-11,T-14255,Cena,P-03,4
2025-02-11,T-14489,Comida,P-17,4
2025-02-11,T-15262,Cena,P-11,2
2025-02-11,T-15327,Cena,P-22,4
2025-02-11,T-15507,Cena,P-17,4
2025-02-11,T-15678,Cena,P-16,1
2025-02-11,T-15972,Comida,P-16,2
2025-02-11,T-16144,Comida,P-17,4
2025-02-11,T-16254,Comida,P-12,3
2025-02-11,T-16284,Cena,P-16,1
2025-02-11,T-16443,Comida,P-07,3
2025-02-11,T-16497,Comida,P-10,2
2025-02-11,T-17444,Cena,P-09,2
2025-02-11,T-17535,Comida,P-16,3
2025-02-11,T-17877,Comida,P-01,3
2025-02-12,T-10254,Cena,P-06,2
2025-02-12,T-10449,Cena,P-22,1
2025-02-12,T-10517,Cena,P-05,3
2025-02-12,T-10786,Comida,P-05,3
2025-02-12,T-10865,Cena,P-25,2
2025-02-12,T-11221,Cena,P-13,1
2025-02-12,T-11334,Cena,P-04,2
2025-02-12,T-11840,Cena,P-15,3
2025-02-12,T-11854,Cena,P-20,2
2025-02-12,T-12276,Cena,P-08,1
2025-02-12,T-12308,Comida,P-23,3
2025-02-12,T-12685,Comida,P-25,3
2025-02-12,T-13939,Cena,P-15,1
2025-02-12,T-14162,Cena,P-22,2
2025-02-12,T-14926,Comida,P-25,1
2025-02-12,T-16346,Cena,P-12,4
2025-02-12,T-16448,Cena,P-01,3
2025-02-13,T-10363,Cena,P-09,2
2025-02-13,T-10639,Cena,P-07,3
2025-02-13,T-10693,Comida,P-18,4
2025-02-13,T-10775,Comida,P-07,2
2025-02-13,T-10986,Cena,P-15,1
2025-02-13,T-11048,Cena,P-09,4
2025-02-13,T-11943,Cena,P-12,2
2025-02-13,T-12557,Cena,P-02,3
2025-02-13,T-12921,Cena,P-07,3
2025-02-13,T-13412,Cena,P-21,4
2025-02-13,T-13433,Cena,P-01,3
2025-02-13,T-13991,Comida,P-17,3
2025-02-13,T-14118,Cena,P-18,4
2025-02-13,T-14224,Cena,P-13,4
2025-02-13,T-14515,Cena,P-19,3
2025-02-13,T-14790,Cena,P-15,1
2025-02-13,T-14863,Cena,P-18,3
2025-02-13,T-14877,Cena,P-02,3
2025-02-13,T-15185,Cena,P-14,4
2025-02-13,T-15293,Cena,P-14,3
2025-02-13,T-15327,Comida,P-17,3
2025-02-13,T-15452,Cena,P-06,3
2025-02-13,T-16246,Comida,P-11,2
2025-02-13,T-16631,Cena,P-06,3
2025-02-13,T-16858,Comida,P-11,2
2025-02-13,T-17266,Comida,P-13,3
2025-02-14,T-10440,Comida,P-08,1
2025-02-14,T-10650,Comida,P-09,4
2025-02-14,T-11305,Cena,P-18,1
2025-02-14,T-11439,Cena,P-07,1
2025-02-14,T-12173,Cena,P-25,2
2025-02-14,T-14553,Cena,P-05,3
2025-02-14,T-14623,Cena,P-10,3
2025-02-14,T-15763,Cena,P-24,1
2025-02-14,T-17125,Comida,P-20,1
2025-02-14,T-17530,Comida,P-23,3
2025-02-14,T-17762,Cena,P-22,2
2025-02-15,T-10457,Comida,P-02,4
2025-02-15,T-10527,Cena,P-04,3
2025-02-15,T-10721,Cena,P-24,3
2025-02-15,T-10947,Cena,P-09,3
2025-02-15,T-11288,Comida,P-21,1
2025-02-15,T-12142,Cena,P-25,2
2025-02-15,T-12276,Cena,P-14,2
2025-02-15,T-12366,Cena,P-14,4
2025-02-15,T-12530,Cena,P-25,1
2025-02-15,T-13038,Cena,P-19,3
2025-02-15,T-13062,Comida,P-05,4
2025-02-15,T-13213,Cena,P-18,4
2025-02-15,T-14643,Comida,P-20,2
2025-02-15,T-15088,Cena,P-02,1
2025-02-15,T-15119,Cena,P-16,4
2025-02-15,T-15131,Comida,P-06,3
2025-02-15,T-15408,Cena,P-23,4
2025-02-15,T-15533,Cena,P-18,4
2025-02-15,T-16033,Comida,P-20,3
2025-02-15,T-17295,Comida,P-16,3
2025-02-16,T-10053,Comida,P-06,2
2025-02-16,T-10408,Comida,P-21,3
2025-02-16,T-10457,Cena,P-07,2
2025-02-16,T-11142,Comida,P-02,2
2025-02-16,T-11670,Comida,P-12,3
2025-02-16,T-11790,Comida,P-24,3
2025-02-16,T-12296,Cena,P-17,3
2025-02-16,T-13440,Cena,P-23,3
2025-02-16,T-15243,Comida,P-22,2
2025-02-16,T-15312,Comida,P-24,1
2025-02-16,T-16016,Cena,P-25,3
2025-02-16,T-16248,Cena,P-06,2
2025-02-16,T-16798,Cena,P-14,4
2025-02-16,T-17344,Cena,P-03,1
2025-02-16,T-17547,Cena,P-24,1
2025-02-16,T-17740,Comida,P-02,4
2025-02-17,T-10348,Cena,P-20,3
2025-02-17,T-12359,Comida,P-16,1
2025-02-17,T-12908,Comida,P-14,3
2025-02-17,T-12918,Comida,P-03,1
2025-02-17,T-13727,Cena,P-10,1
2025-02-17,T-13964,Cena,P-06,2
2025-02-17,T-15079,Comida,P-19,2
2025-02-17,T-15160,Cena,P-24,1
2025-02-17,T-15173,Comida,P-01,4
2025-02-17,T-15484,Comida,P-24,2
2025-02-17,T-15490,Cena,P-08,3
2025-02-17,T-15596,Comida,P-03,3
2025-02-17,T-15882,Cena,P-22,2
2025-02-17,T-15907,Cena,P-11,1
2025-02-17,T-16678,Cena,P-14,1
2025-02-17,T-16799,Cena,P-19,4
2025-02-17,T-17448,Comida,P-11,3
2025-02-17,T-17506,Cena,P-24,1
2025-02-18,T-10575,Cena,P-24,4
2025-02-18,T-10744,Comida,P-04,3
2025-02-18,T-11191,Cena,P-05,4
2025-02-18,T-11807,Comida,P-14,1
2025-02-18,T-11890,Comida,P-14,2
2025-02-18,T-12075,Comida,P-25,4
2025-02-18,T-12317,Comida,P-17,1
2025-02-18,T-12380,Cena,P-25,2
2025-02-18,T-12421,Cena,P-23,3
2025-02-18,T-12802,Cena,P-23,1
2025-02-18,T-13131,Cena,P-05,3
2025-02-18,T-14498,Cena,P-05,1
2025-02-18,T-14678,Cena,P-03,4
2025-02-18,T-14870,Cena,P-05,1
2025-02-18,T-17452,Comida,P-01,2
2025-02-18,T-17611,Cena,P-04,4
2025-02-19,T-10205,Cena,P-07,3
2025-02-19,T-10956,Cena,P-11,2
2025-02-19,T-11182,Cena,P-03,3
2025-02-19,T-11487,Cena,P-16,1
2025-02-19,T-12108,Comida,P-03,3
2025-02-19,T-12924,Cena,P-21,3
2025-02-19,T-13061,Comida,P-20,1
2025-02-19,T-13259,Comida,P-13,3
2025-02-19,T-13578,Comida,P-18,1
2025-02-19,T-13701,Comida,P-22,3
2025-02-19,T-13951,Cena,P-22,1
2025-02-19,T-13970,Comida,P-20,4
2025-02-19,T-14089,Cena,P-23,3
2025-02-19,T-14090,Cena,P-05,1
2025-02-19,T-14260,Cena,P-04,3
2025-02-19,T-14318,Comida,P-14,2
2025-02-19,T-15364,Comida,P-01,2
2025-02-19,T-15617,Comida,P-01,1
2025-02-19,T-16048,Comida,P-14,4
2025-02-19,T-16082,Comida,P-13,3
2025-02-19,T-16335,Comida,P-25,2
2025-02-19,T-16803,Comida,P-07,4
2025-02-19,T-16930,Cena,P-02,3
2025-02-19,T-16996,Cena,P-14,1
2025-02-19,T-17076,Comida,P-25,3
2025-02-20,T-10180,Comida,P-22,2
2025-02-20,T-10343,Comida,P-13,2
2025-02-20,T-12812,Cena,P-20,4
2025-02-20,T-12930,Cena,P-16,1
2025-02-20,T-13040,Cena,P-10,2
2025-02-20,T-13060,Cena,P-14,3
2025-02-20,T-13411,Cena,P-14,2
2025-02-20,T-13660,Comida,P-19,2
2025-02-20,T-13975,Cena,P-13,4
2025-02-20,T-14931,Comida,P-04,1
2025-02-20,T-15174,Cena,P-09,3
2025-02-20,T-15262,Comida,P-05,2
2025-02-20,T-16436,Cena,P-18,2
2025-02-20,T-17733,Comida,P-14,2
2025-02-21,T-10399,Comida,P-21,1
2025-02-21,T-10991,Cena,P-12,3
2025-02-21,T-10992,Cena,P-24,3
2025-02-21,T-11057,Cena,P-24,4
2025-02-21,T-12127,Comida,P-05,3
2025-02-21,T-13059,Cena,P-18,3
2025-02-21,T-13374,Comida,P-25,1
2025-02-21,T-13525,Comida,P-25,4
2025-02-21,T-14291,Cena,P-18,2
2025-02-21,T-14494,Cena,P-10,4
2025-02-21,T-14763,Cena,P-16,1
2025-02-21,T-15497,Cena,P-17,4
2025-02-21,T-15682,Cena,P-21,4
2025-02-21,T-15988,Comida,P-16,3
2025-02-21,T-16195,Cena,P-03,2
2025-02-21,T-16465,Cena,P-07,1
2025-02-21,T-16911,Cena,P-23,1
2025-02-21,T-17292,Comida,P-22,2
2025-02-21,T-17651,Cena,P-08,4
2025-02-22,T-10601,Cena,P-05,4
2025-02-22,T-11792,Cena,P-03,3
2025-02-22,T-11967,Cena,P-18,4
2025-02-22,T-12414,Comida,P-15,4
2025-02-22,T-12432,Cena,P-04,1
2025-02-22,T-12469,Cena,P-18,3
2025-02-22,T-13299,Cena,P-05,2
2025-02-22,T-13305,Comida,P-18,1
2025-02-22,T-13501,Comida,P-02,3
2025-02-22,T-13623,Comida,P-13,2
2025-02-22,T-13830,Cena,P-24,1
2025-02-22,T-13971,Cena,P-01,3
2025-02-22,T-13972,Cena,P-08,3
2025-02-22,T-14498,Comida,P-09,3
2025-02-22,T-14749,Comida,P-24,3
2025-02-22,T-14931,Cena,P-24,2
2025-02-22,T-15085,Cena,P-20,1
2025-02-22,T-15197,Cena,P-12,3
2025-02-22,T-15928,Cena,P-01,1
2025-02-22,T-16386,Cena,P-23,1
2025-02-22,T-16858,Cena,P-04,4
2025-02-22,T-16879,Cena,P-13,3
2025-02-22,T-17290,Comida,P-04,3
2025-02-22,T-17503,Cena,P-24,4
2025-02-22,T-17733,Cena,P-02,3
2025-02-23,T-10612,Cena,P-13,1
2025-02-23,T-10696,Comida,P-10,3
2025-02-23,T-10826,Comida,P-11,3
2025-02-23,T-10852,Cena,P-25,1
2025-02-23,T-10862,Cena,P-01,1
2025-02-23,T-11712,Comida,P-20,3
2025-02-23,T-12411,Cena,P-12,1
2025-02-23,T-12419,Comida,P-11,1
2025-02-23,T-12470,Comida,P-24,4
2025-02-23,T-12689,Cena,P-16,3
2025-02-23,T-13089,Cena,P-19,3
2025-02-23,T-13204,Comida,P-22,4
2025-02-23,T-13669,Comida,P-19,2
2025-02-23,T-14250,Comida,P-20,3
2025-02-23,T-14483,Comida,P-01,1
2025-02-23,T-14722,Comida,P-09,1
2025-02-23,T-15174,Cena,P-05,4
2025-02-23,T-15822,Comida,P-18,1
2025-02-23,T-15860,Comida,P-15,3
2025-02-23,T-15983,Comida,P-22,2
2025-02-23,T-15999,Cena,P-20,3
2025-02-23,T-16152,Cena,P-12,1
2025-02-23,T-16193,Comida,P-10,3
2025-02-23,T-17588,Comida,P-19,2
2025-02-23,T-17704,Cena,P-15,3
2025-02-23,T-17959,Cena,P-06,1
2025-02-23,T-17979,Comida,P-19,1
2025-02-24,T-10420,Comida,P-10,1
2025-02-24,T-10440,Comida,P-12,4
2025-02-24,T-10479,Cena,P-05,2
2025-02-24,T-10520,Comida,P-19,1
2025-02-24,T-11269,Cena,P-19,4
2025-02-24,T-11487,Cena,P-06,3
2025-02-24,T-11527,Comida,P-02,2
2025-02-24,T-12948,Cena,P-17,1
2025-02-24,T-13133,Cena,P-04,3
2025-02-24,T-13391,Comida,P-21,4
2025-02-24,T-13511,Cena,P-22,3
2025-02-24,T-13544,Cena,P-23,4
2025-02-24,T-13657,Comida,P-25,2
2025-02-24,T-13778,Cena,P-06,3
2025-02-24,T-14225,Cena,P-25,2
2025-02-24,T-14399,Cena,P-23,2
2025-02-24,T-14499,Cena,P-17,4
2025-02-24,T-14664,Cena,P-16,2
2025-02-24,T-14974,Cena,P-12,1
2025-02-24,T-15868,Cena,P-20,4
2025-02-24,T-16311,Cena,P-18,4
2025-02-24,T-16563,Cena,P-12,4
2025-02-24,T-16917,Cena,P-17,3
2025-02-25,T-10471,Comida,P-11,1
2025-02-25,T-11178,Cena,P-10,2
2025-02-25,T-11780,Comida,P-12,4
2025-02-25,T-12406,Cena,P-02,3
2025-02-25,T-12739,Cena,P-21,4
2025-02-25,T-12772,Comida,P-06,2
2025-02-25,T-12861,Cena,P-13,2
2025-02-25,T-13971,Comida,P-19,1
2025-02-25,T-14314,Comida,P-06,1
2025-02-25,T-14341,Cena,P-18,1
2025-02-25,T-15040,Cena,P-12,4
2025-02-25,T-15959,Cena,P-18,4
2025-02-25,T-16213,Cena,P-17,2
2025-02-25,T-16228,Cena,P-18,3
2025-02-25,T-16735,Comida,P-18,4
2025-02-25,T-17518,Cena,P-24,3
2025-02-26,T-10199,Cena,P-15,3
2025-02-26,T-10199,Cena,P-05,1
2025-02-26,T-11130,Cena,P-22,2
2025-02-26,T-11207,Comida,P-21,4
2025-02-26,T-11629,Comida,P-10,3
2025-02-26,T-11841,Comida,P-16,3
2025-02-26,T-11883,Cena,P-19,2
2025-02-26,T-12361,Comida,P-07,2
2025-02-26,T-13097,Cena,P-23,3
2025-02-26,T-13248,Cena,P-24,2
2025-02-26,T-13696,Cena,P-22,1
2025-02-26,T-14587,Cena,P-25,2
2025-02-26,T-14619,Cena,P-24,2
2025-02-26,T-15372,Comida,P-22,1
2025-02-26,T-15425,Cena,P-15,4
2025-02-26,T-15931,Comida,P-19,1
2025-02-26,T-16243,Cena,P-25,2
2025-02-26,T-16302,Comida,P-18,1
2025-02-26,T-16639,Comida,P-06,3
2025-02-26,T-16786,Comida,P-21,2
2025-02-26,T-16813,Comida,P-02,1
2025-02-26,T-17102,Comida,P-04,2
2025-02-26,T-17355,Comida,P-24,1
2025-02-27,T-10087,Cena,P-04,2
2025-02-27,T-10155,Cena,P-24,1
2025-02-27,T-10475,Cena,P-21,1
2025-02-27,T-10922,Comida,P-23,1
2025-02-27,T-11521,Cena,P-12,3
2025-02-27,T-12117,Cena,P-13,2
2025-02-27,T-13431,Cena,P-01,3
2025-02-27,T-13611,Cena,P-08,4
2025-02-27,T-13703,Cena,P-17,1
2025-02-27,T-14620,Cena,P-15,1
2025-02-27,T-14809,Cena,P-10,3
2025-02-27,T-14840,Cena,P-18,2
2025-02-27,T-14867,Cena,P-02,2
2025-02-27,T-15918,Cena,P-22,3
2025-02-27,T-15982,Cena,P-16,2
2025-02-27,T-16005,Comida,P-03,1
2025-02-27,T-16247,Comida,P-15,2
2025-02-27,T-16254,Cena,P-24,3
2025-02-27,T-16271,Cena,P-22,4
2025-02-27,T-16353,Cena,P-13,2
2025-02-27,T-16401,Cena,P-16,3
2025-02-27,T-16941,Comida,P-06,2
2025-02-27,T-17171,Cena,P-20,1
2025-02-27,T-17726,Comida,P-05,2
2025-02-28,T-10065,Comida,P-10,2
2025-02-28,T-10083,Cena,P-25,4
2025-02-28,T-10252,Cena,P-24,3
2025-02-28,T-10747,Comida,P-05,1
2025-02-28,T-10791,Comida,P-07,2
2025-02-28,T-10916,Comida,P-05,4
2025-02-28,T-11395,Comida,P-12,2
2025-02-28,T-11579,Comida,P-02,2
2025-02-28,T-11745,Cena,P-18,4
2025-02-28,T-12810,Comida,P-08,4
2025-02-28,T-12892,Comida,P-14,1
2025-02-28,T-13151,Comida,P-18,1
2025-02-28,T-13480,Cena,P-02,4
2025-02-28,T-13642,Cena,P-24,1
2025-02-28,T-14558,Cena,P-05,2
2025-02-28,T-16020,Cena,P-19,4
2025-02-28,T-16239,Cena,P-08,4
2025-02-28,T-16930,Cena,P-08,3
2025-02-28,T-17623,Cena,P-24,1
2025-03-01,T-10222,Cena,P-05,2
2025-03-01,T-11367,Cena,P-02,3
2025-03-01,T-12569,Cena,P-01,1
2025-03-01,T-12659,Comida,P-11,4
2025-03-01,T-12695,Cena,P-23,2
2025-03-01,T-12954,Cena,P-21,3
2025-03-01,T-13161,Cena,P-22,1
2025-03-01,T-13205,Cena,P-10,1
2025-03-01,T-13736,Cena,P-03,4
2025-03-01,T-14035,Comida,P-14,4
2025-03-01,T-14196,Cena,P-06,2
2025-03-01,T-14703,Cena,P-04,2
2025-03-01,T-15141,Comida,P-10,1
2025-03-01,T-15592,Cena,P-24,4
2025-03-01,T-15877,Comida,P-16,1
2025-03-01,T-16185,Cena,P-24,2
2025-03-01,T-16286,Cena,P-05,1
2025-03-01,T-16468,Cena,P-25,3
2025-03-01,T-16870,Cena,P-24,3
2025-03-01,T-17045,Comida,P-22,2
2025-03-01,T-17301,Cena,P-18,1
2025-03-01,T-17823,Cena,P-22,2
2025-03-02,T-10100,Cena,P-12,3
2025-03-02,T-10119,Comida,P-07,3
2025-03-02,T-10827,Comida,P-06,4
2025-03-02,T-10932,Cena,P-01,1
2025-03-02,T-11086,Comida,P-10,3
2025-03-02,T-11312,Cena,P-25,1
2025-03-02,T-11617,Comida,P-10,2
2025-03-02,T-11925,Comida,P-19,2
2025-03-02,T-12200,Cena,P-03,1
2025-03-02,T-12662,Comida,P-19,2
2025-03-02,T-14513,Cena,P-06,2
2025-03-02,T-15558,Comida,P-07,4
2025-03-02,T-16170,Comida,P-15,3
2025-03-02,T-16714,Cena,P-21,2
2025-03-02,T-16788,Cena,P-12,4
2025-03-03,T-10583,Cena,P-11,2
2025-03-03,T-10628,Comida,P-20,1
2025-03-03,T-10892,Cena,P-01,3
2025-03-03,T-11122,Comida,P-16,1
2025-03-03,T-12974,Comida,P-10,1
2025-03-03,T-13594,Cena,P-02,1
2025-03-03,T-13604,Comida,P-12,3
2025-03-03,T-13647,Cena,P-05,4
2025-03-03,T-14370,Cena,P-14,3
2025-03-03,T-14674,Cena,P-24,1
2025-03-03,T-14737,Cena,P-13,3
2025-03-03,T-15703,Cena,P-06,2
2025-03-03,T-16040,Comida,P-03,2
2025-03-03,T-16504,Comida,P-18,4
2025-03-03,T-17108,Cena,P-12,1
2025-03-03,T-17212,Cena,P-08,4
2025-03-03,T-17314,Cena,P-19,2
2025-03-04,T-10404,Comida,P-02,3
2025-03-04,T-10422,Cena,P-08,4
2025-03-04,T-10522,Cena,P-13,3
2025-03-04,T-11591,Cena,P-12,2
2025-03-04,T-12339,Cena,P-03,2
2025-03-04,T-12752,Comida,P-14,3
2025-03-04,T-12758,Comida,P-14,3
2025-03-04,T-13027,Cena,P-10,1
2025-03-04,T-13109,Comida,P-03,3
2025-03-04,T-13496,Comida,P-17,3
2025-03-04,T-13805,Cena,P-20,4
2025-03-04,T-14501,Cena,P-19,4
2025-03-04,T-14657,Comida,P-05,3
2025-03-04,T-15006,Comida,P-10,3
2025-03-04,T-15109,Cena,P-04,4
2025-03-04,T-15800,Cena,P-24,3
2025-03-04,T-15930,Comida,P-13,4
2025-03-04,T-16392,Cena,P-06,2
2025-03-04,T-17024,Comida,P-07,2
2025-03-04,T-17344,Cena,P-12,1
2025-03-04,T-17504,Cena,P-17,2
2025-03-04,T-17803,Cena,P-19,4
2025-03-04,T-17934,Comida,P-24,4
2025-03-05,T-10004,Comida,P-15,2
2025-03-05,T-10107,Cena,P-16,2
2025-03-05,T-10257,Cena,P-10,2
2025-03-05,T-10965,Cena,P-05,2
2025-03-05,T-11184,Comida,P-18,4
2025-03-05,T-11445,Cena,P-12,4
2025-03-05,T-11542,Cena,P-04,1
2025-03-05,T-12811,Cena,P-19,1
2025-03-05,T-13186,Cena,P-10,4
2025-03-05,T-14044,Comida,P-19,1
2025-03-05,T-14305,Cena,P-17,2
2025-03-05,T-14501,Cena,P-12,1
2025-03-05,T-14849,Comida,P-05,2
2025-03-05,T-14948,Cena,P-18,3
2025-03-05,T-15657,Comida,P-19,4
2025-03-05,T-16138,Cena,P-11,1
2025-03-05,T-16158,Comida,P-10,3
2025-03-05,T-16305,Comida,P-24,4
2025-03-05,T-16617,Comida,P-25,4
2025-03-05,T-16842,Cena,P-18,1
2025-03-05,T-16967,Cena,P-09,1
2025-03-05,T-17098,Comida,P-25,1
2025-03-05,T-17118,Comida,P-14,4
2025-03-05,T-17823,Cena,P-09,1
2025-03-06,T-10143,Comida,P-18,3
2025-03-06,T-10627,Cena,P-12,1
2025-03-06,T-11667,Comida,P-19,1
2025-03-06,T-11925,Comida,P-10,2
2025-03-06,T-12566,Comida,P-22,3
2025-03-06,T-12624,Cena,P-25,3
2025-03-06,T-12931,Cena,P-25,3
2025-03-06,T-13041,Comida,P-14,1
2025-03-06,T-13173,Cena,P-11,4
2025-03-06,T-13482,Comida,P-19,1
2025-03-06,T-13676,Cena,P-14,2
2025-03-06,T-14929,Cena,P-08,2
2025-03-06,T-15537,Cena,P-20,3
2025-03-06,T-15684,Comida,P-15,4
2025-03-06,T-16078,Comida,P-25,2
2025-03-06,T-16101,Comida,P-17,4
2025-03-06,T-16324,Cena,P-01,3
2025-03-06,T-16385,Cena,P-11,3
2025-03-06,T-16569,Cena,P-07,2
2025-03-06,T-16730,Comida,P-03,2
2025-03-06,T-16985,Cena,P-03,3
2025-03-06,T-17335,Cena,P-23,3
2025-03-06,T-17440,Cena,P-11,3
2025-03-06,T-17462,Comida,P-08,4
2025-03-07,T-11743,Cena,P-19,4
2025-03-07,T-12440,Comida,P-06,4
2025-03-07,T-13033,Comida,P-05,4
2025-03-07,T-13045,Comida,P-10,3
2025-03-07,T-14966,Cena,P-18,3
2025-03-07,T-15128,Cena,P-10,2
2025-03-07,T-17005,Cena,P-11,1
2025-03-07,T-17312,Cena,P-17,3
2025-03-07,T-17335,Cena,P-10,3
2025-03-07,T-17558,Comida,P-10,3
2025-03-07,T-17589,Comida,P-19,3
2025-03-07,T-17962,Cena,P-16,1
2025-03-08,T-10031,Comida,P-01,1
2025-03-08,T-10455,Cena,P-25,2
2025-03-08,T-11020,Cena,P-22,4
2025-03-08,T-11460,Comida,P-11,4
2025-03-08,T-11559,Cena,P-10,1
2025-03-08,T-11605,Comida,P-05,2
2025-03-08,T-11977,Cena,P-21,4
2025-03-08,T-12236,Cena,P-18,3
2025-03-08,T-12322,Comida,P-14,4
2025-03-08,T-12427,Comida,P-19,4
2025-03-08,T-12711,Comida,P-25,4
2025-03-08,T-13413,Comida,P-07,4
2025-03-08,T-13621,Comida,P-21,4
2025-03-08,T-13836,Comida,P-05,3
2025-03-08,T-13967,Comida,P-23,4
2025-03-08,T-14131,Comida,P-03,4
2025-03-08,T-14561,Cena,P-21,2
2025-03-08,T-16171,Cena,P-07,2
2025-03-08,T-16760,Cena,P-16,3
2025-03-08,T-16847,Comida,P-11,3
2025-03-08,T-17881,Comida,P-22,3
2025-03-09,T-10415,Cena,P-24,2
2025-03-09,T-10527,Comida,P-08,1
2025-03-09,T-10611,Cena,P-04,3
2025-03-09,T-11092,Comida,P-23,1
2025-03-09,T-11532,Cena,P-07,1
2025-03-09,T-12717,Comida,P-07,4
2025-03-09,T-13425,Comida,P-13,3
2025-03-09,T-13983,Cena,P-21,3
2025-03-09,T-14035,Comida,P-24,2
2025-03-09,T-14426,Cena,P-18,1
2025-03-09,T-14952,Comida,P-15,3
2025-03-09,T-15368,Cena,P-02,2
2025-03-09,T-15417,Comida,P-14,1
2025-03-09,T-15539,Comida,P-14,1
2025-03-09,T-16249,Cena,P-25,4
2025-03-09,T-17208,Comida,P-23,2
2025-03-09,T-17439,Comida,P-08,1
2025-03-10,T-10153,Comida,P-08,2
2025-03-10,T-10286,Comida,P-06,1
2025-03-10,T-10399,Comida,P-17,3
2025-03-10,T-10727,Cena,P-03,3
2025-03-10,T-11038,Cena,P-03,3
2025-03-10,T-11243,Comida,P-24,4
2025-03-10,T-12388,Cena,P-06,2
2025-03-10,T-12491,Cena,P-04,4
2025-03-10,T-12534,Cena,P-08,1
2025-03-10,T-12593,Cena,P-05,4
2025-03-10,T-13174,Comida,P-06,2
2025-03-10,T-13539,Comida,P-08,2
2025-03-10,T-13994,Comida,P-11,3
2025-03-10,T-14398,Cena,P-13,4
2025-03-10,T-14634,Cena,P-16,3
2025-03-10,T-15524,Cena,P-21,1
2025-03-10,T-15539,Cena,P-16,1
2025-03-10,T-15784,Comida,P-24,2
2025-03-10,T-15976,Comida,P-14,2
2025-03-10,T-16422,Cena,P-10,1
2025-03-10,T-16501,Comida,P-08,4
2025-03-10,T-17151,Comida,P-12,2
2025-03-10,T-17197,Comida,P-15,4
2025-03-10,T-17330,Cena,P-23,2
2025-03-10,T-17525,Cena,P-08,4
2025-03-10,T-17611,Cena,P-07,4
2025-03-11,T-10004,Comida,P-06,1
2025-03-11,T-10009,Comida,P-15,1
2025-03-11,T-10030,Cena,P-15,4
2025-03-11,T-10053,Comida,P-19,2
2025-03-11,T-11107,Cena,P-03,2
2025-03-11,T-12292,Cena,P-23,2
2025-03-11,T-12320,Cena,P-06,1
2025-03-11,T-12460,Cena,P-07,3
2025-03-11,T-12881,Cena,P-21,1
2025-03-11,T-13676,Cena,P-09,3
2025-03-11,T-14177,Cena,P-02,1
2025-03-11,T-14179,Comida,P-05,4
2025-03-11,T-14759,Cena,P-11,4
2025-03-11,T-14780,Cena,P-15,1
2025-03-11,T-15327,Comida,P-11,3
2025-03-11,T-15630,Cena,P-13,3
2025-03-11,T-16519,Comida,P-11,2
2025-03-11,T-16833,Cena,P-17,1
2025-03-11,T-17077,Cena,P-20,4
2025-03-11,T-17224,Cena,P-07,1
2025-03-12,T-11861,Comida,P-05,1
2025-03-12,T-11874,Comida,P-22,4
2025-03-12,T-11891,Comida,P-22,1
2025-03-12,T-12006,Comida,P-21,1
2025-03-12,T-12166,Comida,P-05,2
2025-03-12,T-13479,Comida,P-10,4
2025-03-12,T-13871,Cena,P-03,3
2025-03-12,T-13964,Cena,P-04,4
2025-03-12,T-14764,Comida,P-20,4
2025-03-12,T-14866,Comida,P-24,2
2025-03-12,T-15244,Cena,P-10,1
2025-03-12,T-15479,Cena,P-13,3
2025-03-12,T-15608,Comida,P-18,1
2025-03-12,T-15977,Cena,P-01,4
2025-03-12,T-16259,Cena,P-07,4
2025-03-12,T-16397,Cena,P-23,1
2025-03-12,T-16443,Comida,P-14,4
2025-03-12,T-17085,Comida,P-02,1
2025-03-12,T-17275,Cena,P-18,4
2025-03-12,T-17383,Cena,P-12,1
2025-03-12,T-17480,Cena,P-03,2
2025-03-12,T-17860,Cena,P-17,1
2025-03-13,T-10105,Cena,P-22,2
2025-03-13,T-10298,Comida,P-23,4
2025-03-13,T-10333,Cena,P-01,4
2025-03-13,T-11489,Comida,P-01,4
2025-03-13,T-12144,Comida,P-23,3
2025-03-13,T-12651,Cena,P-07,2
2025-03-13,T-12800,Comida,P-11,3
2025-03-13,T-13094,Cena,P-10,2
2025-03-13,T-13826,Cena,P-14,1
2025-03-13,T-14618,Comida,P-01,3
2025-03-13,T-14738,Cena,P-11,1
2025-03-13,T-14837,Comida,P-24,1
2025-03-13,T-15105,Comida,P-25,3
2025-03-13,T-15304,Comida,P-11,1
2025-03-13,T-15575,Comida,P-03,3
2025-03-13,T-15576,Cena,P-12,2
2025-03-13,T-15637,Comida,P-23,1
2025-03-13,T-15734,Cena,P-16,2
2025-03-13,T-15761,Cena,P-18,3
2025-03-13,T-16341,Comida,P-14,1
2025-03-14,T-10057,Comida,P-18,3
2025-03-14,T-10694,Comida,P-12,1
2025-03-14,T-11364,Cena,P-25,3
2025-03-14,T-11755,Comida,P-10,4
2025-03-14,T-12166,Comida,P-12,1
2025-03-14,T-12508,Cena,P-13,2
2025-03-14,T-15184,Cena,P-16,4
2025-03-14,T-15724,Comida,P-24,3
2025-03-14,T-15832,Cena,P-18,4
2025-03-14,T-15900,Comida,P-19,4
2025-03-14,T-16359,Comida,P-03,1
2025-03-14,T-16374,Cena,P-02,4
2025-03-14,T-16443,Comida,P-09,4
2025-03-14,T-16614,Cena,P-16,4
2025-03-14,T-16789,Cena,P-19,3
2025-03-14,T-17084,Cena,P-08,3
2025-03-15,T-10226,Cena,P-18,4
2025-03-15,T-11197,Comida,P-21,2
2025-03-15,T-11281,Comida,P-13,4
2025-03-15,T-11755,Cena,P-20,3
2025-03-15,T-11874,Comida,P-16,3
2025-03-15,T-12123,Cena,P-24,1
2025-03-15,T-12924,Cena,P-03,3
2025-03-15,T-13128,Cena,P-13,3
2025-03-15,T-13318,Cena,P-06,1
2025-03-15,T-13421,Cena,P-18,4
2025-03-15,T-13861,Cena,P-25,4
2025-03-15,T-14080,Cena,P-04,1
2025-03-15,T-14597,Cena,P-14,2
2025-03-15,T-14799,Comida,P-22,4
2025-03-15,T-15380,Cena,P-07,2
2025-03-15,T-16816,Cena,P-17,1
2025-03-15,T-17081,Comida,P-22,4
2025-03-15,T-17114,Comida,P-23,2
2025-03-15,T-17275,Comida,P-22,1
2025-03-16,T-10196,Cena,P-18,3
2025-03-16,T-10217,Comida,P-17,3
2025-03-16,T-10298,Cena,P-12,2
2025-03-16,T-11362,Comida,P-10,3
2025-03-16,T-11576,Comida,P-25,1
2025-03-16,T-12100,Cena,P-03,3
2025-03-16,T-12974,Comida,P-16,1
2025-03-16,T-13135,Cena,P-05,2
2025-03-16,T-13248,Cena,P-11,3
2025-03-16,T-13252,Cena,P-18,3
2025-03-16,T-13457,Cena,P-23,4
2025-03-16,T-13931,Comida,P-13,1
2025-03-16,T-14535,Cena,P-20,2
2025-03-16,T-14607,Comida,P-13,4
2025-03-16,T-15653,Cena,P-10,4
2025-03-16,T-16041,Comida,P-09,1
2025-03-16,T-16260,Cena,P-20,4
2025-03-16,T-17922,Comida,P-22,1
2025-03-16,T-17937,Cena,P-22,2
2025-03-17,T-10103,Cena,P-20,2
2025-03-17,T-10669,Comida,P-01,3
2025-03-17,T-12286,Comida,P-08,1
2025-03-17,T-12696,Cena,P-07,4
2025-03-17,T-12721,Cena,P-04,4
2025-03-17,T-13017,Comida,P-12,2
2025-03-17,T-13131,Cena,P-13,2
2025-03-17,T-14305,Comida,P-16,1
2025-03-17,T-14378,Cena,P-09,2
2025-03-17,T-14416,Cena,P-19,1
2025-03-17,T-14505,Comida,P-20,4
2025-03-17,T-16424,Comida,P-22,2
2025-03-17,T-16619,Comida,P-14,1
2025-03-17,T-17262,Cena,P-20,2
2025-03-17,T-17332,Cena,P-25,3
2025-03-17,T-17464,Comida,P-07,4
2025-03-18,T-10040,Cena,P-06,1
2025-03-18,T-10402,Comida,P-23,1
2025-03-18,T-10572,Comida,P-07,3
2025-03-18,T-10590,Cena,P-17,1
2025-03-18,T-10739,Cena,P-19,3
2025-03-18,T-10825,Comida,P-15,2
2025-03-18,T-10948,Cena,P-15,4
2025-03-18,T-11375,Cena,P-20,2
2025-03-18,T-11650,Cena,P-05,1
2025-03-18,T-12093,Cena,P-22,4
2025-03-18,T-12109,Comida,P-08,1
2025-03-18,T-12157,Cena,P-04,1
2025-03-18,T-12306,Cena,P-08,1
2025-03-18,T-12682,Cena,P-06,1
2025-03-18,T-13793,Comida,P-25,2
2025-03-18,T-13885,Cena,P-02,4
2025-03-18,T-14163,Cena,P-13,2
2025-03-18,T-14660,Cena,P-11,1
2025-03-18,T-15220,Comida,P-02,3
2025-03-18,T-16021,Cena,P-07,3
2025-03-18,T-16687,Comida,P-03,4
2025-03-18,T-16805,Comida,P-09,4
2025-03-18,T-17120,Cena,P-05,1
2025-03-18,T-17687,Cena,P-03,1
2025-03-18,T-17812,Cena,P-11,1
2025-03-18,T-17877,Cena,P-17,3
2025-03-18,T-17969,Cena,P-07,2
2025-03-19,T-10000,Comida,P-11,1
2025-03-19,T-10302,Cena,P-25,3
2025-03-19,T-10445,Cena,P-11,1
2025-03-19,T-11302,Comida,P-15,4
2025-03-19,T-11596,Cena,P-14,4
2025-03-19,T-11873,Cena,P-06,1
2025-03-19,T-12168,Comida,P-20,1
2025-03-19,T-12611,Comida,P-15,4
2025-03-19,T-13113,Comida,P-01,4
2025-03-19,T-13155,Cena,P-09,4
2025-03-19,T-13560,Comida,P-12,4
2025-03-19,T-14114,Comida,P-24,1
2025-03-19,T-14163,Cena,P-18,1
2025-03-19,T-14210,Comida,P-14,1
2025-03-19,T-14398,Comida,P-21,4
2025-03-19,T-14643,Comida,P-02,1
2025-03-19,T-15043,Cena,P-18,1
2025-03-19,T-15268,Comida,P-23,1
2025-03-19,T-15345,Cena,P-04,2
2025-03-19,T-15415,Cena,P-09,3
2025-03-19,T-16200,Cena,P-18,1
2025-03-19,T-16273,Cena,P-20,3
2025-03-19,T-16363,Comida,P-12,1
2025-03-20,T-10215,Comida,P-11,2
2025-03-20,T-11070,Cena,P-08,4
2025-03-20,T-11173,Comida,P-10,3
2025-03-20,T-11225,Cena,P-04,3
2025-03-20,T-11668,Comida,P-06,4
2025-03-20,T-11784,Cena,P-09,1
2025-03-20,T-11822,Cena,P-10,2
2025-03-20,T-12357,Comida,P-20,2
2025-03-20,T-12820,Comida,P-04,3
2025-03-20,T-12981,Comida,P-16,1
2025-03-20,T-13015,Cena,P-17,2
2025-03-20,T-14326,Comida,P-02,1
2025-03-20,T-14526,Cena,P-15,3
2025-03-20,T-15169,Cena,P-16,4
2025-03-20,T-15466,Comida,P-01,3
2025-03-20,T-15678,Cena,P-19,2
2025-03-20,T-16170,Cena,P-20,3
2025-03-20,T-16208,Cena,P-23,1
2025-03-20,T-16807,Cena,P-08,2
2025-03-20,T-16963,Cena,P-17,4
2025-03-20,T-17051,Comida,P-16,2
2025-03-20,T-17091,Comida,P-06,4
2025-03-20,T-17488,Cena,P-07,2
2025-03-20,T-17542,Cena,P-25,1
2025-03-21,T-10208,Cena,P-15,1
2025-03-21,T-10732,Cena,P-05,4
2025-03-21,T-11214,Comida,P-05,2
2025-03-21,T-11527,Cena,P-09,1
2025-03-21,T-11640,Cena,P-13,2
2025-03-21,T-11896,Cena,P-07,3
2025-03-21,T-12165,Comida,P-06,1
2025-03-21,T-13776,Cena,P-17,2
2025-03-21,T-14067,Cena,P-15,1
2025-03-21,T-15454,Cena,P-02,2
2025-03-21,T-15650,Comida,P-21,4
2025-03-21,T-16381,Cena,P-04,2
2025-03-21,T-16569,Cena,P-21,3
2025-03-22,T-10401,Comida,P-12,1
2025-03-22,T-10515,Cena,P-22,2
2025-03-22,T-10984,Comida,P-03,1
2025-03-22,T-11275,Comida,P-23,3
2025-03-22,T-11602,Cena,P-13,1
2025-03-22,T-11696,Comida,P-13,3
2025-03-22,T-11929,Comida,P-16,4
2025-03-22,T-12143,Cena,P-07,2
2025-03-22,T-12610,Cena,P-24,2
2025-03-22,T-13007,Cena,P-13,4
2025-03-22,T-13025,Comida,P-09,4
2025-03-22,T-13090,Cena,P-06,3
2025-03-22,T-13248,Cena,P-17,2
2025-03-22,T-13283,Cena,P-08,1
2025-03-22,T-13588,Comida,P-10,3
2025-03-22,T-13598,Comida,P-18,2
2025-03-22,T-13937,Comida,P-05,1
2025-03-22,T-14214,Cena,P-20,2
2025-03-22,T-15610,Comida,P-19,3
2025-03-22,T-16190,Cena,P-15,2
2025-03-22,T-16424,Cena,P-25,2
2025-03-22,T-16644,Cena,P-05,1
2025-03-22,T-16661,Cena,P-17,2
2025-03-22,T-17271,Cena,P-05,3
2025-03-22,T-17490,Comida,P-13,4
2025-03-22,T-17998,Cena,P-09,1
2025-03-23,T-11830,Cena,P-05,1
2025-03-23,T-11949,Cena,P-05,3
2025-03-23,T-13024,Cena,P-16,3
2025-03-23,T-14213,Cena,P-17,2
2025-03-23,T-14736,Cena,P-04,3
2025-03-23,T-15292,Cena,P-20,2
2025-03-23,T-15550,Comida,P-20,4
2025-03-23,T-16402,Cena,P-14,2
2025-03-23,T-17812,Cena,P-24,4
2025-03-23,T-17829,Comida,P-04,2
2025-03-24,T-10396,Comida,P-21,2
2025-03-24,T-11046,Comida,P-06,1
2025-03-24,T-12080,Cena,P-10,1
2025-03-24,T-13768,Cena,P-19,2
2025-03-24,T-15042,Comida,P-10,1
2025-03-24,T-15439,Cena,P-24,1
2025-03-24,T-16663,Cena,P-03,4
2025-03-24,T-17097,Cena,P-05,4
2025-03-24,T-17396,Cena,P-22,1
2025-03-24,T-17869,Comida,P-05,3
2025-03-24,T-17946,Cena,P-11,4
2025-03-25,T-10197,Cena,P-02,1
2025-03-25,T-11270,Cena,P-07,3
2025-03-25,T-12518,Cena,P-03,1
2025-03-25,T-12521,Cena,P-16,1
2025-03-25,T-12746,Cena,P-11,1
2025-03-25,T-12861,Cena,P-02,3
2025-03-25,T-13300,Comida,P-16,4
2025-03-25,T-13366,Cena,P-17,3
2025-03-25,T-14816,Comida,P-16,1
2025-03-25,T-15218,Comida,P-12,2
2025-03-25,T-15408,Cena,P-06,2
2025-03-25,T-15431,Comida,P-01,4
2025-03-25,T-15482,Cena,P-08,1
2025-03-25,T-15963,Cena,P-19,2
2025-03-25,T-15989,Cena,P-03,4
2025-03-25,T-16407,Comida,P-09,4
2025-03-25,T-17898,Cena,P-16,3
2025-03-26,T-10105,Cena,P-09,3
2025-03-26,T-10208,Cena,P-05,1
2025-03-26,T-10414,Cena,P-20,2
2025-03-26,T-11095,Comida,P-19,2
2025-03-26,T-11830,Cena,P-15,3
2025-03-26,T-12282,Cena,P-16,1
2025-03-26,T-12404,Comida,P-23,3
2025-03-26,T-12517,Comida,P-06,2
2025-03-26,T-12681,Cena,P-08,2
2025-03-26,T-12984,Cena,P-08,2
2025-03-26,T-13252,Cena,P-24,3
2025-03-26,T-13520,Comida,P-22,1
2025-03-26,T-13688,Comida,P-11,2
2025-03-26,T-14049,Cena,P-22,1
2025-03-26,T-14515,Cena,P-03,1
2025-03-26,T-15627,Cena,P-08,1
2025-03-26,T-16555,Cena,P-18,4
2025-03-26,T-16675,Cena,P-23,2
2025-03-26,T-16967,Cena,P-19,2
2025-03-26,T-17021,Comida,P-11,2
2025-03-26,T-17540,Cena,P-19,3
2025-03-26,T-17769,Comida,P-18,3
2025-03-27,T-10302,Comida,P-01,3
2025-03-27,T-11892,Comida,P-10,1
2025-03-27,T-12436,Cena,P-17,2
2025-03-27,T-13302,Cena,P-14,1
2025-03-27,T-13512,Cena,P-10,1
2025-03-27,T-14888,Cena,P-14,2
2025-03-27,T-15306,Cena,P-15,4
2025-03-27,T-15777,Cena,P-03,1
2025-03-27,T-16159,Cena,P-07,4
2025-03-27,T-16178,Cena,P-01,1
2025-03-27,T-17010,Cena,P-22,2
2025-03-27,T-17033,Comida,P-08,3
2025-03-27,T-17405,Cena,P-05,3
2025-03-27,T-17712,Cena,P-14,2
2025-03-27,T-17844,Cena,P-10,4
2025-03-28,T-10488,Comida,P-02,3
2025-03-28,T-10520,Comida,P-03,3
2025-03-28,T-10589,Cena,P-06,2
2025-03-28,T-10995,Cena,P-07,4
2025-03-28,T-11521,Comida,P-15,4
2025-03-28,T-12189,Cena,P-12,1
2025-03-28,T-12376,Cena,P-12,2
2025-03-28,T-12529,Comida,P-24,2
2025-03-28,T-13409,Comida,P-12,1
2025-03-28,T-13748,Cena,P-04,1
2025-03-28,T-14098,Comida,P-25,2
2025-03-28,T-14122,Comida,P-23,1
2025-03-28,T-14206,Cena,P-13,3
2025-03-28,T-14206,Comida,P-11,1
2025-03-28,T-14773,Cena,P-24,4
2025-03-28,T-14957,Comida,P-13,4
2025-03-28,T-15626,Comida,P-11,1
2025-03-28,T-15810,Cena,P-14,3
2025-03-28,T-16602,Cena,P-20,2
2025-03-28,T-16749,Comida,P-06,4
2025-03-28,T-17382,Comida,P-15,4
2025-03-28,T-17780,Comida,P-12,4
2025-03-28,T-17890,Comida,P-01,3
2025-03-28,T-17947,Comida,P-16,4
2025-03-29,T-10313,Comida,P-25,1
2025-03-29,T-10342,Comida,P-13,1
2025-03-29,T-10527,Comida,P-22,1
2025-03-29,T-11262,Cena,P-06,4
2025-03-29,T-11561,Comida,P-11,1
2025-03-29,T-11834,Cena,P-02,3
2025-03-29,T-12160,Comida,P-14,4
2025-03-29,T-12393,Cena,P-15,1
2025-03-29,T-12548,Cena,P-07,3
2025-03-29,T-12970,Comida,P-02,2
2025-03-29,T-13032,Comida,P-13,3
2025-03-29,T-13201,Comida,P-13,4
2025-03-29,T-14203,Comida,P-06,2
2025-03-29,T-14241,Comida,P-25,1
2025-03-29,T-14457,Cena,P-24,2
2025-03-29,T-15047,Cena,P-13,1
2025-03-29,T-15128,Cena,P-06,3
2025-03-29,T-15283,Cena,P-07,2
2025-03-29,T-15334,Cena,P-21,3
2025-03-29,T-15436,Cena,P-09,2
2025-03-29,T-15530,Cena,P-09,1
2025-03-29,T-15615,Cena,P-13,4
2025-03-29,T-16261,Cena,P-20,2
2025-03-29,T-17478,Cena,P-21,4
2025-03-29,T-17510,Comida,P-23,1
2025-03-29,T-17568,Cena,P-16,4
2025-03-29,T-18000,Cena,P-02,3
2025-03-30,T-10290,Cena,P-13,1
2025-03-30,T-11994,Cena,P-01,4
2025-03-30,T-12918,Cena,P-11,4
2025-03-30,T-15241,Cena,P-10,4
2025-03-30,T-15576,Cena,P-17,4
2025-03-30,T-15753,Cena,P-02,4
2025-03-30,T-15793,Cena,P-09,4
2025-03-30,T-17383,Comida,P-05,1
2025-03-31,T-10036,Comida,P-25,3
2025-03-31,T-10148,Comida,P-25,4
2025-03-31,T-10380,Cena,P-20,1
2025-03-31,T-11318,Cena,P-24,2
2025-03-31,T-11444,Cena,P-24,1
2025-03-31,T-12194,Cena,P-24,2
2025-03-31,T-12256,Cena,P-12,2
2025-03-31,T-12991,Cena,P-12,3
2025-03-31,T-14223,Comida,P-05,2
2025-03-31,T-14284,Cena,P-16,4
2025-03-31,T-14304,Cena,P-24,1
2025-03-31,T-14350,Comida,P-13,2
2025-03-31,T-14578,Comida,P-06,4
2025-03-31,T-16431,Cena,P-07,1
2025-03-31,T-16768,Cena,P-22,2
2025-03-31,T-16884,Cena,P-07,1
2025-03-31,T-16908,Cena,P-09,1
2025-03-31,T-17093,Comida,P-07,4
2025-03-31,T-17286,Comida,P-24,1
2025-04-01,T-10235,Comida,P-19,3
2025-04-01,T-10646,Comida,P-07,4
2025-04-01,T-10752,Cena,P-06,4
2025-04-01,T-10887,Cena,P-25,3
2025-04-01,T-10928,Comida,P-25,1
2025-04-01,T-11829,Cena,P-12,2
2025-04-01,T-12809,Cena,P-09,1
2025-04-01,T-13692,Comida,P-11,1
2025-04-01,T-14633,Cena,P-11,4
2025-04-01,T-16046,Comida,P-24,2
2025-04-01,T-16533,Cena,P-20,3
2025-04-01,T-16600,Cena,P-21,2
2025-04-01,T-16618,Comida,P-05,4
2025-04-01,T-16695,Cena,P-18,4
2025-04-01,T-17466,Cena,P-14,4
2025-04-01,T-17845,Cena,P-25,1
2025-04-02,T-10229,Comida,P-07,3
2025-04-02,T-10331,Cena,P-14,3
2025-04-02,T-10344,Comida,P-10,2
2025-04-02,T-11296,Cena,P-05,2
2025-04-02,T-12892,Cena,P-23,4
2025-04-02,T-13218,Cena,P-01,3
2025-04-02,T-13328,Comida,P-14,2
2025-04-02,T-13547,Comida,P-04,3
2025-04-02,T-14494,Cena,P-03,2
2025-04-02,T-14803,Cena,P-12,4
2025-04-02,T-15471,Cena,P-06,1
2025-04-02,T-15682,Cena,P-08,1
2025-04-02,T-15784,Comida,P-17,1
2025-04-02,T-15941,Cena,P-25,4
2025-04-02,T-16088,Cena,P-04,4
2025-04-02,T-16736,Comida,P-11,4
2025-04-02,T-17126,Cena,P-08,3
2025-04-02,T-17396,Cena,P-23,2
2025-04-02,T-17831,Comida,P-22,3
2025-04-02,T-17870,Comida,P-06,3
2025-04-03,T-10294,Comida,P-11,2
2025-04-03,T-11636,Comida,P-17,4
2025-04-03,T-12163,Cena,P-20,3
2025-04-03,T-12397,Comida,P-01,1
2025-04-03,T-12417,Comida,P-13,2
2025-04-03,T-12505,Cena,P-11,2
2025-04-03,T-12552,Comida,P-13,3
2025-04-03,T-12651,Cena,P-04,1
2025-04-03,T-12978,Cena,P-19,4
2025-04-03,T-13825,Comida,P-21,2
2025-04-03,T-13910,Cena,P-21,3
2025-04-03,T-14659,Comida,P-07,3
2025-04-03,T-15353,Cena,P-14,3
2025-04-03,T-15818,Comida,P-25,3
2025-04-03,T-15862,Cena,P-02,1
2025-04-03,T-16006,Cena,P-21,2
2025-04-03,T-16194,Cena,P-05,4
2025-04-03,T-16319,Cena,P-17,4
2025-04-03,T-16429,Comida,P-18,3
2025-04-03,T-16528,Cena,P-23,3
2025-04-03,T-16606,Cena,P-20,4
2025-04-03,T-17375,Comida,P-22,2
2025-04-03,T-17411,Comida,P-10,3
2025-04-04,T-10988,Cena,P-16,1
2025-04-04,T-11271,Cena,P-10,1
2025-04-04,T-11396,Cena,P-11,4
2025-04-04,T-11813,Comida,P-24,3
2025-04-04,T-12522,Cena,P-11,3
2025-04-04,T-12575,Comida,P-17,1
2025-04-04,T-12835,Cena,P-23,3
2025-04-04,T-13102,Cena,P-25,2
2025-04-04,T-13695,Cena,P-04,2
2025-04-04,T-14347,Cena,P-20,2
2025-04-04,T-14678,Cena,P-21,2
2025-04-04,T-14928,Cena,P-17,4
2025-04-04,T-15120,Cena,P-10,3
2025-04-04,T-15121,Cena,P-16,1
2025-04-04,T-15300,Comida,P-11,3
2025-04-04,T-15596,Comida,P-25,4
2025-04-04,T-15891,Comida,P-06,4
2025-04-04,T-16122,Comida,P-10,2
2025-04-04,T-16611,Comida,P-12,4
2025-04-04,T-16977,Cena,P-18,4
2025-04-04,T-17942,Comida,P-11,2
2025-04-05,T-10198,Cena,P-20,1
2025-04-05,T-12189,Comida,P-08,3
2025-04-05,T-12232,Cena,P-23,2
2025-04-05,T-12502,Comida,P-06,2
2025-04-05,T-12511,Cena,P-02,3
2025-04-05,T-12662,Comida,P-08,4
2025-04-05,T-12960,Comida,P-20,2
2025-04-05,T-13309,Cena,P-04,3
2025-04-05,T-14111,Comida,P-09,4
2025-04-05,T-14282,Comida,P-21,1
2025-04-05,T-14425,Comida,P-15,1
2025-04-05,T-14675,Cena,P-08,4
2025-04-05,T-14726,Cena,P-07,2
2025-04-05,T-15252,Cena,P-22,1
2025-04-05,T-15655,Comida,P-04,3
2025-04-05,T-16358,Comida,P-02,3
2025-04-05,T-16724,Cena,P-10,2
2025-04-05,T-16805,Cena,P-15,3
2025-04-06,T-10289,Cena,P-13,4
2025-04-06,T-10434,Cena,P-10,4
2025-04-06,T-10539,Cena,P-12,3
2025-04-06,T-12164,Cena,P-16,2
2025-04-06,T-12180,Cena,P-23,3
2025-04-06,T-12629,Cena,P-04,3
2025-04-06,T-12844,Cena,P-21,4
2025-04-06,T-12917,Cena,P-08,4
2025-04-06,T-12922,Cena,P-21,2
2025-04-06,T-14180,Cena,P-23,1
2025-04-06,T-14644,Cena,P-08,4
2025-04-06,T-14782,Cena,P-10,1
2025-04-06,T-14953,Cena,P-25,4
2025-04-06,T-15376,Comida,P-20,4
2025-04-06,T-15684,Comida,P-09,1
2025-04-06,T-15697,Cena,P-14,3
2025-04-06,T-15988,Cena,P-25,4
2025-04-06,T-16399,Cena,P-18,4
2025-04-06,T-16703,Cena,P-10,2
2025-04-06,T-16826,Cena,P-16,2
2025-04-06,T-17213,Cena,P-07,1
2025-04-06,T-17620,Comida,P-11,2
2025-04-06,T-17759,Cena,P-18,1
2025-04-06,T-17858,Cena,P-07,2
2025-04-07,T-10170,Cena,P-06,3
2025-04-07,T-10450,Comida,P-18,2
2025-04-07,T-10701,Cena,P-08,3
2025-04-07,T-11216,Comida,P-03,3
2025-04-07,T-11589,Comida,P-06,2
2025-04-07,T-12012,Cena,P-19,3
2025-04-07,T-12648,Comida,P-05,3
2025-04-07,T-12774,Cena,P-01,3
2025-04-07,T-12876,Cena,P-17,4
2025-04-07,T-13592,Cena,P-22,2
2025-04-07,T-14032,Comida,P-02,2
2025-04-07,T-14372,Cena,P-25,1
2025-04-07,T-14755,Comida,P-06,3
2025-04-07,T-16133,Cena,P-09,2
2025-04-07,T-16271,Cena,P-23,2
2025-04-07,T-16394,Comida,P-06,3
2025-04-07,T-16799,Cena,P-21,2
2025-04-07,T-16809,Cena,P-02,1
2025-04-07,T-17155,Cena,P-17,3
2025-04-07,T-17712,Cena,P-21,4
2025-04-07,T-17897,Cena,P-17,3
2025-04-08,T-10361,Cena,P-05,3
2025-04-08,T-10744,Comida,P-19,3
2025-04-08,T-11044,Comida,P-06,4
2025-04-08,T-11169,Cena,P-25,3
2025-04-08,T-11293,Cena,P-23,1
2025-04-08,T-12222,Cena,P-22,4
2025-04-08,T-12564,Comida,P-09,4
2025-04-08,T-12585,Comida,P-06,3
2025-04-08,T-12744,Comida,P-06,2
2025-04-08,T-13064,Comida,P-15,3
2025-04-08,T-13163,Cena,P-11,1
2025-04-08,T-14765,Cena,P-22,1
2025-04-08,T-15237,Cena,P-19,2
2025-04-08,T-15766,Comida,P-24,2
2025-04-08,T-16031,Cena,P-06,3
2025-04-08,T-16193,Comida,P-15,4
2025-04-08,T-16212,Comida,P-25,1
2025-04-08,T-17228,Comida,P-08,2
2025-04-08,T-17371,Cena,P-04,2
2025-04-09,T-10218,Cena,P-02,4
2025-04-09,T-10249,Cena,P-07,1
2025-04-09,T-10399,Cena,P-20,3
2025-04-09,T-11044,Cena,P-17,2
2025-04-09,T-11484,Comida,P-23,1
2025-04-09,T-11601,Comida,P-17,4
2025-04-09,T-12108,Cena,P-12,4
2025-04-09,T-12531,Comida,P-02,3
2025-04-09,T-12993,Cena,P-11,2
2025-04-09,T-13325,Cena,P-19,4
2025-04-09,T-13626,Cena,P-17,1
2025-04-09,T-13644,Comida,P-12,2
2025-04-09,T-13667,Comida,P-15,4
2025-04-09,T-13800,Cena,P-14,2
2025-04-09,T-13800,Cena,P-09,4
2025-04-09,T-14111,Cena,P-18,2
2025-04-09,T-14396,Cena,P-15,1
2025-04-09,T-14558,Cena,P-07,3
2025-04-09,T-15360,Comida,P-03,2
2025-04-09,T-15366,Comida,P-10,1
2025-04-09,T-15765,Cena,P-23,1
2025-04-09,T-15896,Comida,P-11,3
2025-04-09,T-16040,Comida,P-04,4
2025-04-09,T-17072,Cena,P-25,2
2025-04-09,T-17410,Comida,P-09,4
2025-04-10,T-10094,Comida,P-02,4
2025-04-10,T-10809,Cena,P-04,1
2025-04-10,T-10881,Cena,P-12,4
2025-04-10,T-11934,Cena,P-05,3
2025-04-10,T-12417,Cena,P-08,3
2025-04-10,T-12483,Comida,P-23,3
2025-04-10,T-12666,Cena,P-04,3
2025-04-10,T-12840,Cena,P-15,3
2025-04-10,T-13053,Comida,P-07,3
2025-04-10,T-13323,Comida,P-03,2
2025-04-10,T-14011,Cena,P-23,2
2025-04-10,T-14231,Comida,P-09,2
2025-04-10,T-14320,Cena,P-21,3
2025-04-10,T-14588,Cena,P-04,2
2025-04-10,T-14636,Cena,P-22,3
2025-04-10,T-14759,Cena,P-19,1
2025-04-10,T-14895,Cena,P-09,2
2025-04-10,T-14987,Cena,P-08,3
2025-04-10,T-15334,Comida,P-23,4
2025-04-10,T-15459,Comida,P-07,4
2025-04-10,T-15679,Comida,P-20,3
2025-04-10,T-15802,Comida,P-01,4
2025-04-10,T-15831,Cena,P-12,4
2025-04-10,T-15979,Cena,P-22,3
2025-04-10,T-16446,Comida,P-01,4
2025-04-10,T-16471,Comida,P-08,4
2025-04-10,T-16471,Comida,P-04,4
2025-04-10,T-16654,Comida,P-05,1
2025-04-10,T-16705,Comida,P-08,2
2025-04-10,T-16706,Cena,P-11,3
2025-04-10,T-16754,Cena,P-01,2
2025-04-10,T-16910,Comida,P-05,3
2025-04-10,T-17057,Cena,P-02,4
2025-04-10,T-17575,Cena,P-13,4
2025-04-10,T-17826,Cena,P-11,4
2025-04-11,T-10019,Cena,P-11,1
2025-04-11,T-10406,Comida,P-22,1
2025-04-11,T-10865,Cena,P-25,3
2025-04-11,T-11002,Comida,P-22,1
2025-04-11,T-11033,Comida,P-16,1
2025-04-11,T-11374,Comida,P-08,4
2025-04-11,T-11646,Comida,P-10,3
2025-04-11,T-12728,Cena,P-22,2
2025-04-11,T-12795,Comida,P-11,4
2025-04-11,T-13054,Cena,P-21,3
2025-04-11,T-13093,Comida,P-17,2
2025-04-11,T-13524,Comida,P-01,2
2025-04-11,T-14043,Cena,P-13,2
2025-04-11,T-14639,Comida,P-06,3
2025-04-11,T-15046,Cena,P-22,4
2025-04-11,T-15381,Cena,P-03,1
2025-04-11,T-17281,Cena,P-14,4
2025-04-11,T-17653,Comida,P-12,3
2025-04-11,T-17796,Cena,P-16,1
2025-04-12,T-10686,Cena,P-16,1
2025-04-12,T-11417,Cena,P-25,1
2025-04-12,T-11632,Cena,P-05,1
2025-04-12,T-12231,Comida,P-22,3
2025-04-12,T-13311,Comida,P-11,2
2025-04-12,T-13966,Cena,P-15,3
2025-04-12,T-17348,Comida,P-25,4
2025-04-12,T-17393,Comida,P-19,1
2025-04-12,T-17419,Cena,P-18,1
2025-04-12,T-17432,Cena,P-19,1
2025-04-12,T-17612,Cena,P-15,1
2025-04-13,T-10491,Cena,P-10,1
2025-04-13,T-11711,Cena,P-02,2
2025-04-13,T-12434,Comida,P-11,4
2025-04-13,T-12704,Cena,P-17,3
2025-04-13,T-12784,Cena,P-22,2
2025-04-13,T-12977,Comida,P-03,3
2025-04-13,T-13692,Cena,P-13,2
2025-04-13,T-13933,Cena,P-12,1
2025-04-13,T-14040,Cena,P-20,2
2025-04-13,T-14659,Comida,P-06,2
2025-04-13,T-14769,Cena,P-17,4
2025-04-13,T-15427,Cena,P-22,4
2025-04-13,T-17316,Comida,P-01,4
2025-04-13,T-17727,Comida,P-10,3
2025-04-14,T-10340,Cena,P-05,3
2025-04-14,T-11900,Cena,P-08,4
2025-04-14,T-12180,Comida,P-14,1
2025-04-14,T-12390,Comida,P-18,4
2025-04-14,T-12624,Cena,P-15,2
2025-04-14,T-12753,Comida,P-11,1
2025-04-14,T-13600,Comida,P-25,4
2025-04-14,T-14056,Cena,P-13,4
2025-04-14,T-14318,Cena,P-25,3
2025-04-14,T-14581,Comida,P-09,4
2025-04-14,T-14686,Cena,P-22,1
2025-04-14,T-14794,Comida,P-04,2
2025-04-14,T-15601,Comida,P-17,3
2025-04-14,T-15813,Cena,P-10,2
2025-04-14,T-16231,Cena,P-01,2
2025-04-14,T-16422,Cena,P-21,2
2025-04-14,T-16642,Comida,P-07,2
2025-04-14,T-16755,Comida,P-08,2
2025-04-14,T-16891,Cena,P-15,1
2025-04-14,T-17181,Cena,P-13,1
2025-04-14,T-17348,Comida,P-23,1
2025-04-15,T-10093,Comida,P-10,3
2025-04-15,T-10460,Comida,P-22,2
2025-04-15,T-10705,Cena,P-18,2
2025-04-15,T-10774,Cena,P-14,1
2025-04-15,T-11146,Cena,P-10,2
2025-04-15,T-11160,Comida,P-11,1
2025-04-15,T-11396,Cena,P-16,2
2025-04-15,T-11430,Comida,P-01,3
2025-04-15,T-11791,Comida,P-24,2
2025-04-15,T-11978,Cena,P-07,1
2025-04-15,T-12107,Cena,P-15,1
2025-04-15,T-12695,Comida,P-25,3
2025-04-15,T-13097,Comida,P-25,1
2025-04-15,T-13110,Cena,P-06,2
2025-04-15,T-13212,Comida,P-02,1
2025-04-15,T-13583,Cena,P-06,3
2025-04-15,T-13611,Comida,P-24,1
2025-04-15,T-13934,Cena,P-07,4
2025-04-15,T-13954,Cena,P-06,2
2025-04-15,T-14398,Comida,P-07,3
2025-04-15,T-14749,Comida,P-21,4
2025-04-15,T-14809,Cena,P-23,4
2025-04-15,T-15585,Cena,P-21,1
2025-04-15,T-15881,Comida,P-21,3
2025-04-15,T-17252,Comida,P-18,1
2025-04-15,T-17397,Comida,P-04,1
2025-04-15,T-17603,Comida,P-02,2
2025-04-15,T-17751,Comida,P-22,1
2025-04-16,T-10049,Cena,P-10,3
2025-04-16,T-10329,Cena,P-24,1
2025-04-16,T-10756,Cena,P-19,1
2025-04-16,T-10886,Cena,P-04,1
2025-04-16,T-11081,Comida,P-02,3
2025-04-16,T-11101,Comida,P-05,2
2025-04-16,T-11237,Cena,P-23,1
2025-04-16,T-12044,Cena,P-09,4
2025-04-16,T-12088,Comida,P-08,4
2025-04-16,T-12163,Cena,P-02,1
2025-04-16,T-12527,Comida,P-08,4
2025-04-16,T-12718,Cena,P-08,2
2025-04-16,T-12858,Cena,P-17,3
2025-04-16,T-13045,Cena,P-04,3
2025-04-16,T-13232,Cena,P-14,4
2025-04-16,T-13524,Cena,P-24,4
2025-04-16,T-13801,Comida,P-13,3
2025-04-16,T-13903,Cena,P-05,2
2025-04-16,T-14544,Comida,P-16,2
2025-04-16,T-14588,Cena,P-15,4
2025-04-16,T-15187,Cena,P-03,4
2025-04-16,T-15266,Cena,P-01,3
2025-04-16,T-15276,Cena,P-11,3
2025-04-16,T-15295,Cena,P-18,1
2025-04-16,T-15336,Comida,P-07,2
2025-04-16,T-15818,Comida,P-07,4
2025-04-16,T-15923,Cena,P-12,4
2025-04-16,T-16921,Comida,P-25,2
2025-04-16,T-16959,Comida,P-22,3
2025-04-16,T-17161,Cena,P-06,2
2025-04-16,T-17343,Cena,P-04,4
2025-04-16,T-17588,Cena,P-07,1
2025-04-16,T-17607,Cena,P-15,2
2025-04-17,T-10174,Cena,P-25,1
2025-04-17,T-10407,Comida,P-19,3
2025-04-17,T-10694,Comida,P-06,4
2025-04-17,T-10819,Cena,P-16,3
2025-04-17,T-11054,Comida,P-05,1
2025-04-17,T-11296,Cena,P-09,4
2025-04-17,T-11354,Cena,P-24,3
2025-04-17,T-11536,Cena,P-07,4
2025-04-17,T-12568,Comida,P-08,1
2025-04-17,T-13169,Cena,P-15,3
2025-04-17,T-13196,Cena,P-12,3
2025-04-17,T-14694,Cena,P-07,2
2025-04-17,T-14978,Cena,P-05,1
2025-04-17,T-15800,Cena,P-02,2
2025-04-17,T-16077,Cena,P-15,3
2025-04-17,T-16409,Comida,P-06,3
2025-04-17,T-16689,Comida,P-22,2
2025-04-17,T-16996,Comida,P-14,2
2025-04-18,T-10296,Cena,P-25,2
2025-04-18,T-11046,Comida,P-15,1
2025-04-18,T-11243,Cena,P-06,4
2025-04-18,T-11412,Cena,P-18,2
2025-04-18,T-12322,Comida,P-03,1
2025-04-18,T-12420,Comida,P-20,4
2025-04-18,T-12708,Cena,P-12,1
2025-04-18,T-12772,Comida,P-13,2
2025-04-18,T-12823,Comida,P-23,1
2025-04-18,T-13782,Cena,P-05,4
2025-04-18,T-13931,Comida,P-07,3
2025-04-18,T-14016,Cena,P-13,4
2025-04-18,T-14263,Cena,P-03,2
2025-04-18,T-14809,Cena,P-03,3
2025-04-18,T-15165,Comida,P-16,3
2025-04-18,T-15206,Comida,P-19,3
2025-04-18,T-15595,Cena,P-03,1
2025-04-18,T-15705,Cena,P-06,1
2025-04-18,T-16275,Comida,P-19,1
2025-04-18,T-16684,Cena,P-18,4
2025-04-18,T-16797,Cena,P-22,4
2025-04-18,T-16916,Cena,P-19,3
2025-04-18,T-17125,Cena,P-03,2
2025-04-18,T-17127,Cena,P-21,1
2025-04-18,T-17422,Comida,P-08,1
2025-04-18,T-17432,Cena,P-02,3
2025-04-18,T-17729,Cena,P-02,2
2025-04-18,T-17946,Cena,P-07,4
2025-04-19,T-10363,Cena,P-13,4
2025-04-19,T-10586,Comida,P-14,4
2025-04-19,T-10612,Comida,P-01,4
2025-04-19,T-11626,Comida,P-12,2
2025-04-19,T-13119,Comida,P-24,2
2025-04-19,T-13400,Comida,P-11,1
2025-04-19,T-13483,Cena,P-01,3
2025-04-19,T-13701,Comida,P-09,3
2025-04-19,T-13785,Comida,P-02,2
2025-04-19,T-14098,Cena,P-25,2
2025-04-19,T-14367,Cena,P-12,4
2025-04-19,T-15047,Cena,P-06,2
2025-04-19,T-15559,Comida,P-13,4
2025-04-19,T-16161,Comida,P-23,1
2025-04-19,T-16649,Cena,P-19,2
2025-04-19,T-17010,Cena,P-19,3
2025-04-19,T-17068,Comida,P-04,3
2025-04-19,T-17199,Cena,P-03,2
2025-04-19,T-17302,Comida,P-18,2
2025-04-19,T-17358,Comida,P-19,4
2025-04-19,T-17644,Comida,P-21,3
2025-04-19,T-17707,Comida,P-15,1
2025-04-19,T-17792,Comida,P-24,1
2025-04-19,T-17859,Comida,P-09,3
2025-04-20,T-10044,Cena,P-25,4
2025-04-20,T-10566,Comida,P-03,2
2025-04-20,T-10629,Comida,P-16,2
2025-04-20,T-10911,Comida,P-22,4
2025-04-20,T-11606,Comida,P-17,1
2025-04-20,T-11778,Comida,P-14,4
2025-04-20,T-12140,Comida,P-13,2
2025-04-20,T-12912,Cena,P-15,1
2025-04-20,T-12995,Cena,P-15,1
2025-04-20,T-14659,Cena,P-01,1
2025-04-20,T-14681,Comida,P-06,3
2025-04-20,T-15852,Cena,P-19,4
2025-04-20,T-15939,Cena,P-23,1
2025-04-20,T-16561,Comida,P-19,3
2025-04-20,T-17180,Cena,P-20,1
2025-04-20,T-17386,Cena,P-11,4
2025-04-20,T-17510,Comida,P-17,4
2025-04-21,T-10323,Cena,P-01,4
2025-04-21,T-10693,Comida,P-08,1
2025-04-21,T-11016,Cena,P-13,2
2025-04-21,T-11353,Cena,P-11,4
2025-04-21,T-11663,Cena,P-25,2
2025-04-21,T-11887,Cena,P-24,4
2025-04-21,T-12361,Comida,P-17,1
2025-04-21,T-12546,Cena,P-04,1
2025-04-21,T-12866,Cena,P-15,1
2025-04-21,T-12902,Cena,P-16,3
2025-04-21,T-13085,Cena,P-12,3
2025-04-21,T-13676,Cena,P-04,2
2025-04-21,T-13977,Comida,P-01,3
2025-04-21,T-14533,Comida,P-15,3
2025-04-21,T-14924,Comida,P-07,2
2025-04-21,T-15065,Comida,P-04,3
2025-04-21,T-15188,Cena,P-22,1
2025-04-21,T-15263,Comida,P-25,4
2025-04-21,T-15418,Cena,P-02,2
2025-04-21,T-15560,Comida,P-24,2
2025-04-21,T-16003,Comida,P-12,4
2025-04-21,T-16018,Cena,P-19,1
2025-04-21,T-16116,Comida,P-07,2
2025-04-21,T-16697,Comida,P-16,3
2025-04-21,T-17509,Cena,P-04,1
2025-04-22,T-10271,Comida,P-18,1
2025-04-22,T-10410,Cena,P-14,1
2025-04-22,T-11006,Cena,P-01,4
2025-04-22,T-11387,Comida,P-14,2
2025-04-22,T-11668,Comida,P-17,4
2025-04-22,T-11916,Comida,P-12,1
2025-04-22,T-13074,Comida,P-23,1
2025-04-22,T-13637,Cena,P-05,3
2025-04-22,T-13838,Cena,P-15,4
2025-04-22,T-15440,Cena,P-17,1
2025-04-22,T-15674,Comida,P-02,1
2025-04-22,T-16271,Cena,P-22,1
2025-04-22,T-16341,Comida,P-09,3
2025-04-22,T-16610,Cena,P-02,1
2025-04-22,T-16968,Comida,P-10,4
2025-04-22,T-16968,Comida,P-10,1
2025-04-22,T-17355,Cena,P-18,4
2025-04-22,T-17501,Cena,P-19,2
2025-04-22,T-17688,Comida,P-23,1
2025-04-22,T-17942,Comida,P-08,4
2025-04-23,T-10041,Cena,P-02,4
2025-04-23,T-10264,Cena,P-20,2
2025-04-23,T-10578,Cena,P-25,1
2025-04-23,T-11476,Comida,P-17,4
2025-04-23,T-11528,Cena,P-16,4
2025-04-23,T-12185,Cena,P-11,3
2025-04-23,T-12525,Comida,P-07,3
2025-04-23,T-13298,Comida,P-12,1
2025-04-23,T-13397,Cena,P-15,3
2025-04-23,T-13727,Cena,P-07,3
2025-04-23,T-14016,Cena,P-19,1
2025-04-23,T-14385,Cena,P-01,4
2025-04-23,T-14428,Comida,P-16,1
2025-04-23,T-15053,Cena,P-22,4
2025-04-23,T-15925,Comida,P-03,3
2025-04-23,T-16066,Comida,P-10,4
2025-04-23,T-16299,Cena,P-07,1
2025-04-23,T-16852,Comida,P-05,2
2025-04-23,T-17282,Cena,P-16,3
2025-04-23,T-17485,Comida,P-14,4
2025-04-23,T-17530,Cena,P-23,3
2025-04-23,T-17721,Cena,P-19,1
2025-04-23,T-17738,Cena,P-17,2
2025-04-24,T-10273,Cena,P-03,2
2025-04-24,T-10521,Comida,P-09,1
2025-04-24,T-11347,Comida,P-24,1
2025-04-24,T-11452,Cena,P-21,2
2025-04-24,T-11694,Cena,P-02,1
2025-04-24,T-11765,Cena,P-08,2
2025-04-24,T-11878,Comida,P-07,1
2025-04-24,T-11958,Comida,P-17,4
2025-04-24,T-12263,Cena,P-10,3
2025-04-24,T-12587,Cena,P-02,4
2025-04-24,T-14070,Comida,P-19,1
2025-04-24,T-14190,Cena,P-05,1
2025-04-24,T-14773,Comida,P-13,4
2025-04-24,T-14879,Cena,P-20,4
2025-04-24,T-15312,Cena,P-14,3
2025-04-24,T-15608,Cena,P-19,4
2025-04-24,T-15620,Cena,P-02,3
2025-04-24,T-16127,Comida,P-03,2
2025-04-24,T-16512,Cena,P-14,2
2025-04-24,T-16569,Cena,P-15,1
2025-04-24,T-17186,Cena,P-09,2
2025-04-25,T-10028,Cena,P-24,3
2025-04-25,T-10669,Cena,P-14,1
2025-04-25,T-10927,Cena,P-21,4
2025-04-25,T-11858,Comida,P-24,3
2025-04-25,T-11875,Cena,P-24,2
2025-04-25,T-12093,Cena,P-11,2
2025-04-25,T-12159,Cena,P-02,4
2025-04-25,T-12415,Comida,P-10,3
2025-04-25,T-12940,Comida,P-19,1
2025-04-25,T-13112,Cena,P-01,4
2025-04-25,T-13344,Comida,P-02,1
2025-04-25,T-13558,Cena,P-15,4
2025-04-25,T-13689,Cena,P-17,3
2025-04-25,T-13946,Cena,P-19,1
2025-04-25,T-14515,Comida,P-03,4
2025-04-25,T-14751,Cena,P-02,1
2025-04-25,T-14936,Cena,P-21,2
2025-04-25,T-15825,Cena,P-03,2
2025-04-25,T-16128,Cena,P-09,3
2025-04-25,T-16688,Cena,P-16,4
2025-04-25,T-17253,Cena,P-21,2
2025-04-25,T-17546,Cena,P-09,2
2025-04-25,T-17667,Comida,P-24,2
2025-04-25,T-17808,Cena,P-02,3
2025-04-25,T-17860,Cena,P-09,2
2025-04-26,T-10103,Comida,P-02,3
2025-04-26,T-10182,Cena,P-01,4
2025-04-26,T-10802,Comida,P-03,2
2025-04-26,T-11056,Comida,P-14,2
2025-04-26,T-12333,Cena,P-16,4
2025-04-26,T-13199,Cena,P-18,2
2025-04-26,T-13408,Comida,P-03,4
2025-04-26,T-13488,Cena,P-05,4
2025-04-26,T-13490,Cena,P-04,4
2025-04-26,T-13756,Cena,P-13,4
2025-04-26,T-14679,Cena,P-23,4
2025-04-26,T-15236,Cena,P-08,2
2025-04-26,T-15653,Cena,P-16,1
2025-04-26,T-16628,Cena,P-07,2
2025-04-26,T-17581,Comida,P-20,3
2025-04-26,T-17796,Cena,P-12,1
2025-04-27,T-10386,Comida,P-24,1
2025-04-27,T-10521,Cena,P-22,2
2025-04-27,T-11932,Cena,P-10,1
2025-04-27,T-13058,Cena,P-19,3
2025-04-27,T-14153,Cena,P-12,4
2025-04-27,T-14873,Comida,P-05,3
2025-04-27,T-15085,Cena,P-22,1
2025-04-27,T-15387,Cena,P-01,1
2025-04-27,T-15483,Cena,P-13,1
2025-04-27,T-16148,Cena,P-14,4
2025-04-27,T-16186,Comida,P-15,3
2025-04-27,T-16321,Comida,P-09,4
2025-04-27,T-16325,Cena,P-15,2
2025-04-27,T-16328,Cena,P-12,2
2025-04-27,T-16531,Cena,P-10,4
2025-04-27,T-17118,Comida,P-19,3
2025-04-28,T-10040,Cena,P-06,3
2025-04-28,T-10318,Cena,P-07,1
2025-04-28,T-10786,Cena,P-14,4
2025-04-28,T-10958,Cena,P-20,2
2025-04-28,T-11262,Comida,P-10,2
2025-04-28,T-11694,Cena,P-24,4
2025-04-28,T-11963,Comida,P-04,4
2025-04-28,T-13312,Cena,P-20,2
2025-04-28,T-13474,Comida,P-18,2
2025-04-28,T-13692,Cena,P-06,3
2025-04-28,T-14877,Cena,P-07,4
2025-04-28,T-15051,Comida,P-02,1
2025-04-28,T-15862,Comida,P-10,4
2025-04-28,T-16295,Cena,P-15,2
2025-04-28,T-16297,Cena,P-04,2
2025-04-28,T-16527,Cena,P-11,2
2025-04-28,T-16551,Cena,P-21,4
2025-04-28,T-16710,Cena,P-06,3
2025-04-28,T-17039,Cena,P-17,2
2025-04-28,T-17161,Cena,P-05,4
2025-04-28,T-17230,Cena,P-20,3
2025-04-28,T-17482,Cena,P-12,4
2025-04-28,T-17672,Comida,P-15,4
2025-04-29,T-10220,Comida,P-05,2
2025-04-29,T-10649,Comida,P-06,1
2025-04-29,T-10809,Cena,P-03,2
2025-04-29,T-11457,Comida,P-04,4
2025-04-29,T-11619,Cena,P-01,2
2025-04-29,T-11692,Cena,P-11,1
2025-04-29,T-12030,Cena,P-02,2
2025-04-29,T-12177,Comida,P-03,4
2025-04-29,T-12674,Comida,P-15,3
2025-04-29,T-12962,Comida,P-05,3
2025-04-29,T-12992,Comida,P-25,4
2025-04-29,T-13291,Comida,P-02,1
2025-04-29,T-16140,Cena,P-14,1
2025-04-29,T-17624,Comida,P-07,1
2025-04-30,T-10437,Cena,P-17,3
2025-04-30,T-10612,Cena,P-01,4
2025-04-30,T-11580,Comida,P-22,1
2025-04-30,T-11583,Comida,P-14,4
2025-04-30,T-11639,Cena,P-03,4
2025-04-30,T-11889,Cena,P-19,1
2025-04-30,T-12420,Comida,P-02,3
2025-04-30,T-12437,Cena,P-12,1
2025-04-30,T-12821,Cena,P-13,2
2025-04-30,T-12935,Comida,P-09,1
2025-04-30,T-13001,Cena,P-03,3
2025-04-30,T-14228,Cena,P-07,3
2025-04-30,T-14271,Comida,P-06,3
2025-04-30,T-14280,Comida,P-10,2
2025-04-30,T-14496,Comida,P-09,2
2025-04-30,T-15130,Comida,P-23,4
2025-04-30,T-15242,Cena,P-23,1
2025-04-30,T-15516,Cena,P-25,2
2025-04-30,T-16067,Cena,P-22,2
2025-04-30,T-16726,Cena,P-20,3
2025-04-30,T-17382,Cena,P-02,4
2025-04-30,T-17426,Cena,P-24,4
2025-04-30,T-17578,Comida,P-08,1
2025-04-30,T-17616,Comida,P-10,2
2025-04-30,T-17815,Comida,P-08,2
2025-04-30,T-17855,Cena,P-06,1
2025-05-01,T-10290,Cena,P-04,2
2025-05-01,T-10586,Comida,P-14,4
2025-05-01,T-10875,Comida,P-21,3
2025-05-01,T-11696,Cena,P-04,2
2025-05-01,T-12022,Comida,P-25,4
2025-05-01,T-12208,Cena,P-10,2
2025-05-01,T-12249,Cena,P-18,4
2025-05-01,T-12382,Comida,P-02,3
2025-05-01,T-13179,Cena,P-02,1
2025-05-01,T-13326,Cena,P-01,3
2025-05-01,T-13529,Cena,P-24,3
2025-05-01,T-15412,Cena,P-15,3
2025-05-01,T-16981,Cena,P-18,1
2025-05-01,T-17142,Comida,P-08,2
2025-05-01,T-17764,Comida,P-15,3
2025-05-02,T-10490,Comida,P-20,1
2025-05-02,T-10696,Comida,P-15,1
2025-05-02,T-11342,Cena,P-06,3
2025-05-02,T-11724,Comida,P-23,2
2025-05-02,T-12056,Comida,P-06,4
2025-05-02,T-12477,Comida,P-22,2
2025-05-02,T-12876,Comida,P-09,1
2025-05-02,T-13261,Comida,P-15,2
2025-05-02,T-13997,Comida,P-01,4
2025-05-02,T-14133,Cena,P-06,3
2025-05-02,T-14597,Comida,P-07,4
2025-05-02,T-15671,Cena,P-06,3
2025-05-02,T-15735,Comida,P-17,2
2025-05-02,T-15935,Cena,P-06,1
2025-05-02,T-16169,Cena,P-24,4
2025-05-02,T-17091,Cena,P-19,1
2025-05-02,T-17339,Cena,P-11,2
2025-05-02,T-17491,Comida,P-12,3
2025-05-03,T-10484,Cena,P-11,1
2025-05-03,T-11154,Cena,P-02,3
2025-05-03,T-11454,Comida,P-13,2
2025-05-03,T-11921,Comida,P-15,3
2025-05-03,T-12425,Comida,P-24,3
2025-05-03,T-12679,Cena,P-23,4
2025-05-03,T-13050,Cena,P-08,1
2025-05-03,T-13096,Cena,P-09,3
2025-05-03,T-13387,Cena,P-08,4
2025-05-03,T-13621,Cena,P-04,1
2025-05-03,T-14050,Cena,P-09,2
2025-05-03,T-14181,Cena,P-24,1
2025-05-03,T-14374,Comida,P-19,2
2025-05-03,T-14404,Comida,P-21,1
2025-05-03,T-14422,Cena,P-23,4
2025-05-03,T-14882,Cena,P-17,1
2025-05-03,T-14933,Comida,P-08,2
2025-05-03,T-15048,Comida,P-11,1
2025-05-03,T-15497,Comida,P-09,4
2025-05-03,T-15675,Cena,P-09,4
2025-05-03,T-16093,Cena,P-08,4
2025-05-03,T-16465,Cena,P-06,1
2025-05-03,T-17285,Comida,P-19,3
2025-05-03,T-17458,Comida,P-25,1
2025-05-03,T-17464,Comida,P-03,3
2025-05-03,T-17540,Comida,P-20,1
2025-05-03,T-17934,Comida,P-09,3
2025-05-04,T-11341,Cena,P-03,1
2025-05-04,T-11369,Cena,P-11,1
2025-05-04,T-11926,Cena,P-03,4
2025-05-04,T-12180,Cena,P-03,3
2025-05-04,T-12353,Comida,P-03,2
2025-05-04,T-13054,Cena,P-21,2
2025-05-04,T-13201,Comida,P-16,4
2025-05-04,T-15270,Cena,P-17,1
2025-05-04,T-16316,Cena,P-09,1
2025-05-04,T-16397,Cena,P-05,3
2025-05-04,T-16405,Cena,P-22,2
2025-05-04,T-16706,Comida,P-08,4
2025-05-04,T-16743,Comida,P-05,2
2025-05-04,T-17417,Comida,P-02,3
2025-05-04,T-17826,Cena,P-17,1
2025-05-04,T-17965,Comida,P-09,3
2025-05-05,T-10017,Comida,P-25,3
2025-05-05,T-10267,Cena,P-12,2
2025-05-05,T-11388,Cena,P-10,4
2025-05-05,T-11598,Cena,P-03,2
2025-05-05,T-11812,Cena,P-23,4
2025-05-05,T-12374,Comida,P-05,4
2025-05-05,T-12439,Cena,P-05,4
2025-05-05,T-12798,Cena,P-15,3
2025-05-05,T-13101,Cena,P-20,4
2025-05-05,T-13173,Cena,P-06,3
2025-05-05,T-13879,Cena,P-01,2
2025-05-05,T-13906,Cena,P-15,1
2025-05-05,T-14640,Comida,P-07,2
2025-05-05,T-14948,Comida,P-10,2
2025-05-05,T-15304,Cena,P-20,2
2025-05-05,T-17149,Cena,P-18,3
2025-05-05,T-17246,Cena,P-03,2
2025-05-05,T-17759,Cena,P-19,2
2025-05-06,T-10144,Cena,P-06,3
2025-05-06,T-10394,Comida,P-23,4
2025-05-06,T-10487,Cena,P-01,3
2025-05-06,T-10829,Cena,P-21,3
2025-05-06,T-11283,Cena,P-20,2
2025-05-06,T-13024,Cena,P-15,4
2025-05-06,T-14222,Cena,P-17,4
2025-05-06,T-14303,Cena,P-08,3
2025-05-06,T-14341,Cena,P-16,3
2025-05-06,T-14444,Cena,P-22,3
2025-05-06,T-14573,Cena,P-02,1
2025-05-06,T-14800,Cena,P-12,2
2025-05-06,T-14911,Cena,P-25,4
2025-05-06,T-15224,Cena,P-18,2
2025-05-06,T-16584,Comida,P-04,2
2025-05-06,T-16743,Comida,P-21,3
2025-05-06,T-16825,Cena,P-19,3
2025-05-06,T-16947,Cena,P-19,2
2025-05-06,T-17506,Cena,P-12,4
2025-05-06,T-17576,Cena,P-06,2
2025-05-07,T-10059,Cena,P-13,1
2025-05-07,T-10610,Comida,P-15,1
2025-05-07,T-10614,Cena,P-16,4
2025-05-07,T-10917,Cena,P-17,3
2025-05-07,T-11129,Cena,P-25,1
2025-05-07,T-11552,Cena,P-09,3
2025-05-07,T-12315,Comida,P-18,4
2025-05-07,T-13861,Cena,P-08,1
2025-05-07,T-15070,Cena,P-23,2
2025-05-07,T-15290,Comida,P-04,1
2025-05-07,T-15745,Comida,P-24,3
2025-05-07,T-16135,Cena,P-22,3
2025-05-07,T-16171,Cena,P-15,4
2025-05-07,T-16453,Cena,P-20,2
2025-05-07,T-16966,Cena,P-09,4
2025-05-07,T-17603,Cena,P-23,3
2025-05-07,T-17711,Cena,P-15,3
2025-05-08,T-10147,Comida,P-22,2
2025-05-08,T-10215,Comida,P-20,4
2025-05-08,T-10850,Comida,P-05,1
2025-05-08,T-11484,Comida,P-17,2
2025-05-08,T-11671,Comida,P-04,4
2025-05-08,T-12668,Comida,P-10,3
2025-05-08,T-12933,Comida,P-11,3
2025-05-08,T-13922,Cena,P-18,4
2025-05-08,T-13988,Cena,P-03,2
2025-05-08,T-14335,Cena,P-01,1
2025-05-08,T-14596,Comida,P-13,4
2025-05-08,T-14626,Cena,P-01,2
2025-05-08,T-14861,Cena,P-07,1
2025-05-08,T-14980,Comida,P-07,2
2025-05-08,T-15689,Cena,P-07,2
2025-05-08,T-16385,Cena,P-21,3
2025-05-08,T-16418,Comida,P-08,2
2025-05-08,T-16869,Cena,P-04,2
2025-05-08,T-17016,Cena,P-15,4
2025-05-08,T-17382,Cena,P-03,4
2025-05-08,T-17629,Comida,P-18,4
2025-05-09,T-10078,Comida,P-06,1
2025-05-09,T-10501,Comida,P-17,4
2025-05-09,T-10530,Comida,P-02,3
2025-05-09,T-11520,Comida,P-12,4
2025-05-09,T-11545,Cena,P-13,4
2025-05-09,T-11629,Comida,P-04,3
2025-05-09,T-11781,Cena,P-11,2
2025-05-09,T-11793,Comida,P-08,2
2025-05-09,T-11819,Cena,P-22,3
2025-05-09,T-11894,Comida,P-11,2
2025-05-09,T-12121,Cena,P-25,2
2025-05-09,T-12122,Cena,P-02,3
2025-05-09,T-12311,Comida,P-18,3
2025-05-09,T-12514,Cena,P-22,1
2025-05-09,T-12778,Cena,P-21,4
2025-05-09,T-12809,Comida,P-24,2
2025-05-09,T-12874,Cena,P-24,2
2025-05-09,T-12883,Comida,P-22,1
2025-05-09,T-13100,Comida,P-21,2
2025-05-09,T-13322,Comida,P-11,2
2025-05-09,T-13375,Cena,P-06,4
2025-05-09,T-14098,Cena,P-09,2
2025-05-09,T-14537,Comida,P-09,3
2025-05-09,T-14679,Cena,P-03,3
2025-05-09,T-15135,Cena,P-02,2
2025-05-09,T-15380,Cena,P-13,4
2025-05-09,T-16075,Comida,P-05,2
2025-05-09,T-16077,Cena,P-01,1
2025-05-09,T-16774,Cena,P-12,2
2025-05-09,T-16927,Cena,P-02,1
2025-05-10,T-10355,Cena,P-13,1
2025-05-10,T-11203,Comida,P-12,3
2025-05-10,T-11420,Comida,P-09,4
2025-05-10,T-11687,Comida,P-12,3
2025-05-10,T-12530,Cena,P-08,3
2025-05-10,T-12560,Cena,P-01,3
2025-05-10,T-12747,Comida,P-25,4
2025-05-10,T-12791,Cena,P-09,4
2025-05-10,T-13025,Comida,P-10,4
2025-05-10,T-13611,Cena,P-07,1
2025-05-10,T-13855,Comida,P-17,2
2025-05-10,T-14051,Cena,P-01,4
2025-05-10,T-14302,Cena,P-10,2
2025-05-10,T-14891,Cena,P-19,1
2025-05-10,T-15071,Cena,P-10,3
2025-05-10,T-15390,Comida,P-16,4
2025-05-10,T-15689,Comida,P-02,2
2025-05-10,T-15751,Cena,P-01,4
2025-05-10,T-16221,Cena,P-15,3
2025-05-10,T-16387,Comida,P-21,2
2025-05-10,T-16629,Cena,P-19,4
2025-05-10,T-16913,Cena,P-17,1
2025-05-10,T-17555,Cena,P-05,3
2025-05-10,T-17890,Cena,P-21,3
2025-05-11,T-10207,Comida,P-02,2
2025-05-11,T-10948,Cena,P-02,2
2025-05-11,T-11161,Cena,P-12,4
2025-05-11,T-11832,Cena,P-12,1
2025-05-11,T-12837,Cena,P-19,2
2025-05-11,T-13126,Cena,P-22,2
2025-05-11,T-13463,Comida,P-24,4
2025-05-11,T-13830,Cena,P-17,2
2025-05-11,T-14424,Cena,P-20,3
2025-05-11,T-14753,Comida,P-07,2
2025-05-11,T-15053,Cena,P-19,2
2025-05-11,T-15606,Comida,P-22,2
2025-05-11,T-16474,Comida,P-14,3
2025-05-11,T-16885,Comida,P-22,3
2025-05-12,T-10354,Comida,P-11,3
2025-05-12,T-11580,Cena,P-05,4
2025-05-12,T-11601,Comida,P-02,1
2025-05-12,T-11608,Cena,P-12,3
2025-05-12,T-11692,Comida,P-09,3
2025-05-12,T-11764,Cena,P-17,4
2025-05-12,T-12093,Comida,P-21,2
2025-05-12,T-12174,Comida,P-03,2
2025-05-12,T-12461,Cena,P-20,1
2025-05-12,T-13083,Cena,P-11,4
2025-05-12,T-13213,Cena,P-16,1
2025-05-12,T-13524,Cena,P-04,2
2025-05-12,T-13857,Cena,P-06,1
2025-05-12,T-14516,Cena,P-13,1
2025-05-12,T-14537,Cena,P-07,1
2025-05-12,T-15278,Comida,P-15,2
2025-05-12,T-15286,Comida,P-15,3
2025-05-12,T-16167,Cena,P-04,2
2025-05-12,T-17162,Comida,P-15,1
2025-05-12,T-17187,Cena,P-01,2
2025-05-12,T-17623,Cena,P-23,4
2025-05-12,T-17853,Cena,P-05,3
2025-05-13,T-10083,Cena,P-06,1
2025-05-13,T-11048,Cena,P-25,1
2025-05-13,T-11282,Comida,P-03,3
2025-05-13,T-11301,Cena,P-07,2
2025-05-13,T-11487,Cena,P-10,1
2025-05-13,T-11816,Comida,P-08,4
2025-05-13,T-11826,Cena,P-22,4
2025-05-13,T-11918,Comida,P-01,2
2025-05-13,T-12336,Cena,P-23,3
2025-05-13,T-12358,Comida,P-03,4
2025-05-13,T-12399,Cena,P-09,2
2025-05-13,T-12575,Comida,P-19,1
2025-05-13,T-13100,Comida,P-24,4
2025-05-13,T-13275,Comida,P-23,4
2025-05-13,T-13697,Cena,P-18,3
2025-05-13,T-13888,Cena,P-08,4
2025-05-13,T-14559,Cena,P-09,1
2025-05-13,T-15018,Comida,P-09,4
2025-05-13,T-15405,Cena,P-07,1
2025-05-13,T-15467,Comida,P-25,1
2025-05-13,T-15530,Comida,P-20,1
2025-05-13,T-15579,Comida,P-18,1
2025-05-13,T-15688,Comida,P-02,1
2025-05-13,T-16152,Cena,P-14,2
2025-05-13,T-16720,Cena,P-21,4
2025-05-14,T-10023,Cena,P-23,2
2025-05-14,T-10843,Cena,P-24,2
2025-05-14,T-11293,Cena,P-07,4
2025-05-14,T-11712,Cena,P-22,1
2025-05-14,T-12013,Cena,P-03,3
2025-05-14,T-12111,Comida,P-11,3
2025-05-14,T-12202,Comida,P-16,2
2025-05-14,T-12805,Cena,P-18,2
2025-05-14,T-12886,Comida,P-07,4
2025-05-14,T-13073,Cena,P-06,3
2025-05-14,T-13179,Cena,P-21,2
2025-05-14,T-13314,Comida,P-19,1
2025-05-14,T-14603,Comida,P-02,4
2025-05-14,T-14948,Cena,P-17,4
2025-05-14,T-15286,Comida,P-25,3
2025-05-14,T-15429,Cena,P-08,1
2025-05-14,T-15681,Comida,P-19,4
2025-05-14,T-15797,Comida,P-18,1
2025-05-14,T-16989,Comida,P-04,2
2025-05-14,T-17184,Cena,P-20,1
2025-05-14,T-17395,Cena,P-09,2
2025-05-14,T-17453,Comida,P-16,1
2025-05-14,T-17534,Cena,P-22,1
2025-05-14,T-17580,Cena,P-03,3
2025-05-15,T-10822,Cena,P-23,3
2025-05-15,T-11031,Comida,P-19,1
2025-05-15,T-11147,Comida,P-11,3
2025-05-15,T-12305,Comida,P-17,3
2025-05-15,T-12476,Comida,P-02,4
2025-05-15,T-12859,Comida,P-03,2
2025-05-15,T-12914,Cena,P-11,3
2025-05-15,T-14165,Comida,P-10,2
2025-05-15,T-14267,Comida,P-01,3
2025-05-15,T-14453,Cena,P-23,2
2025-05-15,T-14735,Comida,P-21,1
2025-05-15,T-14915,Cena,P-15,3
2025-05-15,T-16684,Cena,P-24,4
2025-05-15,T-16998,Cena,P-20,1
2025-05-15,T-17019,Comida,P-03,4
2025-05-15,T-17118,Cena,P-03,1
2025-05-15,T-17679,Cena,P-06,2
2025-05-16,T-10529,Comida,P-19,4
2025-05-16,T-10556,Cena,P-20,3
2025-05-16,T-10620,Cena,P-20,2
2025-05-16,T-10682,Comida,P-23,1
2025-05-16,T-10708,Cena,P-13,3
2025-05-16,T-10866,Comida,P-22,3
2025-05-16,T-11664,Comida,P-02,3
2025-05-16,T-12105,Comida,P-25,1
2025-05-16,T-12181,Comida,P-13,2
2025-05-16,T-12394,Comida,P-21,1
2025-05-16,T-12754,Comida,P-19,4
2025-05-16,T-12937,Comida,P-24,4
2025-05-16,T-13218,Comida,P-06,2
2025-05-16,T-13265,Comida,P-07,3
2025-05-16,T-13440,Cena,P-05,4
2025-05-16,T-14218,Comida,P-16,2
2025-05-16,T-14427,Cena,P-12,1
2025-05-16,T-15038,Cena,P-01,2
2025-05-16,T-15151,Comida,P-01,1
2025-05-16,T-15270,Comida,P-08,1
2025-05-16,T-15745,Comida,P-12,3
2025-05-16,T-15875,Cena,P-10,3
2025-05-16,T-16047,Comida,P-12,3
2025-05-16,T-16625,Cena,P-01,2
2025-05-16,T-17510,Cena,P-20,3
2025-05-17,T-10276,Cena,P-16,2
2025-05-17,T-10353,Cena,P-03,1
2025-05-17,T-10656,Cena,P-11,2
2025-05-17,T-10726,Comida,P-08,2
2025-05-17,T-11162,Cena,P-16,1
2025-05-17,T-11539,Comida,P-05,3
2025-05-17,T-11881,Cena,P-10,3
2025-05-17,T-12156,Cena,P-02,1
2025-05-17,T-12215,Cena,P-05,4
2025-05-17,T-13058,Cena,P-14,2
2025-05-17,T-13458,Cena,P-22,1
2025-05-17,T-15144,Comida,P-11,2
2025-05-17,T-15260,Cena,P-21,3
2025-05-17,T-15361,Cena,P-18,2
2025-05-17,T-15391,Cena,P-04,3
2025-05-17,T-15726,Cena,P-03,1
2025-05-17,T-15945,Cena,P-13,2
2025-05-17,T-16309,Cena,P-14,3
2025-05-17,T-16578,Comida,P-01,2
2025-05-17,T-17655,Comida,P-18,1
2025-05-18,T-10293,Cena,P-04,4
2025-05-18,T-10899,Cena,P-22,3
2025-05-18,T-11336,Cena,P-01,4
2025-05-18,T-11571,Comida,P-21,2
2025-05-18,T-12171,Comida,P-05,2
2025-05-18,T-12283,Cena,P-14,2
2025-05-18,T-12489,Comida,P-17,1
2025-05-18,T-12495,Cena,P-21,1
2025-05-18,T-12592,Comida,P-05,2
2025-05-18,T-12928,Comida,P-08,3
2025-05-18,T-13386,Cena,P-20,3
2025-05-18,T-14415,Cena,P-19,4
2025-05-18,T-14940,Cena,P-02,3
2025-05-18,T-15387,Cena,P-01,1
2025-05-18,T-15665,Cena,P-17,2
2025-05-18,T-16295,Cena,P-13,4
2025-05-18,T-16310,Comida,P-13,1
2025-05-18,T-16322,Comida,P-01,3
2025-05-19,T-10086,Cena,P-06,2
2025-05-19,T-10475,Cena,P-09,1
2025-05-19,T-11202,Cena,P-23,2
2025-05-19,T-11509,Cena,P-10,1
2025-05-19,T-12233,Cena,P-24,3
2025-05-19,T-12689,Cena,P-05,4
2025-05-19,T-13867,Cena,P-22,3
2025-05-19,T-14057,Comida,P-20,3
2025-05-19,T-14229,Cena,P-06,1
2025-05-19,T-14251,Comida,P-13,2
2025-05-19,T-14431,Comida,P-08,4
2025-05-19,T-14525,Cena,P-21,3
2025-05-19,T-14991,Cena,P-07,2
2025-05-19,T-15652,Comida,P-13,2
2025-05-19,T-17509,Cena,P-01,1
2025-05-19,T-17702,Comida,P-15,4
2025-05-19,T-17948,Comida,P-04,4
2025-05-20,T-10009,Comida,P-01,1
2025-05-20,T-10236,Cena,P-19,2
2025-05-20,T-10516,Cena,P-06,3
2025-05-20,T-10814,Comida,P-20,4
2025-05-20,T-10933,Cena,P-24,3
2025-05-20,T-11592,Cena,P-23,4
2025-05-20,T-12037,Cena,P-04,2
2025-05-20,T-12306,Cena,P-04,2
2025-05-20,T-12400,Cena,P-19,1
2025-05-20,T-12956,Cena,P-23,4
2025-05-20,T-13077,Cena,P-08,3
2025-05-20,T-13179,Cena,P-02,1
2025-05-20,T-13278,Cena,P-25,4
2025-05-20,T-13393,Cena,P-04,2
2025-05-20,T-13509,Comida,P-01,4
2025-05-20,T-13741,Comida,P-01,4
2025-05-20,T-14048,Comida,P-01,1
2025-05-20,T-14049,Cena,P-20,4
2025-05-20,T-14351,Comida,P-11,1
2025-05-20,T-15376,Comida,P-16,4
2025-05-20,T-15713,Comida,P-25,2
2025-05-20,T-15716,Comida,P-12,4
2025-05-20,T-15858,Comida,P-14,4
2025-05-20,T-16921,Comida,P-11,4
2025-05-20,T-17158,Cena,P-19,1
2025-05-20,T-17209,Cena,P-23,4
2025-05-20,T-17571,Comida,P-16,1
2025-05-21,T-10233,Comida,P-20,2
2025-05-21,T-10347,Comida,P-21,3
2025-05-21,T-10479,Cena,P-22,3
2025-05-21,T-10583,Comida,P-06,3
2025-05-21,T-11930,Comida,P-14,4
2025-05-21,T-12210,Cena,P-03,4
2025-05-21,T-12548,Cena,P-18,2
2025-05-21,T-12744,Comida,P-07,3
2025-05-21,T-12809,Cena,P-10,1
2025-05-21,T-13004,Cena,P-13,2
2025-05-21,T-14039,Comida,P-19,4
2025-05-21,T-14859,Comida,P-04,1
2025-05-21,T-15007,Cena,P-07,3
2025-05-21,T-15795,Cena,P-16,3
2025-05-21,T-16420,Comida,P-07,4
2025-05-21,T-16497,Comida,P-11,3
2025-05-21,T-16531,Cena,P-10,2
2025-05-21,T-17317,Cena,P-01,4
2025-05-22,T-10008,Cena,P-19,2
2025-05-22,T-10073,Comida,P-07,2
2025-05-22,T-10089,Cena,P-07,1
2025-05-22,T-10481,Cena,P-03,1
2025-05-22,T-10717,Comida,P-23,2
2025-05-22,T-10971,Cena,P-08,3
2025-05-22,T-10971,Cena,P-07,3
2025-05-22,T-11011,Cena,P-04,1
2025-05-22,T-11244,Cena,P-23,2
2025-05-22,T-11318,Cena,P-03,2
2025-05-22,T-11360,Comida,P-18,4
2025-05-22,T-11658,Cena,P-17,4
2025-05-22,T-12186,Comida,P-14,2
2025-05-22,T-12403,Cena,P-01,2
2025-05-22,T-12404,Comida,P-07,1
2025-05-22,T-12487,Comida,P-17,4
2025-05-22,T-12991,Cena,P-15,3
2025-05-22,T-13345,Comida,P-16,3
2025-05-22,T-13526,Cena,P-25,1
2025-05-22,T-13576,Cena,P-22,1
2025-05-22,T-13667,Comida,P-22,4
2025-05-22,T-14438,Cena,P-08,1
2025-05-22,T-14742,Cena,P-23,2
2025-05-22,T-14820,Comida,P-18,1
2025-05-22,T-15106,Comida,P-09,1
2025-05-22,T-15416,Cena,P-03,4
2025-05-22,T-15919,Cena,P-11,2
2025-05-22,T-16289,Comida,P-02,2
2025-05-22,T-17197,Comida,P-17,3
2025-05-23,T-10735,Comida,P-20,1
2025-05-23,T-11269,Cena,P-16,4
2025-05-23,T-11605,Comida,P-11,1
2025-05-23,T-12282,Cena,P-06,2
2025-05-23,T-12468,Cena,P-02,3
2025-05-23,T-12475,Cena,P-25,3
2025-05-23,T-12502,Cena,P-15,2
2025-05-23,T-13246,Comida,P-06,3
2025-05-23,T-14267,Cena,P-22,4
2025-05-23,T-14291,Comida,P-11,1
2025-05-23,T-15203,Cena,P-12,2
2025-05-23,T-15332,Comida,P-13,2
2025-05-23,T-15558,Cena,P-03,1
2025-05-23,T-15802,Comida,P-09,1
2025-05-23,T-15898,Cena,P-03,4
2025-05-23,T-15952,Comida,P-07,4
2025-05-23,T-16092,Comida,P-04,4
2025-05-23,T-16099,Comida,P-21,4
2025-05-23,T-16143,Cena,P-08,4
2025-05-23,T-16279,Cena,P-08,2
2025-05-23,T-16599,Comida,P-21,4
2025-05-23,T-16644,Comida,P-21,2
2025-05-23,T-16951,Comida,P-12,3
2025-05-23,T-17002,Cena,P-16,3
2025-05-23,T-17299,Cena,P-22,3
2025-05-24,T-10186,Comida,P-14,4
2025-05-24,T-10221,Cena,P-09,3
2025-05-24,T-10242,Cena,P-02,3
2025-05-24,T-10798,Cena,P-19,2
2025-05-24,T-11084,Comida,P-11,1
2025-05-24,T-12412,Comida,P-15,1
2025-05-24,T-12824,Cena,P-10,3
2025-05-24,T-12828,Comida,P-08,4
2025-05-24,T-12832,Cena,P-01,1
2025-05-24,T-13602,Cena,P-04,3
2025-05-24,T-13944,Cena,P-21,4
2025-05-24,T-16039,Comida,P-17,3
2025-05-24,T-16343,Cena,P-17,2
2025-05-24,T-16377,Cena,P-17,1
2025-05-24,T-17620,Comida,P-24,2
2025-05-24,T-17857,Comida,P-24,2
2025-05-25,T-10152,Comida,P-06,3
2025-05-25,T-11196,Cena,P-13,1
2025-05-25,T-11237,Comida,P-12,3
2025-05-25,T-11758,Cena,P-22,2
2025-05-25,T-12230,Comida,P-21,4
2025-05-25,T-12725,Cena,P-01,4
2025-05-25,T-13377,Cena,P-18,1
2025-05-25,T-13596,Comida,P-24,4
2025-05-25,T-13713,Comida,P-25,4
2025-05-25,T-14200,Cena,P-16,3
2025-05-25,T-14251,Cena,P-06,4
2025-05-25,T-15160,Cena,P-16,4
2025-05-25,T-15618,Comida,P-25,1
2025-05-25,T-16024,Cena,P-08,1
2025-05-25,T-16093,Cena,P-25,2
2025-05-25,T-16148,Cena,P-07,1
2025-05-25,T-16253,Cena,P-04,4
2025-05-25,T-16403,Cena,P-07,3
2025-05-25,T-16848,Comida,P-21,4
2025-05-26,T-10412,Comida,P-17,1
2025-05-26,T-11822,Comida,P-06,3
2025-05-26,T-12089,Comida,P-03,4
2025-05-26,T-12486,Cena,P-04,3
2025-05-26,T-12537,Cena,P-18,4
2025-05-26,T-12964,Comida,P-22,3
2025-05-26,T-13065,Cena,P-02,4
2025-05-26,T-13756,Cena,P-19,4
2025-05-26,T-13902,Comida,P-20,2
2025-05-26,T-13917,Comida,P-12,3
2025-05-26,T-14170,Cena,P-20,1
2025-05-26,T-14211,Comida,P-15,3
2025-05-26,T-14242,Cena,P-25,4
2025-05-26,T-14421,Cena,P-14,1
2025-05-26,T-14451,Cena,P-05,1
2025-05-26,T-14460,Cena,P-18,2
2025-05-26,T-15924,Cena,P-21,4
2025-05-26,T-17765,Cena,P-20,2
2025-05-26,T-17931,Cena,P-08,1
2025-05-27,T-10654,Comida,P-25,4
2025-05-27,T-11087,Cena,P-19,3
2025-05-27,T-11132,Comida,P-19,2
2025-05-27,T-11147,Cena,P-02,1
2025-05-27,T-11275,Cena,P-01,2
2025-05-27,T-11744,Cena,P-21,3
2025-05-27,T-11847,Cena,P-05,3
2025-05-27,T-12500,Cena,P-22,4
2025-05-27,T-12743,Comida,P-08,1
2025-05-27,T-12892,Comida,P-20,3
2025-05-27,T-13582,Comida,P-17,1
2025-05-27,T-14040,Cena,P-05,2
2025-05-27,T-14758,Comida,P-15,3
2025-05-27,T-14900,Cena,P-07,2
2025-05-27,T-15144,Comida,P-16,2
2025-05-27,T-15200,Comida,P-02,1
2025-05-27,T-15628,Cena,P-17,3
2025-05-27,T-15903,Comida,P-03,1
2025-05-27,T-16395,Cena,P-24,1
2025-05-27,T-16482,Comida,P-20,1
2025-05-27,T-16685,Cena,P-06,1
2025-05-27,T-16774,Comida,P-07,4
2025-05-27,T-16971,Comida,P-15,3
2025-05-27,T-17271,Cena,P-10,3
2025-05-27,T-17405,Comida,P-17,3
2025-05-27,T-17425,Comida,P-21,2
2025-05-27,T-17974,Cena,P-21,1
2025-05-28,T-10360,Comida,P-24,4
2025-05-28,T-10412,Cena,P-12,4
2025-05-28,T-10790,Cena,P-23,4
2025-05-28,T-10878,Comida,P-08,3
2025-05-28,T-11210,Cena,P-25,3
2025-05-28,T-11449,Comida,P-23,4
2025-05-28,T-11461,Cena,P-15,4
2025-05-28,T-11969,Comida,P-03,3
2025-05-28,T-12396,Cena,P-15,4
2025-05-28,T-12843,Cena,P-03,4
2025-05-28,T-13041,Comida,P-05,3
2025-05-28,T-13109,Cena,P-25,1
2025-05-28,T-13268,Cena,P-12,2
2025-05-28,T-13676,Cena,P-18,3
2025-05-28,T-13778,Cena,P-02,3
2025-05-28,T-14539,Comida,P-04,4
2025-05-28,T-17653,Cena,P-03,3
2025-05-28,T-17872,Comida,P-12,1
2025-05-29,T-10639,Cena,P-12,2
2025-05-29,T-10806,Cena,P-10,1
2025-05-29,T-12590,Comida,P-08,3
2025-05-29,T-15340,Cena,P-14,2
2025-05-29,T-15852,Cena,P-15,1
2025-05-29,T-15918,Cena,P-06,4
2025-05-29,T-16156,Cena,P-10,3
2025-05-29,T-16344,Comida,P-02,4
2025-05-29,T-16751,Cena,P-03,1
2025-05-29,T-17005,Cena,P-12,3
2025-05-29,T-17188,Comida,P-05,2
2025-05-29,T-17297,Comida,P-24,4
2025-05-29,T-17621,Comida,P-06,4
2025-05-29,T-17734,Cena,P-09,3
2025-05-29,T-17799,Cena,P-22,4
2025-05-29,T-17940,Cena,P-19,2
2025-05-30,T-11181,Comida,P-07,2
2025-05-30,T-11443,Comida,P-16,1
2025-05-30,T-11742,Comida,P-19,4
2025-05-30,T-11971,Cena,P-09,1
2025-05-30,T-12124,Cena,P-15,1
2025-05-30,T-13375,Cena,P-20,2
2025-05-30,T-14080,Cena,P-19,4
2025-05-30,T-14219,Cena,P-21,1
2025-05-30,T-14541,Cena,P-10,4
2025-05-30,T-14555,Cena,P-20,2
2025-05-30,T-15030,Cena,P-09,1
2025-05-30,T-15524,Cena,P-17,4
2025-05-30,T-15672,Cena,P-01,4
2025-05-30,T-16051,Cena,P-25,3
2025-05-30,T-17488,Cena,P-23,1
2025-05-30,T-17699,Cena,P-04,2
2025-05-30,T-17792,Comida,P-25,4
2025-05-31,T-10031,Comida,P-07,4
2025-05-31,T-10191,Cena,P-03,2
2025-05-31,T-10552,Cena,P-13,3
2025-05-31,T-10553,Cena,P-14,2
2025-05-31,T-10765,Cena,P-08,4
2025-05-31,T-11947,Comida,P-01,4
2025-05-31,T-12128,Cena,P-06,3
2025-05-31,T-12179,Comida,P-25,3
2025-05-31,T-13183,Comida,P-10,4
2025-05-31,T-13194,Cena,P-20,4
2025-05-31,T-13282,Cena,P-07,4
2025-05-31,T-13779,Comida,P-18,2
2025-05-31,T-14204,Cena,P-24,3
2025-05-31,T-14230,Cena,P-17,2
2025-05-31,T-15571,Comida,P-01,4
2025-05-31,T-16154,Cena,P-07,1
2025-05-31,T-16222,Cena,P-17,1
2025-05-31,T-16280,Cena,P-06,1
2025-05-31,T-16819,Comida,P-08,4
2025-05-31,T-17412,Comida,P-19,4
2025-05-31,T-17476,Cena,P-04,3
2025-05-31,T-17687,Cena,P-25,2
2025-05-31,T-17691,Comida,P-25,4
2025-05-31,T-17863,Cena,P-14,3
2025-06-01,T-10092,Cena,P-16,4
2025-06-01,T-10533,Comida,P-15,1
2025-06-01,T-10620,Cena,P-14,3
2025-06-01,T-12135,Cena,P-10,1
2025-06-01,T-12150,Cena,P-20,1
2025-06-01,T-12570,Cena,P-08,2
2025-06-01,T-12658,Cena,P-04,4
2025-06-01,T-12863,Cena,P-18,4
2025-06-01,T-12894,Cena,P-23,3
2025-06-01,T-14662,Comida,P-12,2
2025-06-01,T-14887,Cena,P-23,3
2025-06-01,T-15169,Cena,P-13,2
2025-06-01,T-16070,Cena,P-18,4
2025-06-01,T-16150,Comida,P-06,4
2025-06-01,T-16399,Comida,P-02,4
2025-06-01,T-16612,Cena,P-15,2
2025-06-01,T-17081,Comida,P-03,4
2025-06-01,T-17472,Cena,P-15,1
2025-06-01,T-17578,Cena,P-04,4
2025-06-02,T-10168,Cena,P-05,1
2025-06-02,T-10801,Comida,P-05,2
2025-06-02,T-11635,Cena,P-10,2
2025-06-02,T-12175,Cena,P-15,3
2025-06-02,T-12634,Cena,P-01,4
2025-06-02,T-13250,Comida,P-24,3
2025-06-02,T-13254,Comida,P-22,1
2025-06-02,T-13630,Cena,P-08,3
2025-06-02,T-14429,Comida,P-13,3
2025-06-02,T-14929,Cena,P-20,1
2025-06-02,T-14952,Comida,P-12,3
2025-06-02,T-15318,Cena,P-01,4
2025-06-02,T-15338,Cena,P-06,4
2025-06-02,T-15357,Cena,P-17,4
2025-06-02,T-15509,Cena,P-16,1
2025-06-02,T-15832,Cena,P-20,3
2025-06-02,T-16298,Comida,P-17,3
2025-06-02,T-16555,Cena,P-22,1
2025-06-02,T-16835,Cena,P-03,2
2025-06-02,T-17276,Cena,P-08,1
2025-06-03,T-10604,Cena,P-12,3
2025-06-03,T-10632,Comida,P-18,3
2025-06-03,T-10686,Cena,P-08,2
2025-06-03,T-10858,Comida,P-10,2
2025-06-03,T-11019,Comida,P-25,2
2025-06-03,T-11435,Cena,P-16,3
2025-06-03,T-12046,Comida,P-15,3
2025-06-03,T-12092,Comida,P-17,1
2025-06-03,T-12356,Comida,P-20,1
2025-06-03,T-12400,Cena,P-12,4
2025-06-03,T-12494,Cena,P-07,2
2025-06-03,T-12742,Comida,P-18,2
2025-06-03,T-12847,Comida,P-23,3
2025-06-03,T-13406,Cena,P-03,1
2025-06-03,T-13825,Comida,P-11,3
2025-06-03,T-14621,Comida,P-01,2
2025-06-03,T-15035,Cena,P-17,3
2025-06-03,T-15172,Cena,P-13,2
2025-06-03,T-15654,Cena,P-25,3
2025-06-03,T-16260,Cena,P-06,3
2025-06-03,T-16919,Comida,P-08,4
2025-06-03,T-16927,Comida,P-07,1
2025-06-03,T-17117,Cena,P-10,3
2025-06-03,T-17151,Cena,P-20,3
2025-06-03,T-17353,Comida,P-22,1
2025-06-04,T-10176,Cena,P-06,1
2025-06-04,T-10179,Cena,P-04,4
2025-06-04,T-10779,Comida,P-02,4
2025-06-04,T-11938,Comida,P-25,3
2025-06-04,T-12429,Cena,P-16,3
2025-06-04,T-12864,Comida,P-23,1
2025-06-04,T-13121,Cena,P-12,4
2025-06-04,T-13470,Comida,P-19,4
2025-06-04,T-13906,Cena,P-24,4
2025-06-04,T-14128,Comida,P-19,3
2025-06-04,T-14585,Comida,P-19,3
2025-06-04,T-15711,Comida,P-16,4
2025-06-04,T-16137,Cena,P-06,3
2025-06-04,T-16430,Cena,P-06,3
2025-06-04,T-16535,Comida,P-12,1
2025-06-04,T-16829,Comida,P-19,2
2025-06-04,T-16970,Comida,P-10,4
2025-06-04,T-17025,Cena,P-20,4
2025-06-04,T-17212,Comida,P-06,4
2025-06-04,T-17593,Cena,P-18,3
2025-06-05,T-10763,Cena,P-07,4
2025-06-05,T-10826,Cena,P-23,3
2025-06-05,T-11016,Cena,P-18,2
2025-06-05,T-12174,Cena,P-25,1
2025-06-05,T-12483,Cena,P-19,3
2025-06-05,T-12537,Comida,P-22,1
2025-06-05,T-12858,Cena,P-01,1
2025-06-05,T-13768,Cena,P-09,2
2025-06-05,T-13885,Cena,P-23,1
2025-06-05,T-14029,Comida,P-05,4
2025-06-05,T-14430,Comida,P-07,2
2025-06-05,T-14585,Cena,P-16,3
2025-06-05,T-14590,Cena,P-11,2
2025-06-05,T-14652,Comida,P-13,4
2025-06-05,T-14954,Cena,P-05,4
2025-06-05,T-14975,Comida,P-20,4
2025-06-05,T-15867,Cena,P-05,3
2025-06-05,T-16540,Cena,P-22,2
2025-06-05,T-17193,Cena,P-12,2
2025-06-05,T-17254,Comida,P-04,1
2025-06-05,T-17516,Cena,P-10,3
2025-06-05,T-17878,Cena,P-20,3
2025-06-05,T-17944,Comida,P-21,2
2025-06-06,T-10204,Cena,P-23,4
2025-06-06,T-11121,Comida,P-23,2
2025-06-06,T-11492,Cena,P-15,2
2025-06-06,T-12027,Comida,P-15,3
2025-06-06,T-13163,Comida,P-20,4
2025-06-06,T-13296,Comida,P-03,2
2025-06-06,T-13747,Comida,P-13,3
2025-06-06,T-14683,Cena,P-17,3
2025-06-06,T-15442,Comida,P-20,4
2025-06-06,T-15639,Cena,P-23,1
2025-06-06,T-16034,Comida,P-12,1
2025-06-06,T-16611,Comida,P-23,4
2025-06-06,T-17081,Comida,P-04,3
2025-06-06,T-17589,Cena,P-24,3
2025-06-06,T-17663,Cena,P-24,1
2025-06-06,T-17823,Cena,P-14,3
2025-06-07,T-10445,Cena,P-06,1
2025-06-07,T-11764,Cena,P-01,1
2025-06-07,T-13279,Comida,P-17,1
2025-06-07,T-13442,Comida,P-06,4
2025-06-07,T-14379,Comida,P-04,4
2025-06-07,T-14380,Cena,P-13,1
2025-06-07,T-14754,Cena,P-12,3
2025-06-07,T-14841,Cena,P-22,2
2025-06-07,T-14899,Comida,P-15,4
2025-06-07,T-15000,Cena,P-09,4
2025-06-07,T-15099,Comida,P-08,2
2025-06-07,T-16717,Comida,P-13,1
2025-06-07,T-16844,Cena,P-11,3
2025-06-07,T-17515,Comida,P-25,2
2025-06-08,T-10327,Comida,P-19,1
2025-06-08,T-10385,Comida,P-03,3
2025-06-08,T-10931,Cena,P-23,3
2025-06-08,T-11267,Cena,P-18,1
2025-06-08,T-11685,Cena,P-08,2
2025-06-08,T-11739,Comida,P-24,2
2025-06-08,T-13228,Cena,P-06,4
2025-06-08,T-13388,Cena,P-08,4
2025-06-08,T-13627,Cena,P-23,1
2025-06-08,T-13701,Cena,P-01,2
2025-06-08,T-14689,Comida,P-13,2
2025-06-08,T-14816,Cena,P-05,4
2025-06-08,T-14886,Cena,P-01,1
2025-06-08,T-15401,Cena,P-03,4
2025-06-08,T-16304,Cena,P-16,3
2025-06-08,T-16407,Comida,P-18,1
2025-06-08,T-16740,Comida,P-02,4
2025-06-08,T-17692,Comida,P-04,3
2025-06-08,T-17825,Comida,P-25,3
2025-06-09,T-11024,Cena,P-07,4
2025-06-09,T-11067,Comida,P-14,1
2025-06-09,T-11309,Cena,P-25,2
2025-06-09,T-11317,Cena,P-04,4
2025-06-09,T-11591,Cena,P-16,1
2025-06-09,T-11808,Cena,P-25,3
2025-06-09,T-12022,Comida,P-05,1
2025-06-09,T-13273,Cena,P-10,3
2025-06-09,T-13279,Cena,P-24,1
2025-06-09,T-13513,Comida,P-15,2
2025-06-09,T-14076,Comida,P-11,3
2025-06-09,T-15324,Cena,P-11,4
2025-06-09,T-15379,Comida,P-21,3
2025-06-09,T-15550,Comida,P-23,3
2025-06-09,T-15797,Comida,P-06,2
2025-06-09,T-16320,Comida,P-10,3
2025-06-09,T-17045,Cena,P-10,1
2025-06-09,T-17245,Comida,P-20,2
2025-06-10,T-10161,Cena,P-19,3
2025-06-10,T-10828,Cena,P-25,4
2025-06-10,T-11261,Cena,P-19,1
2025-06-10,T-11285,Comida,P-07,3
2025-06-10,T-11644,Comida,P-13,4
2025-06-10,T-12210,Cena,P-25,1
2025-06-10,T-12890,Comida,P-20,1
2025-06-10,T-13075,Cena,P-06,4
2025-06-10,T-13649,Cena,P-17,1
2025-06-10,T-13824,Comida,P-11,2
2025-06-10,T-13911,Comida,P-18,3
2025-06-10,T-14149,Comida,P-10,3
2025-06-10,T-14180,Cena,P-18,3
2025-06-10,T-14287,Comida,P-22,3
2025-06-10,T-15665,Comida,P-22,3
2025-06-10,T-15974,Cena,P-10,3
2025-06-10,T-16077,Cena,P-12,3
2025-06-10,T-16339,Comida,P-21,1
2025-06-10,T-16863,Cena,P-23,1
2025-06-10,T-17024,Comida,P-13,1
2025-06-10,T-17655,Comida,P-02,2
2025-06-10,T-17973,Cena,P-07,2
2025-06-11,T-10727,Cena,P-22,2
2025-06-11,T-11266,Cena,P-07,4
2025-06-11,T-12287,Cena,P-01,4
2025-06-11,T-12389,Cena,P-15,2
2025-06-11,T-13803,Comida,P-01,2
2025-06-11,T-13972,Cena,P-21,2
2025-06-11,T-14383,Cena,P-03,2
2025-06-11,T-16016,Comida,P-17,3
2025-06-11,T-16575,Cena,P-14,2
2025-06-12,T-11046,Cena,P-16,4
2025-06-12,T-11117,Cena,P-22,1
2025-06-12,T-11576,Cena,P-23,3
2025-06-12,T-11922,Cena,P-14,2
2025-06-12,T-12164,Cena,P-13,2
2025-06-12,T-12199,Cena,P-14,3
2025-06-12,T-13495,Cena,P-12,2
2025-06-12,T-13586,Cena,P-09,2
2025-06-12,T-14679,Cena,P-18,1
2025-06-12,T-14718,Cena,P-25,1
2025-06-12,T-15289,Comida,P-22,4
2025-06-12,T-15917,Cena,P-13,4
2025-06-12,T-16053,Cena,P-08,3
2025-06-12,T-16800,Cena,P-11,1
2025-06-12,T-16909,Cena,P-12,3
2025-06-12,T-17716,Cena,P-10,1
2025-06-12,T-17896,Cena,P-13,3
2025-06-13,T-10031,Comida,P-04,2
2025-06-13,T-10255,Cena,P-20,3
2025-06-13,T-10289,Cena,P-19,3
2025-06-13,T-10684,Cena,P-07,3
2025-06-13,T-10854,Comida,P-24,4
2025-06-13,T-11162,Comida,P-18,4
2025-06-13,T-11486,Cena,P-06,4
2025-06-13,T-12069,Comida,P-18,4
2025-06-13,T-12211,Cena,P-17,2
2025-06-13,T-12405,Cena,P-17,1
2025-06-13,T-12762,Comida,P-16,3
2025-06-13,T-13010,Cena,P-06,2
2025-06-13,T-13022,Cena,P-16,1
2025-06-13,T-13331,Cena,P-23,1
2025-06-13,T-14001,Cena,P-09,4
2025-06-13,T-14171,Comida,P-04,1
2025-06-13,T-14177,Cena,P-10,3
2025-06-13,T-14231,Cena,P-10,4
2025-06-13,T-14682,Cena,P-20,2
2025-06-13,T-14683,Comida,P-05,4
2025-06-13,T-15360,Cena,P-18,3
2025-06-13,T-15720,Cena,P-07,1
2025-06-13,T-15765,Cena,P-07,2
2025-06-13,T-16150,Comida,P-12,3
2025-06-13,T-17014,Cena,P-14,1
2025-06-13,T-17941,Cena,P-07,3
2025-06-14,T-10202,Cena,P-11,2
2025-06-14,T-11192,Cena,P-15,3
2025-06-14,T-11438,Cena,P-23,3
2025-06-14,T-11977,Cena,P-12,2
2025-06-14,T-12745,Cena,P-21,1
2025-06-14,T-13432,Comida,P-12,2
2025-06-14,T-13607,Cena,P-20,1
2025-06-14,T-14318,Cena,P-03,3
2025-06-14,T-15941,Cena,P-16,4
2025-06-14,T-16610,Cena,P-11,4
2025-06-14,T-16636,Comida,P-13,2
2025-06-14,T-17647,Cena,P-08,3
2025-06-14,T-17772,Cena,P-11,1
2025-06-15,T-11606,Cena,P-01,1
2025-06-15,T-11623,Cena,P-04,4
2025-06-15,T-11892,Cena,P-06,3
2025-06-15,T-12295,Cena,P-10,3
2025-06-15,T-12676,Cena,P-09,3
2025-06-15,T-12766,Comida,P-07,4
2025-06-15,T-12855,Comida,P-08,4
2025-06-15,T-12877,Cena,P-16,2
2025-06-15,T-13353,Comida,P-08,4
2025-06-15,T-13691,Cena,P-20,1
2025-06-15,T-13739,Comida,P-09,2
2025-06-15,T-14145,Cena,P-19,2
2025-06-15,T-14600,Cena,P-16,2
2025-06-15,T-14970,Comida,P-16,1
2025-06-15,T-15187,Cena,P-23,4
2025-06-15,T-15892,Comida,P-02,4
2025-06-15,T-15946,Cena,P-07,2
2025-06-15,T-16045,Comida,P-23,4
2025-06-15,T-16193,Comida,P-10,2
2025-06-15,T-17523,Comida,P-12,4
2025-06-16,T-10248,Comida,P-04,4
2025-06-16,T-10447,Comida,P-24,4
2025-06-16,T-11276,Comida,P-02,3
2025-06-16,T-11570,Comida,P-15,2
2025-06-16,T-11942,Cena,P-05,2
2025-06-16,T-12190,Cena,P-06,3
2025-06-16,T-12402,Cena,P-06,2
2025-06-16,T-12725,Cena,P-23,4
2025-06-16,T-12921,Cena,P-11,2
2025-06-16,T-12933,Cena,P-19,2
2025-06-16,T-13700,Cena,P-06,3
2025-06-16,T-13739,Comida,P-05,4
2025-06-16,T-13761,Comida,P-09,3
2025-06-16,T-14194,Cena,P-11,4
2025-06-16,T-15108,Cena,P-17,1
2025-06-16,T-15284,Cena,P-20,3
2025-06-16,T-15603,Cena,P-08,4
2025-06-16,T-16131,Comida,P-21,3
2025-06-16,T-16142,Comida,P-20,3
2025-06-16,T-16174,Cena,P-15,2
2025-06-16,T-16211,Cena,P-16,4
2025-06-16,T-16369,Comida,P-19,3
2025-06-16,T-16428,Cena,P-07,3
2025-06-16,T-16716,Comida,P-01,2
2025-06-16,T-16899,Cena,P-05,2
2025-06-16,T-16940,Cena,P-07,4
2025-06-16,T-17050,Comida,P-12,1
2025-06-16,T-17158,Comida,P-20,4
2025-06-16,T-17463,Cena,P-06,4
2025-06-16,T-17607,Cena,P-13,2
2025-06-16,T-17617,Cena,P-13,3
2025-06-16,T-17765,Comida,P-10,1
2025-06-17,T-10204,Cena,P-25,2
2025-06-17,T-10433,Cena,P-14,3
2025-06-17,T-10867,Cena,P-19,2
2025-06-17,T-10976,Cena,P-02,4
2025-06-17,T-11214,Comida,P-18,3
2025-06-17,T-13794,Cena,P-06,2
2025-06-17,T-13803,Comida,P-24,2
2025-06-17,T-13961,Comida,P-23,2
2025-06-17,T-14635,Comida,P-11,4
2025-06-17,T-14666,Comida,P-20,4
2025-06-17,T-14720,Cena,P-12,1
2025-06-17,T-15248,Comida,P-23,4
2025-06-17,T-15538,Comida,P-18,1
2025-06-17,T-16246,Comida,P-24,3
2025-06-17,T-16294,Cena,P-20,1
2025-06-17,T-16328,Comida,P-04,3
2025-06-17,T-16578,Comida,P-21,2
2025-06-17,T-16656,Comida,P-25,2
2025-06-17,T-17196,Cena,P-05,4
2025-06-17,T-17899,Comida,P-04,4
2025-06-18,T-10719,Cena,P-06,2
2025-06-18,T-11089,Cena,P-12,3
2025-06-18,T-11484,Cena,P-09,1
2025-06-18,T-11708,Comida,P-16,3
2025-06-18,T-11782,Cena,P-09,4
2025-06-18,T-12119,Cena,P-25,2
2025-06-18,T-12811,Cena,P-12,1
2025-06-18,T-13234,Comida,P-21,2
2025-06-18,T-13852,Cena,P-13,2
2025-06-18,T-14690,Comida,P-17,2
2025-06-18,T-14920,Cena,P-23,1
2025-06-18,T-15262,Cena,P-08,3
2025-06-18,T-15793,Cena,P-09,4
2025-06-19,T-10429,Comida,P-18,2
2025-06-19,T-10838,Comida,P-01,2
2025-06-19,T-11740,Cena,P-12,4
2025-06-19,T-12336,Cena,P-25,4
2025-06-19,T-12470,Comida,P-15,3
2025-06-19,T-12559,Cena,P-25,3
2025-06-19,T-12701,Comida,P-07,2
2025-06-19,T-13046,Cena,P-10,2
2025-06-19,T-13279,Cena,P-10,2
2025-06-19,T-14296,Cena,P-01,2
2025-06-19,T-14450,Cena,P-07,3
2025-06-19,T-14619,Comida,P-12,2
2025-06-19,T-14622,Cena,P-19,4
2025-06-19,T-14737,Cena,P-02,3
2025-06-19,T-15702,Comida,P-24,2
2025-06-19,T-15703,Cena,P-20,2
2025-06-19,T-16253,Comida,P-04,3
2025-06-19,T-16289,Comida,P-09,2
2025-06-19,T-16334,Cena,P-04,3
2025-06-19,T-16722,Cena,P-15,1
2025-06-19,T-16998,Cena,P-21,1
2025-06-19,T-17293,Cena,P-10,2
2025-06-19,T-17867,Cena,P-25,2
2025-06-19,T-17959,Cena,P-20,1
2025-06-20,T-10696,Cena,P-05,1
2025-06-20,T-10988,Cena,P-14,3
2025-06-20,T-11003,Comida,P-21,4
2025-06-20,T-11868,Cena,P-25,1
2025-06-20,T-12121,Cena,P-21,4
2025-06-20,T-12382,Comida,P-08,4
2025-06-20,T-12417,Cena,P-16,2
2025-06-20,T-12469,Comida,P-11,4
2025-06-20,T-12863,Comida,P-22,2
2025-06-20,T-13016,Cena,P-25,1
2025-06-20,T-15353,Cena,P-14,3
2025-06-20,T-15771,Cena,P-16,1
2025-06-20,T-16158,Comida,P-12,4
2025-06-20,T-16220,Cena,P-13,4
2025-06-20,T-16298,Comida,P-18,4
2025-06-20,T-16315,Cena,P-15,4
2025-06-20,T-16413,Cena,P-24,4
2025-06-20,T-16700,Cena,P-05,3
2025-06-20,T-16951,Comida,P-20,3
2025-06-20,T-17407,Comida,P-06,3
2025-06-21,T-10133,Cena,P-09,1
2025-06-21,T-10153,Comida,P-17,4
2025-06-21,T-10745,Cena,P-07,4
2025-06-21,T-10790,Cena,P-21,2
2025-06-21,T-10945,Cena,P-25,4
2025-06-21,T-12076,Comida,P-21,1
2025-06-21,T-12199,Comida,P-24,1
2025-06-21,T-13629,Cena,P-17,3
2025-06-21,T-13962,Comida,P-18,1
2025-06-21,T-14039,Cena,P-14,2
2025-06-21,T-14247,Cena,P-09,3
2025-06-21,T-14328,Cena,P-20,2
2025-06-21,T-14492,Comida,P-06,3
2025-06-21,T-15498,Comida,P-23,4
2025-06-21,T-16125,Cena,P-10,1
2025-06-21,T-16389,Cena,P-20,1
2025-06-21,T-16408,Cena,P-21,1
2025-06-21,T-16632,Cena,P-12,3
2025-06-21,T-16968,Comida,P-06,1
2025-06-21,T-17109,Cena,P-14,3
2025-06-21,T-17602,Cena,P-24,3
2025-06-22,T-10189,Cena,P-02,3
2025-06-22,T-10236,Cena,P-21,2
2025-06-22,T-10835,Cena,P-21,4
2025-06-22,T-11096,Cena,P-25,1
2025-06-22,T-11393,Cena,P-02,2
2025-06-22,T-12090,Cena,P-15,1
2025-06-22,T-12369,Comida,P-02,3
2025-06-22,T-13396,Cena,P-13,3
2025-06-22,T-13595,Comida,P-10,3
2025-06-22,T-13777,Comida,P-06,3
2025-06-22,T-13890,Comida,P-23,4
2025-06-22,T-14231,Comida,P-12,4
2025-06-22,T-14633,Cena,P-18,3
2025-06-22,T-14967,Comida,P-20,3
2025-06-22,T-15384,Comida,P-17,4
2025-06-22,T-15726,Cena,P-09,3
2025-06-22,T-16192,Comida,P-12,3
2025-06-22,T-16325,Cena,P-07,2
2025-06-22,T-16544,Comida,P-23,1
2025-06-22,T-16728,Cena,P-25,2
2025-06-22,T-17334,Cena,P-20,4
2025-06-22,T-17359,Cena,P-10,3
2025-06-23,T-10173,Cena,P-11,3
2025-06-23,T-10241,Cena,P-10,4
2025-06-23,T-10558,Cena,P-04,2
2025-06-23,T-10679,Cena,P-04,4
2025-06-23,T-11817,Cena,P-21,4
2025-06-23,T-11960,Cena,P-21,2
2025-06-23,T-12066,Cena,P-18,3
2025-06-23,T-12338,Cena,P-19,2
2025-06-23,T-12910,Comida,P-07,3
2025-06-23,T-13077,Comida,P-07,4
2025-06-23,T-13292,Cena,P-14,3
2025-06-23,T-13366,Comida,P-04,4
2025-06-23,T-14242,Comida,P-03,2
2025-06-23,T-14460,Comida,P-09,4
2025-06-23,T-14952,Comida,P-02,3
2025-06-23,T-15019,Cena,P-10,3
2025-06-23,T-15759,Cena,P-15,1
2025-06-23,T-15916,Comida,P-01,1
2025-06-23,T-16018,Cena,P-07,1
2025-06-23,T-16480,Comida,P-12,3
2025-06-23,T-16600,Cena,P-22,2
2025-06-24,T-10044,Comida,P-10,2
2025-06-24,T-11084,Cena,P-08,3
2025-06-24,T-11221,Cena,P-11,3
2025-06-24,T-11583,Comida,P-11,3
2025-06-24,T-11705,Cena,P-03,3
2025-06-24,T-11906,Cena,P-11,3
2025-06-24,T-11998,Cena,P-20,4
2025-06-24,T-13217,Cena,P-24,3
2025-06-24,T-13352,Comida,P-15,2
2025-06-24,T-13971,Comida,P-01,4
2025-06-24,T-14128,Comida,P-23,2
2025-06-24,T-14428,Comida,P-03,4
2025-06-24,T-14533,Comida,P-10,1
2025-06-24,T-14768,Comida,P-04,4
2025-06-24,T-15669,Comida,P-10,4
2025-06-24,T-15983,Comida,P-04,2
2025-06-24,T-16282,Cena,P-25,3
2025-06-24,T-16295,Cena,P-07,1
2025-06-24,T-16656,Comida,P-22,2
2025-06-24,T-17252,Cena,P-24,4
2025-06-24,T-17397,Comida,P-21,4
2025-06-24,T-17584,Comida,P-08,1
2025-06-24,T-17772,Cena,P-16,2
2025-06-24,T-17811,Cena,P-20,3
2025-06-25,T-11076,Comida,P-14,1
2025-06-25,T-11603,Comida,P-10,1
2025-06-25,T-11960,Cena,P-23,2
2025-06-25,T-12169,Comida,P-20,1
2025-06-25,T-12581,Cena,P-20,4
2025-06-25,T-13828,Cena,P-06,2
2025-06-25,T-14463,Comida,P-12,4
2025-06-25,T-15899,Cena,P-10,3
2025-06-25,T-16302,Comida,P-18,4
2025-06-25,T-16881,Cena,P-12,3
2025-06-25,T-17638,Comida,P-12,4
2025-06-25,T-17876,Comida,P-14,2
2025-06-26,T-10089,Cena,P-10,2
2025-06-26,T-11549,Cena,P-16,2
2025-06-26,T-11808,Cena,P-12,3
2025-06-26,T-12141,Cena,P-19,3
2025-06-26,T-12222,Comida,P-24,1
2025-06-26,T-12445,Cena,P-13,3
2025-06-26,T-12884,Cena,P-10,1
2025-06-26,T-13592,Comida,P-16,2
2025-06-26,T-13897,Cena,P-22,4
2025-06-26,T-14695,Comida,P-12,2
2025-06-26,T-14737,Cena,P-18,1
2025-06-26,T-15103,Cena,P-08,3
2025-06-26,T-15346,Comida,P-07,1
2025-06-26,T-15794,Cena,P-14,2
2025-06-26,T-15899,Cena,P-19,3
2025-06-26,T-16459,Comida,P-07,4
2025-06-26,T-16636,Cena,P-15,3
2025-06-26,T-17256,Comida,P-09,2
2025-06-26,T-17330,Cena,P-04,2
2025-06-26,T-17640,Cena,P-06,3
2025-06-26,T-17747,Cena,P-07,4
2025-06-26,T-17829,Cena,P-20,4
2025-06-26,T-17844,Cena,P-11,1
2025-06-26,T-17904,Cena,P-15,3
2025-06-27,T-10067,Cena,P-14,3
2025-06-27,T-10401,Comida,P-11,4
2025-06-27,T-11623,Cena,P-21,1
2025-06-27,T-12855,Comida,P-08,1
2025-06-27,T-13637,Cena,P-01,1
2025-06-27,T-13677,Cena,P-23,2
2025-06-27,T-13825,Cena,P-16,2
2025-06-27,T-13844,Cena,P-10,3
2025-06-27,T-13881,Comida,P-06,3
2025-06-27,T-14095,Comida,P-01,4
2025-06-27,T-14430,Comida,P-10,1
2025-06-27,T-14525,Cena,P-03,1
2025-06-27,T-14582,Cena,P-15,2
2025-06-27,T-14860,Comida,P-12,3
2025-06-27,T-15830,Cena,P-12,4
2025-06-27,T-15959,Cena,P-01,2
2025-06-27,T-15974,Cena,P-07,1
2025-06-27,T-16181,Cena,P-12,3
2025-06-27,T-16803,Comida,P-10,3
2025-06-27,T-17201,Comida,P-15,3
2025-06-27,T-17292,Comida,P-03,2
2025-06-27,T-17499,Comida,P-22,3
2025-06-28,T-10031,Cena,P-06,2
2025-06-28,T-10273,Cena,P-17,2
2025-06-28,T-10322,Cena,P-13,4
2025-06-28,T-10440,Comida,P-14,1
2025-06-28,T-11136,Cena,P-23,1
2025-06-28,T-11138,Cena,P-01,2
2025-06-28,T-12284,Comida,P-15,3
2025-06-28,T-12342,Comida,P-19,1
2025-06-28,T-13199,Comida,P-23,1
2025-06-28,T-13212,Cena,P-19,4
2025-06-28,T-13281,Comida,P-02,2
2025-06-28,T-13340,Cena,P-03,4
2025-06-28,T-13354,Cena,P-12,1
2025-06-28,T-13405,Comida,P-12,4
2025-06-28,T-13451,Cena,P-14,3
2025-06-28,T-13549,Cena,P-12,3
2025-06-28,T-13566,Cena,P-15,4
2025-06-28,T-15438,Cena,P-24,3
2025-06-28,T-16913,Cena,P-10,3
2025-06-28,T-17143,Cena,P-10,3
2025-06-28,T-17995,Comida,P-11,3
2025-06-29,T-10975,Cena,P-08,4
2025-06-29,T-11007,Cena,P-02,3
2025-06-29,T-11172,Cena,P-05,4
2025-06-29,T-12129,Cena,P-01,3
2025-06-29,T-12531,Cena,P-10,1
2025-06-29,T-13001,Cena,P-13,3
2025-06-29,T-13272,Comida,P-18,3
2025-06-29,T-14906,Cena,P-24,4
2025-06-29,T-14995,Comida,P-20,2
2025-06-29,T-15331,Cena,P-04,2
2025-06-29,T-15838,Comida,P-02,2
2025-06-29,T-16297,Cena,P-21,3
2025-06-29,T-16498,Comida,P-24,3
2025-06-29,T-16559,Cena,P-08,2
2025-06-29,T-16850,Cena,P-10,4
2025-06-29,T-16896,Comida,P-20,4
2025-06-29,T-17013,Cena,P-08,3
2025-06-29,T-17545,Cena,P-13,1
2025-06-30,T-10301,Comida,P-04,3
2025-06-30,T-11009,Comida,P-14,2
2025-06-30,T-11057,Comida,P-05,3
2025-06-30,T-11323,Cena,P-20,3
2025-06-30,T-11689,Comida,P-18,3
2025-06-30,T-11698,Cena,P-24,3
2025-06-30,T-11707,Cena,P-11,2
2025-06-30,T-12171,Comida,P-16,4
2025-06-30,T-12380,Cena,P-25,1
2025-06-30,T-12584,Cena,P-05,3
2025-06-30,T-13105,Comida,P-21,1
2025-06-30,T-13265,Cena,P-25,1
2025-06-30,T-13284,Comida,P-06,1
2025-06-30,T-13483,Comida,P-09,2
2025-06-30,T-13539,Comida,P-24,4
2025-06-30,T-13732,Comida,P-10,3
2025-06-30,T-14417,Cena,P-02,3
2025-06-30,T-14659,Comida,P-01,1
2025-06-30,T-14924,Cena,P-01,3
2025-06-30,T-15295,Comida,P-14,1
2025-06-30,T-15346,Cena,P-05,2
2025-06-30,T-15567,Cena,P-23,1
2025-06-30,T-15879,Cena,P-01,3
2025-06-30,T-16244,Cena,P-25,4
2025-06-30,T-16688,Cena,P-18,1
2025-06-30,T-17979,Comida,P-05,1
2025-07-01,T-10057,Comida,P-25,3
2025-07-01,T-10285,Comida,P-13,1
2025-07-01,T-10410,Cena,P-22,4
2025-07-01,T-10587,Cena,P-12,4
2025-07-01,T-11070,Cena,P-24,1
2025-07-01,T-11362,Cena,P-13,3
2025-07-01,T-11918,Comida,P-23,1
2025-07-01,T-12365,Cena,P-19,2
2025-07-01,T-12571,Comida,P-21,1
2025-07-01,T-13078,Cena,P-06,3
2025-07-01,T-13957,Cena,P-02,3
2025-07-01,T-14249,Cena,P-22,4
2025-07-01,T-14588,Comida,P-19,2
2025-07-01,T-15165,Comida,P-20,3
2025-07-01,T-15207,Comida,P-12,1
2025-07-01,T-17601,Comida,P-02,1
2025-07-01,T-17827,Cena,P-25,1
2025-07-01,T-17827,Cena,P-14,2
2025-07-01,T-17864,Comida,P-05,3
2025-07-01,T-17950,Cena,P-25,3
2025-07-02,T-10442,Cena,P-01,4
2025-07-02,T-10542,Comida,P-17,2
2025-07-02,T-10731,Cena,P-02,1
2025-07-02,T-11056,Comida,P-15,3
2025-07-02,T-11195,Cena,P-12,1
2025-07-02,T-11292,Comida,P-18,4
2025-07-02,T-11899,Comida,P-18,4
2025-07-02,T-12166,Comida,P-23,2
2025-07-02,T-13309,Cena,P-13,4
2025-07-02,T-14805,Cena,P-23,1
2025-07-02,T-14815,Comida,P-16,2
2025-07-02,T-15994,Cena,P-25,4
2025-07-02,T-16493,Comida,P-19,1
2025-07-02,T-17429,Comida,P-17,3
2025-07-03,T-10699,Comida,P-25,2
2025-07-03,T-10702,Comida,P-13,4
2025-07-03,T-11481,Cena,P-08,4
2025-07-03,T-11554,Comida,P-05,4
2025-07-03,T-12484,Cena,P-13,3
2025-07-03,T-12721,Cena,P-04,3
2025-07-03,T-12750,Cena,P-03,3
2025-07-03,T-13040,Comida,P-02,1
2025-07-03,T-13242,Comida,P-10,2
2025-07-03,T-13354,Cena,P-10,3
2025-07-03,T-13411,Cena,P-02,3
2025-07-03,T-13790,Cena,P-01,1
2025-07-03,T-14111,Cena,P-20,4
2025-07-03,T-14249,Cena,P-10,4
2025-07-03,T-14406,Cena,P-17,4
2025-07-03,T-14498,Cena,P-05,2
2025-07-03,T-14603,Cena,P-03,1
2025-07-03,T-14806,Cena,P-04,2
2025-07-03,T-15184,Cena,P-25,3
2025-07-03,T-15297,Cena,P-13,2
2025-07-03,T-17788,Cena,P-24,3
2025-07-04,T-10009,Cena,P-07,1
2025-07-04,T-10388,Cena,P-08,4
2025-07-04,T-10659,Cena,P-16,1
2025-07-04,T-11091,Cena,P-05,4
2025-07-04,T-11263,Cena,P-01,2
2025-07-04,T-11892,Cena,P-17,2
2025-07-04,T-12050,Comida,P-22,2
2025-07-04,T-12409,Cena,P-24,4
2025-07-04,T-12455,Cena,P-24,3
2025-07-04,T-13786,Comida,P-24,3
2025-07-04,T-14386,Cena,P-12,3
2025-07-04,T-14804,Cena,P-02,1
2025-07-04,T-14987,Cena,P-22,2
2025-07-04,T-15093,Cena,P-17,1
2025-07-04,T-15620,Cena,P-10,1
2025-07-04,T-16289,Comida,P-16,2
2025-07-04,T-16529,Cena,P-12,1
2025-07-05,T-10670,Comida,P-02,3
2025-07-05,T-10687,Comida,P-10,1
2025-07-05,T-10989,Comida,P-13,1
2025-07-05,T-11862,Comida,P-24,4
2025-07-05,T-13891,Cena,P-14,4
2025-07-05,T-15219,Cena,P-22,2
2025-07-05,T-15242,Cena,P-10,2
2025-07-05,T-16111,Comida,P-19,2
2025-07-05,T-16123,Cena,P-13,3
2025-07-05,T-17407,Comida,P-09,4
2025-07-05,T-17453,Cena,P-07,3
2025-07-05,T-17841,Cena,P-06,2
2025-07-05,T-17921,Comida,P-10,2
2025-07-05,T-17959,Cena,P-16,3
2025-07-05,T-17965,Cena,P-04,4
2025-07-06,T-10408,Comida,P-05,4
2025-07-06,T-10870,Cena,P-24,4
2025-07-06,T-11236,Cena,P-12,1
2025-07-06,T-11561,Comida,P-19,2
2025-07-06,T-11634,Comida,P-04,3
2025-07-06,T-11687,Comida,P-07,1
2025-07-06,T-12047,Comida,P-08,2
2025-07-06,T-12299,Comida,P-16,2
2025-07-06,T-12356,Cena,P-21,4
2025-07-06,T-12870,Comida,P-12,2
2025-07-06,T-13054,Cena,P-10,1
2025-07-06,T-13428,Cena,P-23,2
2025-07-06,T-13644,Comida,P-23,4
2025-07-06,T-14032,Cena,P-25,2
2025-07-06,T-14396,Cena,P-10,2
2025-07-06,T-15540,Cena,P-24,2
2025-07-06,T-15839,Cena,P-01,2
2025-07-06,T-16231,Cena,P-04,2
2025-07-06,T-16926,Cena,P-06,3
2025-07-06,T-17443,Cena,P-08,4
2025-07-07,T-10030,Cena,P-21,4
2025-07-07,T-10236,Comida,P-01,4
2025-07-07,T-10551,Comida,P-12,2
2025-07-07,T-13012,Comida,P-13,2
2025-07-07,T-13554,Cena,P-17,2
2025-07-07,T-13872,Cena,P-07,2
2025-07-07,T-14722,Comida,P-19,2
2025-07-07,T-15115,Cena,P-19,4
2025-07-07,T-15394,Comida,P-14,3
2025-07-07,T-16929,Cena,P-20,2
2025-07-07,T-17039,Comida,P-22,4
2025-07-07,T-17580,Comida,P-12,2
2025-07-07,T-17655,Comida,P-24,2
2025-07-07,T-17688,Cena,P-18,1
2025-07-07,T-17841,Cena,P-16,1
2025-07-08,T-10324,Cena,P-07,2
2025-07-08,T-10480,Cena,P-25,1
2025-07-08,T-10589,Cena,P-14,3
2025-07-08,T-10772,Cena,P-23,4
2025-07-08,T-11074,Cena,P-15,1
2025-07-08,T-11288,Comida,P-13,1
2025-07-08,T-11714,Cena,P-19,2
2025-07-08,T-12380,Comida,P-05,2
2025-07-08,T-12506,Cena,P-18,3
2025-07-08,T-12678,Cena,P-14,2
2025-07-08,T-12727,Cena,P-14,4
2025-07-08,T-13038,Cena,P-25,2
2025-07-08,T-13334,Cena,P-06,4
2025-07-08,T-13884,Comida,P-08,3
2025-07-08,T-14473,Cena,P-22,1
2025-07-08,T-14507,Comida,P-14,1
2025-07-08,T-14530,Cena,P-16,1
2025-07-08,T-14637,Cena,P-11,4
2025-07-08,T-14901,Cena,P-05,4
2025-07-08,T-15108,Comida,P-17,1
2025-07-08,T-15216,Cena,P-06,2
2025-07-08,T-15274,Cena,P-09,3
2025-07-08,T-16147,Cena,P-04,2
2025-07-08,T-17089,Cena,P-02,4
2025-07-08,T-17498,Cena,P-20,1
2025-07-08,T-17686,Cena,P-24,4
2025-07-09,T-10703,Comida,P-23,4
2025-07-09,T-11366,Comida,P-15,3
2025-07-09,T-11782,Cena,P-17,2
2025-07-09,T-11820,Cena,P-03,2
2025-07-09,T-12235,Comida,P-06,4
2025-07-09,T-12237,Comida,P-21,2
2025-07-09,T-12388,Comida,P-18,4
2025-07-09,T-14011,Cena,P-13,4
2025-07-09,T-15041,Comida,P-02,4
2025-07-09,T-15379,Comida,P-08,3
2025-07-09,T-15626,Comida,P-16,2
2025-07-09,T-16656,Comida,P-15,2
2025-07-09,T-17170,Cena,P-19,3
2025-07-09,T-17857,Cena,P-19,4
2025-07-10,T-11540,Cena,P-04,1
2025-07-10,T-11993,Comida,P-14,2
2025-07-10,T-12010,Comida,P-12,3
2025-07-10,T-12176,Comida,P-07,1
2025-07-10,T-12876,Cena,P-01,2
2025-07-10,T-13155,Cena,P-11,4
2025-07-10,T-13367,Cena,P-21,4
2025-07-10,T-13977,Cena,P-20,4
2025-07-10,T-14573,Comida,P-20,4
2025-07-10,T-15267,Comida,P-08,2
2025-07-10,T-15427,Cena,P-01,3
2025-07-10,T-16740,Cena,P-18,3
2025-07-10,T-17426,Comida,P-15,1
2025-07-11,T-10144,Comida,P-04,1
2025-07-11,T-10189,Comida,P-14,4
2025-07-11,T-10785,Comida,P-23,2
2025-07-11,T-10890,Cena,P-13,2
2025-07-11,T-10957,Cena,P-01,2
2025-07-11,T-11132,Cena,P-05,3
2025-07-11,T-11208,Comida,P-09,3
2025-07-11,T-11892,Cena,P-12,3
2025-07-11,T-12018,Cena,P-09,2
2025-07-11,T-12162,Cena,P-19,3
2025-07-11,T-12491,Cena,P-05,3
2025-07-11,T-12572,Comida,P-11,1
2025-07-11,T-12578,Cena,P-10,2
2025-07-11,T-12741,Cena,P-01,4
2025-07-11,T-12945,Cena,P-02,4
2025-07-11,T-13129,Comida,P-18,4
2025-07-11,T-13246,Cena,P-25,3
2025-07-11,T-13424,Cena,P-10,2
2025-07-11,T-13447,Cena,P-12,3
2025-07-11,T-13495,Comida,P-09,4
2025-07-11,T-14055,Comida,P-25,4
2025-07-11,T-14078,Cena,P-08,3
2025-07-11,T-14321,Cena,P-25,2
2025-07-11,T-15160,Comida,P-16,4
2025-07-11,T-15231,Comida,P-24,1
2025-07-11,T-16174,Cena,P-07,2
2025-07-11,T-16996,Cena,P-08,1
2025-07-11,T-17327,Cena,P-13,2
2025-07-11,T-17620,Comida,P-21,1
2025-07-11,T-17898,Cena,P-03,4
2025-07-11,T-17979,Cena,P-14,1
2025-07-12,T-10051,Cena,P-02,2
2025-07-12,T-10284,Comida,P-06,1
2025-07-12,T-12406,Cena,P-16,4
2025-07-12,T-12719,Comida,P-21,1
2025-07-12,T-12790,Cena,P-10,4
2025-07-12,T-13118,Cena,P-25,1
2025-07-12,T-13356,Comida,P-15,3
2025-07-12,T-13676,Cena,P-02,2
2025-07-12,T-15879,Cena,P-10,4
2025-07-12,T-16242,Comida,P-25,3
2025-07-12,T-16699,Comida,P-02,1
2025-07-12,T-17370,Comida,P-25,3
2025-07-13,T-10360,Comida,P-10,2
2025-07-13,T-11546,Cena,P-03,2
2025-07-13,T-13500,Cena,P-05,2
2025-07-13,T-13813,Cena,P-13,4
2025-07-13,T-14441,Comida,P-15,3
2025-07-13,T-14614,Cena,P-12,2
2025-07-13,T-14967,Cena,P-22,4
2025-07-13,T-15203,Cena,P-05,2
2025-07-13,T-15350,Comida,P-24,2
2025-07-13,T-16008,Cena,P-16,1
2025-07-13,T-16185,Comida,P-09,1
2025-07-13,T-16191,Comida,P-23,1
2025-07-13,T-16247,Cena,P-10,3
2025-07-13,T-16431,Cena,P-20,4
2025-07-13,T-16798,Cena,P-14,1
2025-07-13,T-16814,Cena,P-08,1
2025-07-13,T-16950,Cena,P-02,1
2025-07-13,T-17345,Cena,P-23,2
2025-07-13,T-17734,Cena,P-01,3
2025-07-14,T-10225,Comida,P-19,2
2025-07-14,T-10261,Cena,P-20,4
2025-07-14,T-10806,Cena,P-23,3
2025-07-14,T-11858,Comida,P-16,3
2025-07-14,T-12427,Cena,P-02,1
2025-07-14,T-14608,Cena,P-22,1
2025-07-14,T-14904,Comida,P-10,1
2025-07-14,T-15132,Cena,P-24,1
2025-07-14,T-16178,Cena,P-06,4
2025-07-14,T-17708,Comida,P-16,1
2025-07-14,T-17772,Cena,P-14,2
2025-07-14,T-17912,Cena,P-15,3
2025-07-15,T-10296,Comida,P-14,2
2025-07-15,T-10503,Cena,P-03,1
2025-07-15,T-10929,Comida,P-03,4
2025-07-15,T-11399,Cena,P-25,3
2025-07-15,T-11502,Cena,P-17,4
2025-07-15,T-12003,Comida,P-23,3
2025-07-15,T-12003,Cena,P-12,3
2025-07-15,T-12207,Cena,P-05,3
2025-07-15,T-12286,Comida,P-20,1
2025-07-15,T-12436,Comida,P-11,3
2025-07-15,T-12452,Cena,P-24,4
2025-07-15,T-12580,Cena,P-14,4
2025-07-15,T-12771,Comida,P-13,1
2025-07-15,T-12872,Cena,P-19,2
2025-07-15,T-12875,Cena,P-14,4
2025-07-15,T-13689,Cena,P-01,4
2025-07-15,T-14063,Comida,P-19,2
2025-07-15,T-14939,Comida,P-08,2
2025-07-15,T-14940,Cena,P-13,1
2025-07-15,T-15076,Cena,P-24,4
2025-07-15,T-15125,Cena,P-20,1
2025-07-15,T-15579,Comida,P-13,1
2025-07-15,T-16144,Cena,P-12,2
2025-07-15,T-16602,Cena,P-07,1
2025-07-15,T-16717,Comida,P-05,3
2025-07-15,T-16900,Comida,P-23,2
2025-07-15,T-17445,Cena,P-07,2
2025-07-15,T-17558,Comida,P-15,2
2025-07-15,T-17854,Cena,P-14,2
2025-07-16,T-10007,Comida,P-10,4
2025-07-16,T-10514,Comida,P-25,3
2025-07-16,T-10747,Cena,P-22,2
2025-07-16,T-10770,Comida,P-06,4
2025-07-16,T-11133,Comida,P-12,3
2025-07-16,T-11797,Cena,P-08,4
2025-07-16,T-12054,Cena,P-10,1
2025-07-16,T-12274,Cena,P-09,3
2025-07-16,T-12498,Cena,P-11,3
2025-07-16,T-12801,Comida,P-20,1
2025-07-16,T-12855,Comida,P-01,2
2025-07-16,T-13905,Comida,P-12,1
2025-07-16,T-14212,Cena,P-14,2
2025-07-16,T-14393,Cena,P-04,2
2025-07-16,T-14532,Cena,P-09,4
2025-07-16,T-14709,Comida,P-07,4
2025-07-16,T-14726,Cena,P-14,3
2025-07-16,T-14744,Cena,P-17,2
2025-07-16,T-14967,Cena,P-22,2
2025-07-16,T-15606,Comida,P-03,2
2025-07-16,T-17381,Cena,P-15,1
2025-07-16,T-17752,Cena,P-17,1
2025-07-17,T-10261,Cena,P-08,1
2025-07-17,T-10464,Cena,P-01,3
2025-07-17,T-11993,Cena,P-21,1
2025-07-17,T-12135,Cena,P-24,3
2025-07-17,T-12154,Comida,P-12,1
2025-07-17,T-12206,Comida,P-19,3
2025-07-17,T-12647,Cena,P-10,3
2025-07-17,T-12744,Cena,P-09,3
2025-07-17,T-12884,Cena,P-19,3
2025-07-17,T-14034,Cena,P-23,2
2025-07-17,T-14872,Cena,P-03,2
2025-07-17,T-15601,Cena,P-18,3
2025-07-17,T-15708,Cena,P-23,2
2025-07-17,T-16116,Comida,P-23,3
2025-07-17,T-16210,Comida,P-01,2
2025-07-17,T-16326,Cena,P-03,2
2025-07-17,T-16669,Cena,P-25,3
2025-07-17,T-17467,Cena,P-03,4
2025-07-17,T-17569,Cena,P-14,3
2025-07-17,T-17747,Cena,P-18,3
2025-07-18,T-10431,Cena,P-14,1
2025-07-18,T-10451,Cena,P-21,2
2025-07-18,T-10538,Comida,P-07,1
2025-07-18,T-13103,Cena,P-15,2
2025-07-18,T-13976,Cena,P-07,3
2025-07-18,T-14419,Cena,P-15,4
2025-07-18,T-14883,Comida,P-10,3
2025-07-18,T-14914,Comida,P-14,1
2025-07-18,T-15242,Cena,P-01,1
2025-07-18,T-15471,Cena,P-08,4
2025-07-18,T-15946,Cena,P-09,4
2025-07-18,T-16926,Cena,P-10,2
2025-07-18,T-16982,Cena,P-14,3
2025-07-18,T-17427,Comida,P-20,3
2025-07-19,T-10275,Cena,P-12,1
2025-07-19,T-10978,Comida,P-24,3
2025-07-19,T-11252,Comida,P-12,4
2025-07-19,T-11347,Comida,P-09,1
2025-07-19,T-11514,Cena,P-17,3
2025-07-19,T-11529,Cena,P-02,1
2025-07-19,T-11535,Comida,P-22,2
2025-07-19,T-11782,Cena,P-23,2
2025-07-19,T-12823,Comida,P-10,4
2025-07-19,T-13957,Cena,P-12,1
2025-07-19,T-14762,Cena,P-11,2
2025-07-19,T-15148,Cena,P-23,3
2025-07-19,T-15527,Cena,P-08,1
2025-07-19,T-15772,Cena,P-21,4
2025-07-19,T-16596,Cena,P-01,2
2025-07-19,T-16859,Comida,P-02,4
2025-07-19,T-17214,Cena,P-15,1
2025-07-19,T-17642,Comida,P-21,4
2025-07-20,T-10293,Comida,P-22,4
2025-07-20,T-10430,Comida,P-19,4
2025-07-20,T-10646,Comida,P-15,4
2025-07-20,T-10967,Cena,P-22,2
2025-07-20,T-11058,Comida,P-25,1
2025-07-20,T-11388,Cena,P-25,2
2025-07-20,T-12242,Comida,P-10,3
2025-07-20,T-12988,Comida,P-20,4
2025-07-20,T-13375,Cena,P-10,1
2025-07-20,T-13666,Comida,P-03,2
2025-07-20,T-13840,Comida,P-23,3
2025-07-20,T-14095,Comida,P-06,3
2025-07-20,T-14587,Cena,P-21,4
2025-07-20,T-14915,Cena,P-03,3
2025-07-20,T-15151,Comida,P-15,3
2025-07-20,T-15204,Comida,P-02,4
2025-07-20,T-15576,Cena,P-01,2
2025-07-20,T-16228,Cena,P-05,4
2025-07-20,T-16956,Cena,P-05,1
2025-07-20,T-17757,Comida,P-25,4
2025-07-21,T-10213,Comida,P-13,3
2025-07-21,T-10954,Comida,P-03,3
2025-07-21,T-11815,Comida,P-22,1
2025-07-21,T-12022,Comida,P-24,2
2025-07-21,T-12348,Cena,P-03,4
2025-07-21,T-12776,Cena,P-22,2
2025-07-21,T-13913,Cena,P-13,4
2025-07-21,T-14015,Comida,P-22,1
2025-07-21,T-14385,Comida,P-19,1
2025-07-21,T-14726,Cena,P-24,3
2025-07-21,T-16622,Comida,P-18,1
2025-07-21,T-17405,Cena,P-23,3
2025-07-21,T-17631,Cena,P-22,2
2025-07-22,T-10320,Cena,P-12,1
2025-07-22,T-10666,Comida,P-04,4
2025-07-22,T-10677,Cena,P-10,2
2025-07-22,T-11302,Cena,P-15,2
2025-07-22,T-11344,Comida,P-18,4
2025-07-22,T-12262,Cena,P-18,2
2025-07-22,T-12543,Cena,P-06,3
2025-07-22,T-13041,Cena,P-22,4
2025-07-22,T-13614,Cena,P-09,2
2025-07-22,T-14032,Cena,P-11,3
2025-07-22,T-15017,Comida,P-01,3
2025-07-22,T-15125,Cena,P-10,2
2025-07-22,T-15268,Cena,P-03,4
2025-07-22,T-15476,Cena,P-04,4
2025-07-22,T-16087,Cena,P-15,1
2025-07-22,T-16341,Comida,P-17,4
2025-07-22,T-16375,Comida,P-07,1
2025-07-22,T-17588,Comida,P-08,2
2025-07-23,T-10161,Cena,P-18,4
2025-07-23,T-10771,Cena,P-17,3
2025-07-23,T-10813,Cena,P-07,4
2025-07-23,T-11273,Cena,P-23,3
2025-07-23,T-12018,Cena,P-07,1
2025-07-23,T-13393,Cena,P-01,3
2025-07-23,T-13584,Comida,P-21,1
2025-07-23,T-13908,Cena,P-07,2
2025-07-23,T-14079,Comida,P-19,1
2025-07-23,T-14689,Cena,P-08,1
2025-07-23,T-14898,Cena,P-18,4
2025-07-23,T-15691,Cena,P-19,2
2025-07-23,T-15700,Cena,P-09,2
2025-07-23,T-16051,Comida,P-08,2
2025-07-23,T-16363,Comida,P-04,1
2025-07-23,T-16387,Cena,P-14,2
2025-07-23,T-16846,Comida,P-13,2
2025-07-23,T-17196,Comida,P-06,3
2025-07-24,T-10248,Cena,P-06,1
2025-07-24,T-10537,Cena,P-15,4
2025-07-24,T-10755,Comida,P-05,1
2025-07-24,T-13282,Cena,P-11,3
2025-07-24,T-13687,Comida,P-21,3
2025-07-24,T-13744,Comida,P-05,3
2025-07-24,T-13907,Cena,P-14,4
2025-07-24,T-13987,Comida,P-08,2
2025-07-24,T-15243,Comida,P-01,4
2025-07-24,T-15528,Comida,P-12,2
2025-07-24,T-15591,Cena,P-07,3
2025-07-24,T-16082,Comida,P-04,1
2025-07-24,T-16137,Cena,P-10,2
2025-07-24,T-16192,Comida,P-04,3
2025-07-24,T-16614,Cena,P-03,1
2025-07-24,T-16917,Cena,P-17,4
2025-07-24,T-17102,Cena,P-04,2
2025-07-24,T-17713,Cena,P-12,2
2025-07-25,T-10089,Cena,P-20,1
2025-07-25,T-10423,Cena,P-04,4
2025-07-25,T-10479,Cena,P-01,2
2025-07-25,T-10730,Cena,P-17,4
2025-07-25,T-10841,Cena,P-22,3
2025-07-25,T-11538,Cena,P-02,3
2025-07-25,T-11713,Cena,P-03,4
2025-07-25,T-11728,Cena,P-06,3
2025-07-25,T-12008,Cena,P-17,4
2025-07-25,T-13541,Cena,P-22,1
2025-07-25,T-13974,Comida,P-25,4
2025-07-25,T-14355,Comida,P-13,1
2025-07-25,T-14435,Cena,P-22,2
2025-07-25,T-15397,Cena,P-10,4
2025-07-25,T-16478,Cena,P-07,2
2025-07-26,T-10114,Cena,P-18,4
2025-07-26,T-10436,Cena,P-22,2
2025-07-26,T-10907,Comida,P-24,2
2025-07-26,T-10977,Cena,P-11,1
2025-07-26,T-11249,Cena,P-02,3
2025-07-26,T-11316,Comida,P-01,3
2025-07-26,T-11330,Cena,P-03,1
2025-07-26,T-11678,Cena,P-01,2
2025-07-26,T-11751,Cena,P-10,4
2025-07-26,T-11864,Cena,P-21,1
2025-07-26,T-12511,Cena,P-04,4
2025-07-26,T-12693,Comida,P-23,4
2025-07-26,T-13432,Cena,P-23,4
2025-07-26,T-13887,Comida,P-22,2
2025-07-26,T-14336,Cena,P-24,4
2025-07-26,T-15103,Comida,P-16,4
2025-07-26,T-15708,Cena,P-10,3
2025-07-26,T-15763,Cena,P-15,3
2025-07-26,T-15770,Comida,P-25,4
2025-07-26,T-15943,Comida,P-05,3
2025-07-26,T-17227,Cena,P-22,2
2025-07-26,T-17721,Cena,P-21,4
2025-07-26,T-17897,Cena,P-14,2
2025-07-27,T-10478,Cena,P-10,3
2025-07-27,T-11003,Cena,P-08,4
2025-07-27,T-11633,Cena,P-11,1
2025-07-27,T-11747,Cena,P-18,3
2025-07-27,T-12235,Comida,P-08,1
2025-07-27,T-12921,Cena,P-15,4
2025-07-27,T-13274,Cena,P-15,1
2025-07-27,T-13315,Cena,P-23,1
2025-07-27,T-14074,Comida,P-19,4
2025-07-27,T-14414,Cena,P-01,3
2025-07-27,T-14911,Comida,P-16,2
2025-07-27,T-15342,Cena,P-19,3
2025-07-27,T-15360,Cena,P-04,1
2025-07-27,T-15779,Cena,P-12,4
2025-07-27,T-16467,Comida,P-03,3
2025-07-27,T-16546,Comida,P-18,2
2025-07-27,T-16830,Cena,P-14,2
2025-07-27,T-17259,Comida,P-24,2
2025-07-27,T-17814,Cena,P-22,2
2025-07-28,T-10045,Comida,P-13,2
2025-07-28,T-10216,Cena,P-02,2
2025-07-28,T-10957,Comida,P-17,2
2025-07-28,T-10974,Cena,P-15,3
2025-07-28,T-11053,Comida,P-25,3
2025-07-28,T-11291,Comida,P-12,3
2025-07-28,T-11795,Cena,P-23,2
2025-07-28,T-12155,Comida,P-22,4
2025-07-28,T-12417,Comida,P-20,1
2025-07-28,T-13594,Cena,P-12,3
2025-07-28,T-13735,Cena,P-05,2
2025-07-28,T-14017,Cena,P-13,1
2025-07-28,T-14416,Cena,P-10,4
2025-07-28,T-14435,Cena,P-09,3
2025-07-28,T-14827,Comida,P-08,1
2025-07-28,T-15792,Cena,P-13,4
2025-07-28,T-16393,Cena,P-09,4
2025-07-28,T-16971,Cena,P-15,2
2025-07-28,T-17466,Comida,P-16,1
2025-07-29,T-10038,Cena,P-08,4
2025-07-29,T-10381,Cena,P-17,4
2025-07-29,T-11027,Comida,P-10,1
2025-07-29,T-11222,Cena,P-02,1
2025-07-29,T-11848,Cena,P-05,3
2025-07-29,T-12240,Cena,P-19,1
2025-07-29,T-12630,Cena,P-02,2
2025-07-29,T-12637,Cena,P-06,4
2025-07-29,T-13587,Cena,P-13,2
2025-07-29,T-13694,Cena,P-19,1
2025-07-29,T-13744,Cena,P-23,3
2025-07-29,T-14104,Cena,P-16,2
2025-07-29,T-14281,Comida,P-03,4
2025-07-29,T-14428,Comida,P-02,1
2025-07-29,T-14799,Cena,P-17,2
2025-07-29,T-15037,Cena,P-20,3
2025-07-29,T-15992,Comida,P-03,1
2025-07-29,T-16873,Cena,P-11,4
2025-07-29,T-17254,Comida,P-13,4
2025-07-29,T-17594,Comida,P-19,4
2025-07-29,T-17676,Cena,P-15,3
2025-07-29,T-17953,Comida,P-11,3
2025-07-30,T-12166,Comida,P-06,3
2025-07-30,T-12262,Cena,P-07,2
2025-07-30,T-12285,Cena,P-22,3
2025-07-30,T-12314,Cena,P-13,3
2025-07-30,T-12682,Comida,P-19,4
2025-07-30,T-12700,Cena,P-23,4
2025-07-30,T-12715,Cena,P-04,4
2025-07-30,T-12935,Comida,P-24,4
2025-07-30,T-13262,Comida,P-05,4
2025-07-30,T-13286,Cena,P-09,4
2025-07-30,T-14033,Comida,P-16,3
2025-07-30,T-14080,Cena,P-07,1
2025-07-30,T-14098,Cena,P-11,1
2025-07-30,T-14393,Cena,P-19,1
2025-07-30,T-14584,Cena,P-08,2
2025-07-30,T-15546,Comida,P-07,1
2025-07-30,T-15602,Comida,P-10,4
2025-07-30,T-16043,Comida,P-11,4
2025-07-30,T-16117,Comida,P-14,1
2025-07-30,T-16186,Cena,P-13,2
2025-07-30,T-16400,Comida,P-07,4
2025-07-30,T-17192,Comida,P-12,3
2025-07-30,T-17261,Comida,P-11,2
2025-07-30,T-17304,Comida,P-24,1
2025-07-30,T-17419,Cena,P-06,3
2025-07-30,T-17453,Cena,P-06,1
2025-07-30,T-17585,Cena,P-23,3
2025-07-30,T-17988,Cena,P-06,1
2025-07-31,T-10009,Comida,P-20,1
2025-07-31,T-10430,Comida,P-08,3
2025-07-31,T-11205,Cena,P-07,3
2025-07-31,T-11493,Comida,P-20,1
2025-07-31,T-11735,Comida,P-06,3
2025-07-31,T-12083,Cena,P-15,4
2025-07-31,T-13294,Cena,P-08,4
2025-07-31,T-13373,Comida,P-22,3
2025-07-31,T-13387,Comida,P-21,3
2025-07-31,T-13823,Comida,P-05,1
2025-07-31,T-13961,Comida,P-22,2
2025-07-31,T-14006,Comida,P-25,2
2025-07-31,T-14534,Cena,P-11,4
2025-07-31,T-14901,Comida,P-06,1
2025-07-31,T-14942,Cena,P-01,3
2025-07-31,T-15088,Cena,P-20,3
2025-07-31,T-15403,Cena,P-14,3
2025-07-31,T-15658,Cena,P-15,4
2025-07-31,T-15702,Cena,P-03,4
2025-07-31,T-16468,Cena,P-06,1
2025-07-31,T-16543,Cena,P-18,4
2025-07-31,T-17016,Cena,P-18,3
2025-07-31,T-17266,Comida,P-23,2
2025-07-31,T-17610,Cena,P-08,2
2025-07-31,T-17707,Cena,P-22,2
2025-07-31,T-17899,Comida,P-06,2
2025-07-31,T-17938,Comida,P-15,4
2025-08-01,T-10054,Comida,P-14,1
2025-08-01,T-10096,Comida,P-22,1
2025-08-01,T-10338,Comida,P-21,1
2025-08-01,T-11809,Cena,P-13,1
2025-08-01,T-12541,Cena,P-20,4
2025-08-01,T-13163,Cena,P-01,1
2025-08-01,T-13835,Cena,P-18,4
2025-08-01,T-13944,Comida,P-02,4
2025-08-01,T-13960,Comida,P-11,3
2025-08-01,T-14035,Comida,P-21,1
2025-08-01,T-14513,Cena,P-20,4
2025-08-01,T-14535,Cena,P-01,4
2025-08-01,T-15637,Comida,P-05,1
2025-08-01,T-15975,Cena,P-15,1
2025-08-01,T-16018,Cena,P-01,4
2025-08-01,T-16354,Comida,P-17,1
2025-08-01,T-16373,Cena,P-07,4
2025-08-01,T-16420,Cena,P-24,2
2025-08-01,T-16498,Cena,P-10,3
2025-08-01,T-17080,Cena,P-25,1
2025-08-01,T-17411,Comida,P-04,3
2025-08-01,T-17693,Cena,P-18,3
2025-08-01,T-17741,Comida,P-16,4
2025-08-02,T-10078,Comida,P-04,3
2025-08-02,T-10151,Comida,P-09,2
2025-08-02,T-10780,Comida,P-04,2
2025-08-02,T-10994,Comida,P-13,2
2025-08-02,T-11129,Cena,P-16,3
2025-08-02,T-11975,Comida,P-23,2
2025-08-02,T-12053,Cena,P-11,3
2025-08-02,T-12525,Cena,P-15,4
2025-08-02,T-12930,Cena,P-11,1
2025-08-02,T-13007,Cena,P-15,3
2025-08-02,T-13237,Comida,P-24,2
2025-08-02,T-14399,Cena,P-01,1
2025-08-02,T-14667,Cena,P-17,1
2025-08-02,T-14965,Comida,P-04,2
2025-08-02,T-16039,Cena,P-22,4
2025-08-02,T-16914,Comida,P-09,1
2025-08-02,T-17263,Comida,P-12,1
2025-08-02,T-17606,Cena,P-08,3
2025-08-02,T-17741,Cena,P-19,4
2025-08-02,T-17902,Cena,P-12,4
2025-08-03,T-10078,Cena,P-18,4
2025-08-03,T-10581,Comida,P-17,1
2025-08-03,T-10705,Cena,P-17,1
2025-08-03,T-11078,Cena,P-13,4
2025-08-03,T-11157,Comida,P-03,3
2025-08-03,T-11596,Cena,P-24,2
2025-08-03,T-11723,Cena,P-19,4
2025-08-03,T-11828,Cena,P-09,1
2025-08-03,T-12224,Cena,P-20,1
2025-08-03,T-12586,Cena,P-04,2
2025-08-03,T-12907,Cena,P-24,2
2025-08-03,T-12926,Comida,P-14,4
2025-08-03,T-13527,Cena,P-02,1
2025-08-03,T-13745,Cena,P-04,1
2025-08-03,T-13753,Comida,P-06,2
2025-08-03,T-14181,Cena,P-18,1
2025-08-03,T-16664,Cena,P-02,2
2025-08-03,T-16800,Cena,P-18,4
2025-08-03,T-16834,Cena,P-08,1
2025-08-03,T-16858,Cena,P-09,3
2025-08-04,T-10223,Cena,P-08,1
2025-08-04,T-11064,Cena,P-12,4
2025-08-04,T-11609,Cena,P-06,4
2025-08-04,T-11641,Cena,P-09,4
2025-08-04,T-11844,Comida,P-08,3
2025-08-04,T-11869,Cena,P-10,4
2025-08-04,T-12617,Comida,P-11,2
2025-08-04,T-12933,Comida,P-05,3
2025-08-04,T-12958,Cena,P-01,2
2025-08-04,T-13033,Cena,P-19,1
2025-08-04,T-14231,Cena,P-14,1
2025-08-04,T-14256,Comida,P-15,1
2025-08-04,T-14288,Comida,P-08,3
2025-08-04,T-14393,Comida,P-13,1
2025-08-04,T-14439,Cena,P-23,4
2025-08-04,T-14514,Cena,P-06,3
2025-08-04,T-14613,Cena,P-01,2
2025-08-04,T-14709,Comida,P-17,2
2025-08-04,T-15559,Cena,P-06,1
2025-08-04,T-16068,Cena,P-01,4
2025-08-04,T-16677,Comida,P-01,4
2025-08-04,T-16848,Comida,P-20,4
2025-08-04,T-17025,Comida,P-04,1
2025-08-04,T-17101,Cena,P-25,4
2025-08-04,T-17888,Cena,P-09,3
2025-08-05,T-10994,Comida,P-12,1
2025-08-05,T-11862,Cena,P-13,2
2025-08-05,T-13411,Comida,P-12,1
2025-08-05,T-13610,Comida,P-14,1
2025-08-05,T-13858,Cena,P-09,2
2025-08-05,T-14017,Cena,P-07,3
2025-08-05,T-14090,Comida,P-09,3
2025-08-05,T-14636,Cena,P-05,4
2025-08-05,T-14639,Comida,P-07,3
2025-08-05,T-14723,Comida,P-02,1
2025-08-05,T-14856,Comida,P-22,4
2025-08-05,T-15525,Cena,P-13,4
2025-08-05,T-15614,Cena,P-04,1
2025-08-05,T-16680,Comida,P-12,4
2025-08-05,T-16992,Cena,P-10,3
2025-08-05,T-17516,Cena,P-15,3
2025-08-05,T-17794,Cena,P-22,3
2025-08-05,T-17831,Comida,P-19,1
2025-08-05,T-17899,Comida,P-23,2
2025-08-06,T-10422,Cena,P-24,1
2025-08-06,T-10697,Cena,P-09,4
2025-08-06,T-10919,Cena,P-17,3
2025-08-06,T-10984,Comida,P-01,4
2025-08-06,T-11160,Comida,P-17,2
2025-08-06,T-11388,Comida,P-14,3
2025-08-06,T-11630,Comida,P-19,3
2025-08-06,T-11801,Comida,P-03,1
2025-08-06,T-12879,Cena,P-05,1
2025-08-06,T-14017,Cena,P-10,2
2025-08-06,T-14839,Comida,P-03,1
2025-08-06,T-14957,Cena,P-06,1
2025-08-06,T-16271,Cena,P-17,4
2025-08-06,T-16942,Cena,P-14,3
2025-08-07,T-10097,Cena,P-01,1
2025-08-07,T-10325,Cena,P-10,4
2025-08-07,T-11444,Cena,P-19,4
2025-08-07,T-11512,Cena,P-07,2
2025-08-07,T-11556,Comida,P-10,1
2025-08-07,T-11609,Cena,P-22,4
2025-08-07,T-11979,Cena,P-17,4
2025-08-07,T-12668,Cena,P-08,1
2025-08-07,T-12780,Cena,P-12,4
2025-08-07,T-14319,Comida,P-08,3
2025-08-07,T-14780,Cena,P-21,2
2025-08-07,T-15586,Cena,P-18,4
2025-08-07,T-15923,Cena,P-01,2
2025-08-07,T-16068,Cena,P-09,4
2025-08-07,T-16110,Comida,P-06,3
2025-08-07,T-16278,Cena,P-07,4
2025-08-07,T-16504,Cena,P-07,3
2025-08-07,T-16770,Cena,P-01,1
2025-08-07,T-16959,Comida,P-21,3
2025-08-07,T-17097,Cena,P-10,2
2025-08-08,T-10338,Cena,P-10,2
2025-08-08,T-10646,Comida,P-24,3
2025-08-08,T-10778,Comida,P-22,1
2025-08-08,T-11104,Cena,P-22,3
2025-08-08,T-11433,Cena,P-25,4
2025-08-08,T-12126,Cena,P-17,2
2025-08-08,T-12133,Cena,P-16,3
2025-08-08,T-12221,Comida,P-15,1
2025-08-08,T-12396,Cena,P-11,1
2025-08-08,T-12474,Comida,P-20,4
2025-08-08,T-12487,Cena,P-12,3
2025-08-08,T-12671,Comida,P-04,2
2025-08-08,T-12727,Comida,P-24,1
2025-08-08,T-12846,Cena,P-23,2
2025-08-08,T-13022,Cena,P-23,3
2025-08-08,T-13678,Cena,P-17,3
2025-08-08,T-13985,Cena,P-24,4
2025-08-08,T-14483,Comida,P-08,4
2025-08-08,T-15040,Cena,P-10,1
2025-08-08,T-15464,Cena,P-22,3
2025-08-08,T-16842,Cena,P-05,2
2025-08-08,T-17722,Cena,P-01,3
2025-08-08,T-17741,Cena,P-15,4
2025-08-09,T-10150,Cena,P-06,1
2025-08-09,T-10404,Comida,P-14,1
2025-08-09,T-10763,Cena,P-02,4
2025-08-09,T-11092,Comida,P-20,3
2025-08-09,T-11295,Cena,P-16,1
2025-08-09,T-11959,Cena,P-01,4
2025-08-09,T-12029,Comida,P-03,4
2025-08-09,T-12179,Comida,P-08,4
2025-08-09,T-12276,Cena,P-13,3
2025-08-09,T-12554,Cena,P-13,4
2025-08-09,T-13083,Cena,P-02,4
2025-08-09,T-13529,Cena,P-18,1
2025-08-09,T-13873,Comida,P-01,2
2025-08-09,T-14847,Comida,P-16,3
2025-08-09,T-15079,Comida,P-09,4
2025-08-09,T-15221,Cena,P-06,2
2025-08-09,T-15990,Comida,P-10,2
2025-08-09,T-16253,Comida,P-13,1
2025-08-09,T-16484,Cena,P-19,2
2025-08-09,T-16681,Cena,P-05,1
2025-08-09,T-16770,Cena,P-05,2
2025-08-09,T-16985,Cena,P-18,4
2025-08-09,T-17062,Comida,P-22,3
2025-08-09,T-17167,Cena,P-21,2
2025-08-09,T-17221,Cena,P-04,2
2025-08-09,T-17439,Cena,P-17,2
2025-08-09,T-17988,Cena,P-21,1
2025-08-10,T-10345,Cena,P-21,1
2025-08-10,T-10509,Cena,P-02,4
2025-08-10,T-10546,Cena,P-03,2
2025-08-10,T-11078,Comida,P-08,4
2025-08-10,T-11147,Cena,P-24,4
2025-08-10,T-11162,Cena,P-06,2
2025-08-10,T-11356,Cena,P-15,1
2025-08-10,T-11607,Cena,P-09,4
2025-08-10,T-12816,Cena,P-23,3
2025-08-10,T-13252,Cena,P-15,3
2025-08-10,T-14218,Comida,P-03,4
2025-08-10,T-15376,Comida,P-08,3
2025-08-10,T-15591,Comida,P-20,1
2025-08-10,T-16160,Comida,P-24,2
2025-08-10,T-16716,Comida,P-05,1
2025-08-10,T-17414,Comida,P-22,3
2025-08-10,T-17537,Cena,P-08,4
2025-08-11,T-10064,Cena,P-22,2
2025-08-11,T-10348,Cena,P-19,2
2025-08-11,T-10551,Comida,P-19,1
2025-08-11,T-10802,Comida,P-17,3
2025-08-11,T-11122,Cena,P-07,3
2025-08-11,T-12176,Comida,P-04,2
2025-08-11,T-12404,Comida,P-14,4
2025-08-11,T-12523,Cena,P-13,3
2025-08-11,T-12947,Cena,P-24,2
2025-08-11,T-13097,Comida,P-23,1
2025-08-11,T-13759,Cena,P-10,2
2025-08-11,T-13839,Cena,P-09,4
2025-08-11,T-16459,Comida,P-22,1
2025-08-11,T-16536,Cena,P-03,1
2025-08-11,T-16686,Comida,P-13,4
2025-08-11,T-17449,Comida,P-19,2
2025-08-11,T-17639,Cena,P-03,3
2025-08-12,T-11062,Cena,P-12,2
2025-08-12,T-11557,Cena,P-10,3
2025-08-12,T-13423,Comida,P-16,1
2025-08-12,T-13714,Cena,P-05,3
2025-08-12,T-13731,Cena,P-24,4
2025-08-12,T-14069,Cena,P-14,2
2025-08-12,T-14223,Comida,P-23,2
2025-08-12,T-14367,Comida,P-19,3
2025-08-12,T-14530,Cena,P-18,3
2025-08-12,T-14589,Comida,P-15,4
2025-08-12,T-15377,Comida,P-04,4
2025-08-12,T-15892,Comida,P-11,1
2025-08-12,T-16049,Cena,P-24,4
2025-08-12,T-16275,Cena,P-11,4
2025-08-12,T-16535,Comida,P-01,1
2025-08-12,T-17359,Cena,P-16,4
2025-08-12,T-17362,Comida,P-06,1
2025-08-12,T-17866,Cena,P-11,1
2025-08-12,T-17975,Comida,P-11,4
2025-08-13,T-10354,Comida,P-17,1
2025-08-13,T-11010,Comida,P-08,3
2025-08-13,T-11612,Cena,P-22,4
2025-08-13,T-13119,Comida,P-06,2
2025-08-13,T-13194,Cena,P-06,2
2025-08-13,T-13403,Cena,P-21,2
2025-08-13,T-13677,Cena,P-08,2
2025-08-13,T-14746,Comida,P-19,4
2025-08-13,T-15316,Comida,P-11,2
2025-08-13,T-15439,Cena,P-20,2
2025-08-13,T-15913,Cena,P-09,1
2025-08-13,T-15923,Cena,P-24,1
2025-08-13,T-15982,Cena,P-04,3
2025-08-13,T-16019,Cena,P-08,1
2025-08-13,T-16410,Comida,P-20,2
2025-08-13,T-16485,Cena,P-22,4
2025-08-13,T-16748,Cena,P-18,2
2025-08-13,T-17066,Comida,P-23,1
2025-08-13,T-17290,Comida,P-17,1
2025-08-14,T-10581,Comida,P-17,1
2025-08-14,T-11270,Cena,P-23,2
2025-08-14,T-11778,Cena,P-05,2
2025-08-14,T-11857,Cena,P-19,3
2025-08-14,T-11916,Cena,P-13,2
2025-08-14,T-12832,Cena,P-17,4
2025-08-14,T-13490,Comida,P-05,3
2025-08-14,T-15224,Cena,P-01,3
2025-08-14,T-16095,Comida,P-24,4
2025-08-14,T-16108,Cena,P-21,1
2025-08-14,T-16593,Comida,P-20,4
2025-08-14,T-16834,Cena,P-05,2
2025-08-14,T-17140,Comida,P-21,2
2025-08-14,T-17846,Comida,P-09,3
2025-08-15,T-10470,Cena,P-03,2
2025-08-15,T-11053,Comida,P-16,4
2025-08-15,T-11291,Comida,P-09,2
2025-08-15,T-11967,Cena,P-11,1
2025-08-15,T-12629,Cena,P-07,3
2025-08-15,T-13032,Comida,P-03,2
2025-08-15,T-13056,Comida,P-02,3
2025-08-15,T-13962,Cena,P-05,1
2025-08-15,T-14337,Comida,P-19,4
2025-08-15,T-14481,Comida,P-19,3
2025-08-15,T-14605,Cena,P-09,2
2025-08-15,T-14652,Comida,P-16,1
2025-08-15,T-14965,Comida,P-08,4
2025-08-15,T-15792,Cena,P-04,4
2025-08-15,T-16018,Cena,P-07,4
2025-08-15,T-16964,Cena,P-06,1
2025-08-15,T-16996,Cena,P-08,2
2025-08-15,T-17617,Cena,P-17,4
2025-08-16,T-10167,Comida,P-21,1
2025-08-16,T-10549,Cena,P-01,4
2025-08-16,T-11330,Cena,P-23,2
2025-08-16,T-11713,Cena,P-14,1
2025-08-16,T-11832,Comida,P-19,3
2025-08-16,T-13192,Cena,P-07,4
2025-08-16,T-13275,Comida,P-24,3
2025-08-16,T-13654,Cena,P-18,3
2025-08-16,T-14372,Comida,P-22,2
2025-08-16,T-14414,Cena,P-24,3
2025-08-16,T-14479,Cena,P-01,3
2025-08-16,T-15282,Cena,P-20,4
2025-08-16,T-15858,Comida,P-02,3
2025-08-16,T-16096,Cena,P-05,3
2025-08-16,T-16417,Cena,P-14,1
2025-08-16,T-16882,Cena,P-05,3
2025-08-16,T-16913,Comida,P-15,4
2025-08-16,T-17211,Cena,P-08,3
2025-08-16,T-17998,Cena,P-19,3
2025-08-17,T-10144,Comida,P-03,4
2025-08-17,T-10237,Cena,P-19,4
2025-08-17,T-10370,Cena,P-02,1
2025-08-17,T-11210,Cena,P-23,3
2025-08-17,T-11640,Cena,P-06,4
2025-08-17,T-11722,Cena,P-07,4
2025-08-17,T-12575,Cena,P-20,1
2025-08-17,T-12739,Comida,P-02,4
2025-08-17,T-12883,Cena,P-15,1
2025-08-17,T-13045,Comida,P-20,3
2025-08-17,T-13157,Cena,P-15,2
2025-08-17,T-13443,Cena,P-18,3
2025-08-17,T-13472,Comida,P-20,1
2025-08-17,T-14902,Cena,P-10,2
2025-08-17,T-14918,Comida,P-18,2
2025-08-17,T-15216,Cena,P-01,3
2025-08-17,T-15345,Cena,P-18,4
2025-08-17,T-15781,Cena,P-04,1
2025-08-17,T-16867,Cena,P-09,3
2025-08-17,T-16995,Cena,P-10,2
2025-08-17,T-17125,Comida,P-24,3
2025-08-17,T-17354,Cena,P-22,3
2025-08-17,T-17623,Cena,P-18,2
2025-08-17,T-17710,Comida,P-10,4
2025-08-17,T-17752,Comida,P-21,3
2025-08-17,T-17815,Comida,P-08,4
2025-08-17,T-17924,Comida,P-04,2
2025-08-18,T-10182,Cena,P-22,4
2025-08-18,T-11504,Cena,P-19,1
2025-08-18,T-11650,Cena,P-05,1
2025-08-18,T-12520,Cena,P-01,2
2025-08-18,T-12541,Cena,P-13,4
2025-08-18,T-12624,Comida,P-01,4
2025-08-18,T-12718,Cena,P-24,3
2025-08-18,T-13351,Cena,P-20,2
2025-08-18,T-13353,Comida,P-24,1
2025-08-18,T-13393,Comida,P-04,4
2025-08-18,T-13530,Cena,P-18,1
2025-08-18,T-14319,Comida,P-02,1
2025-08-18,T-14622,Cena,P-09,4
2025-08-18,T-14871,Comida,P-11,4
2025-08-18,T-14995,Cena,P-04,4
2025-08-18,T-15183,Cena,P-22,4
2025-08-18,T-15345,Cena,P-02,2
2025-08-18,T-15394,Cena,P-14,3
2025-08-18,T-15463,Comida,P-03,2
2025-08-18,T-15558,Cena,P-13,1
2025-08-18,T-16050,Cena,P-20,4
2025-08-18,T-16686,Comida,P-04,3
2025-08-18,T-16740,Comida,P-23,1
2025-08-18,T-16756,Cena,P-21,2
2025-08-18,T-16936,Cena,P-02,3
2025-08-18,T-17133,Comida,P-23,3
2025-08-18,T-17410,Comida,P-07,1
2025-08-19,T-10350,Cena,P-07,1
2025-08-19,T-10705,Cena,P-10,4
2025-08-19,T-10918,Cena,P-03,4
2025-08-19,T-11096,Comida,P-07,2
2025-08-19,T-12031,Comida,P-18,2
2025-08-19,T-12648,Cena,P-11,3
2025-08-19,T-13073,Cena,P-23,1
2025-08-19,T-13859,Cena,P-24,1
2025-08-19,T-14280,Cena,P-24,4
2025-08-19,T-14630,Comida,P-24,4
2025-08-19,T-15632,Comida,P-24,1
2025-08-19,T-16661,Cena,P-03,3
2025-08-19,T-16741,Comida,P-14,4
2025-08-20,T-10055,Cena,P-14,3
2025-08-20,T-11180,Comida,P-01,4
2025-08-20,T-11785,Cena,P-10,3
2025-08-20,T-12248,Comida,P-17,4
2025-08-20,T-13141,Cena,P-18,1
2025-08-20,T-13387,Comida,P-14,4
2025-08-20,T-13490,Cena,P-22,4
2025-08-20,T-13606,Comida,P-25,3
2025-08-20,T-13793,Comida,P-04,3
2025-08-20,T-14146,Comida,P-04,2
2025-08-20,T-14496,Comida,P-15,3
2025-08-20,T-15143,Comida,P-11,3
2025-08-20,T-15360,Cena,P-13,2
2025-08-20,T-15663,Cena,P-16,2
2025-08-20,T-15808,Cena,P-20,2
2025-08-20,T-16125,Cena,P-19,2
2025-08-20,T-17156,Cena,P-09,1
2025-08-20,T-17438,Comida,P-19,1
2025-08-21,T-10442,Comida,P-06,2
2025-08-21,T-10677,Cena,P-09,1
2025-08-21,T-10693,Cena,P-09,1
2025-08-21,T-10704,Cena,P-14,2
2025-08-21,T-11545,Cena,P-15,3
2025-08-21,T-11797,Comida,P-16,1
2025-08-21,T-12117,Cena,P-18,4
2025-08-21,T-12526,Cena,P-09,3
2025-08-21,T-14280,Cena,P-18,4
2025-08-21,T-14669,Comida,P-21,4
2025-08-21,T-16545,Comida,P-05,3
2025-08-21,T-16736,Comida,P-17,4
2025-08-21,T-17115,Cena,P-15,3
2025-08-21,T-17124,Comida,P-10,2
2025-08-21,T-17485,Cena,P-04,4
2025-08-21,T-17931,Cena,P-13,2
2025-08-22,T-12440,Cena,P-14,1
2025-08-22,T-13065,Comida,P-15,4
2025-08-22,T-13203,Cena,P-20,1
2025-08-22,T-13204,Comida,P-01,1
2025-08-22,T-13449,Cena,P-06,1
2025-08-22,T-13699,Comida,P-07,2
2025-08-22,T-14181,Cena,P-15,1
2025-08-22,T-14407,Comida,P-13,3
2025-08-22,T-14416,Cena,P-13,3
2025-08-22,T-15575,Cena,P-15,2
2025-08-22,T-15974,Cena,P-11,2
2025-08-22,T-16061,Cena,P-05,3
2025-08-22,T-16261,Comida,P-03,1
2025-08-22,T-17367,Cena,P-05,3
2025-08-22,T-17754,Cena,P-23,3
2025-08-23,T-10492,Comida,P-07,4
2025-08-23,T-10554,Cena,P-25,2
2025-08-23,T-10666,Comida,P-25,3
2025-08-23,T-10758,Comida,P-06,2
2025-08-23,T-10964,Comida,P-12,1
2025-08-23,T-11634,Cena,P-24,4
2025-08-23,T-11874,Comida,P-05,2
2025-08-23,T-12026,Cena,P-06,2
2025-08-23,T-12093,Comida,P-23,3
2025-08-23,T-12888,Cena,P-12,3
2025-08-23,T-14071,Comida,P-04,2
2025-08-23,T-14222,Cena,P-12,2
2025-08-23,T-14336,Cena,P-18,2
2025-08-23,T-14720,Comida,P-06,2
2025-08-23,T-14720,Comida,P-19,3
2025-08-23,T-14753,Comida,P-05,2
2025-08-23,T-14968,Comida,P-01,2
2025-08-23,T-15146,Cena,P-13,1
2025-08-23,T-15312,Cena,P-20,3
2025-08-23,T-15509,Cena,P-13,4
2025-08-23,T-15599,Comida,P-03,4
2025-08-23,T-15832,Cena,P-10,3
2025-08-23,T-16048,Cena,P-08,3
2025-08-23,T-16151,Cena,P-24,4
2025-08-23,T-16623,Cena,P-15,1
2025-08-23,T-16820,Cena,P-05,1
2025-08-23,T-17312,Comida,P-03,3
2025-08-24,T-10757,Cena,P-25,2
2025-08-24,T-10810,Cena,P-06,3
2025-08-24,T-11030,Cena,P-10,1
2025-08-24,T-12708,Comida,P-25,4
2025-08-24,T-12784,Comida,P-23,2
2025-08-24,T-12931,Cena,P-17,1
2025-08-24,T-13438,Comida,P-18,3
2025-08-24,T-13820,Comida,P-06,4
2025-08-24,T-13838,Cena,P-08,3
2025-08-24,T-14046,Comida,P-22,1
2025-08-24,T-14886,Comida,P-14,3
2025-08-24,T-14957,Cena,P-21,2
2025-08-24,T-14985,Cena,P-21,3
2025-08-24,T-15153,Cena,P-25,4
2025-08-24,T-15907,Cena,P-18,1
2025-08-24,T-16092,Comida,P-22,4
2025-08-24,T-16174,Comida,P-12,4
2025-08-24,T-16505,Cena,P-18,1
2025-08-24,T-16588,Comida,P-11,3
2025-08-24,T-17064,Comida,P-23,1
2025-08-24,T-17250,Comida,P-25,1
2025-08-24,T-17642,Comida,P-10,4
2025-08-24,T-17676,Cena,P-18,3
2025-08-25,T-10102,Cena,P-17,4
2025-08-25,T-11084,Cena,P-14,1
2025-08-25,T-12300,Cena,P-17,3
2025-08-25,T-13045,Comida,P-07,3
2025-08-25,T-13215,Comida,P-01,4
2025-08-25,T-13698,Cena,P-16,2
2025-08-25,T-13863,Cena,P-17,1
2025-08-25,T-13919,Cena,P-19,3
2025-08-25,T-14001,Comida,P-09,1
2025-08-25,T-14420,Comida,P-10,4
2025-08-25,T-14437,Cena,P-08,2
2025-08-25,T-14740,Cena,P-12,1
2025-08-25,T-15200,Cena,P-10,1
2025-08-25,T-15292,Comida,P-17,4
2025-08-25,T-15921,Cena,P-08,3
2025-08-25,T-15967,Comida,P-19,2
2025-08-25,T-16663,Cena,P-18,1
2025-08-25,T-17168,Cena,P-09,3
2025-08-25,T-17307,Cena,P-03,4
2025-08-26,T-10256,Comida,P-06,2
2025-08-26,T-10518,Cena,P-11,3
2025-08-26,T-10839,Cena,P-10,3
2025-08-26,T-11042,Comida,P-12,3
2025-08-26,T-11288,Cena,P-13,1
2025-08-26,T-12093,Comida,P-07,4
2025-08-26,T-13092,Comida,P-15,2
2025-08-26,T-13240,Comida,P-16,2
2025-08-26,T-14093,Cena,P-08,1
2025-08-26,T-14172,Comida,P-01,1
2025-08-26,T-14248,Comida,P-24,3
2025-08-26,T-14571,Cena,P-19,4
2025-08-26,T-14842,Comida,P-08,4
2025-08-26,T-14941,Cena,P-25,4
2025-08-26,T-15991,Comida,P-24,3
2025-08-26,T-16794,Cena,P-14,1
2025-08-26,T-16942,Comida,P-24,4
2025-08-26,T-17108,Comida,P-23,1
2025-08-26,T-17545,Comida,P-11,4
2025-08-26,T-17579,Comida,P-21,4
2025-08-26,T-17805,Comida,P-13,4
2025-08-26,T-17860,Cena,P-09,3
2025-08-27,T-10208,Cena,P-14,3
2025-08-27,T-11442,Comida,P-20,2
2025-08-27,T-11872,Comida,P-14,4
2025-08-27,T-12092,Comida,P-23,2
2025-08-27,T-13365,Comida,P-04,3
2025-08-27,T-13604,Cena,P-06,3
2025-08-27,T-13631,Comida,P-04,3
2025-08-27,T-13657,Cena,P-15,3
2025-08-27,T-14741,Cena,P-03,3
2025-08-27,T-16509,Cena,P-01,4
2025-08-27,T-17228,Cena,P-19,3
2025-08-27,T-17619,Comida,P-08,4
2025-08-27,T-17775,Comida,P-02,1
2025-08-27,T-17854,Comida,P-14,3
2025-08-27,T-17941,Comida,P-01,3
2025-08-27,T-17979,Comida,P-18,4
2025-08-28,T-10969,Cena,P-01,1
2025-08-28,T-12063,Comida,P-14,4
2025-08-28,T-12267,Comida,P-23,2
2025-08-28,T-13146,Comida,P-18,3
2025-08-28,T-13380,Comida,P-17,2
2025-08-28,T-13726,Comida,P-14,4
2025-08-28,T-14104,Cena,P-25,4
2025-08-28,T-14637,Cena,P-03,2
2025-08-28,T-15603,Cena,P-01,2
2025-08-28,T-15686,Comida,P-06,3
2025-08-28,T-16705,Comida,P-18,2
2025-08-28,T-17411,Cena,P-04,2
2025-08-29,T-10863,Cena,P-16,3
2025-08-29,T-11219,Comida,P-10,3
2025-08-29,T-11734,Comida,P-18,1
2025-08-29,T-11899,Comida,P-12,2
2025-08-29,T-12371,Cena,P-13,3
2025-08-29,T-12927,Comida,P-24,2
2025-08-29,T-13706,Comida,P-11,2
2025-08-29,T-13714,Cena,P-21,4
2025-08-29,T-13823,Cena,P-06,4
2025-08-29,T-14438,Cena,P-04,4
2025-08-29,T-15039,Cena,P-15,3
2025-08-29,T-15151,Comida,P-20,4
2025-08-29,T-15203,Cena,P-14,1
2025-08-29,T-15256,Comida,P-24,3
2025-08-29,T-15359,Cena,P-04,3
2025-08-29,T-16723,Comida,P-18,1
2025-08-29,T-17372,Comida,P-23,3
2025-08-29,T-17389,Cena,P-10,1
2025-08-29,T-17589,Cena,P-20,2
2025-08-29,T-17640,Cena,P-11,1
2025-08-29,T-17958,Comida,P-21,3
2025-08-30,T-10103,Cena,P-22,4
2025-08-30,T-11031,Comida,P-19,4
2025-08-30,T-12213,Comida,P-21,4
2025-08-30,T-12675,Comida,P-10,4
2025-08-30,T-12685,Comida,P-14,4
2025-08-30,T-13825,Cena,P-13,3
2025-08-30,T-14166,Comida,P-18,1
2025-08-30,T-14334,Cena,P-19,2
2025-08-30,T-14405,Cena,P-23,3
2025-08-30,T-15207,Comida,P-09,1
2025-08-30,T-15343,Comida,P-01,2
2025-08-30,T-15448,Comida,P-20,1
2025-08-30,T-15735,Comida,P-07,1
2025-08-30,T-16284,Cena,P-01,2
2025-08-30,T-16545,Comida,P-16,2
2025-08-31,T-10084,Cena,P-04,3
2025-08-31,T-10186,Comida,P-03,3
2025-08-31,T-10384,Cena,P-01,2
2025-08-31,T-10434,Cena,P-14,2
2025-08-31,T-10950,Comida,P-13,4
2025-08-31,T-11091,Cena,P-22,3
2025-08-31,T-11580,Cena,P-24,4
2025-08-31,T-12177,Comida,P-23,4
2025-08-31,T-12213,Cena,P-08,1
2025-08-31,T-12333,Cena,P-05,3
2025-08-31,T-12770,Cena,P-19,3
2025-08-31,T-13069,Cena,P-11,3
2025-08-31,T-14487,Cena,P-25,1
2025-08-31,T-14896,Cena,P-23,3
2025-08-31,T-15782,Cena,P-21,3
2025-08-31,T-16524,Cena,P-24,3
2025-08-31,T-16559,Cena,P-14,4
2025-08-31,T-17979,Cena,P-09,3
2025-09-01,T-10739,Cena,P-07,2
2025-09-01,T-11723,Cena,P-10,3
2025-09-01,T-12170,Comida,P-03,1
2025-09-01,T-12769,Comida,P-18,2
2025-09-01,T-12864,Cena,P-22,2
2025-09-01,T-13326,Cena,P-11,2
2025-09-01,T-14120,Comida,P-15,3
2025-09-01,T-14644,Comida,P-17,1
2025-09-01,T-14758,Cena,P-16,4
2025-09-01,T-14767,Cena,P-25,2
2025-09-01,T-14789,Comida,P-19,3
2025-09-01,T-14868,Cena,P-13,4
2025-09-01,T-15182,Cena,P-05,2
2025-09-01,T-15727,Cena,P-12,3
2025-09-01,T-16595,Comida,P-08,3
2025-09-01,T-16720,Cena,P-12,3
2025-09-01,T-16899,Cena,P-05,1
2025-09-01,T-17534,Cena,P-08,2
2025-09-02,T-10041,Cena,P-24,4
2025-09-02,T-10211,Comida,P-03,4
2025-09-02,T-11402,Comida,P-07,4
2025-09-02,T-11720,Comida,P-04,2
2025-09-02,T-12388,Cena,P-23,2
2025-09-02,T-13958,Cena,P-03,4
2025-09-02,T-14633,Cena,P-17,3
2025-09-02,T-14655,Cena,P-23,2
2025-09-02,T-14918,Cena,P-23,3
2025-09-02,T-15180,Cena,P-09,2
2025-09-02,T-15408,Cena,P-02,2
2025-09-02,T-15516,Comida,P-21,2
2025-09-02,T-15522,Comida,P-19,1
2025-09-02,T-16677,Cena,P-05,2
2025-09-02,T-16992,Cena,P-24,3
2025-09-02,T-17190,Cena,P-19,3
2025-09-03,T-10122,Cena,P-17,1
2025-09-03,T-10357,Comida,P-09,3
2025-09-03,T-10497,Cena,P-25,3
2025-09-03,T-10847,Comida,P-07,1
2025-09-03,T-11318,Cena,P-19,2
2025-09-03,T-11318,Cena,P-18,4
2025-09-03,T-11552,Comida,P-06,2
2025-09-03,T-12835,Comida,P-21,2
2025-09-03,T-13362,Cena,P-04,4
2025-09-03,T-14457,Comida,P-22,3
2025-09-03,T-14486,Comida,P-02,3
2025-09-03,T-14542,Cena,P-11,3
2025-09-03,T-15252,Comida,P-13,2
2025-09-03,T-15509,Comida,P-17,3
2025-09-03,T-17653,Cena,P-10,1
2025-09-04,T-10044,Cena,P-06,4
2025-09-04,T-10380,Cena,P-03,2
2025-09-04,T-11361,Cena,P-09,1
2025-09-04,T-11880,Comida,P-20,4
2025-09-04,T-12084,Comida,P-24,3
2025-09-04,T-12278,Comida,P-14,4
2025-09-04,T-12832,Cena,P-13,2
2025-09-04,T-13171,Comida,P-09,1
2025-09-04,T-13196,Cena,P-01,4
2025-09-04,T-13563,Cena,P-04,3
2025-09-04,T-13897,Cena,P-11,2
2025-09-04,T-14051,Comida,P-16,3
2025-09-04,T-14986,Cena,P-22,3
2025-09-04,T-15130,Comida,P-22,1
2025-09-04,T-15166,Comida,P-25,3
2025-09-04,T-15341,Cena,P-15,1
2025-09-04,T-15390,Cena,P-23,3
2025-09-04,T-15461,Cena,P-07,4
2025-09-04,T-15533,Comida,P-24,1
2025-09-04,T-15987,Comida,P-02,3
2025-09-04,T-15999,Cena,P-08,4
2025-09-04,T-16211,Cena,P-02,2
2025-09-04,T-16389,Cena,P-09,4
2025-09-04,T-16790,Comida,P-10,2
2025-09-04,T-16945,Cena,P-09,1
2025-09-04,T-17016,Cena,P-02,4
2025-09-04,T-17088,Cena,P-25,1
2025-09-04,T-17888,Cena,P-11,4
2025-09-05,T-10309,Comida,P-16,2
2025-09-05,T-10779,Cena,P-02,2
2025-09-05,T-11284,Comida,P-08,1
2025-09-05,T-11839,Cena,P-14,2
2025-09-05,T-11875,Cena,P-09,4
2025-09-05,T-12003,Comida,P-25,1
2025-09-05,T-12095,Cena,P-22,1
2025-09-05,T-13161,Cena,P-02,2
2025-09-05,T-13477,Cena,P-20,2
2025-09-05,T-13787,Comida,P-17,3
2025-09-05,T-13811,Cena,P-07,1
2025-09-05,T-13812,Cena,P-15,4
2025-09-05,T-14699,Cena,P-17,1
2025-09-05,T-15644,Cena,P-03,2
2025-09-05,T-16060,Comida,P-23,3
2025-09-05,T-17041,Comida,P-21,1
2025-09-05,T-17193,Comida,P-07,1
2025-09-05,T-17483,Cena,P-17,2
2025-09-06,T-10746,Comida,P-19,1
2025-09-06,T-11488,Comida,P-21,4
2025-09-06,T-11682,Cena,P-05,3
2025-09-06,T-11869,Cena,P-19,3
2025-09-06,T-12485,Cena,P-21,4
2025-09-06,T-13081,Cena,P-05,1
2025-09-06,T-14227,Comida,P-09,4
2025-09-06,T-14364,Comida,P-03,4
2025-09-06,T-14434,Comida,P-21,2
2025-09-06,T-15311,Comida,P-10,1
2025-09-06,T-15329,Cena,P-05,2
2025-09-06,T-16110,Comida,P-15,3
2025-09-06,T-16266,Cena,P-08,1
2025-09-06,T-16280,Cena,P-01,4
2025-09-06,T-16748,Cena,P-15,2
2025-09-06,T-16794,Cena,P-25,1
2025-09-06,T-16937,Comida,P-20,1
2025-09-06,T-17235,Comida,P-19,2
2025-09-06,T-17690,Cena,P-24,3
2025-09-07,T-10685,Cena,P-04,2
2025-09-07,T-11156,Cena,P-19,2
2025-09-07,T-11734,Comida,P-02,4
2025-09-07,T-12726,Cena,P-03,2
2025-09-07,T-13054,Cena,P-15,1
2025-09-07,T-13332,Cena,P-13,2
2025-09-07,T-13343,Comida,P-22,1
2025-09-07,T-13663,Cena,P-08,2
2025-09-07,T-14115,Cena,P-08,2
2025-09-07,T-14166,Comida,P-02,4
2025-09-07,T-14197,Comida,P-20,2
2025-09-07,T-14387,Comida,P-11,2
2025-09-07,T-14428,Comida,P-15,1
2025-09-07,T-15897,Cena,P-15,2
2025-09-07,T-16191,Comida,P-14,4
2025-09-07,T-16568,Cena,P-11,1
2025-09-07,T-16803,Comida,P-24,3
2025-09-07,T-17136,Comida,P-05,2
2025-09-07,T-17377,Cena,P-25,4
2025-09-08,T-10095,Comida,P-19,1
2025-09-08,T-10583,Comida,P-01,4
2025-09-08,T-11255,Comida,P-12,3
2025-09-08,T-11778,Cena,P-17,2
2025-09-08,T-11844,Cena,P-09,3
2025-09-08,T-12017,Cena,P-20,4
2025-09-08,T-12583,Cena,P-11,2
2025-09-08,T-12993,Cena,P-05,4
2025-09-08,T-13072,Cena,P-11,3
2025-09-08,T-13818,Cena,P-06,2
2025-09-08,T-13830,Cena,P-25,2
2025-09-08,T-14133,Cena,P-12,4
2025-09-08,T-14473,Comida,P-13,2
2025-09-08,T-14817,Comida,P-11,2
2025-09-08,T-15302,Comida,P-16,1
2025-09-08,T-16669,Comida,P-03,4
2025-09-08,T-17154,Cena,P-16,3
2025-09-08,T-17471,Cena,P-17,1
2025-09-08,T-17588,Cena,P-21,2
2025-09-08,T-17858,Cena,P-18,4
2025-09-09,T-10090,Comida,P-25,4
2025-09-09,T-10351,Comida,P-09,3
2025-09-09,T-10530,Cena,P-17,4
2025-09-09,T-10622,Cena,P-11,2
2025-09-09,T-10808,Cena,P-05,1
2025-09-09,T-11253,Comida,P-23,1
2025-09-09,T-11742,Comida,P-23,4
2025-09-09,T-11834,Cena,P-13,2
2025-09-09,T-11963,Comida,P-02,2
2025-09-09,T-12040,Comida,P-04,2
2025-09-09,T-12062,Cena,P-10,4
2025-09-09,T-12154,Cena,P-20,2
2025-09-09,T-12666,Cena,P-18,3
2025-09-09,T-13269,Cena,P-25,3
2025-09-09,T-13706,Comida,P-06,2
2025-09-09,T-13808,Comida,P-12,3
2025-09-09,T-13854,Cena,P-14,3
2025-09-09,T-13885,Cena,P-19,2
2025-09-09,T-13893,Cena,P-13,2
2025-09-09,T-13936,Comida,P-18,2
2025-09-09,T-14561,Cena,P-21,2
2025-09-09,T-14792,Comida,P-12,3
2025-09-09,T-15251,Cena,P-06,2
2025-09-09,T-15917,Cena,P-13,3
2025-09-09,T-16077,Cena,P-06,4
2025-09-09,T-17598,Comida,P-17,2
2025-09-09,T-17735,Cena,P-14,3
2025-09-10,T-10018,Comida,P-20,3
2025-09-10,T-10057,Comida,P-08,4
2025-09-10,T-10421,Cena,P-14,2
2025-09-10,T-11073,Cena,P-21,3
2025-09-10,T-11582,Cena,P-19,4
2025-09-10,T-11909,Comida,P-24,2
2025-09-10,T-12177,Comida,P-03,3
2025-09-10,T-12354,Comida,P-02,2
2025-09-10,T-12812,Cena,P-04,1
2025-09-10,T-13964,Cena,P-22,2
2025-09-10,T-14176,Comida,P-24,3
2025-09-10,T-15331,Cena,P-09,1
2025-09-10,T-16213,Cena,P-14,3
2025-09-10,T-16554,Cena,P-23,2
2025-09-10,T-17157,Cena,P-20,3
2025-09-10,T-17991,Comida,P-13,4
2025-09-11,T-10460,Comida,P-05,2
2025-09-11,T-11048,Comida,P-21,1
2025-09-11,T-11336,Comida,P-15,4
2025-09-11,T-11764,Cena,P-22,1
2025-09-11,T-11982,Comida,P-09,1
2025-09-11,T-12019,Comida,P-17,4
2025-09-11,T-12054,Comida,P-24,1
2025-09-11,T-12302,Cena,P-09,3
2025-09-11,T-12760,Comida,P-24,1
2025-09-11,T-13223,Comida,P-14,3
2025-09-11,T-13557,Cena,P-21,3
2025-09-11,T-13805,Cena,P-03,3
2025-09-11,T-13985,Comida,P-13,1
2025-09-11,T-14694,Cena,P-24,1
2025-09-11,T-14888,Cena,P-09,2
2025-09-11,T-15000,Comida,P-24,3
2025-09-11,T-15028,Cena,P-01,4
2025-09-11,T-15044,Cena,P-07,4
2025-09-11,T-15354,Cena,P-25,1
2025-09-11,T-15632,Comida,P-06,2
2025-09-11,T-16120,Cena,P-12,2
2025-09-11,T-16908,Cena,P-21,4
2025-09-11,T-17249,Cena,P-02,2
2025-09-11,T-17288,Comida,P-11,2
2025-09-11,T-17382,Cena,P-10,4
2025-09-11,T-17440,Cena,P-10,2
2025-09-11,T-17590,Cena,P-22,3
2025-09-11,T-17611,Cena,P-20,2
2025-09-11,T-17980,Comida,P-11,2
2025-09-12,T-10746,Cena,P-06,2
2025-09-12,T-10805,Cena,P-15,4
2025-09-12,T-10900,Cena,P-17,4
2025-09-12,T-10980,Comida,P-02,1
2025-09-12,T-11185,Comida,P-18,2
2025-09-12,T-11386,Cena,P-04,1
2025-09-12,T-11416,Comida,P-21,4
2025-09-12,T-11549,Cena,P-25,2
2025-09-12,T-11632,Cena,P-15,3
2025-09-12,T-12256,Comida,P-01,4
2025-09-12,T-12259,Comida,P-13,2
2025-09-12,T-12565,Cena,P-21,2
2025-09-12,T-12609,Cena,P-19,1
2025-09-12,T-12848,Cena,P-10,1
2025-09-12,T-12867,Cena,P-04,2
2025-09-12,T-13431,Comida,P-21,4
2025-09-12,T-13760,Cena,P-10,1
2025-09-12,T-14516,Comida,P-02,4
2025-09-12,T-14638,Comida,P-18,4
2025-09-12,T-14650,Cena,P-23,1
2025-09-12,T-14674,Cena,P-14,2
2025-09-12,T-14882,Cena,P-01,3
2025-09-12,T-14936,Cena,P-02,4
2025-09-12,T-15221,Cena,P-19,2
2025-09-12,T-15694,Comida,P-17,3
2025-09-12,T-16422,Cena,P-07,1
2025-09-12,T-16911,Cena,P-06,1
2025-09-12,T-17319,Cena,P-19,2
2025-09-12,T-17688,Comida,P-16,1
2025-09-12,T-17792,Cena,P-24,2
2025-09-12,T-17795,Comida,P-25,3
2025-09-12,T-17849,Comida,P-17,1
2025-09-12,T-17910,Comida,P-05,2
2025-09-12,T-17946,Cena,P-01,3
2025-09-13,T-10919,Cena,P-16,3
2025-09-13,T-11877,Cena,P-22,2
2025-09-13,T-11949,Cena,P-21,1
2025-09-13,T-12183,Comida,P-24,3
2025-09-13,T-12215,Comida,P-22,4
2025-09-13,T-13063,Comida,P-09,1
2025-09-13,T-13564,Cena,P-04,3
2025-09-13,T-13791,Cena,P-16,3
2025-09-13,T-13802,Comida,P-21,4
2025-09-13,T-14290,Comida,P-07,2
2025-09-13,T-14319,Cena,P-07,1
2025-09-13,T-14389,Cena,P-17,2
2025-09-13,T-14767,Cena,P-09,2
2025-09-13,T-14939,Comida,P-20,2
2025-09-13,T-15025,Cena,P-24,1
2025-09-13,T-15159,Comida,P-17,4
2025-09-13,T-15653,Cena,P-07,2
2025-09-13,T-16930,Comida,P-08,3
2025-09-13,T-17296,Comida,P-06,4
2025-09-13,T-17644,Cena,P-13,4
2025-09-13,T-17766,Cena,P-14,2
2025-09-13,T-17797,Cena,P-05,4
2025-09-13,T-17808,Cena,P-24,3
2025-09-14,T-10860,Cena,P-02,3
2025-09-14,T-10973,Comida,P-07,1
2025-09-14,T-11626,Comida,P-14,3
2025-09-14,T-11942,Cena,P-11,3
2025-09-14,T-12122,Cena,P-25,3
2025-09-14,T-12533,Comida,P-10,4
2025-09-14,T-12550,Cena,P-23,2
2025-09-14,T-13270,Cena,P-17,3
2025-09-14,T-13403,Comida,P-05,4
2025-09-14,T-13860,Cena,P-14,2
2025-09-14,T-14030,Comida,P-08,2
2025-09-14,T-14186,Cena,P-10,4
2025-09-14,T-15197,Comida,P-24,1
2025-09-14,T-15857,Comida,P-15,4
2025-09-14,T-16532,Cena,P-03,4
2025-09-14,T-17146,Comida,P-06,3
2025-09-14,T-17344,Cena,P-23,1
2025-09-14,T-17431,Cena,P-08,2
2025-09-14,T-17763,Comida,P-09,1
2025-09-15,T-10509,Comida,P-25,4
2025-09-15,T-10977,Cena,P-06,1
2025-09-15,T-11618,Cena,P-18,3
2025-09-15,T-11687,Comida,P-07,4
2025-09-15,T-11862,Cena,P-23,1
2025-09-15,T-11884,Cena,P-08,3
2025-09-15,T-12060,Cena,P-13,2
2025-09-15,T-13016,Cena,P-23,2
2025-09-15,T-13191,Cena,P-16,2
2025-09-15,T-13405,Comida,P-12,4
2025-09-15,T-13493,Comida,P-02,2
2025-09-15,T-13604,Cena,P-15,3
2025-09-15,T-13813,Cena,P-07,4
2025-09-15,T-13983,Comida,P-07,4
2025-09-15,T-14577,Cena,P-09,1
2025-09-15,T-16152,Cena,P-12,2
2025-09-15,T-17339,Cena,P-10,4
2025-09-15,T-17565,Comida,P-06,1
2025-09-15,T-17618,Comida,P-08,1
2025-09-16,T-10094,Comida,P-24,4
2025-09-16,T-10627,Comida,P-04,2
2025-09-16,T-11362,Cena,P-01,1
2025-09-16,T-11955,Cena,P-14,4
2025-09-16,T-12907,Cena,P-02,4
2025-09-16,T-13307,Cena,P-01,4
2025-09-16,T-13362,Cena,P-12,2
2025-09-16,T-14295,Cena,P-07,4
2025-09-16,T-14648,Cena,P-08,1
2025-09-16,T-15313,Comida,P-15,2
2025-09-16,T-15539,Comida,P-02,4
2025-09-16,T-16169,Cena,P-16,1
2025-09-16,T-16248,Comida,P-22,4
2025-09-16,T-16685,Cena,P-09,4
2025-09-16,T-17069,Cena,P-11,3
2025-09-16,T-17118,Comida,P-18,2
2025-09-17,T-10612,Cena,P-12,3
2025-09-17,T-12388,Comida,P-06,1
2025-09-17,T-12594,Cena,P-08,4
2025-09-17,T-13501,Cena,P-12,4
2025-09-17,T-13625,Cena,P-18,1
2025-09-17,T-13630,Comida,P-25,1
2025-09-17,T-13647,Cena,P-16,2
2025-09-17,T-14240,Cena,P-07,3
2025-09-17,T-14356,Comida,P-18,4
2025-09-17,T-15092,Cena,P-06,3
2025-09-17,T-15466,Comida,P-08,2
2025-09-17,T-16334,Cena,P-05,3
2025-09-17,T-16746,Comida,P-19,4
2025-09-17,T-16900,Comida,P-09,2
2025-09-17,T-17295,Comida,P-16,1
2025-09-17,T-17871,Cena,P-13,3
2025-09-17,T-17984,Cena,P-05,3
2025-09-18,T-10048,Cena,P-18,3
2025-09-18,T-10323,Comida,P-16,4
2025-09-18,T-10550,Cena,P-06,4
2025-09-18,T-10704,Cena,P-08,3
2025-09-18,T-11454,Comida,P-24,4
2025-09-18,T-11663,Cena,P-16,3
2025-09-18,T-12360,Cena,P-04,2
2025-09-18,T-12641,Comida,P-18,3
2025-09-18,T-12770,Cena,P-22,1
2025-09-18,T-13063,Comida,P-05,3
2025-09-18,T-16087,Cena,P-16,2
2025-09-18,T-16280,Comida,P-13,4
2025-09-18,T-16630,Comida,P-22,2
2025-09-18,T-17304,Cena,P-05,2
2025-09-18,T-17733,Cena,P-06,3
2025-09-18,T-17900,Cena,P-16,3
2025-09-19,T-10564,Comida,P-05,1
2025-09-19,T-11161,Cena,P-11,2
2025-09-19,T-11540,Cena,P-07,1
2025-09-19,T-12147,Cena,P-19,1
2025-09-19,T-13269,Cena,P-15,2
2025-09-19,T-13334,Cena,P-05,1
2025-09-19,T-13791,Cena,P-13,1
2025-09-19,T-14098,Comida,P-24,2
2025-09-19,T-14147,Comida,P-06,4
2025-09-19,T-14405,Cena,P-08,2
2025-09-19,T-14758,Cena,P-20,1
2025-09-19,T-15146,Cena,P-02,3
2025-09-19,T-16145,Cena,P-23,4
2025-09-19,T-16797,Cena,P-21,3
2025-09-19,T-17461,Cena,P-06,1
2025-09-20,T-10732,Cena,P-24,2
2025-09-20,T-10972,Cena,P-24,1
2025-09-20,T-11664,Comida,P-10,3
2025-09-20,T-11971,Comida,P-21,3
2025-09-20,T-12018,Cena,P-15,4
2025-09-20,T-12688,Cena,P-01,3
2025-09-20,T-13220,Comida,P-05,1
2025-09-20,T-13324,Cena,P-17,4
2025-09-20,T-13810,Cena,P-04,4
2025-09-20,T-13846,Cena,P-01,1
2025-09-20,T-13878,Comida,P-02,3
2025-09-20,T-13925,Cena,P-03,3
2025-09-20,T-14030,Comida,P-10,4
2025-09-20,T-14281,Comida,P-08,1
2025-09-20,T-14490,Comida,P-23,1
2025-09-20,T-15639,Cena,P-01,4
2025-09-20,T-15796,Comida,P-22,1
2025-09-20,T-16122,Cena,P-24,1
2025-09-20,T-16894,Comida,P-12,2
2025-09-20,T-17057,Cena,P-05,1
2025-09-21,T-10246,Comida,P-01,4
2025-09-21,T-10404,Comida,P-20,3
2025-09-21,T-10446,Comida,P-22,1
2025-09-21,T-10541,Comida,P-07,3
2025-09-21,T-10785,Cena,P-20,4
2025-09-21,T-11779,Comida,P-16,4
2025-09-21,T-12192,Cena,P-20,3
2025-09-21,T-12199,Cena,P-18,2
2025-09-21,T-12671,Cena,P-25,1
2025-09-21,T-14408,Cena,P-22,1
2025-09-21,T-14998,Comida,P-04,3
2025-09-21,T-15178,Cena,P-21,1
2025-09-21,T-15797,Cena,P-02,4
2025-09-21,T-15845,Cena,P-04,2
2025-09-21,T-16462,Comida,P-12,3
2025-09-21,T-16538,Cena,P-07,3
2025-09-21,T-16551,Cena,P-20,3
2025-09-22,T-10046,Comida,P-09,3
2025-09-22,T-10723,Comida,P-18,4
2025-09-22,T-11044,Cena,P-02,3
2025-09-22,T-11197,Comida,P-12,1
2025-09-22,T-11266,Cena,P-15,3
2025-09-22,T-12023,Cena,P-22,4
2025-09-22,T-12068,Cena,P-22,2
2025-09-22,T-12240,Cena,P-16,2
2025-09-22,T-12584,Cena,P-21,1
2025-09-22,T-12797,Comida,P-24,3
2025-09-22,T-13351,Cena,P-11,4
2025-09-22,T-13701,Comida,P-15,1
2025-09-22,T-14437,Comida,P-10,2
2025-09-22,T-14893,Comida,P-12,3
2025-09-22,T-15071,Cena,P-21,4
2025-09-22,T-15560,Comida,P-04,3
2025-09-22,T-15619,Cena,P-11,3
2025-09-22,T-15775,Cena,P-10,1
2025-09-22,T-15822,Comida,P-12,2
2025-09-22,T-15971,Cena,P-13,2
2025-09-22,T-16009,Comida,P-10,4
2025-09-22,T-16095,Cena,P-17,4
2025-09-22,T-16212,Cena,P-25,2
2025-09-22,T-17025,Cena,P-01,3
2025-09-22,T-17705,Comida,P-19,2
2025-09-23,T-10189,Comida,P-06,4
2025-09-23,T-10344,Comida,P-03,3
2025-09-23,T-11035,Cena,P-13,1
2025-09-23,T-12812,Cena,P-23,1
2025-09-23,T-12920,Cena,P-14,3
2025-09-23,T-13853,Comida,P-19,1
2025-09-23,T-14248,Cena,P-13,2
2025-09-23,T-14807,Cena,P-11,2
2025-09-23,T-14937,Cena,P-11,3
2025-09-23,T-16336,Comida,P-16,4
2025-09-23,T-16495,Cena,P-02,3
2025-09-23,T-16509,Comida,P-01,1
2025-09-23,T-16858,Cena,P-22,2
2025-09-23,T-17030,Cena,P-11,4
2025-09-23,T-17245,Cena,P-01,3
2025-09-23,T-17881,Comida,P-25,4
2025-09-23,T-17979,Cena,P-10,2
2025-09-24,T-10224,Comida,P-01,3
2025-09-24,T-10379,Comida,P-09,4
2025-09-24,T-11569,Cena,P-15,2
2025-09-24,T-11714,Cena,P-18,2
2025-09-24,T-11768,Comida,P-18,2
2025-09-24,T-12043,Cena,P-20,4
2025-09-24,T-12054,Cena,P-02,4
2025-09-24,T-13338,Cena,P-17,4
2025-09-24,T-13511,Comida,P-25,4
2025-09-24,T-14335,Cena,P-07,2
2025-09-24,T-14761,Comida,P-09,4
2025-09-24,T-14831,Comida,P-01,2
2025-09-24,T-15137,Cena,P-08,4
2025-09-24,T-15581,Comida,P-16,4
2025-09-24,T-15820,Cena,P-20,1
2025-09-24,T-15968,Cena,P-19,4
2025-09-25,T-10520,Comida,P-12,1
2025-09-25,T-10585,Comida,P-21,4
2025-09-25,T-10663,Cena,P-18,1
2025-09-25,T-10760,Comida,P-11,4
2025-09-25,T-11005,Comida,P-17,3
2025-09-25,T-11153,Comida,P-15,2
2025-09-25,T-12170,Comida,P-18,3
2025-09-25,T-12173,Comida,P-10,2
2025-09-25,T-12243,Comida,P-08,3
2025-09-25,T-12482,Comida,P-16,4
2025-09-25,T-12956,Comida,P-17,4
2025-09-25,T-13008,Cena,P-09,3
2025-09-25,T-13423,Comida,P-06,1
2025-09-25,T-13858,Cena,P-18,3
2025-09-25,T-14151,Cena,P-24,2
2025-09-25,T-14163,Cena,P-15,3
2025-09-25,T-14209,Cena,P-06,2
2025-09-25,T-14322,Cena,P-20,4
2025-09-25,T-14457,Cena,P-10,3
2025-09-25,T-14559,Comida,P-20,3
2025-09-25,T-15689,Cena,P-10,4
2025-09-25,T-16221,Comida,P-13,2
2025-09-25,T-16667,Cena,P-03,4
2025-09-25,T-17196,Cena,P-10,1
2025-09-25,T-17459,Cena,P-06,4
2025-09-25,T-17530,Cena,P-03,4
2025-09-25,T-17639,Comida,P-22,4
2025-09-25,T-17727,Comida,P-24,4
2025-09-26,T-10530,Cena,P-01,2
2025-09-26,T-10594,Cena,P-18,4
2025-09-26,T-10888,Comida,P-07,2
2025-09-26,T-11409,Cena,P-02,4
2025-09-26,T-11647,Cena,P-22,1
2025-09-26,T-12462,Cena,P-12,1
2025-09-26,T-13338,Comida,P-07,2
2025-09-26,T-13574,Comida,P-12,4
2025-09-26,T-14570,Comida,P-02,2
2025-09-26,T-14678,Cena,P-05,2
2025-09-26,T-14867,Cena,P-25,3
2025-09-26,T-14898,Cena,P-06,4
2025-09-26,T-15624,Comida,P-24,4
2025-09-26,T-16040,Comida,P-24,3
2025-09-26,T-16971,Cena,P-23,1
2025-09-26,T-17101,Cena,P-11,2
2025-09-27,T-10726,Cena,P-22,4
2025-09-27,T-11095,Comida,P-08,2
2025-09-27,T-11215,Cena,P-07,2
2025-09-27,T-12083,Cena,P-07,2
2025-09-27,T-12118,Cena,P-06,1
2025-09-27,T-12201,Cena,P-02,2
2025-09-27,T-12399,Cena,P-07,2
2025-09-27,T-13959,Comida,P-08,4
2025-09-27,T-14322,Cena,P-20,2
2025-09-27,T-14693,Cena,P-03,2
2025-09-27,T-15365,Cena,P-09,1
2025-09-27,T-15621,Cena,P-24,4
2025-09-27,T-15809,Comida,P-14,2
2025-09-27,T-15895,Comida,P-01,1
2025-09-27,T-16020,Cena,P-11,2
2025-09-27,T-16579,Cena,P-24,1
2025-09-27,T-16796,Comida,P-23,4
2025-09-27,T-17042,Comida,P-22,3
2025-09-27,T-17772,Cena,P-08,3
2025-09-28,T-10730,Comida,P-12,1
2025-09-28,T-11463,Cena,P-01,1
2025-09-28,T-11472,Comida,P-17,4
2025-09-28,T-12585,Cena,P-10,1
2025-09-28,T-12637,Cena,P-20,4
2025-09-28,T-12669,Cena,P-15,1
2025-09-28,T-12765,Cena,P-04,2
2025-09-28,T-13372,Comida,P-12,3
2025-09-28,T-13569,Cena,P-20,4
2025-09-28,T-13746,Cena,P-23,1
2025-09-28,T-14252,Cena,P-10,2
2025-09-28,T-14621,Comida,P-16,4
2025-09-28,T-14822,Cena,P-04,1
2025-09-28,T-15042,Cena,P-05,2
2025-09-28,T-15110,Comida,P-14,1
2025-09-28,T-15170,Cena,P-18,4
2025-09-28,T-16143,Cena,P-25,1
2025-09-28,T-16558,Comida,P-22,3
2025-09-28,T-16572,Comida,P-06,1
2025-09-28,T-16836,Comida,P-05,3
2025-09-28,T-17118,Comida,P-10,3
2025-09-28,T-17805,Comida,P-01,4
2025-09-29,T-10657,Cena,P-21,2
2025-09-29,T-11014,Comida,P-14,3
2025-09-29,T-11196,Cena,P-03,2
2025-09-29,T-11200,Cena,P-22,2
2025-09-29,T-11283,Cena,P-16,3
2025-09-29,T-11292,Cena,P-14,2
2025-09-29,T-11665,Cena,P-09,2
2025-09-29,T-11914,Cena,P-01,1
2025-09-29,T-11950,Comida,P-06,4
2025-09-29,T-12233,Cena,P-04,2
2025-09-29,T-12371,Cena,P-18,1
2025-09-29,T-12593,Cena,P-24,4
2025-09-29,T-13018,Comida,P-18,1
2025-09-29,T-13384,Cena,P-18,3
2025-09-29,T-13763,Cena,P-03,1
2025-09-29,T-14109,Cena,P-21,4
2025-09-29,T-14157,Comida,P-08,4
2025-09-29,T-15202,Comida,P-24,3
2025-09-29,T-15502,Cena,P-09,1
2025-09-29,T-15514,Cena,P-10,4
2025-09-29,T-16034,Comida,P-23,3
2025-09-29,T-16895,Comida,P-06,3
2025-09-29,T-17540,Comida,P-08,1
2025-09-29,T-17907,Cena,P-23,2
2025-09-30,T-10072,Comida,P-02,4
2025-09-30,T-10150,Comida,P-11,3
2025-09-30,T-10310,Cena,P-11,3
2025-09-30,T-10660,Comida,P-20,4
2025-09-30,T-10834,Cena,P-25,3
2025-09-30,T-11347,Comida,P-24,4
2025-09-30,T-11589,Comida,P-15,2
2025-09-30,T-11865,Cena,P-08,2
2025-09-30,T-13187,Comida,P-20,2
2025-09-30,T-14853,Comida,P-23,4
2025-09-30,T-15148,Comida,P-07,1
2025-09-30,T-15744,Comida,P-13,3
2025-09-30,T-16129,Cena,P-02,1
2025-09-30,T-16146,Comida,P-12,4
2025-09-30,T-16734,Cena,P-22,1
2025-09-30,T-17617,Comida,P-04,2
2025-10-01,T-10353,Cena,P-10,4
2025-10-01,T-10899,Comida,P-24,1
2025-10-01,T-11658,Cena,P-10,1
2025-10-01,T-13335,Cena,P-04,2
2025-10-01,T-13844,Cena,P-10,4
2025-10-01,T-13878,Comida,P-12,1
2025-10-01,T-13941,Comida,P-10,1
2025-10-01,T-13972,Cena,P-03,3
2025-10-01,T-13980,Cena,P-21,2
2025-10-01,T-14750,Cena,P-09,1
2025-10-01,T-15697,Cena,P-17,3
2025-10-01,T-15705,Comida,P-08,3
2025-10-01,T-17182,Cena,P-13,2
2025-10-01,T-17197,Comida,P-07,1
2025-10-01,T-17215,Comida,P-03,4
2025-10-01,T-17364,Comida,P-05,1
2025-10-01,T-17631,Cena,P-19,1
2025-10-02,T-11033,Comida,P-02,1
2025-10-02,T-11906,Comida,P-18,4
2025-10-02,T-12077,Comida,P-13,2
2025-10-02,T-12152,Comida,P-01,3
2025-10-02,T-12168,Cena,P-08,1
2025-10-02,T-12993,Comida,P-02,1
2025-10-02,T-13411,Cena,P-15,1
2025-10-02,T-13537,Cena,P-17,1
2025-10-02,T-13759,Cena,P-13,2
2025-10-02,T-14372,Cena,P-07,2
2025-10-02,T-14386,Cena,P-15,1
2025-10-02,T-14974,Cena,P-09,1
2025-10-02,T-15095,Comida,P-06,2
2025-10-02,T-15407,Cena,P-14,1
2025-10-02,T-15851,Cena,P-10,1
2025-10-02,T-16108,Cena,P-22,2
2025-10-02,T-16959,Cena,P-03,1
2025-10-02,T-17266,Cena,P-18,2
2025-10-02,T-17494,Comida,P-05,3
2025-10-02,T-17859,Comida,P-19,1
2025-10-03,T-10081,Cena,P-15,4
2025-10-03,T-10190,Cena,P-19,4
2025-10-03,T-10342,Comida,P-06,4
2025-10-03,T-10559,Cena,P-15,4
2025-10-03,T-11576,Comida,P-17,3
2025-10-03,T-12610,Cena,P-18,4
2025-10-03,T-15654,Cena,P-01,1
2025-10-03,T-15826,Cena,P-11,2
2025-10-03,T-16463,Cena,P-23,3
2025-10-03,T-16822,Cena,P-20,1
2025-10-03,T-17228,Cena,P-14,4
2025-10-03,T-17244,Cena,P-18,2
2025-10-03,T-17486,Cena,P-08,1
2025-10-03,T-17953,Cena,P-01,2
2025-10-04,T-10662,Cena,P-12,4
2025-10-04,T-10890,Cena,P-04,2
2025-10-04,T-11018,Cena,P-25,3
2025-10-04,T-11366,Cena,P-23,1
2025-10-04,T-11756,Comida,P-04,2
2025-10-04,T-11909,Comida,P-12,1
2025-10-04,T-12063,Cena,P-11,1
2025-10-04,T-12413,Cena,P-03,1
2025-10-04,T-12486,Comida,P-02,4
2025-10-04,T-13253,Comida,P-09,4
2025-10-04,T-13411,Comida,P-14,4
2025-10-04,T-14171,Cena,P-08,3
2025-10-04,T-14372,Cena,P-25,2
2025-10-04,T-14752,Comida,P-03,3
2025-10-04,T-14877,Cena,P-25,4
2025-10-04,T-15570,Comida,P-04,2
2025-10-04,T-16079,Comida,P-22,3
2025-10-04,T-16428,Cena,P-23,2
2025-10-04,T-16486,Cena,P-14,1
2025-10-04,T-16572,Cena,P-22,3
2025-10-04,T-17413,Cena,P-10,1
2025-10-05,T-11321,Cena,P-25,2
2025-10-05,T-11513,Cena,P-22,2
2025-10-05,T-11782,Cena,P-10,2
2025-10-05,T-12255,Cena,P-19,2
2025-10-05,T-12728,Comida,P-14,1
2025-10-05,T-13000,Comida,P-07,2
2025-10-05,T-13197,Cena,P-07,3
2025-10-05,T-13432,Comida,P-08,2
2025-10-05,T-13523,Cena,P-23,4
2025-10-05,T-14425,Cena,P-25,3
2025-10-05,T-15012,Cena,P-10,1
2025-10-05,T-15204,Cena,P-22,3
2025-10-05,T-15359,Cena,P-15,4
2025-10-05,T-15777,Cena,P-22,2
2025-10-05,T-16227,Cena,P-19,3
2025-10-05,T-16675,Comida,P-01,2
2025-10-05,T-16889,Cena,P-18,4
2025-10-05,T-17600,Cena,P-04,4
2025-10-06,T-10076,Comida,P-10,4
2025-10-06,T-11130,Comida,P-24,3
2025-10-06,T-11194,Cena,P-10,2
2025-10-06,T-11451,Cena,P-20,1
2025-10-06,T-11730,Cena,P-18,4
2025-10-06,T-11751,Comida,P-17,1
2025-10-06,T-12090,Cena,P-21,2
2025-10-06,T-12113,Cena,P-14,3
2025-10-06,T-12608,Comida,P-22,1
2025-10-06,T-12947,Comida,P-19,1
2025-10-06,T-13679,Cena,P-08,1
2025-10-06,T-13686,Comida,P-18,1
2025-10-06,T-13845,Cena,P-10,4
2025-10-06,T-13948,Comida,P-19,4
2025-10-06,T-14242,Cena,P-14,1
2025-10-06,T-14473,Cena,P-25,3
2025-10-06,T-14717,Cena,P-15,4
2025-10-06,T-15023,Cena,P-08,4
2025-10-06,T-15420,Comida,P-23,1
2025-10-06,T-15547,Comida,P-11,1
2025-10-06,T-15720,Comida,P-08,1
2025-10-06,T-15740,Cena,P-05,4
2025-10-06,T-15876,Comida,P-08,4
2025-10-06,T-16042,Comida,P-23,2
2025-10-06,T-16357,Cena,P-21,3
2025-10-06,T-16367,Cena,P-24,2
2025-10-06,T-17842,Comida,P-01,2
2025-10-07,T-10540,Cena,P-19,4
2025-10-07,T-10614,Comida,P-24,4
2025-10-07,T-10828,Cena,P-23,2
2025-10-07,T-11243,Cena,P-02,2
2025-10-07,T-11504,Cena,P-05,4
2025-10-07,T-11644,Cena,P-12,4
2025-10-07,T-12231,Comida,P-19,2
2025-10-07,T-12353,Cena,P-08,1
2025-10-07,T-12920,Cena,P-04,3
2025-10-07,T-13360,Comida,P-22,3
2025-10-07,T-13599,Comida,P-18,4
2025-10-07,T-13629,Cena,P-12,3
2025-10-07,T-14690,Comida,P-03,3
2025-10-07,T-15074,Cena,P-20,3
2025-10-07,T-15395,Cena,P-21,3
2025-10-07,T-15539,Comida,P-02,1
2025-10-07,T-15619,Cena,P-04,4
2025-10-07,T-15861,Cena,P-14,4
2025-10-07,T-16216,Cena,P-17,4
2025-10-07,T-16815,Cena,P-01,4
2025-10-07,T-16989,Comida,P-09,1
2025-10-07,T-17799,Cena,P-06,2
2025-10-08,T-10238,Comida,P-25,2
2025-10-08,T-10342,Cena,P-08,3
2025-10-08,T-11109,Cena,P-20,1
2025-10-08,T-12012,Comida,P-01,2
2025-10-08,T-12442,Comida,P-16,2
2025-10-08,T-12514,Cena,P-09,2
2025-10-08,T-12596,Cena,P-13,3
2025-10-08,T-12738,Comida,P-08,3
2025-10-08,T-13853,Cena,P-06,3
2025-10-08,T-14332,Comida,P-17,3
2025-10-08,T-15398,Cena,P-23,4
2025-10-08,T-15637,Comida,P-02,3
2025-10-08,T-15650,Comida,P-13,1
2025-10-08,T-15906,Comida,P-15,2
2025-10-08,T-16421,Cena,P-05,4
2025-10-08,T-17158,Cena,P-02,4
2025-10-08,T-17680,Comida,P-17,3
2025-10-08,T-17692,Comida,P-18,1
2025-10-08,T-17840,Comida,P-18,4
2025-10-09,T-10429,Cena,P-02,4
2025-10-09,T-10636,Cena,P-22,4
2025-10-09,T-11190,Cena,P-10,4
2025-10-09,T-11347,Comida,P-02,4
2025-10-09,T-11358,Comida,P-16,3
2025-10-09,T-11445,Cena,P-09,2
2025-10-09,T-11564,Comida,P-19,1
2025-10-09,T-11763,Cena,P-10,3
2025-10-09,T-12409,Cena,P-11,3
2025-10-09,T-12499,Cena,P-18,1
2025-10-09,T-12502,Cena,P-23,1
2025-10-09,T-12740,Cena,P-03,4
2025-10-09,T-13027,Cena,P-12,1
2025-10-09,T-13325,Cena,P-14,1
2025-10-09,T-13884,Comida,P-01,4
2025-10-09,T-13991,Comida,P-15,4
2025-10-09,T-14457,Comida,P-23,2
2025-10-09,T-15475,Cena,P-24,1
2025-10-09,T-15611,Comida,P-19,1
2025-10-09,T-17211,Cena,P-25,2
2025-10-09,T-17214,Cena,P-18,1
2025-10-09,T-17302,Cena,P-01,2
2025-10-09,T-17466,Comida,P-24,4
2025-10-09,T-17617,Cena,P-25,1
2025-10-10,T-11289,Comida,P-17,2
2025-10-10,T-11894,Comida,P-11,1
2025-10-10,T-12757,Cena,P-21,2
2025-10-10,T-12838,Cena,P-14,4
2025-10-10,T-12971,Cena,P-03,3
2025-10-10,T-13130,Cena,P-20,2
2025-10-10,T-13559,Cena,P-16,4
2025-10-10,T-13589,Cena,P-18,2
2025-10-10,T-13921,Comida,P-02,2
2025-10-10,T-14883,Comida,P-08,4
2025-10-10,T-16586,Cena,P-11,1
2025-10-10,T-17048,Comida,P-09,4
2025-10-10,T-17286,Cena,P-25,4
2025-10-10,T-17531,Cena,P-17,1
2025-10-10,T-17580,Comida,P-23,4
2025-10-10,T-17640,Cena,P-05,1
2025-10-10,T-17870,Comida,P-09,4
2025-10-11,T-10329,Comida,P-10,4
2025-10-11,T-10381,Cena,P-23,2
2025-10-11,T-10451,Cena,P-17,2
2025-10-11,T-10630,Cena,P-09,4
2025-10-11,T-10870,Cena,P-07,4
2025-10-11,T-11054,Comida,P-08,4
2025-10-11,T-11745,Cena,P-13,3
2025-10-11,T-11835,Comida,P-18,4
2025-10-11,T-11872,Cena,P-05,1
2025-10-11,T-12020,Cena,P-07,2
2025-10-11,T-12167,Cena,P-03,1
2025-10-11,T-13163,Cena,P-07,2
2025-10-11,T-13599,Cena,P-24,1
2025-10-11,T-14123,Cena,P-24,4
2025-10-11,T-14253,Cena,P-12,4
2025-10-11,T-15027,Cena,P-25,2
2025-10-11,T-15090,Comida,P-22,2
2025-10-11,T-15260,Cena,P-16,3
2025-10-11,T-15849,Comida,P-03,4
2025-10-11,T-17182,Cena,P-04,4
2025-10-11,T-17584,Comida,P-08,4
2025-10-11,T-17805,Comida,P-19,2
2025-10-11,T-17941,Comida,P-08,2
2025-10-12,T-10196,Cena,P-11,1
2025-10-12,T-10657,Cena,P-17,2
2025-10-12,T-10853,Cena,P-10,4
2025-10-12,T-11527,Cena,P-12,3
2025-10-12,T-11683,Cena,P-15,4
2025-10-12,T-11807,Cena,P-03,1
2025-10-12,T-12097,Cena,P-10,3
2025-10-12,T-12339,Comida,P-14,2
2025-10-12,T-12355,Cena,P-18,4
2025-10-12,T-12571,Comida,P-19,1
2025-10-12,T-13253,Cena,P-25,4
2025-10-12,T-13633,Comida,P-06,3
2025-10-12,T-13686,Comida,P-05,3
2025-10-12,T-13945,Comida,P-21,4
2025-10-12,T-14156,Cena,P-20,2
2025-10-12,T-14224,Cena,P-23,4
2025-10-12,T-14493,Cena,P-10,2
2025-10-12,T-14861,Cena,P-21,3
2025-10-12,T-14934,Cena,P-25,3
2025-10-12,T-14982,Comida,P-06,2
2025-10-12,T-15112,Cena,P-19,1
2025-10-12,T-17615,Comida,P-17,1
2025-10-12,T-17803,Cena,P-22,2
2025-10-13,T-10090,Comida,P-02,4
2025-10-13,T-10339,Cena,P-04,1
2025-10-13,T-10527,Cena,P-10,3
2025-10-13,T-10799,Cena,P-17,4
2025-10-13,T-11318,Cena,P-13,4
2025-10-13,T-11831,Cena,P-15,4
2025-10-13,T-12078,Cena,P-07,1
2025-10-13,T-12492,Comida,P-18,3
2025-10-13,T-12642,Comida,P-01,3
2025-10-13,T-12768,Comida,P-20,1
2025-10-13,T-13486,Comida,P-02,4
2025-10-13,T-13782,Cena,P-10,1
2025-10-13,T-14113,Cena,P-22,3
2025-10-13,T-14497,Cena,P-20,4
2025-10-13,T-15563,Comida,P-20,4
2025-10-13,T-15919,Cena,P-07,2
2025-10-13,T-15952,Cena,P-16,3
2025-10-13,T-16151,Cena,P-02,3
2025-10-13,T-16400,Comida,P-11,4
2025-10-13,T-17502,Cena,P-07,4
2025-10-13,T-17613,Cena,P-20,4
2025-10-13,T-17857,Cena,P-02,3
2025-10-14,T-10530,Cena,P-22,2
2025-10-14,T-10597,Comida,P-22,1
2025-10-14,T-11079,Comida,P-03,3
2025-10-14,T-11663,Cena,P-07,2
2025-10-14,T-12406,Cena,P-24,1
2025-10-14,T-12610,Comida,P-15,2
2025-10-14,T-13263,Cena,P-12,4
2025-10-14,T-13326,Cena,P-08,1
2025-10-14,T-13776,Cena,P-01,1
2025-10-14,T-14081,Comida,P-20,3
2025-10-14,T-14493,Cena,P-20,3
2025-10-14,T-14780,Comida,P-21,1
2025-10-14,T-14819,Comida,P-23,2
2025-10-14,T-14880,Cena,P-01,3
2025-10-14,T-15097,Comida,P-22,1
2025-10-14,T-15450,Comida,P-08,1
2025-10-14,T-15761,Cena,P-12,1
2025-10-14,T-16142,Comida,P-18,4
2025-10-14,T-16234,Comida,P-24,3
2025-10-14,T-17046,Cena,P-09,1
2025-10-14,T-17092,Comida,P-10,2
2025-10-14,T-17306,Cena,P-19,2
2025-10-15,T-12261,Cena,P-25,1
2025-10-15,T-12685,Comida,P-16,1
2025-10-15,T-13650,Cena,P-07,4
2025-10-15,T-14011,Comida,P-16,1
2025-10-15,T-14656,Cena,P-09,3
2025-10-15,T-14681,Comida,P-16,1
2025-10-15,T-14907,Cena,P-24,2
2025-10-15,T-15006,Comida,P-02,2
2025-10-15,T-15133,Comida,P-02,1
2025-10-15,T-15133,Cena,P-22,4
2025-10-15,T-15301,Comida,P-12,4
2025-10-15,T-15345,Cena,P-07,4
2025-10-15,T-15647,Cena,P-11,3
2025-10-15,T-15891,Comida,P-14,2
2025-10-15,T-16068,Cena,P-19,1
2025-10-15,T-17127,Cena,P-10,4
2025-10-15,T-17274,Cena,P-24,4
2025-10-15,T-17308,Comida,P-09,2
2025-10-15,T-17620,Cena,P-10,2
2025-10-15,T-17699,Cena,P-01,4
2025-10-15,T-17978,Cena,P-01,2
2025-10-16,T-10117,Comida,P-24,1
2025-10-16,T-10255,Cena,P-11,2
2025-10-16,T-10773,Cena,P-04,3
2025-10-16,T-11050,Cena,P-08,1
2025-10-16,T-11440,Cena,P-21,1
2025-10-16,T-11742,Cena,P-09,1
2025-10-16,T-12137,Cena,P-25,3
2025-10-16,T-12344,Cena,P-14,3
2025-10-16,T-12472,Cena,P-23,1
2025-10-16,T-12688,Comida,P-23,4
2025-10-16,T-13019,Cena,P-16,4
2025-10-16,T-13038,Cena,P-19,2
2025-10-16,T-14740,Comida,P-21,4
2025-10-16,T-14959,Cena,P-22,4
2025-10-16,T-15581,Comida,P-09,4
2025-10-16,T-15720,Comida,P-15,3
2025-10-16,T-15860,Cena,P-14,2
2025-10-16,T-16079,Comida,P-17,1
2025-10-16,T-16518,Cena,P-25,4
2025-10-16,T-16858,Cena,P-20,3
2025-10-16,T-17048,Comida,P-24,1
2025-10-16,T-17115,Cena,P-21,3
2025-10-16,T-17222,Cena,P-19,2
2025-10-16,T-17781,Cena,P-14,2
2025-10-16,T-17976,Cena,P-16,1
2025-10-17,T-10454,Cena,P-11,2
2025-10-17,T-10544,Cena,P-10,2
2025-10-17,T-10710,Comida,P-17,2
2025-10-17,T-11298,Cena,P-12,2
2025-10-17,T-11308,Comida,P-13,1
2025-10-17,T-11402,Cena,P-02,3
2025-10-17,T-11433,Cena,P-05,4
2025-10-17,T-11581,Cena,P-02,4
2025-10-17,T-11679,Comida,P-17,1
2025-10-17,T-11990,Cena,P-12,4
2025-10-17,T-12040,Comida,P-08,4
2025-10-17,T-12697,Comida,P-18,2
2025-10-17,T-12703,Cena,P-11,1
2025-10-17,T-12766,Cena,P-14,2
2025-10-17,T-14150,Cena,P-17,4
2025-10-17,T-14223,Cena,P-19,3
2025-10-17,T-14383,Cena,P-24,2
2025-10-17,T-14764,Cena,P-07,2
2025-10-17,T-14873,Cena,P-14,1
2025-10-17,T-15390,Comida,P-22,3
2025-10-17,T-15746,Comida,P-01,3
2025-10-17,T-15930,Cena,P-18,3
2025-10-17,T-15983,Comida,P-14,4
2025-10-17,T-16295,Cena,P-19,2
2025-10-17,T-16570,Cena,P-01,1
2025-10-17,T-17192,Cena,P-21,4
2025-10-17,T-17653,Comida,P-25,1
2025-10-17,T-17723,Cena,P-04,3
2025-10-17,T-17904,Cena,P-13,4
2025-10-18,T-10337,Cena,P-11,2
2025-10-18,T-10352,Cena,P-14,4
2025-10-18,T-10465,Cena,P-17,3
2025-10-18,T-10590,Cena,P-05,2
2025-10-18,T-10593,Cena,P-12,4
2025-10-18,T-10617,Cena,P-04,1
2025-10-18,T-10819,Cena,P-19,4
2025-10-18,T-11070,Cena,P-15,1
2025-10-18,T-12173,Comida,P-23,4
2025-10-18,T-13072,Cena,P-14,3
2025-10-18,T-13324,Cena,P-18,3
2025-10-18,T-14251,Comida,P-06,2
2025-10-18,T-14286,Cena,P-21,1
2025-10-18,T-14807,Cena,P-09,1
2025-10-18,T-15800,Cena,P-25,3
2025-10-18,T-16053,Cena,P-18,3
2025-10-18,T-16744,Comida,P-09,3
2025-10-18,T-17715,Cena,P-11,4
2025-10-19,T-10064,Cena,P-10,2
2025-10-19,T-10225,Cena,P-16,2
2025-10-19,T-10461,Comida,P-02,4
2025-10-19,T-11156,Cena,P-05,2
2025-10-19,T-11297,Cena,P-13,1
2025-10-19,T-12000,Comida,P-14,3
2025-10-19,T-12465,Cena,P-20,4
2025-10-19,T-12593,Cena,P-20,1
2025-10-19,T-12973,Cena,P-14,1
2025-10-19,T-13090,Comida,P-19,3
2025-10-19,T-13511,Cena,P-18,1
2025-10-19,T-13733,Cena,P-20,3
2025-10-19,T-14400,Comida,P-17,1
2025-10-19,T-14591,Comida,P-13,4
2025-10-19,T-14788,Comida,P-25,3
2025-10-19,T-14879,Comida,P-19,2
2025-10-19,T-15105,Cena,P-05,4
2025-10-19,T-15250,Comida,P-17,2
2025-10-19,T-16354,Comida,P-08,2
2025-10-19,T-16639,Comida,P-09,3
2025-10-19,T-16787,Cena,P-09,3
2025-10-19,T-16833,Comida,P-21,3
2025-10-19,T-16980,Comida,P-02,4
2025-10-19,T-17153,Cena,P-22,2
2025-10-19,T-17975,Comida,P-20,2
2025-10-20,T-11141,Comida,P-06,2
2025-10-20,T-11457,Comida,P-04,1
2025-10-20,T-11589,Comida,P-06,3
2025-10-20,T-12725,Cena,P-11,4
2025-10-20,T-12725,Cena,P-13,4
2025-10-20,T-13214,Cena,P-09,4
2025-10-20,T-13346,Cena,P-10,1
2025-10-20,T-13479,Cena,P-19,2
2025-10-20,T-13874,Cena,P-10,2
2025-10-20,T-14050,Cena,P-14,2
2025-10-20,T-14671,Comida,P-23,3
2025-10-20,T-14745,Cena,P-04,1
2025-10-20,T-15240,Cena,P-17,2
2025-10-20,T-15302,Comida,P-02,2
2025-10-20,T-16029,Cena,P-17,4
2025-10-20,T-16447,Comida,P-12,4
2025-10-20,T-17717,Comida,P-03,3
2025-10-21,T-10457,Comida,P-16,4
2025-10-21,T-10593,Comida,P-15,1
2025-10-21,T-11113,Comida,P-16,4
2025-10-21,T-11694,Cena,P-14,4
2025-10-21,T-12424,Cena,P-05,1
2025-10-21,T-12673,Cena,P-02,2
2025-10-21,T-12716,Cena,P-10,2
2025-10-21,T-12987,Comida,P-07,1
2025-10-21,T-13334,Cena,P-18,2
2025-10-21,T-13551,Comida,P-07,1
2025-10-21,T-13983,Comida,P-03,2
2025-10-21,T-14398,Cena,P-12,1
2025-10-21,T-14559,Cena,P-04,3
2025-10-21,T-14592,Cena,P-19,2
2025-10-21,T-16664,Cena,P-04,3
2025-10-21,T-16772,Comida,P-22,4
2025-10-21,T-17784,Cena,P-23,2
2025-10-22,T-10976,Cena,P-10,1
2025-10-22,T-11362,Comida,P-18,4
2025-10-22,T-11460,Cena,P-05,4
2025-10-22,T-11852,Cena,P-04,2
2025-10-22,T-12566,Cena,P-23,1
2025-10-22,T-12948,Cena,P-06,1
2025-10-22,T-13474,Cena,P-09,4
2025-10-22,T-14580,Cena,P-21,2
2025-10-22,T-14592,Cena,P-06,1
2025-10-22,T-14927,Comida,P-03,2
2025-10-22,T-15247,Cena,P-12,3
2025-10-22,T-16515,Cena,P-03,3
2025-10-22,T-16599,Cena,P-11,1
2025-10-22,T-17134,Comida,P-09,3
2025-10-22,T-17686,Comida,P-14,2
2025-10-23,T-10642,Cena,P-21,2
2025-10-23,T-11353,Comida,P-13,2
2025-10-23,T-12000,Comida,P-06,1
2025-10-23,T-12031,Comida,P-25,2
2025-10-23,T-12176,Cena,P-10,4
2025-10-23,T-12232,Cena,P-04,3
2025-10-23,T-12806,Cena,P-04,3
2025-10-23,T-12863,Cena,P-13,2
2025-10-23,T-13407,Cena,P-12,4
2025-10-23,T-14227,Comida,P-14,2
2025-10-23,T-14731,Comida,P-22,4
2025-10-23,T-14810,Cena,P-22,4
2025-10-23,T-15942,Cena,P-25,4
2025-10-23,T-17170,Cena,P-20,4
2025-10-23,T-17496,Comida,P-14,1
2025-10-23,T-17647,Cena,P-22,4
2025-10-23,T-17753,Cena,P-20,4
2025-10-23,T-17763,Comida,P-02,3
2025-10-23,T-17949,Cena,P-05,4
2025-10-24,T-10208,Comida,P-05,4
2025-10-24,T-10539,Cena,P-12,4
2025-10-24,T-11042,Cena,P-02,1
2025-10-24,T-11362,Comida,P-04,4
2025-10-24,T-11612,Comida,P-19,1
2025-10-24,T-12135,Cena,P-15,4
2025-10-24,T-12516,Cena,P-04,4
2025-10-24,T-12583,Cena,P-25,1
2025-10-24,T-12940,Cena,P-17,2
2025-10-24,T-13015,Comida,P-07,4
2025-10-24,T-13380,Cena,P-17,4
2025-10-24,T-13498,Cena,P-18,1
2025-10-24,T-13638,Comida,P-10,1
2025-10-24,T-14627,Comida,P-20,1
2025-10-24,T-15249,Comida,P-22,2
2025-10-24,T-15363,Cena,P-25,3
2025-10-24,T-15623,Cena,P-04,4
2025-10-24,T-15687,Comida,P-05,4
2025-10-24,T-15768,Comida,P-09,2
2025-10-24,T-17073,Cena,P-01,4
2025-10-24,T-17114,Cena,P-14,4
2025-10-24,T-17244,Comida,P-10,3
2025-10-24,T-17471,Cena,P-08,3
2025-10-24,T-17580,Cena,P-01,1
2025-10-24,T-17713,Cena,P-01,2
2025-10-24,T-17999,Cena,P-08,3
2025-10-25,T-11216,Comida,P-20,4
2025-10-25,T-11286,Cena,P-01,3
2025-10-25,T-11292,Cena,P-09,1
2025-10-25,T-11434,Cena,P-03,4
2025-10-25,T-12204,Cena,P-23,2
2025-10-25,T-12422,Comida,P-03,2
2025-10-25,T-13165,Comida,P-07,2
2025-10-25,T-13263,Cena,P-25,2
2025-10-25,T-13662,Comida,P-23,2
2025-10-25,T-13739,Comida,P-17,1
2025-10-25,T-13864,Cena,P-01,1
2025-10-25,T-14216,Cena,P-21,1
2025-10-25,T-14474,Comida,P-08,2
2025-10-25,T-14511,Cena,P-16,4
2025-10-25,T-14545,Cena,P-03,2
2025-10-25,T-14700,Cena,P-06,1
2025-10-25,T-15475,Cena,P-04,4
2025-10-25,T-16137,Cena,P-04,3
2025-10-25,T-16140,Cena,P-04,4
2025-10-26,T-10097,Cena,P-13,2
2025-10-26,T-10114,Comida,P-05,1
2025-10-26,T-10183,Comida,P-03,3
2025-10-26,T-10196,Comida,P-19,2
2025-10-26,T-10300,Comida,P-13,2
2025-10-26,T-10430,Comida,P-20,3
2025-10-26,T-11233,Comida,P-19,1
2025-10-26,T-11541,Cena,P-10,1
2025-10-26,T-11687,Comida,P-18,3
2025-10-26,T-11978,Cena,P-04,2
2025-10-26,T-12260,Comida,P-10,2
2025-10-26,T-12527,Comida,P-07,1
2025-10-26,T-12601,Cena,P-13,2
2025-10-26,T-13297,Cena,P-04,4
2025-10-26,T-13590,Comida,P-01,3
2025-10-26,T-13886,Cena,P-04,2
2025-10-26,T-14434,Comida,P-23,1
2025-10-26,T-15652,Comida,P-24,1
2025-10-26,T-15756,Cena,P-10,1
2025-10-26,T-15933,Cena,P-21,4
2025-10-26,T-16365,Comida,P-14,2
2025-10-26,T-16472,Comida,P-19,1
2025-10-26,T-17254,Comida,P-10,2
2025-10-26,T-17636,Comida,P-23,2
2025-10-27,T-10558,Cena,P-23,3
2025-10-27,T-11141,Cena,P-13,2
2025-10-27,T-11276,Comida,P-21,1
2025-10-27,T-11532,Cena,P-01,3
2025-10-27,T-12738,Comida,P-18,1
2025-10-27,T-13225,Cena,P-18,2
2025-10-27,T-13419,Cena,P-12,1
2025-10-27,T-14950,Cena,P-04,3
2025-10-27,T-16008,Cena,P-25,4
2025-10-27,T-16213,Cena,P-04,1
2025-10-27,T-16640,Cena,P-05,1
2025-10-27,T-16673,Cena,P-21,3
2025-10-27,T-16844,Cena,P-05,1
2025-10-27,T-17753,Cena,P-05,4
2025-10-28,T-10394,Comida,P-11,1
2025-10-28,T-10545,Cena,P-21,4
2025-10-28,T-11236,Cena,P-18,1
2025-10-28,T-11649,Cena,P-13,3
2025-10-28,T-11737,Cena,P-24,2
2025-10-28,T-14870,Cena,P-05,1
2025-10-28,T-14911,Cena,P-04,1
2025-10-28,T-15018,Cena,P-21,2
2025-10-28,T-15018,Cena,P-10,4
2025-10-28,T-15930,Cena,P-24,2
2025-10-28,T-16630,Comida,P-11,1
2025-10-28,T-17253,Comida,P-07,1
2025-10-28,T-17268,Cena,P-06,1
2025-10-28,T-17283,Cena,P-25,1
2025-10-28,T-17585,Comida,P-11,4
2025-10-29,T-10848,Cena,P-09,2
2025-10-29,T-11002,Comida,P-24,3
2025-10-29,T-11068,Comida,P-03,1
2025-10-29,T-11818,Cena,P-22,2
2025-10-29,T-12516,Cena,P-23,2
2025-10-29,T-13107,Comida,P-05,1
2025-10-29,T-13546,Comida,P-07,3
2025-10-29,T-16367,Cena,P-17,4
2025-10-29,T-16375,Comida,P-19,2
2025-10-29,T-16394,Cena,P-03,3
2025-10-29,T-16524,Cena,P-11,2
2025-10-29,T-17278,Comida,P-19,3
2025-10-29,T-17912,Comida,P-25,2
2025-10-29,T-17996,Cena,P-16,3
2025-10-30,T-10968,Cena,P-20,4
2025-10-30,T-11441,Cena,P-06,1
2025-10-30,T-13168,Cena,P-15,2
2025-10-30,T-13534,Cena,P-10,2
2025-10-30,T-13796,Cena,P-12,4
2025-10-30,T-14175,Cena,P-19,1
2025-10-30,T-14510,Comida,P-05,3
2025-10-30,T-14557,Cena,P-16,3
2025-10-30,T-14655,Cena,P-24,4
2025-10-30,T-14753,Comida,P-19,1
2025-10-30,T-15098,Cena,P-17,3
2025-10-30,T-16586,Comida,P-13,2
2025-10-30,T-16644,Comida,P-09,4
2025-10-30,T-17447,Cena,P-19,3
2025-10-31,T-10379,Comida,P-04,2
2025-10-31,T-10507,Cena,P-14,2
2025-10-31,T-11503,Comida,P-08,4
2025-10-31,T-11797,Cena,P-20,3
2025-10-31,T-12068,Cena,P-20,2
2025-10-31,T-12384,Cena,P-01,4
2025-10-31,T-12837,Cena,P-04,4
2025-10-31,T-12866,Cena,P-03,1
2025-10-31,T-13738,Cena,P-10,2
2025-10-31,T-13797,Cena,P-14,3
2025-10-31,T-13891,Cena,P-20,4
2025-10-31,T-13968,Comida,P-01,4
2025-10-31,T-14188,Cena,P-02,3
2025-10-31,T-14320,Cena,P-20,2
2025-10-31,T-14671,Comida,P-09,4
2025-10-31,T-14859,Comida,P-25,1
2025-10-31,T-14873,Cena,P-11,1
2025-10-31,T-14985,Comida,P-17,3
2025-10-31,T-15303,Cena,P-09,1
2025-10-31,T-16878,Cena,P-17,2
2025-10-31,T-17257,Cena,P-09,2
2025-11-01,T-10227,Comida,P-11,1
2025-11-01,T-10413,Cena,P-01,4
2025-11-01,T-10516,Cena,P-23,3
2025-11-01,T-11439,Cena,P-20,3
2025-11-01,T-11781,Cena,P-06,2
2025-11-01,T-12198,Cena,P-23,2
2025-11-01,T-12236,Cena,P-13,4
2025-11-01,T-13603,Cena,P-15,2
2025-11-01,T-14229,Cena,P-16,1
2025-11-01,T-15293,Comida,P-18,3
2025-11-01,T-16057,Cena,P-25,1
2025-11-01,T-16766,Cena,P-12,3
2025-11-01,T-16783,Cena,P-25,1
2025-11-01,T-17456,Cena,P-15,2
2025-11-01,T-17462,Cena,P-05,1
2025-11-01,T-17914,Comida,P-11,2
2025-11-02,T-10242,Cena,P-11,1
2025-11-02,T-10894,Cena,P-17,3
2025-11-02,T-10976,Cena,P-23,4
2025-11-02,T-11940,Cena,P-24,2
2025-11-02,T-12009,Comida,P-04,3
2025-11-02,T-12198,Cena,P-07,4
2025-11-02,T-13132,Comida,P-20,1
2025-11-02,T-13199,Comida,P-24,3
2025-11-02,T-14109,Comida,P-04,4
2025-11-02,T-14397,Comida,P-02,3
2025-11-02,T-14832,Comida,P-19,1
2025-11-02,T-14931,Cena,P-11,2
2025-11-02,T-15236,Cena,P-16,4
2025-11-02,T-15251,Comida,P-24,2
2025-11-02,T-16452,Cena,P-04,3
2025-11-02,T-16757,Comida,P-05,3
2025-11-02,T-16942,Comida,P-22,3
2025-11-02,T-16959,Cena,P-07,4
2025-11-03,T-10995,Comida,P-03,3
2025-11-03,T-11023,Cena,P-13,2
2025-11-03,T-11359,Comida,P-19,4
2025-11-03,T-11929,Comida,P-02,3
2025-11-03,T-12462,Comida,P-06,1
2025-11-03,T-12503,Cena,P-06,2
2025-11-03,T-12626,Cena,P-23,4
2025-11-03,T-12761,Comida,P-12,3
2025-11-03,T-13080,Comida,P-20,2
2025-11-03,T-13141,Cena,P-07,1
2025-11-03,T-13372,Comida,P-19,4
2025-11-03,T-13447,Cena,P-11,3
2025-11-03,T-13718,Comida,P-17,2
2025-11-03,T-13732,Comida,P-08,4
2025-11-03,T-13960,Comida,P-12,2
2025-11-03,T-14157,Cena,P-22,2
2025-11-03,T-14990,Cena,P-04,3
2025-11-03,T-15230,Cena,P-02,2
2025-11-03,T-15304,Cena,P-22,2
2025-11-03,T-15308,Cena,P-10,3
2025-11-03,T-15321,Cena,P-21,2
2025-11-03,T-15652,Comida,P-11,1
2025-11-03,T-15747,Cena,P-09,1
2025-11-03,T-16453,Cena,P-16,1
2025-11-03,T-16483,Cena,P-03,2
2025-11-03,T-16526,Cena,P-17,1
2025-11-03,T-16691,Comida,P-19,4
2025-11-03,T-17083,Comida,P-06,3
2025-11-03,T-17158,Cena,P-18,2
2025-11-03,T-17216,Cena,P-24,2
2025-11-03,T-17514,Comida,P-08,1
2025-11-04,T-10040,Comida,P-13,1
2025-11-04,T-12205,Cena,P-15,2
2025-11-04,T-12653,Cena,P-11,2
2025-11-04,T-13213,Cena,P-07,2
2025-11-04,T-13235,Comida,P-14,1
2025-11-04,T-13271,Comida,P-18,4
2025-11-04,T-13320,Comida,P-13,3
2025-11-04,T-13329,Cena,P-22,4
2025-11-04,T-13382,Comida,P-17,2
2025-11-04,T-14007,Comida,P-24,4
2025-11-04,T-14370,Cena,P-03,1
2025-11-04,T-14396,Cena,P-19,4
2025-11-04,T-14441,Cena,P-15,2
2025-11-04,T-14493,Cena,P-11,2
2025-11-04,T-14967,Cena,P-03,1
2025-11-04,T-15506,Comida,P-16,4
2025-11-04,T-15807,Comida,P-01,2
2025-11-04,T-16711,Cena,P-17,1
2025-11-04,T-17261,Cena,P-24,4
2025-11-04,T-17291,Cena,P-21,3
2025-11-04,T-17493,Comida,P-21,4
2025-11-04,T-17696,Cena,P-20,3
2025-11-05,T-10098,Cena,P-22,4
2025-11-05,T-10928,Comida,P-21,3
2025-11-05,T-10989,Cena,P-13,4
2025-11-05,T-11554,Cena,P-14,1
2025-11-05,T-11738,Cena,P-04,2
2025-11-05,T-12107,Comida,P-06,1
2025-11-05,T-12128,Comida,P-16,4
2025-11-05,T-12411,Cena,P-23,2
2025-11-05,T-12870,Cena,P-19,1
2025-11-05,T-13095,Cena,P-11,2
2025-11-05,T-13180,Comida,P-20,4
2025-11-05,T-13291,Cena,P-13,1
2025-11-05,T-13663,Cena,P-05,1
2025-11-05,T-14007,Cena,P-21,4
2025-11-05,T-14017,Cena,P-24,2
2025-11-05,T-14305,Cena,P-23,4
2025-11-05,T-15301,Comida,P-07,3
2025-11-05,T-15511,Cena,P-10,4
2025-11-05,T-16261,Comida,P-16,1
2025-11-05,T-17064,Cena,P-09,1
2025-11-06,T-10316,Comida,P-25,2
2025-11-06,T-10726,Cena,P-06,1
2025-11-06,T-11271,Cena,P-21,3
2025-11-06,T-11935,Comida,P-22,3
2025-11-06,T-11961,Cena,P-05,2
2025-11-06,T-12186,Cena,P-08,1
2025-11-06,T-12646,Comida,P-03,3
2025-11-06,T-13940,Cena,P-12,3
2025-11-06,T-14142,Cena,P-20,2
2025-11-06,T-14305,Cena,P-10,2
2025-11-06,T-15566,Cena,P-16,2
2025-11-06,T-15874,Cena,P-09,4
2025-11-06,T-16788,Cena,P-06,1
2025-11-06,T-17568,Cena,P-19,4
2025-11-06,T-17946,Comida,P-09,4
2025-11-06,T-17993,Comida,P-12,2
2025-11-07,T-10522,Cena,P-16,1
2025-11-07,T-10793,Cena,P-12,1
2025-11-07,T-11406,Comida,P-13,3
2025-11-07,T-11456,Cena,P-18,1
2025-11-07,T-11869,Cena,P-02,4
2025-11-07,T-12758,Comida,P-10,2
2025-11-07,T-12811,Cena,P-13,2
2025-11-07,T-13446,Cena,P-21,2
2025-11-07,T-14111,Comida,P-03,1
2025-11-07,T-15021,Cena,P-15,4
2025-11-07,T-15250,Cena,P-09,2
2025-11-07,T-17220,Cena,P-17,1
2025-11-08,T-10903,Comida,P-14,2
2025-11-08,T-11094,Cena,P-05,3
2025-11-08,T-11539,Comida,P-07,3
2025-11-08,T-11668,Comida,P-08,1
2025-11-08,T-12091,Cena,P-05,3
2025-11-08,T-12404,Cena,P-14,2
2025-11-08,T-12412,Comida,P-08,4
2025-11-08,T-12965,Cena,P-10,2
2025-11-08,T-13176,Cena,P-04,1
2025-11-08,T-13913,Cena,P-08,2
2025-11-08,T-13984,Comida,P-23,1
2025-11-08,T-14189,Comida,P-12,2
2025-11-08,T-14340,Comida,P-21,1
2025-11-08,T-14733,Comida,P-12,3
2025-11-08,T-14748,Comida,P-23,2
2025-11-08,T-15076,Cena,P-06,1
2025-11-08,T-15507,Cena,P-12,1
2025-11-08,T-15523,Cena,P-15,1
2025-11-08,T-15823,Comida,P-01,1
2025-11-08,T-16288,Cena,P-11,3
2025-11-08,T-17358,Comida,P-11,2
2025-11-08,T-17754,Cena,P-19,2
2025-11-08,T-17848,Cena,P-19,4
2025-11-09,T-10003,Comida,P-12,3
2025-11-09,T-10619,Cena,P-05,4
2025-11-09,T-10788,Comida,P-06,3
2025-11-09,T-11469,Cena,P-15,3
2025-11-09,T-11665,Cena,P-10,3
2025-11-09,T-12476,Cena,P-08,3
2025-11-09,T-13196,Cena,P-21,4
2025-11-09,T-13597,Comida,P-01,1
2025-11-09,T-13810,Cena,P-02,3
2025-11-09,T-13953,Cena,P-14,4
2025-11-09,T-14016,Cena,P-24,4
2025-11-09,T-14139,Cena,P-10,2
2025-11-09,T-14148,Cena,P-23,2
2025-11-09,T-14940,Cena,P-22,3
2025-11-09,T-15101,Cena,P-03,1
2025-11-09,T-15445,Cena,P-09,4
2025-11-09,T-15725,Comida,P-23,1
2025-11-09,T-16484,Cena,P-11,4
2025-11-09,T-16692,Cena,P-21,1
2025-11-09,T-16728,Cena,P-03,3
2025-11-09,T-16838,Cena,P-12,1
2025-11-09,T-16856,Comida,P-17,3
2025-11-09,T-17196,Cena,P-08,3
2025-11-10,T-10515,Cena,P-13,4
2025-11-10,T-10558,Cena,P-21,3
2025-11-10,T-11724,Comida,P-15,2
2025-11-10,T-11845,Comida,P-09,4
2025-11-10,T-11892,Cena,P-18,1
2025-11-10,T-12273,Cena,P-24,1
2025-11-10,T-12274,Comida,P-25,1
2025-11-10,T-12533,Comida,P-24,4
2025-11-10,T-13312,Comida,P-08,2
2025-11-10,T-13375,Cena,P-06,1
2025-11-10,T-14571,Cena,P-06,2
2025-11-10,T-14675,Comida,P-03,3
2025-11-10,T-14692,Cena,P-25,2
2025-11-10,T-15553,Comida,P-24,2
2025-11-10,T-15775,Cena,P-18,2
2025-11-10,T-15977,Comida,P-09,2
2025-11-10,T-16677,Comida,P-08,1
2025-11-10,T-16714,Comida,P-05,4
2025-11-10,T-16863,Cena,P-22,3
2025-11-10,T-17837,Comida,P-13,1
2025-11-11,T-10363,Cena,P-12,1
2025-11-11,T-10533,Comida,P-14,2
2025-11-11,T-11081,Cena,P-18,2
2025-11-11,T-11521,Cena,P-20,3
2025-11-11,T-12078,Cena,P-15,1
2025-11-11,T-12465,Cena,P-25,1
2025-11-11,T-12490,Cena,P-25,4
2025-11-11,T-12497,Cena,P-16,2
2025-11-11,T-13096,Comida,P-07,4
2025-11-11,T-13312,Cena,P-22,2
2025-11-11,T-13762,Cena,P-03,3
2025-11-11,T-13980,Comida,P-17,1
2025-11-11,T-14130,Comida,P-10,3
2025-11-11,T-14734,Cena,P-18,1
2025-11-11,T-15919,Comida,P-13,4
2025-11-11,T-16171,Cena,P-01,4
2025-11-11,T-16234,Comida,P-08,2
2025-11-11,T-16324,Cena,P-19,2
2025-11-11,T-16457,Comida,P-18,4
2025-11-11,T-16493,Comida,P-12,3
2025-11-11,T-16631,Cena,P-09,3
2025-11-11,T-17177,Cena,P-23,1
2025-11-12,T-10264,Cena,P-03,3
2025-11-12,T-10348,Cena,P-13,4
2025-11-12,T-10552,Comida,P-09,4
2025-11-12,T-10731,Cena,P-10,3
2025-11-12,T-11068,Comida,P-23,2
2025-11-12,T-11590,Cena,P-13,2
2025-11-12,T-11635,Cena,P-03,4
2025-11-12,T-11650,Cena,P-07,2
2025-11-12,T-12380,Cena,P-05,2
2025-11-12,T-12572,Cena,P-24,2
2025-11-12,T-13296,Comida,P-09,3
2025-11-12,T-13340,Comida,P-24,2
2025-11-12,T-13703,Cena,P-17,2
2025-11-12,T-13808,Comida,P-22,3
2025-11-12,T-14868,Cena,P-17,2
2025-11-12,T-16567,Comida,P-08,2
2025-11-12,T-16875,Cena,P-22,3
2025-11-12,T-17786,Cena,P-24,3
2025-11-13,T-10386,Cena,P-09,1
2025-11-13,T-10404,Cena,P-23,1
2025-11-13,T-10649,Comida,P-02,1
2025-11-13,T-10677,Cena,P-05,4
2025-11-13,T-10981,Cena,P-05,1
2025-11-13,T-11336,Comida,P-01,3
2025-11-13,T-11571,Comida,P-03,3
2025-11-13,T-11956,Cena,P-17,4
2025-11-13,T-12503,Cena,P-12,3
2025-11-13,T-12721,Comida,P-11,3
2025-11-13,T-12930,Comida,P-24,3
2025-11-13,T-12975,Cena,P-19,3
2025-11-13,T-13924,Cena,P-06,3
2025-11-13,T-14053,Comida,P-11,3
2025-11-13,T-15378,Cena,P-25,1
2025-11-13,T-15651,Comida,P-08,2
2025-11-13,T-16570,Cena,P-12,4
2025-11-13,T-16584,Comida,P-02,2
2025-11-13,T-17863,Cena,P-14,4
2025-11-14,T-10265,Comida,P-18,4
2025-11-14,T-10815,Comida,P-23,3
2025-11-14,T-10973,Comida,P-10,2
2025-11-14,T-11390,Comida,P-20,4
2025-11-14,T-11845,Comida,P-08,2
2025-11-14,T-11886,Cena,P-12,2
2025-11-14,T-12411,Cena,P-11,2
2025-11-14,T-12587,Comida,P-25,2
2025-11-14,T-12631,Comida,P-22,4
2025-11-14,T-12934,Cena,P-09,3
2025-11-14,T-13062,Cena,P-08,3
2025-11-14,T-13108,Comida,P-24,1
2025-11-14,T-13257,Cena,P-07,2
2025-11-14,T-13291,Cena,P-07,1
2025-11-14,T-13673,Cena,P-02,1
2025-11-14,T-14052,Comida,P-21,2
2025-11-14,T-14093,Cena,P-10,2
2025-11-14,T-15087,Comida,P-23,3
2025-11-14,T-15415,Cena,P-19,4
2025-11-14,T-16082,Cena,P-03,1
2025-11-14,T-16825,Comida,P-22,3
2025-11-14,T-17672,Cena,P-21,2
2025-11-14,T-17963,Comida,P-11,2
2025-11-15,T-10182,Cena,P-09,1
2025-11-15,T-10683,Cena,P-15,2
2025-11-15,T-11162,Cena,P-18,4
2025-11-15,T-11192,Cena,P-11,1
2025-11-15,T-11729,Cena,P-14,4
2025-11-15,T-11928,Comida,P-15,1
2025-11-15,T-11936,Cena,P-05,4
2025-11-15,T-12798,Cena,P-07,2
2025-11-15,T-12878,Cena,P-22,3
2025-11-15,T-12917,Cena,P-22,4
2025-11-15,T-13312,Cena,P-21,3
2025-11-15,T-13487,Cena,P-22,2
2025-11-15,T-13687,Cena,P-06,4
2025-11-15,T-14364,Comida,P-09,2
2025-11-15,T-14805,Comida,P-16,2
2025-11-15,T-15200,Comida,P-04,1
2025-11-15,T-15627,Comida,P-13,2
2025-11-15,T-16057,Cena,P-17,1
2025-11-15,T-16212,Comida,P-24,1
2025-11-15,T-16613,Comida,P-06,1
2025-11-15,T-17520,Comida,P-07,2
2025-11-15,T-17543,Comida,P-13,2
2025-11-16,T-10229,Comida,P-10,1
2025-11-16,T-10447,Comida,P-14,2
2025-11-16,T-10804,Comida,P-21,1
2025-11-16,T-11360,Comida,P-04,3
2025-11-16,T-13066,Comida,P-16,3
2025-11-16,T-13601,Cena,P-16,2
2025-11-16,T-13681,Comida,P-19,2
2025-11-16,T-13699,Comida,P-14,3
2025-11-16,T-14712,Cena,P-20,2
2025-11-16,T-16476,Comida,P-07,1
2025-11-16,T-16642,Comida,P-24,4
2025-11-16,T-16808,Comida,P-10,2
2025-11-16,T-17223,Comida,P-21,2
2025-11-17,T-11151,Cena,P-04,1
2025-11-17,T-11177,Cena,P-15,2
2025-11-17,T-11419,Cena,P-24,4
2025-11-17,T-11527,Comida,P-24,2
2025-11-17,T-12872,Comida,P-11,2
2025-11-17,T-13286,Cena,P-04,4
2025-11-17,T-13660,Comida,P-19,2
2025-11-17,T-13763,Cena,P-10,3
2025-11-17,T-13863,Cena,P-01,2
2025-11-17,T-14166,Comida,P-01,4
2025-11-17,T-14859,Cena,P-10,2
2025-11-17,T-15152,Cena,P-23,4
2025-11-17,T-15604,Comida,P-01,4
2025-11-17,T-16444,Cena,P-19,1
2025-11-17,T-17936,Cena,P-06,4
2025-11-18,T-10114,Comida,P-20,3
2025-11-18,T-10746,Cena,P-18,2
2025-11-18,T-11160,Cena,P-09,1
2025-11-18,T-12287,Cena,P-25,2
2025-11-18,T-12898,Comida,P-01,1
2025-11-18,T-13319,Comida,P-07,2
2025-11-18,T-14973,Cena,P-23,4
2025-11-18,T-15099,Cena,P-05,2
2025-11-18,T-15540,Cena,P-12,3
2025-11-18,T-15746,Cena,P-09,4
2025-11-18,T-15900,Comida,P-21,4
2025-11-18,T-16036,Cena,P-22,3
2025-11-18,T-16220,Comida,P-19,1
2025-11-18,T-16476,Comida,P-14,4
2025-11-18,T-16878,Comida,P-04,4
2025-11-19,T-10631,Comida,P-10,4
2025-11-19,T-10682,Cena,P-11,2
2025-11-19,T-12698,Cena,P-10,2
2025-11-19,T-12851,Cena,P-22,2
2025-11-19,T-12952,Comida,P-15,4
2025-11-19,T-14830,Comida,P-14,4
2025-11-19,T-15225,Cena,P-05,4
2025-11-19,T-15426,Comida,P-02,4
2025-11-19,T-15848,Cena,P-13,3
2025-11-19,T-16348,Comida,P-14,2
2025-11-19,T-16827,Cena,P-24,1
2025-11-19,T-17938,Comida,P-11,3
2025-11-20,T-10129,Comida,P-11,4
2025-11-20,T-10354,Comida,P-16,4
2025-11-20,T-10580,Cena,P-17,3
2025-11-20,T-11292,Comida,P-05,3
2025-11-20,T-11330,Comida,P-04,2
2025-11-20,T-12257,Cena,P-15,4
2025-11-20,T-12488,Cena,P-05,3
2025-11-20,T-12678,Comida,P-16,4
2025-11-20,T-12773,Cena,P-08,2
2025-11-20,T-12871,Cena,P-24,1
2025-11-20,T-12910,Comida,P-10,3
2025-11-20,T-14524,Comida,P-25,1
2025-11-20,T-15271,Cena,P-05,2
2025-11-20,T-15526,Cena,P-02,2
2025-11-20,T-16298,Cena,P-09,2
2025-11-20,T-16362,Cena,P-18,4
2025-11-20,T-16521,Comida,P-04,3
2025-11-20,T-17760,Cena,P-04,3
2025-11-20,T-17820,Comida,P-07,2
2025-11-21,T-10294,Cena,P-19,2
2025-11-21,T-11270,Cena,P-10,4
2025-11-21,T-11420,Comida,P-03,2
2025-11-21,T-12549,Comida,P-15,2
2025-11-21,T-13054,Comida,P-14,3
2025-11-21,T-13549,Cena,P-24,4
2025-11-21,T-13749,Cena,P-25,2
2025-11-21,T-13837,Cena,P-05,1
2025-11-21,T-13918,Comida,P-24,4
2025-11-21,T-14046,Cena,P-25,2
2025-11-21,T-14211,Comida,P-04,1
2025-11-21,T-14579,Comida,P-13,2
2025-11-21,T-15597,Cena,P-10,2
2025-11-21,T-15783,Cena,P-08,3
2025-11-21,T-16163,Cena,P-20,3
2025-11-21,T-16167,Cena,P-04,2
2025-11-21,T-16280,Comida,P-07,2
2025-11-21,T-17015,Comida,P-02,4
2025-11-21,T-17710,Cena,P-08,4
2025-11-21,T-17860,Cena,P-15,4
2025-11-22,T-10213,Comida,P-05,1
2025-11-22,T-10605,Comida,P-02,1
2025-11-22,T-10729,Comida,P-07,4
2025-11-22,T-11209,Comida,P-15,2
2025-11-22,T-11570,Comida,P-18,3
2025-11-22,T-11752,Comida,P-24,3
2025-11-22,T-12439,Cena,P-12,2
2025-11-22,T-12903,Cena,P-08,1
2025-11-22,T-13183,Comida,P-24,4
2025-11-22,T-13307,Comida,P-14,3
2025-11-22,T-13729,Cena,P-06,1
2025-11-22,T-15781,Cena,P-05,1
2025-11-22,T-15930,Comida,P-02,1
2025-11-22,T-16869,Cena,P-18,4
2025-11-22,T-17245,Cena,P-10,2
2025-11-22,T-17922,Cena,P-08,2
2025-11-23,T-10051,Cena,P-17,1
2025-11-23,T-10560,Cena,P-01,4
2025-11-23,T-11134,Cena,P-10,3
2025-11-23,T-11601,Comida,P-19,1
2025-11-23,T-12216,Cena,P-01,1
2025-11-23,T-13305,Comida,P-06,2
2025-11-23,T-13752,Cena,P-24,1
2025-11-23,T-14402,Comida,P-20,4
2025-11-23,T-14736,Cena,P-23,2
2025-11-23,T-16231,Cena,P-12,2
2025-11-23,T-16255,Comida,P-09,3
2025-11-23,T-16455,Cena,P-17,1
2025-11-23,T-17489,Comida,P-12,2
2025-11-23,T-17606,Cena,P-05,3
2025-11-23,T-17829,Cena,P-01,3
2025-11-23,T-17912,Cena,P-15,3
2025-11-24,T-10034,Comida,P-12,4
2025-11-24,T-10720,Cena,P-23,4
2025-11-24,T-11158,Cena,P-20,3
2025-11-24,T-11757,Cena,P-05,4
2025-11-24,T-11890,Comida,P-11,2
2025-11-24,T-11910,Comida,P-22,2
2025-11-24,T-12557,Cena,P-16,1
2025-11-24,T-12647,Cena,P-19,4
2025-11-24,T-13178,Comida,P-12,1
2025-11-24,T-13292,Cena,P-17,2
2025-11-24,T-13350,Cena,P-07,4
2025-11-24,T-14220,Comida,P-05,3
2025-11-24,T-14242,Cena,P-14,4
2025-11-24,T-14984,Cena,P-23,2
2025-11-24,T-15137,Cena,P-09,1
2025-11-24,T-15174,Cena,P-24,1
2025-11-24,T-15242,Cena,P-21,4
2025-11-24,T-15361,Cena,P-23,3
2025-11-24,T-15949,Cena,P-23,3
2025-11-24,T-16078,Comida,P-15,1
2025-11-24,T-16159,Cena,P-12,2
2025-11-24,T-16708,Cena,P-14,1
2025-11-24,T-16809,Cena,P-23,3
2025-11-24,T-16858,Cena,P-01,4
2025-11-25,T-10320,Cena,P-21,2
2025-11-25,T-10393,Comida,P-16,1
2025-11-25,T-10677,Cena,P-01,4
2025-11-25,T-10677,Cena,P-18,1
2025-11-25,T-11924,Cena,P-25,4
2025-11-25,T-12238,Comida,P-07,3
2025-11-25,T-13040,Comida,P-05,3
2025-11-25,T-13623,Comida,P-19,3
2025-11-25,T-13790,Cena,P-19,2
2025-11-25,T-13840,Cena,P-21,2
2025-11-25,T-13966,Comida,P-09,2
2025-11-25,T-14342,Cena,P-02,1
2025-11-25,T-15147,Comida,P-17,3
2025-11-25,T-15354,Comida,P-11,2
2025-11-25,T-15691,Comida,P-07,2
2025-11-25,T-15723,Cena,P-01,1
2025-11-25,T-15794,Cena,P-08,4
2025-11-25,T-16715,Comida,P-10,1
2025-11-25,T-17166,Comida,P-15,4
2025-11-25,T-17384,Comida,P-17,1
2025-11-25,T-17870,Cena,P-20,1
2025-11-26,T-10021,Comida,P-17,3
2025-11-26,T-10062,Cena,P-20,3
2025-11-26,T-10148,Comida,P-18,2
2025-11-26,T-10327,Comida,P-08,4
2025-11-26,T-11004,Cena,P-21,2
2025-11-26,T-11379,Cena,P-13,2
2025-11-26,T-11417,Cena,P-06,2
2025-11-26,T-11499,Cena,P-21,1
2025-11-26,T-11543,Cena,P-11,2
2025-11-26,T-11918,Cena,P-02,3
2025-11-26,T-12307,Cena,P-03,3
2025-11-26,T-14116,Cena,P-21,4
2025-11-26,T-15947,Cena,P-24,3
2025-11-26,T-16286,Cena,P-22,1
2025-11-26,T-16409,Cena,P-05,4
2025-11-26,T-16844,Cena,P-20,4
2025-11-26,T-16894,Comida,P-25,4
2025-11-26,T-17409,Cena,P-10,2
2025-11-26,T-17418,Comida,P-25,1
2025-11-26,T-17707,Cena,P-10,3
2025-11-26,T-17902,Cena,P-13,2
2025-11-27,T-11014,Comida,P-11,3
2025-11-27,T-11688,Cena,P-02,3
2025-11-27,T-12480,Comida,P-24,1
2025-11-27,T-12613,Cena,P-01,4
2025-11-27,T-13265,Cena,P-06,2
2025-11-27,T-13488,Comida,P-10,4
2025-11-27,T-13719,Comida,P-09,3
2025-11-27,T-14154,Cena,P-05,1
2025-11-27,T-15398,Comida,P-17,4
2025-11-27,T-15733,Cena,P-01,3
2025-11-27,T-15756,Comida,P-11,2
2025-11-27,T-15766,Cena,P-03,3
2025-11-27,T-16297,Cena,P-13,2
2025-11-27,T-16656,Comida,P-14,3
2025-11-27,T-17215,Comida,P-22,2
2025-11-27,T-17365,Cena,P-10,4
2025-11-28,T-10805,Cena,P-03,1
2025-11-28,T-11167,Cena,P-08,4
2025-11-28,T-11248,Comida,P-11,2
2025-11-28,T-11484,Cena,P-01,1
2025-11-28,T-11504,Cena,P-20,3
2025-11-28,T-12362,Comida,P-08,1
2025-11-28,T-13593,Cena,P-10,2
2025-11-28,T-13922,Cena,P-07,1
2025-11-28,T-14113,Comida,P-03,4
2025-11-28,T-14790,Cena,P-10,1
2025-11-28,T-14792,Cena,P-15,4
2025-11-28,T-15925,Comida,P-06,1
2025-11-28,T-15947,Comida,P-22,2
2025-11-28,T-16347,Comida,P-20,3
2025-11-28,T-16513,Cena,P-13,2
2025-11-28,T-16846,Cena,P-12,3
2025-11-28,T-17308,Comida,P-11,1
2025-11-28,T-17369,Comida,P-21,1
2025-11-28,T-17490,Comida,P-09,4
2025-11-28,T-17723,Cena,P-19,3
2025-11-29,T-10581,Cena,P-25,2
2025-11-29,T-10944,Comida,P-14,3
2025-11-29,T-11726,Cena,P-08,3
2025-11-29,T-11800,Cena,P-16,4
2025-11-29,T-12422,Cena,P-24,4
2025-11-29,T-13425,Comida,P-06,2
2025-11-29,T-13636,Cena,P-04,4
2025-11-29,T-14800,Cena,P-14,1
2025-11-29,T-15680,Cena,P-09,2
2025-11-29,T-15730,Cena,P-01,3
2025-11-29,T-16313,Cena,P-15,2
2025-11-29,T-16593,Comida,P-23,3
2025-11-29,T-16833,Comida,P-05,1
2025-11-29,T-16864,Cena,P-04,4
2025-11-29,T-16948,Cena,P-10,4
2025-11-29,T-17040,Cena,P-23,2
2025-11-29,T-17204,Comida,P-23,2
2025-11-29,T-17392,Comida,P-17,3
2025-11-29,T-17429,Comida,P-18,4
2025-11-30,T-10192,Comida,P-25,3
2025-11-30,T-10492,Comida,P-16,1
2025-11-30,T-10759,Cena,P-06,3
2025-11-30,T-10823,Cena,P-15,3
2025-11-30,T-11662,Comida,P-24,2
2025-11-30,T-11707,Cena,P-12,4
2025-11-30,T-12912,Cena,P-01,1
2025-11-30,T-12983,Comida,P-13,2
2025-11-30,T-13139,Cena,P-10,4
2025-11-30,T-13408,Cena,P-16,1
2025-11-30,T-13640,Comida,P-25,2
2025-11-30,T-13671,Cena,P-12,1
2025-11-30,T-14622,Cena,P-14,1
2025-11-30,T-15537,Comida,P-03,4
2025-11-30,T-16731,Cena,P-18,1
2025-11-30,T-16992,Comida,P-06,3
2025-11-30,T-17710,Comida,P-04,3
2025-12-01,T-10370,Cena,P-17,2
2025-12-01,T-11237,Comida,P-14,1
2025-12-01,T-11696,Comida,P-13,4
2025-12-01,T-11981,Comida,P-11,3
2025-12-01,T-12154,Comida,P-06,1
2025-12-01,T-12285,Comida,P-09,4
2025-12-01,T-13464,Comida,P-20,1
2025-12-01,T-13649,Cena,P-24,1
2025-12-01,T-14156,Cena,P-20,2
2025-12-01,T-14197,Comida,P-07,2
2025-12-01,T-14223,Cena,P-13,4
2025-12-01,T-14241,Comida,P-19,4
2025-12-01,T-14529,Cena,P-18,3
2025-12-01,T-14626,Comida,P-22,2
2025-12-01,T-14976,Cena,P-22,3
2025-12-01,T-15717,Cena,P-11,4
2025-12-01,T-16099,Comida,P-03,3
2025-12-01,T-16430,Cena,P-04,1
2025-12-01,T-16494,Cena,P-01,2
2025-12-01,T-16501,Comida,P-12,1
2025-12-01,T-17070,Comida,P-03,1
2025-12-01,T-17444,Cena,P-13,3
2025-12-02,T-10963,Cena,P-12,4
2025-12-02,T-11743,Cena,P-23,1
2025-12-02,T-12306,Cena,P-13,2
2025-12-02,T-12823,Comida,P-10,4
2025-12-02,T-13069,Comida,P-04,3
2025-12-02,T-13090,Comida,P-07,4
2025-12-02,T-13462,Cena,P-05,1
2025-12-02,T-13777,Comida,P-16,3
2025-12-02,T-14060,Cena,P-09,2
2025-12-02,T-14079,Cena,P-01,2
2025-12-02,T-15076,Comida,P-11,4
2025-12-02,T-16719,Cena,P-10,2
2025-12-02,T-16934,Cena,P-24,4
2025-12-02,T-17159,Comida,P-09,1
2025-12-02,T-17251,Comida,P-14,4
2025-12-02,T-17337,Cena,P-18,2
2025-12-02,T-17381,Comida,P-12,3
2025-12-02,T-17602,Cena,P-21,2
2025-12-03,T-10061,Cena,P-01,1
2025-12-03,T-10127,Cena,P-20,3
2025-12-03,T-10620,Cena,P-20,4
2025-12-03,T-10677,Cena,P-19,3
2025-12-03,T-10987,Comida,P-21,1
2025-12-03,T-11456,Cena,P-24,3
2025-12-03,T-11543,Cena,P-16,1
2025-12-03,T-11977,Cena,P-19,3
2025-12-03,T-12189,Cena,P-04,3
2025-12-03,T-12375,Cena,P-18,4
2025-12-03,T-12378,Cena,P-18,4
2025-12-03,T-13057,Cena,P-15,3
2025-12-03,T-13873,Comida,P-09,2
2025-12-03,T-14270,Comida,P-14,4
2025-12-03,T-15333,Cena,P-03,2
2025-12-03,T-15608,Cena,P-19,3
2025-12-03,T-16468,Cena,P-14,1
2025-12-03,T-16578,Comida,P-24,4
2025-12-03,T-17010,Cena,P-08,4
2025-12-03,T-17076,Comida,P-14,1
2025-12-04,T-10338,Comida,P-25,4
2025-12-04,T-10354,Comida,P-13,2
2025-12-04,T-10769,Cena,P-08,4
2025-12-04,T-12233,Comida,P-05,2
2025-12-04,T-12357,Comida,P-01,2
2025-12-04,T-12512,Cena,P-12,4
2025-12-04,T-12641,Comida,P-07,4
2025-12-04,T-13650,Cena,P-20,4
2025-12-04,T-13755,Comida,P-20,4
2025-12-04,T-14355,Comida,P-10,3
2025-12-04,T-15569,Comida,P-13,2
2025-12-04,T-16255,Cena,P-20,3
2025-12-04,T-16685,Comida,P-04,3
2025-12-04,T-17742,Cena,P-16,1
2025-12-04,T-17859,Comida,P-23,4
2025-12-04,T-17918,Comida,P-01,3
2025-12-05,T-10160,Cena,P-01,2
2025-12-05,T-10532,Cena,P-23,4
2025-12-05,T-11238,Cena,P-06,1
2025-12-05,T-11916,Comida,P-08,2
2025-12-05,T-13854,Cena,P-22,2
2025-12-05,T-14012,Cena,P-20,4
2025-12-05,T-14035,Cena,P-05,1
2025-12-05,T-14040,Comida,P-06,3
2025-12-05,T-14722,Comida,P-05,2
2025-12-05,T-15370,Comida,P-11,4
2025-12-05,T-15393,Cena,P-02,1
2025-12-05,T-15852,Comida,P-11,4
2025-12-05,T-16467,Cena,P-13,4
2025-12-05,T-16788,Cena,P-02,1
2025-12-05,T-16833,Cena,P-25,4
2025-12-05,T-17765,Comida,P-19,4
2025-12-05,T-17971,Comida,P-21,4
2025-12-06,T-10119,Comida,P-22,1
2025-12-06,T-10282,Comida,P-02,2
2025-12-06,T-10437,Cena,P-11,1
2025-12-06,T-11593,Comida,P-13,3
2025-12-06,T-12657,Comida,P-17,3
2025-12-06,T-12824,Cena,P-01,2
2025-12-06,T-13793,Comida,P-15,1
2025-12-06,T-14851,Cena,P-18,4
2025-12-06,T-15104,Comida,P-01,4
2025-12-06,T-15146,Cena,P-10,1
2025-12-06,T-15390,Cena,P-06,3
2025-12-06,T-15825,Cena,P-20,4
2025-12-06,T-16187,Cena,P-09,1
2025-12-06,T-16600,Cena,P-11,1
2025-12-06,T-16655,Comida,P-03,3
2025-12-06,T-16733,Cena,P-03,1
2025-12-06,T-16922,Comida,P-14,1
2025-12-06,T-17778,Comida,P-11,1
2025-12-06,T-17809,Cena,P-23,2
2025-12-07,T-10041,Cena,P-19,3
2025-12-07,T-10482,Cena,P-02,1
2025-12-07,T-10607,Cena,P-13,1
2025-12-07,T-10667,Comida,P-10,4
2025-12-07,T-11092,Comida,P-18,4
2025-12-07,T-11180,Comida,P-12,2
2025-12-07,T-11447,Comida,P-19,1
2025-12-07,T-11822,Cena,P-19,4
2025-12-07,T-12175,Cena,P-01,4
2025-12-07,T-12489,Cena,P-20,3
2025-12-07,T-12597,Cena,P-16,2
2025-12-07,T-12671,Cena,P-15,3
2025-12-07,T-12776,Cena,P-04,4
2025-12-07,T-12979,Cena,P-05,4
2025-12-07,T-13763,Cena,P-15,2
2025-12-07,T-15624,Cena,P-17,2
2025-12-07,T-16571,Cena,P-16,1
2025-12-07,T-17630,Comida,P-09,4
2025-12-08,T-10286,Comida,P-05,1
2025-12-08,T-11002,Cena,P-08,1
2025-12-08,T-11427,Cena,P-04,1
2025-12-08,T-11664,Comida,P-04,1
2025-12-08,T-11954,Comida,P-15,1
2025-12-08,T-12299,Comida,P-13,2
2025-12-08,T-12552,Comida,P-04,2
2025-12-08,T-13038,Cena,P-20,1
2025-12-08,T-13487,Cena,P-14,4
2025-12-08,T-13583,Comida,P-08,2
2025-12-08,T-14235,Cena,P-03,2
2025-12-08,T-15262,Comida,P-01,2
2025-12-08,T-15412,Comida,P-09,1
2025-12-08,T-15765,Cena,P-08,1
2025-12-08,T-16787,Cena,P-22,4
2025-12-08,T-17917,Cena,P-16,2
2025-12-08,T-17938,Comida,P-15,4
2025-12-09,T-10446,Cena,P-25,3
2025-12-09,T-10631,Comida,P-23,3
2025-12-09,T-10810,Cena,P-08,4
2025-12-09,T-12766,Comida,P-22,3
2025-12-09,T-13180,Comida,P-05,3
2025-12-09,T-13336,Cena,P-04,3
2025-12-09,T-13816,Comida,P-03,1
2025-12-09,T-14218,Cena,P-21,2
2025-12-09,T-14639,Comida,P-01,2
2025-12-09,T-15654,Cena,P-10,2
2025-12-09,T-16036,Cena,P-05,3
2025-12-09,T-16053,Cena,P-05,2
2025-12-09,T-16094,Cena,P-21,1
2025-12-09,T-16930,Comida,P-20,4
2025-12-09,T-17135,Comida,P-20,3
2025-12-09,T-17146,Cena,P-19,2
2025-12-09,T-17521,Cena,P-08,3
2025-12-09,T-17532,Comida,P-22,4
2025-12-09,T-17677,Cena,P-19,4
2025-12-10,T-10422,Cena,P-08,4
2025-12-10,T-10535,Comida,P-10,3
2025-12-10,T-11396,Comida,P-24,4
2025-12-10,T-11714,Cena,P-09,4
2025-12-10,T-11820,Cena,P-16,2
2025-12-10,T-12368,Cena,P-18,3
2025-12-10,T-12672,Cena,P-21,2
2025-12-10,T-12832,Cena,P-18,4
2025-12-10,T-12911,Comida,P-19,2
2025-12-10,T-13214,Comida,P-03,2
2025-12-10,T-13521,Cena,P-07,2
2025-12-10,T-13598,Cena,P-05,2
2025-12-10,T-14336,Cena,P-22,4
2025-12-10,T-14414,Cena,P-02,3
2025-12-10,T-14818,Comida,P-11,4
2025-12-10,T-14854,Cena,P-15,1
2025-12-10,T-15006,Comida,P-02,3
2025-12-10,T-15193,Cena,P-15,2
2025-12-10,T-15935,Comida,P-13,2
2025-12-10,T-15974,Cena,P-13,1
2025-12-10,T-15998,Cena,P-24,3
2025-12-10,T-16156,Comida,P-21,4
2025-12-10,T-16320,Cena,P-01,3
2025-12-10,T-16353,Cena,P-02,1
2025-12-10,T-16811,Cena,P-14,2
2025-12-10,T-16930,Cena,P-10,3
2025-12-11,T-10548,Cena,P-24,2
2025-12-11,T-10629,Comida,P-24,1
2025-12-11,T-11800,Cena,P-02,1
2025-12-11,T-11833,Cena,P-08,4
2025-12-11,T-11861,Cena,P-01,2
2025-12-11,T-12010,Comida,P-14,3
2025-12-11,T-12043,Cena,P-05,4
2025-12-11,T-12125,Cena,P-16,1
2025-12-11,T-12185,Comida,P-13,2
2025-12-11,T-14704,Cena,P-15,3
2025-12-11,T-14758,Comida,P-09,1
2025-12-11,T-14767,Cena,P-12,3
2025-12-11,T-14956,Comida,P-03,1
2025-12-11,T-15030,Cena,P-02,2
2025-12-11,T-15051,Cena,P-08,2
2025-12-11,T-15221,Cena,P-18,1
2025-12-11,T-15857,Cena,P-09,3
2025-12-11,T-16459,Cena,P-10,2
2025-12-11,T-16967,Cena,P-05,4
2025-12-11,T-17700,Cena,P-18,1
2025-12-12,T-10200,Comida,P-14,2
2025-12-12,T-10231,Cena,P-24,2
2025-12-12,T-10326,Cena,P-08,4
2025-12-12,T-10543,Comida,P-05,4
2025-12-12,T-10545,Cena,P-08,2
2025-12-12,T-10629,Comida,P-19,4
2025-12-12,T-11182,Comida,P-01,4
2025-12-12,T-11318,Comida,P-04,1
2025-12-12,T-12013,Comida,P-17,3
2025-12-12,T-12163,Comida,P-07,2
2025-12-12,T-12180,Comida,P-14,1
2025-12-12,T-12292,Cena,P-06,4
2025-12-12,T-12359,Comida,P-20,1
2025-12-12,T-12375,Cena,P-01,1
2025-12-12,T-12596,Cena,P-01,4
2025-12-12,T-12643,Comida,P-03,3
2025-12-12,T-12887,Cena,P-24,4
2025-12-12,T-13030,Comida,P-08,4
2025-12-12,T-13872,Comida,P-01,1
2025-12-12,T-14358,Cena,P-14,3
2025-12-12,T-14701,Cena,P-18,1
2025-12-12,T-14993,Cena,P-23,3
2025-12-12,T-15304,Cena,P-07,3
2025-12-12,T-15370,Comida,P-14,2
2025-12-12,T-16278,Cena,P-20,3
2025-12-12,T-17005,Cena,P-12,2
2025-12-12,T-17155,Cena,P-13,1
2025-12-12,T-17158,Comida,P-05,1
2025-12-12,T-17707,Cena,P-03,4
2025-12-12,T-17719,Cena,P-10,4
2025-12-12,T-17733,Cena,P-07,2
2025-12-12,T-17914,Cena,P-15,3
2025-12-13,T-10378,Comida,P-20,1
2025-12-13,T-10630,Cena,P-08,3
2025-12-13,T-10691,Comida,P-14,2
2025-12-13,T-11843,Cena,P-03,2
2025-12-13,T-12159,Cena,P-10,1
2025-12-13,T-12537,Comida,P-17,4
2025-12-13,T-12651,Cena,P-22,3
2025-12-13,T-12762,Cena,P-09,1
2025-12-13,T-12870,Comida,P-09,1
2025-12-13,T-13010,Cena,P-20,3
2025-12-13,T-14009,Cena,P-19,2
2025-12-13,T-14393,Comida,P-02,2
2025-12-13,T-14888,Comida,P-06,3
2025-12-13,T-14919,Cena,P-12,1
2025-12-13,T-15017,Cena,P-05,3
2025-12-13,T-15055,Comida,P-15,4
2025-12-13,T-16702,Comida,P-25,4
2025-12-13,T-17139,Cena,P-21,3
2025-12-13,T-17668,Comida,P-01,3
2025-12-14,T-10232,Cena,P-23,4
2025-12-14,T-10234,Comida,P-15,1
2025-12-14,T-10798,Comida,P-02,1
2025-12-14,T-10892,Comida,P-04,1
2025-12-14,T-11144,Comida,P-13,1
2025-12-14,T-11315,Comida,P-21,1
2025-12-14,T-11704,Cena,P-17,1
2025-12-14,T-11810,Comida,P-02,3
2025-12-14,T-12015,Comida,P-16,3
2025-12-14,T-12050,Comida,P-01,4
2025-12-14,T-12108,Comida,P-25,2
2025-12-14,T-12165,Cena,P-03,2
2025-12-14,T-12223,Cena,P-10,2
2025-12-14,T-13031,Comida,P-24,1
2025-12-14,T-13074,Cena,P-21,4
2025-12-14,T-13191,Cena,P-08,4
2025-12-14,T-13687,Cena,P-11,2
2025-12-14,T-13929,Comida,P-01,2
2025-12-14,T-14216,Comida,P-09,2
2025-12-14,T-14259,Cena,P-01,4
2025-12-14,T-14456,Cena,P-04,1
2025-12-14,T-14655,Cena,P-13,4
2025-12-14,T-14879,Comida,P-16,2
2025-12-14,T-15020,Cena,P-18,3
2025-12-14,T-15065,Cena,P-22,1
2025-12-14,T-15380,Comida,P-04,2
2025-12-14,T-15907,Cena,P-21,4
2025-12-14,T-16087,Cena,P-19,4
2025-12-14,T-16112,Comida,P-04,4
2025-12-14,T-17157,Cena,P-22,2
2025-12-14,T-17259,Comida,P-23,2
2025-12-14,T-17375,Cena,P-05,1
2025-12-14,T-17482,Cena,P-11,1
2025-12-14,T-17547,Cena,P-15,2
2025-12-14,T-17557,Comida,P-08,4
2025-12-15,T-10226,Cena,P-25,2
2025-12-15,T-10413,Cena,P-04,2
2025-12-15,T-10595,Cena,P-19,1
2025-12-15,T-11772,Cena,P-18,1
2025-12-15,T-12122,Comida,P-09,1
2025-12-15,T-12558,Comida,P-07,2
2025-12-15,T-12617,Comida,P-18,2
2025-12-15,T-12883,Comida,P-01,4
2025-12-15,T-13126,Comida,P-15,2
2025-12-15,T-13216,Cena,P-20,3
2025-12-15,T-13368,Cena,P-01,1
2025-12-15,T-13615,Comida,P-01,3
2025-12-15,T-14006,Cena,P-21,2
2025-12-15,T-14528,Comida,P-11,3
2025-12-15,T-16129,Cena,P-15,2
2025-12-15,T-16139,Comida,P-03,3
2025-12-15,T-16165,Cena,P-19,2
2025-12-15,T-16902,Comida,P-25,1
2025-12-15,T-17152,Cena,P-01,3
2025-12-16,T-10006,Cena,P-01,2
2025-12-16,T-10009,Comida,P-16,3
2025-12-16,T-10211,Comida,P-21,4
2025-12-16,T-10759,Cena,P-15,1
2025-12-16,T-11089,Cena,P-19,1
2025-12-16,T-11218,Comida,P-02,1
2025-12-16,T-12092,Cena,P-01,2
2025-12-16,T-13062,Cena,P-12,1
2025-12-16,T-13327,Cena,P-07,3
2025-12-16,T-14156,Cena,P-19,3
2025-12-16,T-15006,Comida,P-01,4
2025-12-16,T-15077,Comida,P-13,1
2025-12-16,T-15125,Cena,P-07,4
2025-12-16,T-15346,Comida,P-15,3
2025-12-16,T-15488,Comida,P-21,2
2025-12-16,T-15754,Comida,P-15,2
2025-12-16,T-15772,Comida,P-24,3
2025-12-16,T-16003,Cena,P-02,4
2025-12-16,T-16017,Comida,P-02,2
2025-12-16,T-16717,Comida,P-15,1
2025-12-16,T-17068,Comida,P-05,4
2025-12-16,T-17420,Cena,P-14,2
2025-12-16,T-17543,Cena,P-17,3
2025-12-16,T-17628,Comida,P-15,2
2025-12-17,T-10532,Cena,P-12,3
2025-12-17,T-10805,Cena,P-05,3
2025-12-17,T-11207,Cena,P-14,3
2025-12-17,T-11405,Cena,P-25,4
2025-12-17,T-11622,Cena,P-05,1
2025-12-17,T-13696,Comida,P-04,4
2025-12-17,T-13719,Cena,P-13,1
2025-12-17,T-13909,Comida,P-22,1
2025-12-17,T-14033,Comida,P-11,1
2025-12-17,T-14451,Cena,P-03,1
2025-12-17,T-15020,Comida,P-19,1
2025-12-17,T-15770,Comida,P-13,4
2025-12-17,T-15930,Comida,P-15,2
2025-12-17,T-16049,Cena,P-05,4
2025-12-17,T-16210,Comida,P-16,4
2025-12-17,T-16278,Comida,P-17,4
2025-12-17,T-16536,Comida,P-24,2
2025-12-17,T-16866,Comida,P-23,1
2025-12-17,T-16888,Cena,P-02,4
2025-12-17,T-17230,Comida,P-17,1
2025-12-17,T-17432,Cena,P-04,1
2025-12-17,T-17432,Cena,P-11,1
2025-12-17,T-17838,Cena,P-19,4
2025-12-18,T-10461,Comida,P-16,4
2025-12-18,T-10488,Comida,P-20,4
2025-12-18,T-10532,Cena,P-25,3
2025-12-18,T-10583,Cena,P-03,4
2025-12-18,T-10848,Cena,P-08,2
2025-12-18,T-11711,Cena,P-14,3
2025-12-18,T-11815,Comida,P-15,2
2025-12-18,T-13686,Comida,P-08,1
2025-12-18,T-13733,Cena,P-21,3
2025-12-18,T-14281,Comida,P-09,4
2025-12-18,T-14347,Comida,P-19,3
2025-12-18,T-14439,Cena,P-18,2
2025-12-18,T-14772,Cena,P-07,1
2025-12-18,T-14851,Cena,P-09,2
2025-12-18,T-15077,Comida,P-24,1
2025-12-18,T-15459,Cena,P-20,4
2025-12-18,T-15541,Comida,P-22,4
2025-12-18,T-16151,Cena,P-01,1
2025-12-18,T-16756,Cena,P-20,3
2025-12-18,T-16915,Cena,P-04,4
2025-12-18,T-17125,Comida,P-24,1
2025-12-19,T-10241,Cena,P-13,4
2025-12-19,T-10525,Cena,P-02,3
2025-12-19,T-10529,Cena,P-09,1
2025-12-19,T-10710,Comida,P-01,2
2025-12-19,T-10880,Cena,P-21,2
2025-12-19,T-11289,Comida,P-07,2
2025-12-19,T-11374,Comida,P-14,1
2025-12-19,T-11441,Cena,P-02,4
2025-12-19,T-11942,Comida,P-01,2
2025-12-19,T-12574,Comida,P-09,4
2025-12-19,T-12643,Comida,P-22,4
2025-12-19,T-13078,Comida,P-14,4
2025-12-19,T-13293,Cena,P-20,4
2025-12-19,T-14190,Cena,P-14,1
2025-12-19,T-14250,Cena,P-16,4
2025-12-19,T-14723,Comida,P-10,1
2025-12-19,T-15148,Comida,P-21,2
2025-12-19,T-16726,Comida,P-20,2
2025-12-19,T-17021,Comida,P-18,1
2025-12-19,T-17145,Cena,P-14,3
2025-12-19,T-17398,Cena,P-23,1
2025-12-19,T-17498,Cena,P-12,4
2025-12-19,T-17538,Cena,P-09,4
2025-12-19,T-17733,Cena,P-17,2
2025-12-20,T-10020,Comida,P-10,2
2025-12-20,T-10090,Comida,P-05,2
2025-12-20,T-10225,Cena,P-02,1
2025-12-20,T-10267,Cena,P-19,1
2025-12-20,T-10556,Cena,P-10,4
2025-12-20,T-10687,Comida,P-20,4
2025-12-20,T-11388,Comida,P-10,4
2025-12-20,T-11517,Cena,P-06,4
2025-12-20,T-11517,Cena,P-05,2
2025-12-20,T-11793,Comida,P-04,3
2025-12-20,T-11942,Cena,P-25,4
2025-12-20,T-12502,Comida,P-18,4
2025-12-20,T-13181,Cena,P-17,2
2025-12-20,T-13625,Comida,P-03,2
2025-12-20,T-13811,Cena,P-22,4
2025-12-20,T-14693,Cena,P-24,1
2025-12-20,T-15300,Cena,P-03,4
2025-12-20,T-17310,Cena,P-18,4
2025-12-20,T-17686,Cena,P-22,3
2025-12-20,T-17788,Cena,P-11,4
2025-12-20,T-17803,Cena,P-14,2
2025-12-21,T-10140,Cena,P-07,2
2025-12-21,T-10387,Comida,P-03,1
2025-12-21,T-10679,Cena,P-04,4
2025-12-21,T-10734,Comida,P-20,3
2025-12-21,T-10766,Cena,P-23,2
2025-12-21,T-10772,Cena,P-23,1
2025-12-21,T-12658,Comida,P-22,2
2025-12-21,T-12948,Cena,P-09,1
2025-12-21,T-13229,Comida,P-04,3
2025-12-21,T-13566,Cena,P-20,2
2025-12-21,T-13802,Cena,P-11,1
2025-12-21,T-14103,Cena,P-25,4
2025-12-21,T-14417,Cena,P-05,2
2025-12-21,T-15053,Comida,P-12,1
2025-12-21,T-15332,Cena,P-15,3
2025-12-21,T-15560,Comida,P-10,1
2025-12-21,T-16032,Cena,P-24,4
2025-12-21,T-16047,Cena,P-01,2
2025-12-21,T-17433,Cena,P-14,4
2025-12-22,T-10069,Cena,P-01,4
2025-12-22,T-10118,Cena,P-20,4
2025-12-22,T-10387,Cena,P-20,4
2025-12-22,T-10457,Cena,P-11,2
2025-12-22,T-10931,Cena,P-25,1
2025-12-22,T-11925,Comida,P-03,1
2025-12-22,T-12721,Cena,P-19,2
2025-12-22,T-13168,Cena,P-04,1
2025-12-22,T-13303,Cena,P-18,2
2025-12-22,T-13494,Cena,P-06,4
2025-12-22,T-13558,Cena,P-14,4
2025-12-22,T-15348,Cena,P-20,3
2025-12-22,T-15360,Cena,P-22,2
2025-12-22,T-15908,Comida,P-19,4
2025-12-22,T-16156,Cena,P-22,1
2025-12-22,T-16892,Comida,P-05,1
2025-12-22,T-17530,Comida,P-25,2
2025-12-22,T-17640,Cena,P-03,1
2025-12-23,T-10105,Cena,P-07,3
2025-12-23,T-11228,Cena,P-14,2
2025-12-23,T-11475,Cena,P-12,4
2025-12-23,T-11723,Comida,P-20,1
2025-12-23,T-12293,Cena,P-17,2
2025-12-23,T-12682,Comida,P-13,4
2025-12-23,T-12845,Cena,P-07,4
2025-12-23,T-12909,Cena,P-10,3
2025-12-23,T-13005,Cena,P-14,4
2025-12-23,T-13495,Cena,P-11,2
2025-12-23,T-13962,Cena,P-01,4
2025-12-23,T-15073,Comida,P-20,2
2025-12-23,T-16244,Cena,P-06,3
2025-12-23,T-16845,Comida,P-24,1
2025-12-23,T-17048,Comida,P-13,3
2025-12-23,T-17162,Comida,P-25,2
2025-12-24,T-10155,Cena,P-05,3
2025-12-24,T-10805,Cena,P-07,2
2025-12-24,T-10928,Comida,P-16,3
2025-12-24,T-11531,Cena,P-02,2
2025-12-24,T-12169,Cena,P-09,1
2025-12-24,T-12181,Comida,P-13,2
2025-12-24,T-13178,Cena,P-06,2
2025-12-24,T-13398,Comida,P-13,2
2025-12-24,T-13909,Comida,P-05,3
2025-12-24,T-14414,Cena,P-09,1
2025-12-24,T-14773,Cena,P-20,4
2025-12-24,T-14866,Comida,P-09,4
2025-12-24,T-15701,Cena,P-18,3
2025-12-24,T-16855,Cena,P-05,2
2025-12-24,T-16946,Comida,P-05,3
2025-12-24,T-17699,Comida,P-17,3
2025-12-25,T-10257,Cena,P-03,3
2025-12-25,T-10686,Cena,P-25,4
2025-12-25,T-10705,Cena,P-15,1
2025-12-25,T-11265,Cena,P-19,3
2025-12-25,T-11842,Comida,P-01,4
2025-12-25,T-12429,Cena,P-01,1
2025-12-25,T-12860,Cena,P-07,2
2025-12-25,T-12873,Cena,P-13,3
2025-12-25,T-14393,Cena,P-24,1
2025-12-25,T-14561,Comida,P-10,3
2025-12-25,T-14848,Comida,P-20,4
2025-12-25,T-14920,Cena,P-02,1
2025-12-25,T-15571,Cena,P-08,3
2025-12-25,T-15626,Cena,P-25,4
2025-12-25,T-15795,Cena,P-17,4
2025-12-25,T-16351,Comida,P-12,4
2025-12-25,T-16381,Comida,P-07,3
2025-12-25,T-16641,Cena,P-19,1
2025-12-25,T-17910,Comida,P-04,1
2025-12-25,T-17963,Comida,P-20,3
2025-12-26,T-10239,Cena,P-12,2
2025-12-26,T-10802,Comida,P-09,2
2025-12-26,T-11619,Cena,P-25,1
2025-12-26,T-11807,Comida,P-21,2
2025-12-26,T-12157,Cena,P-11,4
2025-12-26,T-12206,Cena,P-22,1
2025-12-26,T-12668,Comida,P-06,2
2025-12-26,T-13569,Cena,P-06,1
2025-12-26,T-13625,Cena,P-25,4
2025-12-26,T-13752,Cena,P-25,2
2025-12-26,T-13881,Cena,P-20,1
2025-12-26,T-14533,Cena,P-24,1
2025-12-26,T-14910,Comida,P-19,4
2025-12-26,T-15140,Cena,P-07,1
2025-12-26,T-15418,Cena,P-11,3
2025-12-26,T-15581,Comida,P-13,4
2025-12-26,T-15748,Cena,P-07,3
2025-12-26,T-15820,Cena,P-12,2
2025-12-26,T-17359,Cena,P-03,4
2025-12-26,T-17635,Cena,P-09,1
2025-12-26,T-17721,Comida,P-16,2
2025-12-26,T-17981,Cena,P-04,4
2025-12-26,T-17995,Comida,P-01,2
2025-12-27,T-10044,Comida,P-06,4
2025-12-27,T-10591,Cena,P-23,4
2025-12-27,T-10645,Comida,P-24,3
2025-12-27,T-10872,Cena,P-22,2
2025-12-27,T-11054,Comida,P-11,3
2025-12-27,T-11623,Cena,P-20,1
2025-12-27,T-12604,Comida,P-06,4
2025-12-27,T-12811,Cena,P-18,2
2025-12-27,T-13160,Cena,P-06,4
2025-12-27,T-13172,Cena,P-16,3
2025-12-27,T-13173,Cena,P-12,2
2025-12-27,T-13824,Comida,P-18,4
2025-12-27,T-15053,Comida,P-05,3
2025-12-27,T-15172,Cena,P-18,2
2025-12-27,T-15439,Cena,P-15,2
2025-12-27,T-15445,Cena,P-15,4
2025-12-27,T-15721,Cena,P-14,1
2025-12-27,T-17280,Cena,P-13,2
2025-12-27,T-17432,Cena,P-05,4
2025-12-27,T-17551,Cena,P-19,2
2025-12-28,T-10027,Comida,P-15,3
2025-12-28,T-10644,Comida,P-05,3
2025-12-28,T-11083,Cena,P-12,3
2025-12-28,T-11849,Comida,P-15,2
2025-12-28,T-11865,Cena,P-21,4
2025-12-28,T-12248,Comida,P-03,4
2025-12-28,T-12773,Comida,P-11,4
2025-12-28,T-12995,Cena,P-07,3
2025-12-28,T-14404,Comida,P-25,4
2025-12-28,T-14569,Cena,P-01,3
2025-12-28,T-15339,Comida,P-14,3
2025-12-28,T-15508,Cena,P-17,1
2025-12-28,T-16271,Comida,P-01,4
2025-12-28,T-16501,Comida,P-11,4
2025-12-28,T-17533,Cena,P-11,2
2025-12-29,T-10179,Cena,P-22,3
2025-12-29,T-11110,Comida,P-19,1
2025-12-29,T-11322,Comida,P-05,3
2025-12-29,T-11408,Cena,P-11,4
2025-12-29,T-11805,Comida,P-02,2
2025-12-29,T-11824,Cena,P-02,3
2025-12-29,T-13257,Cena,P-04,4
2025-12-29,T-13326,Cena,P-21,4
2025-12-29,T-13569,Comida,P-02,1
2025-12-29,T-13603,Cena,P-03,4
2025-12-29,T-14202,Cena,P-03,2
2025-12-29,T-14403,Cena,P-15,2
2025-12-29,T-14796,Cena,P-13,2
2025-12-29,T-15185,Cena,P-04,4
2025-12-29,T-15999,Comida,P-24,3
2025-12-29,T-16187,Cena,P-23,4
2025-12-29,T-16991,Cena,P-01,4
2025-12-29,T-17842,Comida,P-22,3
2025-12-29,T-17906,Cena,P-17,2
2025-12-30,T-10863,Comida,P-25,1
2025-12-30,T-10947,Cena,P-24,1
2025-12-30,T-11461,Comida,P-06,4
2025-12-30,T-11515,Comida,P-25,3
2025-12-30,T-11786,Cena,P-17,4
2025-12-30,T-12248,Comida,P-21,4
2025-12-30,T-12435,Cena,P-24,2
2025-12-30,T-12494,Cena,P-13,1
2025-12-30,T-12674,Cena,P-13,2
2025-12-30,T-14716,Cena,P-12,3
2025-12-30,T-14797,Cena,P-23,3
2025-12-30,T-15140,Cena,P-20,4
2025-12-30,T-15284,Comida,P-10,2
2025-12-30,T-15410,Cena,P-02,3
2025-12-30,T-15489,Comida,P-09,3
2025-12-30,T-15800,Comida,P-22,3
2025-12-30,T-16031,Cena,P-13,2
2025-12-30,T-16191,Comida,P-25,2
2025-12-30,T-16448,Comida,P-08,4
2025-12-30,T-17381,Comida,P-25,4
2025-12-30,T-17774,Cena,P-22,2
2025-12-31,T-10392,Comida,P-24,2
2025-12-31,T-10459,Comida,P-18,3
2025-12-31,T-10567,Cena,P-01,4
2025-12-31,T-12025,Cena,P-05,3
2025-12-31,T-12964,Cena,P-18,3
2025-12-31,T-13290,Comida,P-10,1
2025-12-31,T-14074,Comida,P-12,2
2025-12-31,T-14235,Cena,P-01,1
2025-12-31,T-14685,Cena,P-16,1
2025-12-31,T-14887,Cena,P-03,3
2025-12-31,T-15041,Comida,P-06,3
2025-12-31,T-15329,Cena,P-20,2
2025-12-31,T-16241,Comida,P-03,4
2025-12-31,T-16306,Comida,P-23,4
2025-12-31,T-16692,Cena,P-19,4
2025-12-31,T-17244,Comida,P-08,1
