id_ticket,fecha,turno,id_plato,cantidad,nombre_plato,categoria
T-13610,2024-12-28,Comida,P-01,4,Hamburguesa Smart,Principal
T-16164,2024-12-03,Cena,P-22,2,Te Verde,Bebida
T-13040,2025-07-03,Comida,P-02,1,Ensalada Cesar,Entrante
T-16803,2024-10-18,Comida,P-09,1,Gazpacho Andaluz,Entrante
T-14977,2024-11-13,Cena,P-08,4,Croquetas de Jamon,Entrante
T-16634,2024-01-18,Cena,P-17,2,Brownie con Helado,Postre
T-13151,2024-05-21,Cena,P-04,1,Tarta de Queso Casera,Postre
T-17181,2024-05-15,Comida,P-07,1,Pizza Margarita,Principal
T-17485,2025-08-21,Cena,P-04,4,Tarta de Queso Casera,Postre
T-11139,2024-09-26,Comida,P-20,1,Paella de Marisco,Principal
T-10581,2025-01-22,Cena,P-04,1,Tarta de Queso Casera,Postre
T-10529,2025-12-19,Cena,P-09,1,Gazpacho Andaluz,Entrante
T-13094,2025-03-13,Cena,P-10,2,Solomillo Iberico,Principal
T-13601,2025-01-09,Comida,P-20,2,Paella de Marisco,Principal
T-13183,2024-10-09,Comida,P-18,3,Ensaladilla Rusa,Entrante
T-11267,2024-11-03,Cena,P-20,1,Paella de Marisco,Principal
T-11078,2025-08-03,Cena,P-13,4,Bacalao al Horno,Principal
T-11787,2024-12-07,Comida,P-03,3,Pasta Carbonara IA,Principal
T-14328,2024-12-14,Cena,P-07,3,Pizza Margarita,Principal
T-10434,2024-07-31,Comida,P-01,3,Hamburguesa Smart,Principal
T-13558,2025-04-25,Cena,P-15,4,Cerveza Artesana,Bebida
T-12423,2024-10-13,Cena,P-15,3,Cerveza Artesana,Bebida
T-14284,2024-11-25,Cena,P-23,4,Tiramisu de la Casa,Postre
T-14015,2024-02-04,Cena,P-13,2,Bacalao al Horno,Principal
T-12524,2024-03-16,Cena,P-23,2,Tiramisu de la Casa,Postre
T-14877,2025-10-04,Cena,P-25,4,Canelones de Carne,Principal
T-16836,2025-09-28,Comida,P-05,3,Refresco Cola,Bebida
T-14580,2024-12-02,Cena,P-17,1,Brownie con Helado,Postre
T-12492,2024-11-14,Comida,P-14,4,Tortilla de Patatas,Entrante
T-10801,2025-06-02,Comida,P-05,2,Refresco Cola,Bebida
T-10220,2025-04-29,Comida,P-05,2,Refresco Cola,Bebida
T-10242,2025-11-02,Cena,P-11,1,Salmon a la Plancha,Principal
T-17495,2024-02-29,Cena,P-24,3,Nuggets de Pollo,Principal
T-12185,2025-04-23,Cena,P-11,3,Salmon a la Plancha,Principal
T-11181,2024-08-18,Comida,P-07,4,Pizza Margarita,Principal
T-17255,2024-08-26,Comida,P-02,1,Ensalada Cesar,Entrante
T-16995,2024-01-20,Cena,P-23,2,Tiramisu de la Casa,Postre
T-16498,2025-06-29,Comida,P-24,3,Nuggets de Pollo,Principal
T-16612,2025-06-01,Cena,P-15,2,Cerveza Artesana,Bebida
T-17680,2025-10-08,Comida,P-17,3,Brownie con Helado,Postre
T-12634,2024-01-29,Cena,P-11,2,Salmon a la Plancha,Principal
T-14011,2025-07-09,Cena,P-13,4,Bacalao al Horno,Principal
T-15886,2024-03-27,Cena,P-21,2,Cafe Solo,Bebida
T-12511,2025-04-05,Cena,P-02,3,Ensalada Cesar,Entrante
T-17442,2024-06-19,Comida,P-01,4,Hamburguesa Smart,Principal
T-13147,2024-01-08,Comida,P-03,1,Pasta Carbonara IA,Principal
T-12080,2024-12-21,Cena,P-25,4,Canelones de Carne,Principal
T-12258,2024-10-09,Cena,P-08,2,Croquetas de Jamon,Entrante
T-14043,2024-07-10,Cena,P-18,4,Ensaladilla Rusa,Entrante
T-13921,2025-10-10,Comida,P-02,2,Ensalada Cesar,Entrante
T-14180,2025-04-06,Cena,P-23,1,Tiramisu de la Casa,Postre
T-10505,2024-11-19,Cena,P-25,4,Canelones de Carne,Principal
T-17974,2025-05-27,Cena,P-21,1,Cafe Solo,Bebida
T-10969,2024-08-05,Cena,P-16,2,Agua Mineral,Bebida
T-14765,2025-01-03,Cena,P-21,3,Cafe Solo,Bebida
T-11664,2024-03-06,Cena,P-05,4,Refresco Cola,Bebida
T-17382,2025-03-28,Comida,P-15,4,Cerveza Artesana,Bebida
T-14796,2025-12-29,Cena,P-13,2,Bacalao al Horno,Principal
T-14030,2025-09-20,Comida,P-10,4,Solomillo Iberico,Principal
T-11070,2024-09-29,Cena,P-17,2,Brownie con Helado,Postre
T-16833,2024-06-07,Comida,P-06,1,Vino Tinto Copa,Bebida
T-13509,2024-10-27,Cena,P-04,4,Tarta de Queso Casera,Postre
T-17086,2024-03-22,Cena,P-11,3,Salmon a la Plancha,Principal
T-17747,2025-01-28,Comida,P-19,3,Entrecot Ternera,Principal
T-13139,2024-01-23,Comida,P-02,2,Ensalada Cesar,Entrante
T-16932,2024-06-26,Cena,P-16,4,Agua Mineral,Bebida
T-13223,2024-11-01,Cena,P-11,4,Salmon a la Plancha,Principal
T-16746,2024-03-08,Cena,P-17,4,Brownie con Helado,Postre
T-12011,2025-01-30,Cena,P-22,4,Te Verde,Bebida
T-10391,2024-04-13,Cena,P-01,4,Hamburguesa Smart,Principal
T-14906,2025-01-27,Cena,P-17,4,Brownie con Helado,Postre
T-13274,2024-01-28,Cena,P-01,2,Hamburguesa Smart,Principal
T-11790,2024-10-23,Comida,P-02,3,Ensalada Cesar,Entrante
T-12478,2024-08-31,Cena,P-25,1,Canelones de Carne,Principal
T-14774,2024-04-04,Cena,P-11,1,Salmon a la Plancha,Principal
T-15103,2024-09-19,Cena,P-18,3,Ensaladilla Rusa,Entrante
T-12296,2024-02-01,Cena,P-02,4,Ensalada Cesar,Entrante
T-11793,2024-07-05,Cena,P-13,3,Bacalao al Horno,Principal
T-15524,2025-05-30,Cena,P-17,4,Brownie con Helado,Postre
T-12937,2025-05-16,Comida,P-24,4,Nuggets de Pollo,Principal
T-14513,2025-03-02,Cena,P-06,2,Vino Tinto Copa,Bebida
T-17191,2025-01-12,Cena,P-19,1,Entrecot Ternera,Principal
T-14417,2025-06-30,Cena,P-02,3,Ensalada Cesar,Entrante
T-17248,2024-08-15,Cena,P-17,4,Brownie con Helado,Postre
T-11136,2025-02-02,Cena,P-05,2,Refresco Cola,Bebida
T-15665,2025-05-18,Cena,P-17,2,Brownie con Helado,Postre
T-17380,2024-12-24,Cena,P-19,2,Entrecot Ternera,Principal
T-13676,2025-04-21,Cena,P-04,2,Tarta de Queso Casera,Postre
T-10475,2024-05-05,Cena,P-04,1,Tarta de Queso Casera,Postre
T-10632,2025-06-03,Comida,P-18,3,Ensaladilla Rusa,Entrante
T-10589,2025-03-28,Cena,P-06,2,Vino Tinto Copa,Bebida
T-11800,2024-07-24,Cena,P-17,4,Brownie con Helado,Postre
T-16631,2025-11-11,Cena,P-09,3,Gazpacho Andaluz,Entrante
T-13043,2024-08-14,Comida,P-06,3,Vino Tinto Copa,Bebida
T-14758,2025-09-19,Cena,P-20,1,Paella de Marisco,Principal
T-14181,2025-05-03,Cena,P-24,1,Nuggets de Pollo,Principal
T-15902,2024-09-15,Comida,P-08,3,Croquetas de Jamon,Entrante
T-11834,2025-03-29,Cena,P-02,3,Ensalada Cesar,Entrante
T-10376,2024-04-12,Cena,P-09,3,Gazpacho Andaluz,Entrante
T-16480,2025-06-23,Comida,P-12,3,Risotto de Setas,Principal
T-14948,2025-03-05,Cena,P-18,3,Ensaladilla Rusa,Entrante
T-10204,2024-05-22,Cena,P-11,2,Salmon a la Plancha,Principal
T-10268,2024-03-17,Comida,P-12,1,Risotto de Setas,Principal
T-11427,2025-12-08,Cena,P-04,1,Tarta de Queso Casera,Postre
T-11946,2024-07-29,Cena,P-16,4,Agua Mineral,Bebida
T-15891,2024-05-14,Comida,P-04,4,Tarta de Queso Casera,Postre
T-10944,2025-11-29,Comida,P-14,3,Tortilla de Patatas,Entrante
T-16729,2024-03-31,Comida,P-13,2,Bacalao al Horno,Principal
T-17398,2025-12-19,Cena,P-23,1,Tiramisu de la Casa,Postre
T-11790,2025-02-16,Comida,P-24,3,Nuggets de Pollo,Principal
T-13218,2024-12-26,Cena,P-01,4,Hamburguesa Smart,Principal
T-17256,2024-11-30,Comida,P-05,3,Refresco Cola,Bebida
T-14081,2025-10-14,Comida,P-20,3,Paella de Marisco,Principal
T-14496,2025-08-20,Comida,P-15,3,Cerveza Artesana,Bebida
T-11748,2024-01-18,Comida,P-04,3,Tarta de Queso Casera,Postre
T-11254,2024-07-13,Cena,P-05,3,Refresco Cola,Bebida
T-10689,2024-04-11,Comida,P-23,2,Tiramisu de la Casa,Postre
T-16629,2025-05-10,Cena,P-19,4,Entrecot Ternera,Principal
T-14782,2024-04-29,Cena,P-10,2,Solomillo Iberico,Principal
T-12205,2024-03-30,Comida,P-11,4,Salmon a la Plancha,Principal
T-14375,2024-05-30,Comida,P-22,2,Te Verde,Bebida
T-16797,2025-09-19,Cena,P-21,3,Cafe Solo,Bebida
T-14646,2025-01-31,Comida,P-17,3,Brownie con Helado,Postre
T-17604,2024-02-08,Cena,P-20,3,Paella de Marisco,Principal
T-16139,2024-03-15,Comida,P-16,3,Agua Mineral,Bebida
T-17898,2025-07-11,Cena,P-03,4,Pasta Carbonara IA,Principal
T-15169,2025-06-01,Cena,P-13,2,Bacalao al Horno,Principal
T-14263,2024-08-17,Comida,P-03,1,Pasta Carbonara IA,Principal
T-14898,2025-09-26,Cena,P-06,4,Vino Tinto Copa,Bebida
T-12583,2025-10-24,Cena,P-25,1,Canelones de Carne,Principal
T-12175,2025-12-07,Cena,P-01,4,Hamburguesa Smart,Principal
T-11791,2024-11-29,Cena,P-11,1,Salmon a la Plancha,Principal
T-12978,2024-08-30,Cena,P-25,4,Canelones de Carne,Principal
T-15251,2024-08-08,Comida,P-13,1,Bacalao al Horno,Principal
T-15377,2024-09-05,Comida,P-19,3,Entrecot Ternera,Principal
T-16195,2025-02-21,Cena,P-03,2,Pasta Carbonara IA,Principal
T-15553,2024-02-07,Cena,P-02,3,Ensalada Cesar,Entrante
T-12090,2025-06-22,Cena,P-15,1,Cerveza Artesana,Bebida
T-16705,2025-08-28,Comida,P-18,2,Ensaladilla Rusa,Entrante
T-12617,2025-08-04,Comida,P-11,2,Salmon a la Plancha,Principal
T-16980,2024-02-06,Comida,P-11,4,Salmon a la Plancha,Principal
T-16809,2025-04-07,Cena,P-02,1,Ensalada Cesar,Entrante
T-17223,2024-05-07,Comida,P-08,2,Croquetas de Jamon,Entrante
T-15098,2024-04-05,Comida,P-21,4,Cafe Solo,Bebida
T-17191,2024-08-05,Cena,P-22,3,Te Verde,Bebida
T-12084,2024-09-25,Cena,P-24,1,Nuggets de Pollo,Principal
T-12621,2024-04-12,Comida,P-12,2,Risotto de Setas,Principal
T-17033,2024-08-23,Cena,P-24,4,Nuggets de Pollo,Principal
T-14414,2025-07-27,Cena,P-01,3,Hamburguesa Smart,Principal
T-13782,2025-10-13,Cena,P-10,1,Solomillo Iberico,Principal
T-11845,2025-11-10,Comida,P-09,4,Gazpacho Andaluz,Entrante
T-17848,2024-07-09,Cena,P-25,3,Canelones de Carne,Principal
T-10940,2024-01-13,Comida,P-08,3,Croquetas de Jamon,Entrante
T-10823,2024-04-11,Cena,P-11,2,Salmon a la Plancha,Principal
T-10445,2025-03-19,Cena,P-11,1,Salmon a la Plancha,Principal
T-14098,2024-12-07,Comida,P-17,1,Brownie con Helado,Postre
T-11969,2024-11-03,Cena,P-17,1,Brownie con Helado,Postre
T-13179,2024-11-16,Cena,P-24,4,Nuggets de Pollo,Principal
T-11123,2024-10-22,Comida,P-21,2,Cafe Solo,Bebida
T-12837,2024-12-12,Cena,P-22,2,Te Verde,Bebida
T-13835,2025-08-01,Cena,P-18,4,Ensaladilla Rusa,Entrante
T-15874,2024-12-24,Cena,P-21,4,Cafe Solo,Bebida
T-12772,2025-02-01,Cena,P-17,2,Brownie con Helado,Postre
T-17830,2024-02-24,Cena,P-03,2,Pasta Carbonara IA,Principal
T-14806,2024-04-15,Cena,P-23,3,Tiramisu de la Casa,Postre
T-14068,2024-01-23,Comida,P-14,3,Tortilla de Patatas,Entrante
T-17622,2024-03-14,Cena,P-07,2,Pizza Margarita,Principal
T-12878,2024-08-08,Cena,P-10,4,Solomillo Iberico,Principal
T-13660,2025-02-20,Comida,P-19,2,Entrecot Ternera,Principal
T-17842,2025-12-29,Comida,P-22,3,Te Verde,Bebida
T-11542,2025-03-05,Cena,P-04,1,Tarta de Queso Casera,Postre
T-14475,2024-08-31,Cena,P-02,1,Ensalada Cesar,Entrante
T-16275,2025-08-12,Cena,P-11,4,Salmon a la Plancha,Principal
T-14843,2024-04-14,Comida,P-20,3,Paella de Marisco,Principal
T-15797,2025-09-21,Cena,P-02,4,Ensalada Cesar,Entrante
T-16614,2024-02-07,Cena,P-22,3,Te Verde,Bebida
T-16462,2024-01-02,Comida,P-21,3,Cafe Solo,Bebida
T-13591,2025-01-01,Cena,P-04,3,Tarta de Queso Casera,Postre
T-12812,2025-09-10,Cena,P-04,1,Tarta de Queso Casera,Postre
T-13913,2025-07-21,Cena,P-13,4,Bacalao al Horno,Principal
T-13511,2025-10-19,Cena,P-18,1,Ensaladilla Rusa,Entrante
T-13861,2025-03-15,Cena,P-25,4,Canelones de Carne,Principal
T-16687,2025-03-18,Comida,P-03,4,Pasta Carbonara IA,Principal
T-15777,2025-03-27,Cena,P-03,1,Pasta Carbonara IA,Principal
T-16350,2024-02-29,Comida,P-22,2,Te Verde,Bebida
T-15682,2025-04-02,Cena,P-08,1,Croquetas de Jamon,Entrante
T-12422,2024-08-22,Cena,P-06,4,Vino Tinto Copa,Bebida
T-10850,2024-08-29,Comida,P-07,3,Pizza Margarita,Principal
T-10161,2024-11-04,Cena,P-11,4,Salmon a la Plancha,Principal
T-11002,2025-12-08,Cena,P-08,1,Croquetas de Jamon,Entrante
T-17603,2024-07-02,Comida,P-23,4,Tiramisu de la Casa,Postre
T-13428,2024-07-09,Cena,P-01,2,Hamburguesa Smart,Principal
T-14753,2025-05-11,Comida,P-07,2,Pizza Margarita,Principal
T-12320,2024-09-21,Cena,P-11,3,Salmon a la Plancha,Principal
T-16867,2024-05-12,Cena,P-08,1,Croquetas de Jamon,Entrante
T-11210,2024-03-26,Cena,P-21,1,Cafe Solo,Bebida
T-11344,2024-04-19,Comida,P-07,4,Pizza Margarita,Principal
T-12371,2025-08-29,Cena,P-13,3,Bacalao al Horno,Principal
T-11541,2025-10-26,Cena,P-10,1,Solomillo Iberico,Principal
T-10254,2024-06-03,Cena,P-16,3,Agua Mineral,Bebida
T-15398,2025-10-08,Cena,P-23,4,Tiramisu de la Casa,Postre
T-15090,2025-10-11,Comida,P-22,2,Te Verde,Bebida
T-17218,2024-10-14,Cena,P-17,2,Brownie con Helado,Postre
T-14829,2024-08-27,Cena,P-21,2,Cafe Solo,Bebida
T-16280,2025-09-18,Comida,P-13,4,Bacalao al Horno,Principal
T-17979,2025-07-11,Cena,P-14,1,Tortilla de Patatas,Entrante
T-11979,2025-08-07,Cena,P-17,4,Brownie con Helado,Postre
T-14103,2024-08-31,Comida,P-21,2,Cafe Solo,Bebida
T-16347,2024-11-17,Comida,P-24,3,Nuggets de Pollo,Principal
T-11734,2025-08-29,Comida,P-18,1,Ensaladilla Rusa,Entrante
T-15794,2025-06-26,Cena,P-14,2,Tortilla de Patatas,Entrante
T-12235,2024-09-24,Comida,P-02,4,Ensalada Cesar,Entrante
T-17685,2024-07-03,Cena,P-24,3,Nuggets de Pollo,Principal
T-14651,2024-10-31,Comida,P-23,4,Tiramisu de la Casa,Postre
T-14957,2024-11-27,Comida,P-12,4,Risotto de Setas,Principal
T-14643,2025-02-15,Comida,P-20,2,Paella de Marisco,Principal
T-15821,2024-05-13,Comida,P-09,1,Gazpacho Andaluz,Entrante
T-10517,2024-04-22,Cena,P-13,4,Bacalao al Horno,Principal
T-13435,2024-12-31,Cena,P-19,2,Entrecot Ternera,Principal
T-12835,2024-09-08,Cena,P-18,1,Ensaladilla Rusa,Entrante
T-15768,2025-10-24,Comida,P-09,2,Gazpacho Andaluz,Entrante
T-10748,2024-12-24,Comida,P-25,4,Canelones de Carne,Principal
T-12824,2024-02-06,Cena,P-07,3,Pizza Margarita,Principal
T-17188,2025-05-29,Comida,P-05,2,Refresco Cola,Bebida
T-12834,2025-01-24,Comida,P-20,3,Paella de Marisco,Principal
T-10509,2025-08-10,Cena,P-02,4,Ensalada Cesar,Entrante
T-14681,2024-09-24,Cena,P-21,1,Cafe Solo,Bebida
T-10414,2025-03-26,Cena,P-20,2,Paella de Marisco,Principal
T-11883,2025-02-26,Cena,P-19,2,Entrecot Ternera,Principal
T-10287,2024-10-08,Comida,P-04,3,Tarta de Queso Casera,Postre
T-12018,2025-07-11,Cena,P-09,2,Gazpacho Andaluz,Entrante
T-10702,2025-07-03,Comida,P-13,4,Bacalao al Horno,Principal
T-10117,2024-02-02,Comida,P-24,2,Nuggets de Pollo,Principal
T-14314,2025-02-25,Comida,P-06,1,Vino Tinto Copa,Bebida
T-13824,2024-05-27,Comida,P-07,4,Pizza Margarita,Principal
T-12987,2024-06-11,Comida,P-09,3,Gazpacho Andaluz,Entrante
T-10687,2024-12-18,Comida,P-03,4,Pasta Carbonara IA,Principal
T-11791,2025-04-15,Comida,P-24,2,Nuggets de Pollo,Principal
T-17868,2024-10-31,Cena,P-24,3,Nuggets de Pollo,Principal
T-17018,2024-07-24,Cena,P-11,4,Salmon a la Plancha,Principal
T-12126,2024-01-21,Cena,P-13,2,Bacalao al Horno,Principal
T-14619,2025-02-26,Cena,P-24,2,Nuggets de Pollo,Principal
T-14699,2024-06-13,Cena,P-10,3,Solomillo Iberico,Principal
T-16178,2025-07-14,Cena,P-06,4,Vino Tinto Copa,Bebida
T-17046,2024-08-24,Comida,P-15,4,Cerveza Artesana,Bebida
T-11683,2025-10-12,Cena,P-15,4,Cerveza Artesana,Bebida
T-11734,2025-09-07,Comida,P-02,4,Ensalada Cesar,Entrante
T-12940,2025-01-21,Comida,P-07,2,Pizza Margarita,Principal
T-11743,2025-03-07,Cena,P-19,4,Entrecot Ternera,Principal
T-12766,2025-10-17,Cena,P-14,2,Tortilla de Patatas,Entrante
T-10305,2024-07-22,Comida,P-23,1,Tiramisu de la Casa,Postre
T-10150,2025-09-30,Comida,P-11,3,Salmon a la Plancha,Principal
T-12726,2025-09-07,Cena,P-03,2,Pasta Carbonara IA,Principal
T-14796,2024-07-05,Cena,P-25,1,Canelones de Carne,Principal
T-11970,2024-11-18,Cena,P-24,2,Nuggets de Pollo,Principal
T-10919,2025-08-06,Cena,P-17,3,Brownie con Helado,Postre
T-17383,2024-07-19,Cena,P-14,2,Tortilla de Patatas,Entrante
T-11177,2024-12-06,Cena,P-18,3,Ensaladilla Rusa,Entrante
T-11276,2025-10-27,Comida,P-21,1,Cafe Solo,Bebida
T-15571,2025-05-31,Comida,P-01,4,Hamburguesa Smart,Principal
T-14530,2025-07-08,Cena,P-16,1,Agua Mineral,Bebida
T-14104,2024-08-02,Cena,P-14,3,Tortilla de Patatas,Entrante
T-12393,2025-03-29,Cena,P-15,1,Cerveza Artesana,Bebida
T-16815,2024-08-15,Comida,P-04,4,Tarta de Queso Casera,Postre
T-12284,2025-06-28,Comida,P-15,3,Cerveza Artesana,Bebida
T-12776,2025-07-21,Cena,P-22,2,Te Verde,Bebida
T-12751,2024-07-01,Cena,P-03,4,Pasta Carbonara IA,Principal
T-10050,2024-12-29,Comida,P-13,3,Bacalao al Horno,Principal
T-10361,2024-06-13,Cena,P-12,3,Risotto de Setas,Principal
T-16610,2025-06-14,Cena,P-11,4,Salmon a la Plancha,Principal
T-11910,2025-11-24,Comida,P-22,2,Te Verde,Bebida
T-15084,2025-01-15,Cena,P-10,1,Solomillo Iberico,Principal
T-12801,2024-01-27,Cena,P-12,2,Risotto de Setas,Principal
T-14051,2025-05-10,Cena,P-01,4,Hamburguesa Smart,Principal
T-12898,2025-11-18,Comida,P-01,1,Hamburguesa Smart,Principal
T-10302,2024-01-10,Comida,P-17,4,Brownie con Helado,Postre
T-13065,2025-08-22,Comida,P-15,4,Cerveza Artesana,Bebida
T-11527,2025-03-21,Cena,P-09,1,Gazpacho Andaluz,Entrante
T-17040,2025-11-29,Cena,P-23,2,Tiramisu de la Casa,Postre
T-13872,2024-12-23,Comida,P-10,3,Solomillo Iberico,Principal
T-15016,2024-04-22,Cena,P-10,3,Solomillo Iberico,Principal
T-15756,2025-01-03,Cena,P-24,4,Nuggets de Pollo,Principal
T-17721,2025-04-23,Cena,P-19,1,Entrecot Ternera,Principal
T-10679,2024-01-24,Cena,P-19,2,Entrecot Ternera,Principal
T-10988,2025-04-04,Cena,P-16,1,Agua Mineral,Bebida
T-15640,2024-04-08,Cena,P-12,1,Risotto de Setas,Principal
T-11021,2024-04-29,Comida,P-15,2,Cerveza Artesana,Bebida
T-12581,2024-06-25,Cena,P-11,3,Salmon a la Plancha,Principal
T-15679,2025-04-10,Comida,P-20,3,Paella de Marisco,Principal
T-16233,2024-08-30,Cena,P-11,1,Salmon a la Plancha,Principal
T-11514,2024-09-26,Comida,P-10,4,Solomillo Iberico,Principal
T-15739,2024-01-29,Cena,P-03,2,Pasta Carbonara IA,Principal
T-10538,2025-02-01,Cena,P-20,2,Paella de Marisco,Principal
T-14111,2025-04-05,Comida,P-09,4,Gazpacho Andaluz,Entrante
T-15717,2024-01-11,Cena,P-01,2,Hamburguesa Smart,Principal
T-11916,2025-12-05,Comida,P-08,2,Croquetas de Jamon,Entrante
T-12078,2025-11-11,Cena,P-15,1,Cerveza Artesana,Bebida
T-12713,2024-08-18,Cena,P-20,1,Paella de Marisco,Principal
T-15074,2024-02-18,Cena,P-12,2,Risotto de Setas,Principal
T-15766,2025-04-08,Comida,P-24,2,Nuggets de Pollo,Principal
T-17412,2024-10-06,Comida,P-21,2,Cafe Solo,Bebida
T-16680,2024-03-19,Cena,P-03,3,Pasta Carbonara IA,Principal
T-16049,2024-03-16,Cena,P-16,4,Agua Mineral,Bebida
T-13364,2025-01-01,Cena,P-02,4,Ensalada Cesar,Entrante
T-16117,2025-07-30,Comida,P-14,1,Tortilla de Patatas,Entrante
T-15043,2025-03-19,Cena,P-18,1,Ensaladilla Rusa,Entrante
T-12379,2024-11-14,Comida,P-12,1,Risotto de Setas,Principal
T-11205,2024-03-12,Comida,P-12,2,Risotto de Setas,Principal
T-10167,2025-08-16,Comida,P-21,1,Cafe Solo,Bebida
T-14746,2024-01-22,Comida,P-12,1,Risotto de Setas,Principal
T-12144,2025-03-13,Comida,P-23,3,Tiramisu de la Casa,Postre
T-11665,2025-09-29,Cena,P-09,2,Gazpacho Andaluz,Entrante
T-14056,2024-07-05,Cena,P-14,3,Tortilla de Patatas,Entrante
T-17533,2025-12-28,Cena,P-11,2,Salmon a la Plancha,Principal
T-10898,2024-02-15,Cena,P-05,2,Refresco Cola,Bebida
T-14218,2025-12-09,Cena,P-21,2,Cafe Solo,Bebida
T-17831,2024-09-24,Cena,P-10,1,Solomillo Iberico,Principal
T-10134,2024-02-22,Comida,P-13,1,Bacalao al Horno,Principal
T-14187,2024-09-23,Comida,P-20,4,Paella de Marisco,Principal
T-16043,2025-07-30,Comida,P-11,4,Salmon a la Plancha,Principal
T-17899,2025-08-05,Comida,P-23,2,Tiramisu de la Casa,Postre
T-10225,2025-12-20,Cena,P-02,1,Ensalada Cesar,Entrante
T-10086,2025-05-19,Cena,P-06,2,Vino Tinto Copa,Bebida
T-12299,2025-07-06,Comida,P-16,2,Agua Mineral,Bebida
T-17580,2025-10-24,Cena,P-01,1,Hamburguesa Smart,Principal
T-17622,2024-03-03,Cena,P-14,4,Tortilla de Patatas,Entrante
T-10705,2025-08-19,Cena,P-10,4,Solomillo Iberico,Principal
T-14451,2024-11-15,Cena,P-17,4,Brownie con Helado,Postre
T-17958,2024-11-01,Cena,P-18,2,Ensaladilla Rusa,Entrante
T-11362,2025-03-16,Comida,P-10,3,Solomillo Iberico,Principal
T-14545,2025-10-25,Cena,P-03,2,Pasta Carbonara IA,Principal
T-11312,2024-07-03,Cena,P-19,4,Entrecot Ternera,Principal
T-11587,2024-02-23,Cena,P-05,4,Refresco Cola,Bebida
T-16595,2024-09-21,Comida,P-10,4,Solomillo Iberico,Principal
T-13432,2025-10-05,Comida,P-08,2,Croquetas de Jamon,Entrante
T-12166,2025-07-30,Comida,P-06,3,Vino Tinto Copa,Bebida
T-16628,2024-07-08,Cena,P-08,2,Croquetas de Jamon,Entrante
T-16191,2025-09-07,Comida,P-14,4,Tortilla de Patatas,Entrante
T-10377,2025-02-05,Cena,P-17,2,Brownie con Helado,Postre
T-17184,2025-05-14,Cena,P-20,1,Paella de Marisco,Principal
T-11857,2025-08-14,Cena,P-19,3,Entrecot Ternera,Principal
T-15539,2024-11-20,Comida,P-06,2,Vino Tinto Copa,Bebida
T-11583,2025-04-30,Comida,P-14,4,Tortilla de Patatas,Entrante
T-13283,2024-03-05,Cena,P-05,1,Refresco Cola,Bebida
T-15684,2024-04-16,Comida,P-02,1,Ensalada Cesar,Entrante
T-13252,2025-08-10,Cena,P-15,3,Cerveza Artesana,Bebida
T-17209,2025-05-20,Cena,P-23,4,Tiramisu de la Casa,Postre
T-13703,2024-03-07,Cena,P-19,3,Entrecot Ternera,Principal
T-17957,2024-10-23,Comida,P-01,2,Hamburguesa Smart,Principal
T-16641,2025-12-25,Cena,P-19,1,Entrecot Ternera,Principal
T-12429,2024-02-16,Cena,P-09,3,Gazpacho Andaluz,Entrante
T-10388,2024-10-25,Cena,P-13,1,Bacalao al Horno,Principal
T-16827,2024-12-25,Cena,P-03,2,Pasta Carbonara IA,Principal
T-13109,2025-05-28,Cena,P-25,1,Canelones de Carne,Principal
T-16930,2025-12-10,Cena,P-10,3,Solomillo Iberico,Principal
T-12757,2025-10-10,Cena,P-21,2,Cafe Solo,Bebida
T-16941,2024-01-27,Comida,P-02,3,Ensalada Cesar,Entrante
T-16141,2024-11-28,Comida,P-25,1,Canelones de Carne,Principal
T-14147,2025-09-19,Comida,P-06,4,Vino Tinto Copa,Bebida
T-15052,2024-05-08,Comida,P-17,4,Brownie con Helado,Postre
T-12022,2025-07-21,Comida,P-24,2,Nuggets de Pollo,Principal
T-15160,2024-07-30,Comida,P-17,1,Brownie con Helado,Postre
T-13803,2025-06-11,Comida,P-01,2,Hamburguesa Smart,Principal
T-14888,2024-08-28,Comida,P-01,2,Hamburguesa Smart,Principal
T-15419,2024-06-13,Cena,P-02,1,Ensalada Cesar,Entrante
T-16072,2024-08-28,Cena,P-19,2,Entrecot Ternera,Principal
T-17735,2025-09-09,Cena,P-14,3,Tortilla de Patatas,Entrante
T-13440,2024-10-20,Cena,P-25,3,Canelones de Carne,Principal
T-10327,2025-11-26,Comida,P-08,4,Croquetas de Jamon,Entrante
T-14611,2025-01-02,Cena,P-07,4,Pizza Margarita,Principal
T-13309,2025-04-05,Cena,P-04,3,Tarta de Queso Casera,Postre
T-11374,2024-10-30,Cena,P-23,4,Tiramisu de la Casa,Postre
T-15753,2025-03-30,Cena,P-02,4,Ensalada Cesar,Entrante
T-17250,2024-06-23,Cena,P-19,2,Entrecot Ternera,Principal
T-11298,2025-10-17,Cena,P-12,2,Risotto de Setas,Principal
T-13727,2024-07-07,Comida,P-12,2,Risotto de Setas,Principal
T-17208,2024-01-18,Comida,P-25,4,Canelones de Carne,Principal
T-12489,2025-12-07,Cena,P-20,3,Paella de Marisco,Principal
T-10834,2025-09-30,Cena,P-25,3,Canelones de Carne,Principal
T-11355,2025-01-17,Comida,P-06,2,Vino Tinto Copa,Bebida
T-16064,2024-06-09,Comida,P-18,2,Ensaladilla Rusa,Entrante
T-14152,2024-12-13,Cena,P-24,2,Nuggets de Pollo,Principal
T-10679,2024-08-07,Comida,P-02,1,Ensalada Cesar,Entrante
T-13805,2025-03-04,Cena,P-20,4,Paella de Marisco,Principal
T-16373,2025-08-01,Cena,P-07,4,Pizza Margarita,Principal
T-15701,2025-02-07,Cena,P-03,4,Pasta Carbonara IA,Principal
T-17228,2025-08-27,Cena,P-19,3,Entrecot Ternera,Principal
T-15990,2024-06-09,Cena,P-22,2,Te Verde,Bebida
T-13360,2024-07-04,Cena,P-11,1,Salmon a la Plancha,Principal
T-10474,2024-11-26,Cena,P-07,3,Pizza Margarita,Principal
T-15002,2024-01-22,Comida,P-24,2,Nuggets de Pollo,Principal
T-11561,2024-02-23,Comida,P-21,3,Cafe Solo,Bebida
T-16972,2024-08-16,Cena,P-02,3,Ensalada Cesar,Entrante
T-16656,2025-06-24,Comida,P-22,2,Te Verde,Bebida
T-12790,2024-01-01,Cena,P-01,1,Hamburguesa Smart,Principal
T-14639,2025-04-11,Comida,P-06,3,Vino Tinto Copa,Bebida
T-13255,2024-08-21,Cena,P-17,1,Brownie con Helado,Postre
T-13214,2025-12-10,Comida,P-03,2,Pasta Carbonara IA,Principal
T-14382,2024-02-29,Cena,P-03,1,Pasta Carbonara IA,Principal
T-12491,2024-01-20,Comida,P-10,1,Solomillo Iberico,Principal
T-12643,2024-02-27,Cena,P-20,4,Paella de Marisco,Principal
T-14206,2025-03-28,Comida,P-11,1,Salmon a la Plancha,Principal
T-14398,2025-03-19,Comida,P-21,4,Cafe Solo,Bebida
T-12497,2024-05-03,Cena,P-01,4,Hamburguesa Smart,Principal
T-16346,2024-06-25,Comida,P-13,3,Bacalao al Horno,Principal
T-12823,2025-07-19,Comida,P-10,4,Solomillo Iberico,Principal
T-10257,2025-03-05,Cena,P-10,2,Solomillo Iberico,Principal
T-11216,2024-05-10,Comida,P-20,1,Paella de Marisco,Principal
T-13699,2025-11-16,Comida,P-14,3,Tortilla de Patatas,Entrante
T-10686,2025-12-25,Cena,P-25,4,Canelones de Carne,Principal
T-14314,2024-06-03,Comida,P-20,4,Paella de Marisco,Principal
T-14103,2025-12-21,Cena,P-25,4,Canelones de Carne,Principal
T-16061,2024-02-19,Cena,P-17,3,Brownie con Helado,Postre
T-16640,2024-09-16,Cena,P-03,3,Pasta Carbonara IA,Principal
T-16605,2024-03-20,Comida,P-23,4,Tiramisu de la Casa,Postre
T-15746,2025-11-18,Cena,P-09,4,Gazpacho Andaluz,Entrante
T-17061,2024-03-07,Cena,P-13,2,Bacalao al Horno,Principal
T-11869,2024-09-18,Cena,P-12,4,Risotto de Setas,Principal
T-15621,2024-04-27,Cena,P-16,4,Agua Mineral,Bebida
T-14327,2024-03-25,Comida,P-23,4,Tiramisu de la Casa,Postre
T-13983,2025-03-09,Cena,P-21,3,Cafe Solo,Bebida
T-12914,2024-06-24,Cena,P-13,4,Bacalao al Horno,Principal
T-14074,2025-12-31,Comida,P-12,2,Risotto de Setas,Principal
T-11213,2024-07-03,Comida,P-01,2,Hamburguesa Smart,Principal
T-12527,2024-06-01,Comida,P-15,1,Cerveza Artesana,Bebida
T-10020,2024-03-18,Cena,P-02,3,Ensalada Cesar,Entrante
T-17221,2025-08-09,Cena,P-04,2,Tarta de Queso Casera,Postre
T-17305,2024-02-07,Comida,P-13,4,Bacalao al Horno,Principal
T-11603,2025-06-25,Comida,P-10,1,Solomillo Iberico,Principal
T-12372,2024-03-15,Cena,P-02,3,Ensalada Cesar,Entrante
T-15163,2024-09-16,Comida,P-10,4,Solomillo Iberico,Principal
T-11542,2025-02-11,Cena,P-11,2,Salmon a la Plancha,Principal
T-12179,2025-05-31,Comida,P-25,3,Canelones de Carne,Principal
T-12043,2025-12-11,Cena,P-05,4,Refresco Cola,Bebida
T-10357,2025-09-03,Comida,P-09,3,Gazpacho Andaluz,Entrante
T-12584,2025-09-22,Cena,P-21,1,Cafe Solo,Bebida
T-16841,2024-10-29,Cena,P-25,3,Canelones de Carne,Principal
T-10559,2024-08-16,Cena,P-02,3,Ensalada Cesar,Entrante
T-12843,2024-10-12,Cena,P-17,3,Brownie con Helado,Postre
T-13326,2025-09-01,Cena,P-11,2,Salmon a la Plancha,Principal
T-14794,2025-04-14,Comida,P-04,2,Tarta de Queso Casera,Postre
T-12676,2024-01-11,Cena,P-12,4,Risotto de Setas,Principal
T-17585,2025-10-28,Comida,P-11,4,Salmon a la Plancha,Principal
T-11146,2024-06-16,Cena,P-24,1,Nuggets de Pollo,Principal
T-15490,2025-02-17,Cena,P-08,3,Croquetas de Jamon,Entrante
T-15334,2025-03-29,Cena,P-21,3,Cafe Solo,Bebida
T-15815,2024-02-20,Cena,P-07,2,Pizza Margarita,Principal
T-17120,2025-03-18,Cena,P-05,1,Refresco Cola,Bebida
T-11440,2024-02-27,Cena,P-22,4,Te Verde,Bebida
T-10554,2024-12-30,Cena,P-18,4,Ensaladilla Rusa,Entrante
T-12472,2024-04-19,Comida,P-17,2,Brownie con Helado,Postre
T-11153,2024-03-01,Comida,P-12,2,Risotto de Setas,Principal
T-15032,2024-10-22,Cena,P-02,2,Ensalada Cesar,Entrante
T-16060,2024-03-15,Cena,P-20,2,Paella de Marisco,Principal
T-10031,2025-06-28,Cena,P-06,2,Vino Tinto Copa,Bebida
T-12054,2025-09-11,Comida,P-24,1,Nuggets de Pollo,Principal
T-10257,2024-11-08,Cena,P-22,3,Te Verde,Bebida
T-17976,2025-10-16,Cena,P-16,1,Agua Mineral,Bebida
T-15093,2025-07-04,Cena,P-17,1,Brownie con Helado,Postre
T-17516,2024-05-07,Cena,P-11,1,Salmon a la Plancha,Principal
T-17400,2024-09-09,Cena,P-07,3,Pizza Margarita,Principal
T-12945,2024-08-13,Comida,P-22,4,Te Verde,Bebida
T-11673,2024-04-05,Cena,P-06,1,Vino Tinto Copa,Bebida
T-15876,2024-05-12,Comida,P-22,3,Te Verde,Bebida
T-17481,2024-12-01,Cena,P-24,1,Nuggets de Pollo,Principal
T-16867,2025-08-17,Cena,P-09,3,Gazpacho Andaluz,Entrante
T-14736,2024-01-04,Cena,P-07,3,Pizza Margarita,Principal
T-17182,2025-10-01,Cena,P-13,2,Bacalao al Horno,Principal
T-10934,2024-05-23,Comida,P-15,3,Cerveza Artesana,Bebida
T-15281,2024-03-31,Comida,P-14,3,Tortilla de Patatas,Entrante
T-10470,2024-05-28,Cena,P-06,1,Vino Tinto Copa,Bebida
T-17134,2025-10-22,Comida,P-09,3,Gazpacho Andaluz,Entrante
T-11116,2024-12-22,Cena,P-21,1,Cafe Solo,Bebida
T-13492,2024-10-06,Comida,P-11,1,Salmon a la Plancha,Principal
T-11010,2025-08-13,Comida,P-08,3,Croquetas de Jamon,Entrante
T-16501,2025-03-10,Comida,P-08,4,Croquetas de Jamon,Entrante
T-16108,2024-09-07,Comida,P-23,3,Tiramisu de la Casa,Postre
T-13074,2025-12-14,Cena,P-21,4,Cafe Solo,Bebida
T-13627,2024-05-07,Cena,P-05,4,Refresco Cola,Bebida
T-17611,2025-03-10,Cena,P-07,4,Pizza Margarita,Principal
T-13407,2025-10-23,Cena,P-12,4,Risotto de Setas,Principal
T-17153,2025-10-19,Cena,P-22,2,Te Verde,Bebida
T-15339,2025-12-28,Comida,P-14,3,Tortilla de Patatas,Entrante
T-12993,2024-08-17,Cena,P-22,3,Te Verde,Bebida
T-10819,2025-10-18,Cena,P-19,4,Entrecot Ternera,Principal
T-10704,2025-09-18,Cena,P-08,3,Croquetas de Jamon,Entrante
T-13284,2025-06-30,Comida,P-06,1,Vino Tinto Copa,Bebida
T-14967,2024-04-07,Cena,P-02,4,Ensalada Cesar,Entrante
T-16709,2024-07-09,Cena,P-08,3,Croquetas de Jamon,Entrante
T-15634,2024-05-31,Cena,P-14,4,Tortilla de Patatas,Entrante
T-16404,2024-10-25,Comida,P-19,2,Entrecot Ternera,Principal
T-15485,2024-03-29,Cena,P-21,3,Cafe Solo,Bebida
T-14525,2025-06-27,Cena,P-03,1,Pasta Carbonara IA,Principal
T-14122,2024-11-16,Comida,P-04,2,Tarta de Queso Casera,Postre
T-17009,2024-06-14,Comida,P-23,2,Tiramisu de la Casa,Postre
T-13855,2024-10-20,Comida,P-12,2,Risotto de Setas,Principal
T-10934,2024-02-09,Comida,P-15,1,Cerveza Artesana,Bebida
T-13147,2024-06-25,Comida,P-21,2,Cafe Solo,Bebida
T-16685,2025-12-04,Comida,P-04,3,Tarta de Queso Casera,Postre
T-12642,2024-02-05,Comida,P-14,1,Tortilla de Patatas,Entrante
T-15167,2025-01-19,Cena,P-06,4,Vino Tinto Copa,Bebida
T-11308,2025-10-17,Comida,P-13,1,Bacalao al Horno,Principal
T-11756,2024-02-05,Cena,P-20,4,Paella de Marisco,Principal
T-13463,2024-05-11,Comida,P-13,4,Bacalao al Horno,Principal
T-16461,2024-09-23,Cena,P-11,3,Salmon a la Plancha,Principal
T-15875,2024-01-01,Comida,P-24,1,Nuggets de Pollo,Principal
T-14996,2024-02-27,Cena,P-13,3,Bacalao al Horno,Principal
T-15184,2025-03-14,Cena,P-16,4,Agua Mineral,Bebida
T-16302,2024-11-03,Cena,P-17,2,Brownie con Helado,Postre
T-13396,2025-06-22,Cena,P-13,3,Bacalao al Horno,Principal
T-15874,2025-11-06,Cena,P-09,4,Gazpacho Andaluz,Entrante
T-13426,2024-07-09,Comida,P-14,2,Tortilla de Patatas,Entrante
T-15768,2024-06-09,Cena,P-11,4,Salmon a la Plancha,Principal
T-12676,2025-06-15,Cena,P-09,3,Gazpacho Andaluz,Entrante
T-11814,2024-03-08,Cena,P-02,3,Ensalada Cesar,Entrante
T-11576,2025-10-03,Comida,P-17,3,Brownie con Helado,Postre
T-14816,2025-03-25,Comida,P-16,1,Agua Mineral,Bebida
T-14857,2025-01-09,Cena,P-24,1,Nuggets de Pollo,Principal
T-10644,2024-04-11,Cena,P-07,1,Pizza Margarita,Principal
T-10080,2024-07-29,Comida,P-05,4,Refresco Cola,Bebida
T-15315,2025-01-11,Cena,P-18,1,Ensaladilla Rusa,Entrante
T-16858,2025-02-22,Cena,P-04,4,Tarta de Queso Casera,Postre
T-12586,2024-08-15,Comida,P-03,4,Pasta Carbonara IA,Principal
T-17031,2024-06-22,Comida,P-02,1,Ensalada Cesar,Entrante
T-13274,2025-07-27,Cena,P-15,1,Cerveza Artesana,Bebida
T-10520,2025-03-28,Comida,P-03,3,Pasta Carbonara IA,Principal
T-17146,2025-12-09,Cena,P-19,2,Entrecot Ternera,Principal
T-16331,2024-07-19,Comida,P-25,2,Canelones de Carne,Principal
T-13467,2024-07-26,Comida,P-17,2,Brownie con Helado,Postre
T-11576,2025-03-16,Comida,P-25,1,Canelones de Carne,Principal
T-17126,2025-04-02,Cena,P-08,3,Croquetas de Jamon,Entrante
T-16392,2025-03-04,Cena,P-06,2,Vino Tinto Copa,Bebida
T-12163,2025-12-12,Comida,P-07,2,Pizza Margarita,Principal
T-16048,2025-08-23,Cena,P-08,3,Croquetas de Jamon,Entrante
T-15342,2024-04-10,Cena,P-17,2,Brownie con Helado,Postre
T-15506,2024-02-10,Comida,P-05,2,Refresco Cola,Bebida
T-16399,2024-09-12,Comida,P-22,1,Te Verde,Bebida
T-16118,2024-10-03,Cena,P-21,1,Cafe Solo,Bebida
T-17787,2024-09-01,Cena,P-08,3,Croquetas de Jamon,Entrante
T-10657,2025-10-12,Cena,P-17,2,Brownie con Helado,Postre
T-16501,2025-02-05,Cena,P-12,3,Risotto de Setas,Principal
T-16008,2025-10-27,Cena,P-25,4,Canelones de Carne,Principal
T-17348,2025-04-14,Comida,P-23,1,Tiramisu de la Casa,Postre
T-14328,2025-06-21,Cena,P-20,2,Paella de Marisco,Principal
T-16545,2025-08-21,Comida,P-05,3,Refresco Cola,Bebida
T-11324,2024-01-28,Cena,P-12,3,Risotto de Setas,Principal
T-12885,2025-02-07,Cena,P-16,3,Agua Mineral,Bebida
T-15212,2024-12-26,Cena,P-19,3,Entrecot Ternera,Principal
T-11468,2025-01-29,Comida,P-23,4,Tiramisu de la Casa,Postre
T-12290,2024-05-26,Cena,P-15,3,Cerveza Artesana,Bebida
T-16320,2024-07-22,Cena,P-14,1,Tortilla de Patatas,Entrante
T-10407,2025-04-17,Comida,P-19,3,Entrecot Ternera,Principal
T-14853,2024-07-29,Cena,P-25,3,Canelones de Carne,Principal
T-13282,2025-05-31,Cena,P-07,4,Pizza Margarita,Principal
T-12469,2025-02-22,Cena,P-18,3,Ensaladilla Rusa,Entrante
T-15720,2025-06-13,Cena,P-07,1,Pizza Margarita,Principal
T-15677,2024-12-20,Comida,P-19,4,Entrecot Ternera,Principal
T-10694,2025-03-14,Comida,P-12,1,Risotto de Setas,Principal
T-17501,2024-07-02,Cena,P-19,2,Entrecot Ternera,Principal
T-14458,2024-12-13,Comida,P-02,2,Ensalada Cesar,Entrante
T-13650,2024-05-21,Cena,P-04,1,Tarta de Queso Casera,Postre
T-10980,2024-11-14,Cena,P-10,2,Solomillo Iberico,Principal
T-12354,2024-05-15,Comida,P-03,2,Pasta Carbonara IA,Principal
T-14937,2025-09-23,Cena,P-11,3,Salmon a la Plancha,Principal
T-17567,2024-03-21,Cena,P-19,3,Entrecot Ternera,Principal
T-13516,2024-04-13,Cena,P-01,4,Hamburguesa Smart,Principal
T-11129,2024-12-07,Cena,P-01,3,Hamburguesa Smart,Principal
T-16256,2024-10-11,Cena,P-02,1,Ensalada Cesar,Entrante
T-13736,2025-03-01,Cena,P-03,4,Pasta Carbonara IA,Principal
T-11493,2025-07-31,Comida,P-20,1,Paella de Marisco,Principal
T-13045,2025-03-07,Comida,P-10,3,Solomillo Iberico,Principal
T-13183,2024-12-27,Comida,P-02,2,Ensalada Cesar,Entrante
T-12222,2024-03-18,Comida,P-06,4,Vino Tinto Copa,Bebida
T-14387,2025-09-07,Comida,P-11,2,Salmon a la Plancha,Principal
T-14211,2025-02-06,Comida,P-04,1,Tarta de Queso Casera,Postre
T-12713,2024-11-14,Cena,P-20,3,Paella de Marisco,Principal
T-11618,2025-09-15,Cena,P-18,3,Ensaladilla Rusa,Entrante
T-16003,2025-04-21,Comida,P-12,4,Risotto de Setas,Principal
T-10376,2024-11-23,Cena,P-16,4,Agua Mineral,Bebida
T-16425,2024-01-15,Comida,P-21,2,Cafe Solo,Bebida
T-10817,2024-10-01,Comida,P-14,1,Tortilla de Patatas,Entrante
T-15679,2024-03-22,Comida,P-03,1,Pasta Carbonara IA,Principal
T-11994,2024-03-31,Comida,P-12,2,Risotto de Setas,Principal
T-17790,2025-01-21,Comida,P-24,1,Nuggets de Pollo,Principal
T-17262,2025-03-17,Cena,P-20,2,Paella de Marisco,Principal
T-14148,2024-04-13,Cena,P-03,1,Pasta Carbonara IA,Principal
T-13141,2024-12-23,Cena,P-09,3,Gazpacho Andaluz,Entrante
T-16212,2025-11-15,Comida,P-24,1,Nuggets de Pollo,Principal
T-12540,2025-01-28,Comida,P-02,2,Ensalada Cesar,Entrante
T-16234,2025-10-14,Comida,P-24,3,Nuggets de Pollo,Principal
T-13216,2024-06-26,Cena,P-08,4,Croquetas de Jamon,Entrante
T-12154,2025-07-17,Comida,P-12,1,Risotto de Setas,Principal
T-17437,2024-12-05,Comida,P-25,2,Canelones de Carne,Principal
T-17872,2024-07-04,Comida,P-13,3,Bacalao al Horno,Principal
T-14675,2025-04-05,Cena,P-08,4,Croquetas de Jamon,Entrante
T-12668,2024-06-05,Comida,P-14,3,Tortilla de Patatas,Entrante
T-14456,2025-12-14,Cena,P-04,1,Tarta de Queso Casera,Postre
T-10564,2025-09-19,Comida,P-05,1,Refresco Cola,Bebida
T-10695,2024-02-08,Comida,P-25,4,Canelones de Carne,Principal
T-14701,2024-06-16,Cena,P-24,4,Nuggets de Pollo,Principal
T-16042,2025-10-06,Comida,P-23,2,Tiramisu de la Casa,Postre
T-12457,2025-01-18,Cena,P-16,3,Agua Mineral,Bebida
T-11981,2025-12-01,Comida,P-11,3,Salmon a la Plancha,Principal
T-11591,2024-03-08,Cena,P-19,1,Entrecot Ternera,Principal
T-13307,2024-01-09,Cena,P-16,3,Agua Mineral,Bebida
T-12374,2024-05-10,Comida,P-25,1,Canelones de Carne,Principal
T-17863,2025-05-31,Cena,P-14,3,Tortilla de Patatas,Entrante
T-12147,2025-09-19,Cena,P-19,1,Entrecot Ternera,Principal
T-14481,2024-03-04,Comida,P-03,2,Pasta Carbonara IA,Principal
T-15407,2024-12-13,Cena,P-13,2,Bacalao al Horno,Principal
T-10965,2025-03-05,Cena,P-05,2,Refresco Cola,Bebida
T-17949,2024-03-27,Cena,P-22,3,Te Verde,Bebida
T-17653,2025-09-03,Cena,P-10,1,Solomillo Iberico,Principal
T-16163,2025-11-21,Cena,P-20,3,Paella de Marisco,Principal
T-16424,2024-01-22,Cena,P-08,3,Croquetas de Jamon,Entrante
T-14480,2024-08-07,Cena,P-18,3,Ensaladilla Rusa,Entrante
T-16719,2024-09-30,Cena,P-06,2,Vino Tinto Copa,Bebida
T-14924,2025-06-30,Cena,P-01,3,Hamburguesa Smart,Principal
T-14041,2024-02-16,Cena,P-17,2,Brownie con Helado,Postre
T-10446,2024-05-05,Comida,P-06,4,Vino Tinto Copa,Bebida
T-17041,2024-07-28,Comida,P-21,2,Cafe Solo,Bebida
T-13611,2025-05-10,Cena,P-07,1,Pizza Margarita,Principal
T-10261,2025-07-17,Cena,P-08,1,Croquetas de Jamon,Entrante
T-13838,2025-08-24,Cena,P-08,3,Croquetas de Jamon,Entrante
T-13582,2024-03-20,Comida,P-08,1,Croquetas de Jamon,Entrante
T-10470,2025-08-15,Cena,P-03,2,Pasta Carbonara IA,Principal
T-17601,2024-07-15,Cena,P-11,2,Salmon a la Plancha,Principal
T-13279,2025-06-09,Cena,P-24,1,Nuggets de Pollo,Principal
T-10723,2024-08-20,Cena,P-04,1,Tarta de Queso Casera,Postre
T-10673,2025-01-17,Comida,P-16,1,Agua Mineral,Bebida
T-12769,2024-10-09,Comida,P-18,1,Ensaladilla Rusa,Entrante
T-17846,2025-02-05,Cena,P-18,3,Ensaladilla Rusa,Entrante
T-10806,2025-01-07,Cena,P-09,1,Gazpacho Andaluz,Entrante
T-11318,2025-09-03,Cena,P-19,2,Entrecot Ternera,Principal
T-15795,2025-12-25,Cena,P-17,4,Brownie con Helado,Postre
T-12435,2025-12-30,Cena,P-24,2,Nuggets de Pollo,Principal
T-12406,2025-10-14,Cena,P-24,1,Nuggets de Pollo,Principal
T-16908,2025-09-11,Cena,P-21,4,Cafe Solo,Bebida
T-16358,2024-11-04,Cena,P-11,1,Salmon a la Plancha,Principal
T-14098,2025-05-09,Cena,P-09,2,Gazpacho Andaluz,Entrante
T-16453,2024-05-14,Cena,P-17,2,Brownie con Helado,Postre
T-16354,2025-08-01,Comida,P-17,1,Brownie con Helado,Postre
T-14061,2024-02-13,Comida,P-08,2,Croquetas de Jamon,Entrante
T-17395,2024-07-26,Cena,P-07,1,Pizza Margarita,Principal
T-16448,2025-12-30,Comida,P-08,4,Croquetas de Jamon,Entrante
T-15639,2025-06-06,Cena,P-23,1,Tiramisu de la Casa,Postre
T-11928,2024-02-28,Comida,P-09,2,Gazpacho Andaluz,Entrante
T-12356,2024-05-30,Comida,P-10,2,Solomillo Iberico,Principal
T-13213,2024-08-02,Cena,P-23,1,Tiramisu de la Casa,Postre
T-14690,2024-06-22,Comida,P-07,4,Pizza Margarita,Principal
T-12116,2024-01-08,Comida,P-22,2,Te Verde,Bebida
T-14723,2025-12-19,Comida,P-10,1,Solomillo Iberico,Principal
T-11238,2024-02-13,Cena,P-13,3,Bacalao al Horno,Principal
T-15704,2025-01-04,Comida,P-02,1,Ensalada Cesar,Entrante
T-12412,2025-11-08,Comida,P-08,4,Croquetas de Jamon,Entrante
T-11545,2025-08-21,Cena,P-15,3,Cerveza Artesana,Bebida
T-11084,2025-08-25,Cena,P-14,1,Tortilla de Patatas,Entrante
T-10829,2024-12-16,Cena,P-02,1,Ensalada Cesar,Entrante
T-16902,2024-06-06,Comida,P-10,4,Solomillo Iberico,Principal
T-15601,2025-04-14,Comida,P-17,3,Brownie con Helado,Postre
T-15076,2024-09-07,Comida,P-07,4,Pizza Margarita,Principal
T-13118,2024-09-09,Cena,P-09,1,Gazpacho Andaluz,Entrante
T-14035,2024-12-28,Comida,P-16,1,Agua Mineral,Bebida
T-17167,2025-08-09,Cena,P-21,2,Cafe Solo,Bebida
T-12022,2025-06-09,Comida,P-05,1,Refresco Cola,Bebida
T-12940,2024-10-30,Comida,P-09,3,Gazpacho Andaluz,Entrante
T-10107,2024-05-31,Comida,P-05,4,Refresco Cola,Bebida
T-11284,2024-08-02,Cena,P-17,2,Brownie con Helado,Postre
T-10423,2025-07-25,Cena,P-04,4,Tarta de Queso Casera,Postre
T-10084,2025-08-31,Cena,P-04,3,Tarta de Queso Casera,Postre
T-11402,2025-10-17,Cena,P-02,3,Ensalada Cesar,Entrante
T-11081,2025-04-16,Comida,P-02,3,Ensalada Cesar,Entrante
T-13453,2024-01-12,Cena,P-16,4,Agua Mineral,Bebida
T-14461,2024-04-19,Cena,P-20,1,Paella de Marisco,Principal
T-17427,2024-11-20,Comida,P-06,4,Vino Tinto Copa,Bebida
T-17711,2024-05-25,Cena,P-01,4,Hamburguesa Smart,Principal
T-16563,2024-09-12,Cena,P-08,4,Croquetas de Jamon,Entrante
T-11920,2024-04-14,Cena,P-10,4,Solomillo Iberico,Principal
T-17287,2024-10-11,Comida,P-24,1,Nuggets de Pollo,Principal
T-15360,2025-06-13,Cena,P-18,3,Ensaladilla Rusa,Entrante
T-17139,2025-12-13,Cena,P-21,3,Cafe Solo,Bebida
T-16422,2025-03-10,Cena,P-10,1,Solomillo Iberico,Principal
T-14745,2024-07-31,Cena,P-04,2,Tarta de Queso Casera,Postre
T-12771,2025-07-15,Comida,P-13,1,Bacalao al Horno,Principal
T-16739,2024-11-06,Cena,P-06,1,Vino Tinto Copa,Bebida
T-11367,2024-02-12,Cena,P-06,2,Vino Tinto Copa,Bebida
T-17780,2024-09-14,Comida,P-14,2,Tortilla de Patatas,Entrante
T-11424,2024-06-04,Comida,P-22,4,Te Verde,Bebida
T-10055,2025-08-20,Cena,P-14,3,Tortilla de Patatas,Entrante
T-15918,2025-05-29,Cena,P-06,4,Vino Tinto Copa,Bebida
T-16666,2024-12-12,Cena,P-16,3,Agua Mineral,Bebida
T-17792,2025-09-12,Cena,P-24,2,Nuggets de Pollo,Principal
T-16799,2025-02-17,Cena,P-19,4,Entrecot Ternera,Principal
T-15053,2025-12-21,Comida,P-12,1,Risotto de Setas,Principal
T-16975,2024-09-04,Cena,P-09,2,Gazpacho Andaluz,Entrante
T-10477,2024-06-13,Cena,P-25,2,Canelones de Carne,Principal
T-14908,2024-04-07,Cena,P-05,1,Refresco Cola,Bebida
T-16846,2025-07-23,Comida,P-13,2,Bacalao al Horno,Principal
T-10431,2025-07-18,Cena,P-14,1,Tortilla de Patatas,Entrante
T-13164,2024-10-28,Comida,P-04,2,Tarta de Queso Casera,Postre
T-10041,2025-09-02,Cena,P-24,4,Nuggets de Pollo,Principal
T-15973,2024-02-08,Cena,P-13,4,Bacalao al Horno,Principal
T-10837,2024-10-13,Comida,P-17,1,Brownie con Helado,Postre
T-10445,2024-08-21,Cena,P-06,1,Vino Tinto Copa,Bebida
T-14744,2024-11-22,Comida,P-21,1,Cafe Solo,Bebida
T-15445,2025-12-27,Cena,P-15,4,Cerveza Artesana,Bebida
T-11778,2025-09-08,Cena,P-17,2,Brownie con Helado,Postre
T-14743,2024-12-23,Cena,P-15,3,Cerveza Artesana,Bebida
T-14503,2024-07-24,Cena,P-07,1,Pizza Margarita,Principal
T-12759,2025-01-27,Comida,P-21,2,Cafe Solo,Bebida
T-11640,2025-03-21,Cena,P-13,2,Bacalao al Horno,Principal
T-15600,2024-06-19,Comida,P-04,4,Tarta de Queso Casera,Postre
T-13214,2025-10-20,Cena,P-09,4,Gazpacho Andaluz,Entrante
T-14949,2024-02-05,Cena,P-05,1,Refresco Cola,Bebida
T-13411,2025-02-20,Cena,P-14,2,Tortilla de Patatas,Entrante
T-11003,2024-12-20,Comida,P-15,1,Cerveza Artesana,Bebida
T-13946,2024-03-22,Comida,P-19,2,Entrecot Ternera,Principal
T-13012,2024-05-20,Comida,P-02,4,Ensalada Cesar,Entrante
T-10429,2025-06-19,Comida,P-18,2,Ensaladilla Rusa,Entrante
T-17849,2025-09-12,Comida,P-17,1,Brownie con Helado,Postre
T-11606,2025-06-15,Cena,P-01,1,Hamburguesa Smart,Principal
T-11842,2024-06-21,Comida,P-11,2,Salmon a la Plancha,Principal
T-17738,2025-02-05,Cena,P-19,4,Entrecot Ternera,Principal
T-15289,2025-06-12,Comida,P-22,4,Te Verde,Bebida
T-15291,2024-02-14,Cena,P-10,2,Solomillo Iberico,Principal
T-14624,2024-07-12,Cena,P-18,2,Ensaladilla Rusa,Entrante
T-11347,2025-07-19,Comida,P-09,1,Gazpacho Andaluz,Entrante
T-13171,2024-05-16,Cena,P-05,1,Refresco Cola,Bebida
T-14816,2025-06-08,Cena,P-05,4,Refresco Cola,Bebida
T-16387,2025-05-10,Comida,P-21,2,Cafe Solo,Bebida
T-12470,2025-02-23,Comida,P-24,4,Nuggets de Pollo,Principal
T-15825,2025-04-25,Cena,P-03,2,Pasta Carbonara IA,Principal
T-12461,2025-05-12,Cena,P-20,1,Paella de Marisco,Principal
T-12768,2024-08-12,Cena,P-02,4,Ensalada Cesar,Entrante
T-11730,2024-08-29,Cena,P-24,2,Nuggets de Pollo,Principal
T-13038,2025-07-08,Cena,P-25,2,Canelones de Carne,Principal
T-10612,2025-09-17,Cena,P-12,3,Risotto de Setas,Principal
T-17790,2024-05-03,Comida,P-05,2,Refresco Cola,Bebida
T-17859,2025-10-02,Comida,P-19,1,Entrecot Ternera,Principal
T-13603,2025-12-29,Cena,P-03,4,Pasta Carbonara IA,Principal
T-16647,2024-03-30,Comida,P-13,3,Bacalao al Horno,Principal
T-17655,2025-05-17,Comida,P-18,1,Ensaladilla Rusa,Entrante
T-15781,2025-11-22,Cena,P-05,1,Refresco Cola,Bebida
T-14663,2024-06-29,Cena,P-16,4,Agua Mineral,Bebida
T-15471,2025-04-02,Cena,P-06,1,Vino Tinto Copa,Bebida
T-14186,2024-09-03,Cena,P-21,1,Cafe Solo,Bebida
T-17383,2025-03-12,Cena,P-12,1,Risotto de Setas,Principal
T-17097,2025-03-24,Cena,P-05,4,Refresco Cola,Bebida
T-16825,2025-05-06,Cena,P-19,3,Entrecot Ternera,Principal
T-15917,2025-09-09,Cena,P-13,3,Bacalao al Horno,Principal
T-14451,2025-12-17,Cena,P-03,1,Pasta Carbonara IA,Principal
T-17516,2024-08-15,Cena,P-13,3,Bacalao al Horno,Principal
T-14156,2025-12-16,Cena,P-19,3,Entrecot Ternera,Principal
T-12307,2024-06-26,Cena,P-25,1,Canelones de Carne,Principal
T-12286,2025-07-15,Comida,P-20,1,Paella de Marisco,Principal
T-10293,2025-07-20,Comida,P-22,4,Te Verde,Bebida
T-14038,2024-04-03,Cena,P-25,1,Canelones de Carne,Principal
T-13060,2025-02-06,Cena,P-21,1,Cafe Solo,Bebida
T-12777,2024-09-27,Cena,P-08,3,Croquetas de Jamon,Entrante
T-17463,2025-01-02,Cena,P-22,1,Te Verde,Bebida
T-11618,2024-02-19,Cena,P-06,1,Vino Tinto Copa,Bebida
T-14190,2024-08-03,Cena,P-24,1,Nuggets de Pollo,Principal
T-11461,2024-06-29,Comida,P-03,4,Pasta Carbonara IA,Principal
T-17664,2024-04-21,Cena,P-24,3,Nuggets de Pollo,Principal
T-13963,2024-07-16,Cena,P-24,3,Nuggets de Pollo,Principal
T-15261,2024-04-09,Cena,P-20,3,Paella de Marisco,Principal
T-10189,2025-09-23,Comida,P-06,4,Vino Tinto Copa,Bebida
T-16028,2024-11-02,Cena,P-13,2,Bacalao al Horno,Principal
T-13485,2025-01-05,Cena,P-16,2,Agua Mineral,Bebida
T-14345,2024-11-03,Cena,P-17,1,Brownie con Helado,Postre
T-14846,2024-03-30,Cena,P-01,2,Hamburguesa Smart,Principal
T-13488,2024-07-04,Comida,P-21,3,Cafe Solo,Bebida
T-16992,2024-06-02,Comida,P-19,1,Entrecot Ternera,Principal
T-10530,2025-09-26,Cena,P-01,2,Hamburguesa Smart,Principal
T-12912,2025-04-20,Cena,P-15,1,Cerveza Artesana,Bebida
T-13375,2025-07-20,Cena,P-10,1,Solomillo Iberico,Principal
T-14738,2024-07-05,Cena,P-19,1,Entrecot Ternera,Principal
T-14746,2025-08-13,Comida,P-19,4,Entrecot Ternera,Principal
T-11213,2024-07-28,Comida,P-21,1,Cafe Solo,Bebida
T-12861,2025-02-25,Cena,P-13,2,Bacalao al Horno,Principal
T-14005,2024-10-07,Comida,P-02,3,Ensalada Cesar,Entrante
T-13468,2024-06-30,Comida,P-06,2,Vino Tinto Copa,Bebida
T-11132,2025-07-11,Cena,P-05,3,Refresco Cola,Bebida
T-10569,2024-03-27,Cena,P-21,4,Cafe Solo,Bebida
T-14211,2025-05-26,Comida,P-15,3,Cerveza Artesana,Bebida
T-14190,2025-12-19,Cena,P-14,1,Tortilla de Patatas,Entrante
T-10671,2024-11-20,Comida,P-07,2,Pizza Margarita,Principal
T-17196,2025-09-25,Cena,P-10,1,Solomillo Iberico,Principal
T-17108,2025-08-26,Comida,P-23,1,Tiramisu de la Casa,Postre
T-16866,2024-10-07,Comida,P-07,4,Pizza Margarita,Principal
T-13054,2025-09-07,Cena,P-15,1,Cerveza Artesana,Bebida
T-15332,2025-12-21,Cena,P-15,3,Cerveza Artesana,Bebida
T-16154,2025-05-31,Cena,P-07,1,Pizza Margarita,Principal
T-12292,2025-03-11,Cena,P-23,2,Tiramisu de la Casa,Postre
T-13055,2024-12-02,Cena,P-03,1,Pasta Carbonara IA,Principal
T-13538,2024-12-21,Comida,P-13,1,Bacalao al Horno,Principal
T-10592,2024-06-08,Cena,P-07,1,Pizza Margarita,Principal
T-14017,2025-08-05,Cena,P-07,3,Pizza Margarita,Principal
T-11013,2024-01-20,Comida,P-02,3,Ensalada Cesar,Entrante
T-16458,2024-05-18,Comida,P-14,2,Tortilla de Patatas,Entrante
T-16503,2024-10-18,Cena,P-02,1,Ensalada Cesar,Entrante
T-16103,2024-02-22,Cena,P-18,4,Ensaladilla Rusa,Entrante
T-11935,2024-09-04,Comida,P-21,2,Cafe Solo,Bebida
T-17343,2025-04-16,Cena,P-04,4,Tarta de Queso Casera,Postre
T-15867,2024-06-17,Cena,P-13,1,Bacalao al Horno,Principal
T-14251,2024-01-31,Comida,P-07,4,Pizza Margarita,Principal
T-11222,2025-07-29,Cena,P-02,1,Ensalada Cesar,Entrante
T-11122,2025-03-03,Comida,P-16,1,Agua Mineral,Bebida
T-10831,2024-03-19,Comida,P-13,4,Bacalao al Horno,Principal
T-12330,2024-12-09,Cena,P-08,2,Croquetas de Jamon,Entrante
T-11520,2025-05-09,Comida,P-12,4,Risotto de Setas,Principal
T-11843,2025-12-13,Cena,P-03,2,Pasta Carbonara IA,Principal
T-17060,2024-08-12,Cena,P-04,4,Tarta de Queso Casera,Postre
T-10400,2024-06-18,Cena,P-10,3,Solomillo Iberico,Principal
T-17818,2025-01-30,Cena,P-02,2,Ensalada Cesar,Entrante
T-11833,2024-09-28,Cena,P-01,2,Hamburguesa Smart,Principal
T-10286,2025-03-10,Comida,P-06,1,Vino Tinto Copa,Bebida
T-10338,2025-08-01,Comida,P-21,1,Cafe Solo,Bebida
T-15998,2024-06-16,Cena,P-13,2,Bacalao al Horno,Principal
T-13428,2025-07-06,Cena,P-23,2,Tiramisu de la Casa,Postre
T-14050,2024-02-08,Cena,P-01,2,Hamburguesa Smart,Principal
T-17710,2025-08-17,Comida,P-10,4,Solomillo Iberico,Principal
T-16533,2024-03-01,Comida,P-23,3,Tiramisu de la Casa,Postre
T-11844,2024-08-23,Cena,P-19,4,Entrecot Ternera,Principal
T-16622,2025-07-21,Comida,P-18,1,Ensaladilla Rusa,Entrante
T-14032,2024-08-19,Comida,P-10,2,Solomillo Iberico,Principal
T-11740,2025-06-19,Cena,P-12,4,Risotto de Setas,Principal
T-16129,2025-12-15,Cena,P-15,2,Cerveza Artesana,Bebida
T-12634,2025-06-02,Cena,P-01,4,Hamburguesa Smart,Principal
T-12816,2025-08-10,Cena,P-23,3,Tiramisu de la Casa,Postre
T-13642,2025-02-28,Cena,P-24,1,Nuggets de Pollo,Principal
T-17395,2025-05-14,Cena,P-09,2,Gazpacho Andaluz,Entrante
T-15976,2025-03-10,Comida,P-14,2,Tortilla de Patatas,Entrante
T-14741,2025-08-27,Cena,P-03,3,Pasta Carbonara IA,Principal
T-13114,2024-06-10,Cena,P-08,3,Croquetas de Jamon,Entrante
T-13694,2025-07-29,Cena,P-19,1,Entrecot Ternera,Principal
T-17375,2024-01-16,Cena,P-11,3,Salmon a la Plancha,Principal
T-14494,2025-04-02,Cena,P-03,2,Pasta Carbonara IA,Principal
T-17162,2025-12-23,Comida,P-25,2,Canelones de Carne,Principal
T-17738,2024-04-12,Cena,P-04,2,Tarta de Queso Casera,Postre
T-12015,2025-01-03,Comida,P-21,4,Cafe Solo,Bebida
T-13460,2024-04-15,Cena,P-05,2,Refresco Cola,Bebida
T-15515,2024-03-30,Cena,P-01,2,Hamburguesa Smart,Principal
T-12375,2025-12-12,Cena,P-01,1,Hamburguesa Smart,Principal
T-10332,2024-05-31,Comida,P-23,2,Tiramisu de la Casa,Postre
T-16519,2025-03-11,Comida,P-11,2,Salmon a la Plancha,Principal
T-11712,2024-07-23,Comida,P-19,2,Entrecot Ternera,Principal
T-15312,2025-08-23,Cena,P-20,3,Paella de Marisco,Principal
T-10580,2025-11-20,Cena,P-17,3,Brownie con Helado,Postre
T-14966,2025-03-07,Cena,P-18,3,Ensaladilla Rusa,Entrante
T-14597,2024-01-16,Comida,P-24,1,Nuggets de Pollo,Principal
T-11483,2024-08-29,Cena,P-06,1,Vino Tinto Copa,Bebida
T-15189,2024-04-07,Cena,P-18,4,Ensaladilla Rusa,Entrante
T-11347,2025-10-09,Comida,P-02,4,Ensalada Cesar,Entrante
T-12117,2025-02-27,Cena,P-13,2,Bacalao al Horno,Principal
T-14534,2024-06-07,Cena,P-24,1,Nuggets de Pollo,Principal
T-16433,2024-02-04,Cena,P-24,1,Nuggets de Pollo,Principal
T-10386,2025-11-13,Cena,P-09,1,Gazpacho Andaluz,Entrante
T-16869,2025-11-22,Cena,P-18,4,Ensaladilla Rusa,Entrante
T-15553,2024-07-01,Comida,P-25,2,Canelones de Carne,Principal
T-11452,2024-07-01,Cena,P-09,1,Gazpacho Andaluz,Entrante
T-10894,2025-11-02,Cena,P-17,3,Brownie con Helado,Postre
T-16104,2024-09-02,Cena,P-25,3,Canelones de Carne,Principal
T-14454,2024-08-25,Cena,P-06,1,Vino Tinto Copa,Bebida
T-15176,2024-12-29,Cena,P-25,4,Canelones de Carne,Principal
T-13802,2025-09-13,Comida,P-21,4,Cafe Solo,Bebida
T-13793,2025-01-20,Cena,P-20,4,Paella de Marisco,Principal
T-15958,2024-06-10,Cena,P-04,2,Tarta de Queso Casera,Postre
T-14801,2025-01-14,Cena,P-08,2,Croquetas de Jamon,Entrante
T-16615,2024-07-09,Cena,P-02,1,Ensalada Cesar,Entrante
T-14782,2024-08-19,Cena,P-18,1,Ensaladilla Rusa,Entrante
T-13203,2024-08-10,Cena,P-05,1,Refresco Cola,Bebida
T-10789,2024-11-17,Comida,P-04,3,Tarta de Queso Casera,Postre
T-11891,2024-02-29,Comida,P-10,2,Solomillo Iberico,Principal
T-15415,2025-11-14,Cena,P-19,4,Entrecot Ternera,Principal
T-10204,2025-06-17,Cena,P-25,2,Canelones de Carne,Principal
T-11375,2025-01-19,Cena,P-19,1,Entrecot Ternera,Principal
T-13600,2025-04-14,Comida,P-25,4,Canelones de Carne,Principal
T-12291,2024-03-29,Comida,P-23,2,Tiramisu de la Casa,Postre
T-17571,2024-12-12,Comida,P-02,4,Ensalada Cesar,Entrante
T-11979,2024-06-15,Cena,P-01,2,Hamburguesa Smart,Principal
T-10669,2024-06-04,Cena,P-06,4,Vino Tinto Copa,Bebida
T-17169,2024-11-22,Cena,P-15,4,Cerveza Artesana,Bebida
T-13095,2024-08-09,Comida,P-23,3,Tiramisu de la Casa,Postre
T-15760,2024-05-13,Cena,P-19,1,Entrecot Ternera,Principal
T-17926,2024-09-27,Comida,P-16,1,Agua Mineral,Bebida
T-16414,2024-09-26,Cena,P-10,1,Solomillo Iberico,Principal
T-13029,2024-11-06,Comida,P-22,3,Te Verde,Bebida
T-17378,2024-07-23,Cena,P-18,4,Ensaladilla Rusa,Entrante
T-16654,2025-01-21,Cena,P-24,2,Nuggets de Pollo,Principal
T-10396,2024-08-08,Cena,P-02,1,Ensalada Cesar,Entrante
T-16439,2024-08-29,Comida,P-01,3,Hamburguesa Smart,Principal
T-14453,2025-02-06,Cena,P-16,4,Agua Mineral,Bebida
T-14349,2024-07-03,Comida,P-12,2,Risotto de Setas,Principal
T-17051,2024-07-08,Comida,P-25,4,Canelones de Carne,Principal
T-16130,2024-02-22,Cena,P-20,3,Paella de Marisco,Principal
T-12396,2025-05-28,Cena,P-15,4,Cerveza Artesana,Bebida
T-12319,2024-06-29,Cena,P-03,1,Pasta Carbonara IA,Principal
T-13265,2025-06-30,Cena,P-25,1,Canelones de Carne,Principal
T-10087,2025-02-27,Cena,P-04,2,Tarta de Queso Casera,Postre
T-10747,2025-02-28,Comida,P-05,1,Refresco Cola,Bebida
T-16850,2025-06-29,Cena,P-10,4,Solomillo Iberico,Principal
T-11053,2025-08-15,Comida,P-16,4,Agua Mineral,Bebida
T-13838,2025-04-22,Cena,P-15,4,Cerveza Artesana,Bebida
T-13763,2025-12-07,Cena,P-15,2,Cerveza Artesana,Bebida
T-14737,2025-06-19,Cena,P-02,3,Ensalada Cesar,Entrante
T-14474,2024-04-13,Comida,P-04,1,Tarta de Queso Casera,Postre
T-13790,2025-07-03,Cena,P-01,1,Hamburguesa Smart,Principal
T-11678,2024-12-13,Cena,P-16,3,Agua Mineral,Bebida
T-13027,2024-01-24,Comida,P-19,1,Entrecot Ternera,Principal
T-11552,2025-09-03,Comida,P-06,2,Vino Tinto Copa,Bebida
T-13626,2024-08-08,Cena,P-07,1,Pizza Margarita,Principal
T-11416,2024-04-29,Cena,P-20,1,Paella de Marisco,Principal
T-11433,2025-10-17,Cena,P-05,4,Refresco Cola,Bebida
T-14242,2024-05-24,Comida,P-07,3,Pizza Margarita,Principal
T-14713,2024-02-14,Cena,P-11,1,Salmon a la Plancha,Principal
T-15781,2025-08-17,Cena,P-04,1,Tarta de Queso Casera,Postre
T-10189,2024-08-18,Cena,P-02,2,Ensalada Cesar,Entrante
T-12681,2024-10-31,Cena,P-07,4,Pizza Margarita,Principal
T-13746,2024-02-24,Cena,P-13,1,Bacalao al Horno,Principal
T-12095,2024-12-07,Cena,P-16,3,Agua Mineral,Bebida
T-16660,2024-02-03,Cena,P-21,3,Cafe Solo,Bebida
T-15632,2024-07-12,Comida,P-06,1,Vino Tinto Copa,Bebida
T-12019,2024-04-20,Cena,P-09,2,Gazpacho Andaluz,Entrante
T-11456,2025-12-03,Cena,P-24,3,Nuggets de Pollo,Principal
T-11004,2025-11-26,Cena,P-21,2,Cafe Solo,Bebida
T-16982,2025-02-01,Cena,P-09,4,Gazpacho Andaluz,Entrante
T-16842,2024-01-14,Cena,P-20,4,Paella de Marisco,Principal
T-10667,2025-12-07,Comida,P-10,4,Solomillo Iberico,Principal
T-10509,2024-12-03,Comida,P-25,1,Canelones de Carne,Principal
T-16559,2025-08-31,Cena,P-14,4,Tortilla de Patatas,Entrante
T-11322,2025-12-29,Comida,P-05,3,Refresco Cola,Bebida
T-17045,2025-03-01,Comida,P-22,2,Te Verde,Bebida
T-17401,2024-08-07,Comida,P-16,2,Agua Mineral,Bebida
T-10178,2024-02-11,Comida,P-03,1,Pasta Carbonara IA,Principal
T-11182,2025-12-12,Comida,P-01,4,Hamburguesa Smart,Principal
T-17045,2025-06-09,Cena,P-10,1,Solomillo Iberico,Principal
T-17628,2025-12-16,Comida,P-15,2,Cerveza Artesana,Bebida
T-14266,2024-07-02,Comida,P-14,3,Tortilla de Patatas,Entrante
T-16895,2024-04-12,Comida,P-20,3,Paella de Marisco,Principal
T-12110,2024-09-12,Cena,P-06,4,Vino Tinto Copa,Bebida
T-10069,2024-07-05,Cena,P-20,1,Paella de Marisco,Principal
T-10041,2025-04-23,Cena,P-02,4,Ensalada Cesar,Entrante
T-16324,2025-11-11,Cena,P-19,2,Entrecot Ternera,Principal
T-13268,2025-05-28,Cena,P-12,2,Risotto de Setas,Principal
T-12927,2024-01-24,Comida,P-03,4,Pasta Carbonara IA,Principal
T-12820,2025-03-20,Comida,P-04,3,Tarta de Queso Casera,Postre
T-15708,2025-07-17,Cena,P-23,2,Tiramisu de la Casa,Postre
T-14216,2024-09-04,Comida,P-23,3,Tiramisu de la Casa,Postre
T-14581,2025-04-14,Comida,P-09,4,Gazpacho Andaluz,Entrante
T-17330,2025-06-26,Cena,P-04,2,Tarta de Queso Casera,Postre
T-13204,2025-08-22,Comida,P-01,1,Hamburguesa Smart,Principal
T-13624,2024-04-17,Cena,P-19,2,Entrecot Ternera,Principal
T-11051,2024-09-10,Cena,P-04,3,Tarta de Queso Casera,Postre
T-13129,2025-07-11,Comida,P-18,4,Ensaladilla Rusa,Entrante
T-13060,2025-02-20,Cena,P-14,3,Tortilla de Patatas,Entrante
T-12113,2025-10-06,Cena,P-14,3,Tortilla de Patatas,Entrante
T-14202,2025-12-29,Cena,P-03,2,Pasta Carbonara IA,Principal
T-13432,2025-06-14,Comida,P-12,2,Risotto de Setas,Principal
T-17974,2024-07-04,Cena,P-04,4,Tarta de Queso Casera,Postre
T-16985,2024-12-05,Cena,P-12,3,Risotto de Setas,Principal
T-17976,2024-05-27,Cena,P-11,4,Salmon a la Plancha,Principal
T-17869,2025-03-24,Comida,P-05,3,Refresco Cola,Bebida
T-16150,2025-06-01,Comida,P-06,4,Vino Tinto Copa,Bebida
T-13678,2024-05-31,Comida,P-17,1,Brownie con Helado,Postre
T-10551,2025-08-11,Comida,P-19,1,Entrecot Ternera,Principal
T-12543,2025-07-22,Cena,P-06,3,Vino Tinto Copa,Bebida
T-12508,2024-03-31,Cena,P-09,2,Gazpacho Andaluz,Entrante
T-11410,2024-08-16,Cena,P-06,1,Vino Tinto Copa,Bebida
T-12653,2025-11-04,Cena,P-11,2,Salmon a la Plancha,Principal
T-16046,2024-06-11,Comida,P-06,2,Vino Tinto Copa,Bebida
T-12674,2025-12-30,Cena,P-13,2,Bacalao al Horno,Principal
T-16467,2025-12-05,Cena,P-13,4,Bacalao al Horno,Principal
T-17812,2025-03-18,Cena,P-11,1,Salmon a la Plancha,Principal
T-17501,2025-04-22,Cena,P-19,2,Entrecot Ternera,Principal
T-16284,2025-08-30,Cena,P-01,2,Hamburguesa Smart,Principal
T-12735,2024-07-24,Comida,P-16,3,Agua Mineral,Bebida
T-12854,2025-01-26,Cena,P-25,3,Canelones de Carne,Principal
T-13299,2025-02-22,Cena,P-05,2,Refresco Cola,Bebida
T-13001,2025-04-30,Cena,P-03,3,Pasta Carbonara IA,Principal
T-13756,2025-05-26,Cena,P-19,4,Entrecot Ternera,Principal
T-13312,2025-04-28,Cena,P-20,2,Paella de Marisco,Principal
T-16812,2024-06-14,Cena,P-06,1,Vino Tinto Copa,Bebida
T-12874,2024-07-10,Cena,P-19,3,Entrecot Ternera,Principal
T-17133,2024-09-15,Comida,P-18,4,Ensaladilla Rusa,Entrante
T-16535,2025-06-04,Comida,P-12,1,Risotto de Setas,Principal
T-12890,2024-04-12,Comida,P-18,1,Ensaladilla Rusa,Entrante
T-10414,2024-01-07,Comida,P-08,3,Croquetas de Jamon,Entrante
T-14507,2024-05-06,Comida,P-15,2,Cerveza Artesana,Bebida
T-11545,2024-03-25,Cena,P-19,2,Entrecot Ternera,Principal
T-13318,2025-03-15,Cena,P-06,1,Vino Tinto Copa,Bebida
T-16855,2024-06-08,Cena,P-11,4,Salmon a la Plancha,Principal
T-14416,2024-01-19,Cena,P-17,2,Brownie con Helado,Postre
T-16400,2025-07-30,Comida,P-07,4,Pizza Margarita,Principal
T-14428,2025-07-29,Comida,P-02,1,Ensalada Cesar,Entrante
T-17844,2025-06-26,Cena,P-11,1,Salmon a la Plancha,Principal
T-11932,2025-04-27,Cena,P-10,1,Solomillo Iberico,Principal
T-11554,2025-07-03,Comida,P-05,4,Refresco Cola,Bebida
T-14653,2024-06-24,Comida,P-16,3,Agua Mineral,Bebida
T-16312,2025-02-01,Comida,P-19,2,Entrecot Ternera,Principal
T-12568,2024-11-21,Cena,P-20,4,Paella de Marisco,Principal
T-11434,2025-10-25,Cena,P-03,4,Pasta Carbonara IA,Principal
T-15972,2024-05-12,Comida,P-08,2,Croquetas de Jamon,Entrante
T-17047,2024-02-16,Comida,P-13,2,Bacalao al Horno,Principal
T-11196,2025-09-29,Cena,P-03,2,Pasta Carbonara IA,Principal
T-13121,2024-10-23,Cena,P-03,3,Pasta Carbonara IA,Principal
T-16381,2025-03-21,Cena,P-04,2,Tarta de Queso Casera,Postre
T-12374,2024-11-16,Cena,P-13,4,Bacalao al Horno,Principal
T-13791,2024-07-23,Comida,P-01,3,Hamburguesa Smart,Principal
T-10605,2024-06-14,Cena,P-17,2,Brownie con Helado,Postre
T-10399,2025-04-09,Cena,P-20,3,Paella de Marisco,Principal
T-14872,2024-09-04,Cena,P-09,2,Gazpacho Andaluz,Entrante
T-10265,2024-11-03,Comida,P-15,2,Cerveza Artesana,Bebida
T-11051,2024-05-25,Comida,P-02,2,Ensalada Cesar,Entrante
T-14872,2025-07-17,Cena,P-03,2,Pasta Carbonara IA,Principal
T-17378,2024-11-20,Cena,P-16,2,Agua Mineral,Bebida
T-12848,2024-06-08,Cena,P-07,4,Pizza Margarita,Principal
T-14633,2025-06-22,Cena,P-18,3,Ensaladilla Rusa,Entrante
T-13981,2024-11-22,Cena,P-02,2,Ensalada Cesar,Entrante
T-12422,2025-10-25,Comida,P-03,2,Pasta Carbonara IA,Principal
T-11781,2024-03-06,Comida,P-24,2,Nuggets de Pollo,Principal
T-15583,2024-03-24,Cena,P-21,3,Cafe Solo,Bebida
T-15336,2025-04-16,Comida,P-07,2,Pizza Margarita,Principal
T-17860,2025-04-25,Cena,P-09,2,Gazpacho Andaluz,Entrante
T-15854,2024-01-17,Comida,P-06,2,Vino Tinto Copa,Bebida
T-12960,2024-01-15,Comida,P-16,2,Agua Mineral,Bebida
T-11606,2025-04-20,Comida,P-17,1,Brownie con Helado,Postre
T-14797,2025-12-30,Cena,P-23,3,Tiramisu de la Casa,Postre
T-13482,2025-03-06,Comida,P-19,1,Entrecot Ternera,Principal
T-17158,2025-06-16,Comida,P-20,4,Paella de Marisco,Principal
T-17133,2025-08-18,Comida,P-23,3,Tiramisu de la Casa,Postre
T-12831,2024-11-30,Cena,P-17,2,Brownie con Helado,Postre
T-14617,2024-06-30,Comida,P-09,4,Gazpacho Andaluz,Entrante
T-12113,2024-03-11,Comida,P-02,2,Ensalada Cesar,Entrante
T-11567,2024-06-09,Comida,P-05,2,Refresco Cola,Bebida
T-11679,2025-10-17,Comida,P-17,1,Brownie con Helado,Postre
T-16625,2025-05-16,Cena,P-01,2,Hamburguesa Smart,Principal
T-10396,2024-07-20,Comida,P-02,2,Ensalada Cesar,Entrante
T-14607,2024-08-31,Cena,P-01,3,Hamburguesa Smart,Principal
T-14440,2024-03-19,Cena,P-17,2,Brownie con Helado,Postre
T-13594,2024-08-19,Cena,P-15,2,Cerveza Artesana,Bebida
T-10589,2025-02-10,Cena,P-18,3,Ensaladilla Rusa,Entrante
T-12570,2025-06-01,Cena,P-08,2,Croquetas de Jamon,Entrante
T-12593,2025-09-29,Cena,P-24,4,Nuggets de Pollo,Principal
T-11535,2025-07-19,Comida,P-22,2,Te Verde,Bebida
T-16405,2025-05-04,Cena,P-22,2,Te Verde,Bebida
T-13657,2025-02-24,Comida,P-25,2,Canelones de Carne,Principal
T-12529,2024-12-10,Comida,P-03,2,Pasta Carbonara IA,Principal
T-13077,2025-06-23,Comida,P-07,4,Pizza Margarita,Principal
T-11554,2024-09-01,Comida,P-20,4,Paella de Marisco,Principal
T-11451,2024-04-19,Cena,P-05,2,Refresco Cola,Bebida
T-15152,2024-07-14,Cena,P-24,2,Nuggets de Pollo,Principal
T-14571,2025-08-26,Cena,P-19,4,Entrecot Ternera,Principal
T-10967,2025-07-20,Cena,P-22,2,Te Verde,Bebida
T-12311,2025-05-09,Comida,P-18,3,Ensaladilla Rusa,Entrante
T-11149,2024-05-19,Comida,P-13,3,Bacalao al Horno,Principal
T-10372,2024-02-11,Cena,P-25,2,Canelones de Carne,Principal
T-16077,2025-05-09,Cena,P-01,1,Hamburguesa Smart,Principal
T-15038,2025-05-16,Cena,P-01,2,Hamburguesa Smart,Principal
T-17464,2025-05-03,Comida,P-03,3,Pasta Carbonara IA,Principal
T-15858,2024-08-25,Cena,P-18,2,Ensaladilla Rusa,Entrante
T-14767,2024-06-14,Cena,P-24,2,Nuggets de Pollo,Principal
T-18000,2025-03-29,Cena,P-02,3,Ensalada Cesar,Entrante
T-16322,2025-05-18,Comida,P-01,3,Hamburguesa Smart,Principal
T-16524,2025-08-31,Cena,P-24,3,Nuggets de Pollo,Principal
T-12029,2024-11-05,Comida,P-23,1,Tiramisu de la Casa,Postre
T-12665,2024-10-18,Cena,P-01,4,Hamburguesa Smart,Principal
T-15640,2024-05-11,Cena,P-25,2,Canelones de Carne,Principal
T-14863,2025-02-13,Cena,P-18,3,Ensaladilla Rusa,Entrante
T-13858,2024-09-21,Cena,P-02,4,Ensalada Cesar,Entrante
T-15988,2024-07-01,Cena,P-22,2,Te Verde,Bebida
T-12185,2025-12-11,Comida,P-13,2,Bacalao al Horno,Principal
T-15041,2024-06-13,Comida,P-25,2,Canelones de Carne,Principal
T-14944,2024-02-26,Cena,P-20,1,Paella de Marisco,Principal
T-13281,2024-09-10,Comida,P-13,4,Bacalao al Horno,Principal
T-11816,2024-10-06,Cena,P-05,4,Refresco Cola,Bebida
T-17466,2025-10-09,Comida,P-24,4,Nuggets de Pollo,Principal
T-12904,2024-02-14,Comida,P-04,4,Tarta de Queso Casera,Postre
T-10270,2024-01-01,Cena,P-21,2,Cafe Solo,Bebida
T-16531,2025-04-27,Cena,P-10,4,Solomillo Iberico,Principal
T-16423,2024-12-01,Cena,P-14,2,Tortilla de Patatas,Entrante
T-17276,2025-06-02,Cena,P-08,1,Croquetas de Jamon,Entrante
T-14887,2024-12-13,Cena,P-04,3,Tarta de Queso Casera,Postre
T-14726,2024-02-24,Cena,P-03,1,Pasta Carbonara IA,Principal
T-15139,2024-10-10,Cena,P-10,3,Solomillo Iberico,Principal
T-10058,2024-12-06,Cena,P-07,4,Pizza Margarita,Principal
T-10796,2025-02-07,Comida,P-01,3,Hamburguesa Smart,Principal
T-16349,2024-12-18,Cena,P-01,2,Hamburguesa Smart,Principal
T-14139,2025-01-11,Cena,P-09,2,Gazpacho Andaluz,Entrante
T-12823,2024-12-19,Comida,P-11,4,Salmon a la Plancha,Principal
T-13714,2025-08-12,Cena,P-05,3,Refresco Cola,Bebida
T-14751,2024-08-24,Cena,P-18,2,Ensaladilla Rusa,Entrante
T-16328,2025-06-17,Comida,P-04,3,Tarta de Queso Casera,Postre
T-15312,2025-04-24,Cena,P-14,3,Tortilla de Patatas,Entrante
T-16914,2024-08-13,Comida,P-01,3,Hamburguesa Smart,Principal
T-16851,2024-11-03,Cena,P-15,3,Cerveza Artesana,Bebida
T-16700,2025-06-20,Cena,P-05,3,Refresco Cola,Bebida
T-11849,2025-12-28,Comida,P-15,2,Cerveza Artesana,Bebida
T-14131,2025-03-08,Comida,P-03,4,Pasta Carbonara IA,Principal
T-15055,2024-04-24,Comida,P-05,3,Refresco Cola,Bebida
T-15251,2025-11-02,Comida,P-24,2,Nuggets de Pollo,Principal
T-12278,2025-09-04,Comida,P-14,4,Tortilla de Patatas,Entrante
T-12993,2025-09-08,Cena,P-05,4,Refresco Cola,Bebida
T-12593,2024-05-31,Cena,P-23,3,Tiramisu de la Casa,Postre
T-17722,2025-08-08,Cena,P-01,3,Hamburguesa Smart,Principal
T-16487,2024-09-13,Cena,P-02,1,Ensalada Cesar,Entrante
T-17618,2025-09-15,Comida,P-08,1,Croquetas de Jamon,Entrante
T-13881,2025-12-26,Cena,P-20,1,Paella de Marisco,Principal
T-13372,2025-02-05,Comida,P-06,2,Vino Tinto Copa,Bebida
T-12286,2025-03-17,Comida,P-08,1,Croquetas de Jamon,Entrante
T-10331,2024-08-16,Cena,P-08,2,Croquetas de Jamon,Entrante
T-11956,2025-11-13,Cena,P-17,4,Brownie con Helado,Postre
T-13739,2025-06-15,Comida,P-09,2,Gazpacho Andaluz,Entrante
T-17823,2025-03-01,Cena,P-22,2,Te Verde,Bebida
T-12260,2025-10-26,Comida,P-10,2,Solomillo Iberico,Principal
T-10309,2024-03-01,Cena,P-25,1,Canelones de Carne,Principal
T-10442,2024-05-18,Cena,P-19,1,Entrecot Ternera,Principal
T-15903,2024-08-06,Cena,P-16,4,Agua Mineral,Bebida
T-12314,2024-05-25,Cena,P-21,3,Cafe Solo,Bebida
T-11239,2024-02-12,Comida,P-25,4,Canelones de Carne,Principal
T-17540,2024-09-20,Comida,P-21,2,Cafe Solo,Bebida
T-16970,2024-02-24,Comida,P-04,3,Tarta de Queso Casera,Postre
T-13464,2024-11-28,Comida,P-21,3,Cafe Solo,Bebida
T-13559,2025-10-10,Cena,P-16,4,Agua Mineral,Bebida
T-11981,2025-01-03,Cena,P-13,4,Bacalao al Horno,Principal
T-14489,2024-07-31,Comida,P-19,1,Entrecot Ternera,Principal
T-17644,2024-02-25,Cena,P-17,1,Brownie con Helado,Postre
T-10402,2024-02-24,Comida,P-11,4,Salmon a la Plancha,Principal
T-14857,2024-07-06,Cena,P-22,4,Te Verde,Bebida
T-11141,2025-10-27,Cena,P-13,2,Bacalao al Horno,Principal
T-13356,2025-07-12,Comida,P-15,3,Cerveza Artesana,Bebida
T-17375,2025-12-14,Cena,P-05,1,Refresco Cola,Bebida
T-17071,2024-10-17,Cena,P-09,3,Gazpacho Andaluz,Entrante
T-15341,2025-09-04,Cena,P-15,1,Cerveza Artesana,Bebida
T-15374,2024-01-30,Cena,P-20,4,Paella de Marisco,Principal
T-11291,2025-08-15,Comida,P-09,2,Gazpacho Andaluz,Entrante
T-16760,2024-01-27,Cena,P-06,1,Vino Tinto Copa,Bebida
T-14911,2024-09-13,Comida,P-14,4,Tortilla de Patatas,Entrante
T-16021,2024-12-16,Comida,P-17,4,Brownie con Helado,Postre
T-12388,2025-09-02,Cena,P-23,2,Tiramisu de la Casa,Postre
T-13474,2024-12-06,Cena,P-17,1,Brownie con Helado,Postre
T-12249,2025-05-01,Cena,P-18,4,Ensaladilla Rusa,Entrante
T-13718,2024-09-19,Comida,P-22,1,Te Verde,Bebida
T-12264,2024-01-24,Comida,P-24,2,Nuggets de Pollo,Principal
T-17170,2024-12-01,Cena,P-19,4,Entrecot Ternera,Principal
T-12465,2025-11-11,Cena,P-25,1,Canelones de Carne,Principal
T-10883,2024-04-13,Cena,P-06,3,Vino Tinto Copa,Bebida
T-11712,2025-02-23,Comida,P-20,3,Paella de Marisco,Principal
T-11713,2024-04-14,Comida,P-22,4,Te Verde,Bebida
T-17448,2024-07-12,Cena,P-10,3,Solomillo Iberico,Principal
T-16572,2025-10-04,Cena,P-22,3,Te Verde,Bebida
T-11111,2024-01-03,Comida,P-03,2,Pasta Carbonara IA,Principal
T-15678,2025-03-20,Cena,P-19,2,Entrecot Ternera,Principal
T-11822,2024-01-26,Cena,P-02,1,Ensalada Cesar,Entrante
T-14866,2025-12-24,Comida,P-09,4,Gazpacho Andaluz,Entrante
T-17130,2024-08-31,Cena,P-18,3,Ensaladilla Rusa,Entrante
T-15559,2025-08-04,Cena,P-06,1,Vino Tinto Copa,Bebida
T-13960,2025-08-01,Comida,P-11,3,Salmon a la Plancha,Principal
T-10701,2024-08-18,Cena,P-05,3,Refresco Cola,Bebida
T-14182,2024-07-06,Cena,P-14,2,Tortilla de Patatas,Entrante
T-17357,2024-12-24,Comida,P-16,3,Agua Mineral,Bebida
T-14927,2024-02-02,Comida,P-04,4,Tarta de Queso Casera,Postre
T-17426,2024-06-29,Comida,P-11,1,Salmon a la Plancha,Principal
T-11266,2024-04-30,Cena,P-07,1,Pizza Margarita,Principal
T-15489,2024-01-21,Comida,P-18,4,Ensaladilla Rusa,Entrante
T-13779,2024-06-13,Cena,P-21,4,Cafe Solo,Bebida
T-14033,2025-07-30,Comida,P-16,3,Agua Mineral,Bebida
T-11911,2024-10-18,Cena,P-22,4,Te Verde,Bebida
T-14936,2025-09-12,Cena,P-02,4,Ensalada Cesar,Entrante
T-17688,2025-09-12,Comida,P-16,1,Agua Mineral,Bebida
T-15385,2024-04-26,Cena,P-23,3,Tiramisu de la Casa,Postre
T-14302,2025-05-10,Cena,P-10,2,Solomillo Iberico,Principal
T-14622,2025-08-18,Cena,P-09,4,Gazpacho Andaluz,Entrante
T-17513,2024-08-03,Cena,P-01,4,Hamburguesa Smart,Principal
T-13793,2025-03-18,Comida,P-25,2,Canelones de Carne,Principal
T-16896,2025-06-29,Comida,P-20,4,Paella de Marisco,Principal
T-11113,2024-09-04,Cena,P-25,1,Canelones de Carne,Principal
T-16150,2025-01-09,Comida,P-18,1,Ensaladilla Rusa,Entrante
T-17197,2024-04-02,Comida,P-10,1,Solomillo Iberico,Principal
T-12860,2024-11-04,Cena,P-11,4,Salmon a la Plancha,Principal
T-15583,2024-08-30,Cena,P-25,2,Canelones de Carne,Principal
T-13103,2025-07-18,Cena,P-15,2,Cerveza Artesana,Bebida
T-13231,2024-01-21,Cena,P-12,2,Risotto de Setas,Principal
T-16182,2024-11-01,Cena,P-15,2,Cerveza Artesana,Bebida
T-14918,2025-08-17,Comida,P-18,2,Ensaladilla Rusa,Entrante
T-16858,2025-11-24,Cena,P-01,4,Hamburguesa Smart,Principal
T-11862,2025-08-05,Cena,P-13,2,Bacalao al Horno,Principal
T-10733,2024-08-18,Cena,P-22,2,Te Verde,Bebida
T-12093,2025-08-23,Comida,P-23,3,Tiramisu de la Casa,Postre
T-13298,2024-02-11,Comida,P-16,2,Agua Mineral,Bebida
T-14263,2024-09-30,Comida,P-21,2,Cafe Solo,Bebida
T-14138,2024-01-08,Cena,P-09,2,Gazpacho Andaluz,Entrante
T-17192,2024-02-21,Cena,P-16,1,Agua Mineral,Bebida
T-17775,2024-08-30,Comida,P-25,3,Canelones de Carne,Principal
T-15682,2024-08-03,Cena,P-22,3,Te Verde,Bebida
T-12235,2025-07-09,Comida,P-06,4,Vino Tinto Copa,Bebida
T-15398,2024-12-25,Cena,P-23,2,Tiramisu de la Casa,Postre
T-11208,2025-02-09,Comida,P-05,1,Refresco Cola,Bebida
T-12700,2025-07-30,Cena,P-23,4,Tiramisu de la Casa,Postre
T-12003,2025-07-15,Comida,P-23,3,Tiramisu de la Casa,Postre
T-14140,2024-09-08,Cena,P-07,2,Pizza Margarita,Principal
T-15990,2025-08-09,Comida,P-10,2,Solomillo Iberico,Principal
T-10182,2025-08-18,Cena,P-22,4,Te Verde,Bebida
T-12648,2025-04-07,Comida,P-05,3,Refresco Cola,Bebida
T-13133,2024-02-04,Cena,P-04,1,Tarta de Queso Casera,Postre
T-13252,2024-06-08,Cena,P-02,4,Ensalada Cesar,Entrante
T-11121,2024-01-31,Cena,P-17,2,Brownie con Helado,Postre
T-10271,2025-04-22,Comida,P-18,1,Ensaladilla Rusa,Entrante
T-11793,2024-08-29,Cena,P-21,4,Cafe Solo,Bebida
T-12243,2025-09-25,Comida,P-08,3,Croquetas de Jamon,Entrante
T-15193,2024-06-04,Cena,P-14,1,Tortilla de Patatas,Entrante
T-17754,2025-08-22,Cena,P-23,3,Tiramisu de la Casa,Postre
T-10607,2024-10-15,Comida,P-04,3,Tarta de Queso Casera,Postre
T-11816,2025-05-13,Comida,P-08,4,Croquetas de Jamon,Entrante
T-17705,2025-02-10,Comida,P-21,4,Cafe Solo,Bebida
T-14218,2024-04-30,Comida,P-01,3,Hamburguesa Smart,Principal
T-16057,2025-11-01,Cena,P-25,1,Canelones de Carne,Principal
T-10623,2024-09-09,Cena,P-09,2,Gazpacho Andaluz,Entrante
T-15903,2025-05-27,Comida,P-03,1,Pasta Carbonara IA,Principal
T-11820,2025-12-10,Cena,P-16,2,Agua Mineral,Bebida
T-10119,2025-12-06,Comida,P-22,1,Te Verde,Bebida
T-17794,2024-02-04,Cena,P-09,1,Gazpacho Andaluz,Entrante
T-10102,2025-08-25,Cena,P-17,4,Brownie con Helado,Postre
T-10166,2024-07-05,Cena,P-05,2,Refresco Cola,Bebida
T-14559,2024-02-09,Comida,P-24,3,Nuggets de Pollo,Principal
T-15346,2025-12-16,Comida,P-15,3,Cerveza Artesana,Bebida
T-12276,2025-02-15,Cena,P-14,2,Tortilla de Patatas,Entrante
T-12724,2024-10-29,Comida,P-17,3,Brownie con Helado,Postre
T-17705,2025-01-10,Comida,P-06,1,Vino Tinto Copa,Bebida
T-10072,2025-09-30,Comida,P-02,4,Ensalada Cesar,Entrante
T-16596,2024-11-13,Comida,P-07,2,Pizza Margarita,Principal
T-16934,2024-01-26,Cena,P-24,1,Nuggets de Pollo,Principal
T-14493,2025-10-14,Cena,P-20,3,Paella de Marisco,Principal
T-10773,2025-10-16,Cena,P-04,3,Tarta de Queso Casera,Postre
T-16950,2025-07-13,Cena,P-02,1,Ensalada Cesar,Entrante
T-11095,2025-09-27,Comida,P-08,2,Croquetas de Jamon,Entrante
T-16192,2024-01-17,Comida,P-15,3,Cerveza Artesana,Bebida
T-12080,2025-03-24,Cena,P-10,1,Solomillo Iberico,Principal
T-15691,2025-07-23,Cena,P-19,2,Entrecot Ternera,Principal
T-10004,2024-03-16,Cena,P-11,4,Salmon a la Plancha,Principal
T-16148,2025-04-27,Cena,P-14,4,Tortilla de Patatas,Entrante
T-13193,2024-04-23,Cena,P-03,1,Pasta Carbonara IA,Principal
T-14515,2025-02-13,Cena,P-19,3,Entrecot Ternera,Principal
T-12947,2025-08-11,Cena,P-24,2,Nuggets de Pollo,Principal
T-12732,2024-05-08,Cena,P-20,2,Paella de Marisco,Principal
T-12892,2025-02-28,Comida,P-14,1,Tortilla de Patatas,Entrante
T-16476,2025-01-08,Comida,P-24,2,Nuggets de Pollo,Principal
T-10730,2024-11-08,Comida,P-19,4,Entrecot Ternera,Principal
T-17759,2025-05-05,Cena,P-19,2,Entrecot Ternera,Principal
T-12953,2024-06-22,Comida,P-14,4,Tortilla de Patatas,Entrante
T-15071,2024-01-10,Cena,P-06,2,Vino Tinto Copa,Bebida
T-16805,2024-05-31,Comida,P-18,1,Ensaladilla Rusa,Entrante
T-10053,2025-03-11,Comida,P-19,2,Entrecot Ternera,Principal
T-15360,2025-07-27,Cena,P-04,1,Tarta de Queso Casera,Postre
T-13279,2025-06-07,Comida,P-17,1,Brownie con Helado,Postre
T-13876,2024-12-23,Cena,P-18,3,Ensaladilla Rusa,Entrante
T-12920,2025-10-07,Cena,P-04,3,Tarta de Queso Casera,Postre
T-14945,2024-06-27,Comida,P-14,2,Tortilla de Patatas,Entrante
T-11407,2024-04-21,Comida,P-18,4,Ensaladilla Rusa,Entrante
T-10057,2025-01-03,Comida,P-10,1,Solomillo Iberico,Principal
T-13792,2024-01-07,Cena,P-20,4,Paella de Marisco,Principal
T-14717,2024-01-04,Cena,P-17,4,Brownie con Helado,Postre
T-12411,2025-02-23,Cena,P-12,1,Risotto de Setas,Principal
T-12658,2024-02-05,Cena,P-18,1,Ensaladilla Rusa,Entrante
T-15771,2025-06-20,Cena,P-16,1,Agua Mineral,Bebida
T-17048,2024-07-01,Cena,P-25,2,Canelones de Carne,Principal
T-10823,2025-11-30,Cena,P-15,3,Cerveza Artesana,Bebida
T-17823,2025-06-06,Cena,P-14,3,Tortilla de Patatas,Entrante
T-12566,2024-01-04,Cena,P-07,3,Pizza Margarita,Principal
T-15509,2025-06-02,Cena,P-16,1,Agua Mineral,Bebida
T-13040,2024-12-19,Comida,P-20,3,Paella de Marisco,Principal
T-13871,2025-03-12,Cena,P-03,3,Pasta Carbonara IA,Principal
T-11162,2025-11-15,Cena,P-18,4,Ensaladilla Rusa,Entrante
T-13686,2025-10-12,Comida,P-05,3,Refresco Cola,Bebida
T-11737,2024-12-19,Cena,P-07,2,Pizza Margarita,Principal
T-16970,2025-06-04,Comida,P-10,4,Solomillo Iberico,Principal
T-12837,2025-10-31,Cena,P-04,4,Tarta de Queso Casera,Postre
T-11386,2024-06-16,Cena,P-01,1,Hamburguesa Smart,Principal
T-15767,2024-01-07,Comida,P-15,1,Cerveza Artesana,Bebida
T-12494,2025-12-30,Cena,P-13,1,Bacalao al Horno,Principal
T-10437,2024-01-02,Cena,P-18,3,Ensaladilla Rusa,Entrante
T-12164,2025-04-06,Cena,P-16,2,Agua Mineral,Bebida
T-16568,2024-03-10,Cena,P-19,4,Entrecot Ternera,Principal
T-10218,2025-04-09,Cena,P-02,4,Ensalada Cesar,Entrante
T-12380,2025-07-08,Comida,P-05,2,Refresco Cola,Bebida
T-13260,2024-08-07,Comida,P-06,2,Vino Tinto Copa,Bebida
T-13749,2024-09-08,Cena,P-02,1,Ensalada Cesar,Entrante
T-11887,2024-10-17,Cena,P-11,2,Salmon a la Plancha,Principal
T-17453,2025-05-14,Comida,P-16,1,Agua Mineral,Bebida
T-14396,2024-03-24,Comida,P-14,3,Tortilla de Patatas,Entrante
T-11177,2024-12-11,Comida,P-05,4,Refresco Cola,Bebida
T-16570,2025-11-13,Cena,P-12,4,Risotto de Setas,Principal
T-14154,2025-11-27,Cena,P-05,1,Refresco Cola,Bebida
T-10343,2025-02-20,Comida,P-13,2,Bacalao al Horno,Principal
T-13047,2024-09-13,Cena,P-19,1,Entrecot Ternera,Principal
T-12870,2025-07-06,Comida,P-12,2,Risotto de Setas,Principal
T-10677,2025-12-03,Cena,P-19,3,Entrecot Ternera,Principal
T-11162,2025-05-17,Cena,P-16,1,Agua Mineral,Bebida
T-12185,2024-12-10,Cena,P-09,4,Gazpacho Andaluz,Entrante
T-14266,2024-06-29,Comida,P-19,3,Entrecot Ternera,Principal
T-12142,2025-02-15,Cena,P-25,2,Canelones de Carne,Principal
T-13989,2024-01-25,Comida,P-17,3,Brownie con Helado,Postre
T-17158,2024-07-16,Comida,P-10,1,Solomillo Iberico,Principal
T-15606,2025-05-11,Comida,P-22,2,Te Verde,Bebida
T-12758,2024-05-04,Comida,P-23,3,Tiramisu de la Casa,Postre
T-15018,2025-05-13,Comida,P-09,4,Gazpacho Andaluz,Entrante
T-10324,2025-07-08,Cena,P-07,2,Pizza Margarita,Principal
T-12739,2024-08-12,Cena,P-22,1,Te Verde,Bebida
T-10150,2024-09-02,Cena,P-10,4,Solomillo Iberico,Principal
T-16070,2025-01-02,Cena,P-03,2,Pasta Carbonara IA,Principal
T-12055,2024-04-19,Comida,P-06,1,Vino Tinto Copa,Bebida
T-11129,2025-08-02,Cena,P-16,3,Agua Mineral,Bebida
T-16859,2025-07-19,Comida,P-02,4,Ensalada Cesar,Entrante
T-10779,2024-03-27,Comida,P-23,4,Tiramisu de la Casa,Postre
T-11750,2024-10-08,Comida,P-03,1,Pasta Carbonara IA,Principal
T-17070,2025-12-01,Comida,P-03,1,Pasta Carbonara IA,Principal
T-15783,2025-11-21,Cena,P-08,3,Croquetas de Jamon,Entrante
T-16878,2025-10-31,Cena,P-17,2,Brownie con Helado,Postre
T-12359,2024-08-11,Cena,P-22,4,Te Verde,Bebida
T-13119,2025-08-13,Comida,P-06,2,Vino Tinto Copa,Bebida
T-13420,2024-12-21,Cena,P-24,3,Nuggets de Pollo,Principal
T-11399,2025-07-15,Cena,P-25,3,Canelones de Carne,Principal
T-14559,2024-10-02,Comida,P-16,2,Agua Mineral,Bebida
T-13031,2025-12-14,Comida,P-24,1,Nuggets de Pollo,Principal
T-12486,2025-05-26,Cena,P-04,3,Tarta de Queso Casera,Postre
T-10705,2025-12-25,Cena,P-15,1,Cerveza Artesana,Bebida
T-10162,2024-08-17,Comida,P-17,4,Brownie con Helado,Postre
T-16113,2024-04-19,Comida,P-15,3,Cerveza Artesana,Bebida
T-12605,2024-04-15,Cena,P-18,2,Ensaladilla Rusa,Entrante
T-11221,2025-06-24,Cena,P-11,3,Salmon a la Plancha,Principal
T-10670,2024-12-18,Comida,P-17,1,Brownie con Helado,Postre
T-16074,2024-06-22,Comida,P-05,1,Refresco Cola,Bebida
T-17820,2025-01-01,Comida,P-19,1,Entrecot Ternera,Principal
T-16534,2024-05-02,Cena,P-22,2,Te Verde,Bebida
T-11632,2025-09-12,Cena,P-15,3,Cerveza Artesana,Bebida
T-13510,2024-02-06,Cena,P-03,3,Pasta Carbonara IA,Principal
T-16798,2024-10-12,Comida,P-12,4,Risotto de Setas,Principal
T-14416,2025-07-28,Cena,P-10,4,Solomillo Iberico,Principal
T-13500,2024-12-16,Cena,P-12,2,Risotto de Setas,Principal
T-13314,2025-05-14,Comida,P-19,1,Entrecot Ternera,Principal
T-14115,2024-05-01,Cena,P-22,4,Te Verde,Bebida
T-15969,2024-03-22,Cena,P-12,4,Risotto de Setas,Principal
T-10173,2025-06-23,Cena,P-11,3,Salmon a la Plancha,Principal
T-15995,2025-01-23,Cena,P-16,1,Agua Mineral,Bebida
T-15559,2024-05-05,Cena,P-05,4,Refresco Cola,Bebida
T-12467,2024-02-26,Cena,P-20,4,Paella de Marisco,Principal
T-13110,2025-04-15,Cena,P-06,2,Vino Tinto Copa,Bebida
T-10119,2024-05-28,Cena,P-20,1,Paella de Marisco,Principal
T-17568,2025-11-06,Cena,P-19,4,Entrecot Ternera,Principal
T-16111,2024-03-15,Comida,P-15,2,Cerveza Artesana,Bebida
T-10622,2024-09-10,Cena,P-20,1,Paella de Marisco,Principal
T-12180,2025-04-06,Cena,P-23,3,Tiramisu de la Casa,Postre
T-14241,2025-03-29,Comida,P-25,1,Canelones de Carne,Principal
T-14090,2024-01-04,Cena,P-23,3,Tiramisu de la Casa,Postre
T-13939,2024-03-17,Cena,P-20,4,Paella de Marisco,Principal
T-14398,2025-10-21,Cena,P-12,1,Risotto de Setas,Principal
T-11622,2024-05-05,Cena,P-23,3,Tiramisu de la Casa,Postre
T-12501,2024-03-08,Cena,P-12,4,Risotto de Setas,Principal
T-16772,2025-10-21,Comida,P-22,4,Te Verde,Bebida
T-10050,2024-01-30,Comida,P-22,4,Te Verde,Bebida
T-14256,2025-08-04,Comida,P-15,1,Cerveza Artesana,Bebida
T-13636,2024-01-07,Cena,P-14,1,Tortilla de Patatas,Entrante
T-13197,2024-07-03,Cena,P-22,2,Te Verde,Bebida
T-13269,2025-09-19,Cena,P-15,2,Cerveza Artesana,Bebida
T-10364,2024-12-17,Cena,P-16,1,Agua Mineral,Bebida
T-10148,2025-11-26,Comida,P-18,2,Ensaladilla Rusa,Entrante
T-13436,2024-10-14,Cena,P-04,4,Tarta de Queso Casera,Postre
T-10521,2024-04-03,Comida,P-18,4,Ensaladilla Rusa,Entrante
T-14584,2024-01-08,Cena,P-13,2,Bacalao al Horno,Principal
T-13409,2024-12-30,Comida,P-15,3,Cerveza Artesana,Bebida
T-13941,2025-10-01,Comida,P-10,1,Solomillo Iberico,Principal
T-11279,2024-06-27,Cena,P-22,4,Te Verde,Bebida
T-17067,2024-09-28,Cena,P-18,3,Ensaladilla Rusa,Entrante
T-10222,2025-03-01,Cena,P-05,2,Refresco Cola,Bebida
T-15982,2025-08-13,Cena,P-04,3,Tarta de Queso Casera,Postre
T-11761,2024-12-26,Cena,P-02,2,Ensalada Cesar,Entrante
T-12959,2024-01-07,Cena,P-17,2,Brownie con Helado,Postre
T-16359,2024-04-04,Cena,P-01,3,Hamburguesa Smart,Principal
T-13328,2024-07-06,Comida,P-04,2,Tarta de Queso Casera,Postre
T-14659,2024-01-08,Cena,P-22,1,Te Verde,Bebida
T-13427,2024-03-25,Cena,P-16,2,Agua Mineral,Bebida
T-15558,2024-07-08,Comida,P-22,3,Te Verde,Bebida
T-13092,2025-01-19,Comida,P-25,2,Canelones de Carne,Principal
T-10083,2024-06-18,Cena,P-11,4,Salmon a la Plancha,Principal
T-10833,2024-08-01,Comida,P-17,4,Brownie con Helado,Postre
T-12837,2025-05-11,Cena,P-19,2,Entrecot Ternera,Principal
T-15466,2024-09-29,Comida,P-17,4,Brownie con Helado,Postre
T-16125,2025-06-21,Cena,P-10,1,Solomillo Iberico,Principal
T-16486,2025-10-04,Cena,P-14,1,Tortilla de Patatas,Entrante
T-11589,2025-10-20,Comida,P-06,3,Vino Tinto Copa,Bebida
T-14866,2024-02-29,Comida,P-01,1,Hamburguesa Smart,Principal
T-12683,2024-09-29,Comida,P-11,2,Salmon a la Plancha,Principal
T-10963,2024-02-11,Comida,P-06,1,Vino Tinto Copa,Bebida
T-13635,2025-01-13,Comida,P-06,2,Vino Tinto Copa,Bebida
T-16661,2024-10-12,Cena,P-23,1,Tiramisu de la Casa,Postre
T-14501,2025-03-04,Cena,P-19,4,Entrecot Ternera,Principal
T-16892,2025-12-22,Comida,P-05,1,Refresco Cola,Bebida
T-13426,2024-05-06,Cena,P-25,1,Canelones de Carne,Principal
T-10481,2025-05-22,Cena,P-03,1,Pasta Carbonara IA,Principal
T-11373,2024-02-14,Comida,P-03,1,Pasta Carbonara IA,Principal
T-16194,2025-04-03,Cena,P-05,4,Refresco Cola,Bebida
T-10522,2025-11-07,Cena,P-16,1,Agua Mineral,Bebida
T-14104,2024-12-10,Comida,P-19,2,Entrecot Ternera,Principal
T-17302,2024-02-01,Comida,P-20,3,Paella de Marisco,Principal
T-14400,2024-01-23,Cena,P-21,3,Cafe Solo,Bebida
T-17897,2025-02-03,Cena,P-07,2,Pizza Margarita,Principal
T-14457,2024-12-11,Cena,P-20,2,Paella de Marisco,Principal
T-12400,2025-05-20,Cena,P-19,1,Entrecot Ternera,Principal
T-11551,2024-12-02,Comida,P-13,3,Bacalao al Horno,Principal
T-14538,2024-03-19,Cena,P-08,3,Croquetas de Jamon,Entrante
T-16249,2025-01-01,Cena,P-09,2,Gazpacho Andaluz,Entrante
T-17375,2024-11-05,Cena,P-04,3,Tarta de Queso Casera,Postre
T-17668,2024-02-28,Cena,P-05,3,Refresco Cola,Bebida
T-17426,2024-09-25,Comida,P-19,4,Entrecot Ternera,Principal
T-14400,2025-01-03,Cena,P-05,2,Refresco Cola,Bebida
T-14861,2025-05-08,Cena,P-07,1,Pizza Margarita,Principal
T-17158,2025-12-12,Comida,P-05,1,Refresco Cola,Bebida
T-12975,2024-06-03,Cena,P-21,4,Cafe Solo,Bebida
T-12188,2025-01-04,Cena,P-23,3,Tiramisu de la Casa,Postre
T-14584,2024-01-24,Cena,P-03,1,Pasta Carbonara IA,Principal
T-12173,2025-09-25,Comida,P-10,2,Solomillo Iberico,Principal
T-13762,2025-11-11,Cena,P-03,3,Pasta Carbonara IA,Principal
T-17820,2025-11-20,Comida,P-07,2,Pizza Margarita,Principal
T-17001,2024-11-23,Comida,P-16,2,Agua Mineral,Bebida
T-17772,2025-06-24,Cena,P-16,2,Agua Mineral,Bebida
T-17711,2025-05-07,Cena,P-15,3,Cerveza Artesana,Bebida
T-10376,2024-01-18,Cena,P-03,4,Pasta Carbonara IA,Principal
T-17859,2025-04-19,Comida,P-09,3,Gazpacho Andaluz,Entrante
T-12647,2025-11-24,Cena,P-19,4,Entrecot Ternera,Principal
T-17179,2024-10-26,Cena,P-17,4,Brownie con Helado,Postre
T-17064,2025-11-05,Cena,P-09,1,Gazpacho Andaluz,Entrante
T-12919,2024-11-05,Comida,P-16,2,Agua Mineral,Bebida
T-11967,2024-08-04,Cena,P-17,4,Brownie con Helado,Postre
T-15858,2025-08-16,Comida,P-02,3,Ensalada Cesar,Entrante
T-14362,2024-11-10,Cena,P-19,1,Entrecot Ternera,Principal
T-14195,2024-05-04,Cena,P-16,4,Agua Mineral,Bebida
T-12104,2024-12-12,Cena,P-08,2,Croquetas de Jamon,Entrante
T-10401,2025-06-27,Comida,P-11,4,Salmon a la Plancha,Principal
T-11070,2025-03-20,Cena,P-08,4,Croquetas de Jamon,Entrante
T-14809,2025-02-27,Cena,P-10,3,Solomillo Iberico,Principal
T-10542,2024-11-04,Comida,P-11,4,Salmon a la Plancha,Principal
T-16498,2024-12-26,Comida,P-08,1,Croquetas de Jamon,Entrante
T-16325,2025-06-22,Cena,P-07,2,Pizza Margarita,Principal
T-13500,2025-07-13,Cena,P-05,2,Refresco Cola,Bebida
T-15103,2025-06-26,Cena,P-08,3,Croquetas de Jamon,Entrante
T-14467,2024-08-24,Cena,P-04,1,Tarta de Queso Casera,Postre
T-15418,2024-06-30,Cena,P-22,4,Te Verde,Bebida
T-13391,2025-01-30,Comida,P-18,2,Ensaladilla Rusa,Entrante
T-11734,2024-10-26,Comida,P-14,1,Tortilla de Patatas,Entrante
T-13610,2025-08-05,Comida,P-14,1,Tortilla de Patatas,Entrante
T-17308,2025-10-15,Comida,P-09,2,Gazpacho Andaluz,Entrante
T-15957,2025-02-04,Comida,P-12,4,Risotto de Setas,Principal
T-16245,2024-11-12,Cena,P-21,2,Cafe Solo,Bebida
T-17537,2025-08-10,Cena,P-08,4,Croquetas de Jamon,Entrante
T-13072,2024-09-25,Cena,P-06,2,Vino Tinto Copa,Bebida
T-10740,2024-07-29,Comida,P-12,2,Risotto de Setas,Principal
T-15117,2024-06-27,Cena,P-04,4,Tarta de Queso Casera,Postre
T-13524,2024-02-25,Cena,P-21,4,Cafe Solo,Bebida
T-14498,2025-02-22,Comida,P-09,3,Gazpacho Andaluz,Entrante
T-14770,2024-11-11,Comida,P-12,1,Risotto de Setas,Principal
T-12712,2024-01-27,Cena,P-10,3,Solomillo Iberico,Principal
T-11295,2025-08-09,Cena,P-16,1,Agua Mineral,Bebida
T-14067,2025-03-21,Cena,P-15,1,Cerveza Artesana,Bebida
T-10732,2025-02-02,Cena,P-21,4,Cafe Solo,Bebida
T-12884,2024-05-18,Cena,P-08,2,Croquetas de Jamon,Entrante
T-11743,2025-12-02,Cena,P-23,1,Tiramisu de la Casa,Postre
T-16367,2025-10-29,Cena,P-17,4,Brownie con Helado,Postre
T-17510,2025-01-05,Cena,P-16,1,Agua Mineral,Bebida
T-11779,2024-11-03,Comida,P-25,4,Canelones de Carne,Principal
T-11068,2025-11-12,Comida,P-23,2,Tiramisu de la Casa,Postre
T-15537,2024-03-05,Cena,P-04,2,Tarta de Queso Casera,Postre
T-13296,2024-08-20,Cena,P-01,1,Hamburguesa Smart,Principal
T-15527,2024-10-02,Cena,P-11,3,Salmon a la Plancha,Principal
T-15857,2025-09-14,Comida,P-15,4,Cerveza Artesana,Bebida
T-10434,2025-04-06,Cena,P-10,4,Solomillo Iberico,Principal
T-16995,2025-08-17,Cena,P-10,2,Solomillo Iberico,Principal
T-12036,2024-03-29,Comida,P-03,3,Pasta Carbonara IA,Principal
T-17868,2024-11-24,Cena,P-17,4,Brownie con Helado,Postre
T-14559,2025-09-25,Comida,P-20,3,Paella de Marisco,Principal
T-17759,2024-12-03,Cena,P-15,2,Cerveza Artesana,Bebida
T-17733,2024-05-25,Cena,P-10,4,Solomillo Iberico,Principal
T-16892,2025-01-07,Comida,P-15,2,Cerveza Artesana,Bebida
T-10221,2024-06-06,Cena,P-15,4,Cerveza Artesana,Bebida
T-13063,2025-09-13,Comida,P-09,1,Gazpacho Andaluz,Entrante
T-16663,2025-08-25,Cena,P-18,1,Ensaladilla Rusa,Entrante
T-10383,2024-04-10,Cena,P-25,3,Canelones de Carne,Principal
T-10878,2024-08-23,Cena,P-01,4,Hamburguesa Smart,Principal
T-17302,2025-04-19,Comida,P-18,2,Ensaladilla Rusa,Entrante
T-10976,2025-10-22,Cena,P-10,1,Solomillo Iberico,Principal
T-17213,2025-04-06,Cena,P-07,1,Pizza Margarita,Principal
T-13338,2025-09-26,Comida,P-07,2,Pizza Margarita,Principal
T-10581,2025-11-29,Cena,P-25,2,Canelones de Carne,Principal
T-14931,2025-11-02,Cena,P-11,2,Salmon a la Plancha,Principal
T-10095,2024-01-05,Comida,P-25,1,Canelones de Carne,Principal
T-17707,2025-12-12,Cena,P-03,4,Pasta Carbonara IA,Principal
T-11893,2025-02-07,Cena,P-15,4,Cerveza Artesana,Bebida
T-17587,2024-01-10,Cena,P-07,3,Pizza Margarita,Principal
T-14082,2024-02-13,Cena,P-06,1,Vino Tinto Copa,Bebida
T-15892,2025-06-15,Comida,P-02,4,Ensalada Cesar,Entrante
T-17971,2024-09-03,Comida,P-14,4,Tortilla de Patatas,Entrante
T-16515,2024-03-14,Comida,P-19,4,Entrecot Ternera,Principal
T-17931,2024-11-01,Cena,P-18,4,Ensaladilla Rusa,Entrante
T-11417,2025-04-12,Cena,P-25,1,Canelones de Carne,Principal
T-10004,2024-05-04,Cena,P-25,1,Canelones de Carne,Principal
T-10211,2025-12-16,Comida,P-21,4,Cafe Solo,Bebida
T-17019,2025-05-15,Comida,P-03,4,Pasta Carbonara IA,Principal
T-11576,2025-06-12,Cena,P-23,3,Tiramisu de la Casa,Postre
T-13590,2025-02-03,Cena,P-07,4,Pizza Margarita,Principal
T-17904,2025-10-17,Cena,P-13,4,Bacalao al Horno,Principal
T-13141,2024-08-22,Cena,P-21,3,Cafe Solo,Bebida
T-13194,2025-08-13,Cena,P-06,2,Vino Tinto Copa,Bebida
T-10454,2024-05-10,Cena,P-09,1,Gazpacho Andaluz,Entrante
T-17066,2025-08-13,Comida,P-23,1,Tiramisu de la Casa,Postre
T-10981,2025-11-13,Cena,P-05,1,Refresco Cola,Bebida
T-15282,2025-08-16,Cena,P-20,4,Paella de Marisco,Principal
T-17934,2024-07-13,Comida,P-03,2,Pasta Carbonara IA,Principal
T-10622,2024-03-07,Comida,P-17,1,Brownie con Helado,Postre
T-14800,2024-10-16,Cena,P-18,2,Ensaladilla Rusa,Entrante
T-11724,2024-11-11,Comida,P-06,1,Vino Tinto Copa,Bebida
T-13671,2025-11-30,Cena,P-12,1,Risotto de Setas,Principal
T-15327,2025-03-11,Comida,P-11,3,Salmon a la Plancha,Principal
T-13149,2025-01-04,Cena,P-21,1,Cafe Solo,Bebida
T-17593,2024-11-20,Cena,P-16,4,Agua Mineral,Bebida
T-12889,2024-10-02,Comida,P-01,3,Hamburguesa Smart,Principal
T-10619,2024-10-30,Cena,P-02,4,Ensalada Cesar,Entrante
T-15507,2025-02-11,Cena,P-17,4,Brownie con Helado,Postre
T-16822,2024-04-26,Cena,P-15,2,Cerveza Artesana,Bebida
T-11202,2024-09-01,Comida,P-13,1,Bacalao al Horno,Principal
T-15785,2024-03-03,Comida,P-21,3,Cafe Solo,Bebida
T-16280,2024-12-30,Comida,P-17,1,Brownie con Helado,Postre
T-15539,2025-03-10,Cena,P-16,1,Agua Mineral,Bebida
T-14138,2025-01-07,Comida,P-13,1,Bacalao al Horno,Principal
T-11002,2025-10-29,Comida,P-24,3,Nuggets de Pollo,Principal
T-11818,2024-04-05,Cena,P-13,1,Bacalao al Horno,Principal
T-15580,2024-06-22,Comida,P-22,2,Te Verde,Bebida
T-13058,2025-05-17,Cena,P-14,2,Tortilla de Patatas,Entrante
T-14795,2024-03-04,Comida,P-01,1,Hamburguesa Smart,Principal
T-17726,2025-02-27,Comida,P-05,2,Refresco Cola,Bebida
T-17413,2024-11-29,Comida,P-25,4,Canelones de Carne,Principal
T-11685,2025-02-08,Cena,P-21,1,Cafe Solo,Bebida
T-13835,2024-12-14,Cena,P-22,2,Te Verde,Bebida
T-14477,2024-12-01,Cena,P-18,4,Ensaladilla Rusa,Entrante
T-16759,2024-08-20,Cena,P-02,2,Ensalada Cesar,Entrante
T-11979,2024-11-15,Cena,P-11,4,Salmon a la Plancha,Principal
T-15012,2025-10-05,Cena,P-10,1,Solomillo Iberico,Principal
T-17546,2025-01-01,Cena,P-15,1,Cerveza Artesana,Bebida
T-16513,2024-08-03,Cena,P-04,4,Tarta de Queso Casera,Postre
T-10659,2024-04-21,Cena,P-10,4,Solomillo Iberico,Principal
T-16216,2025-10-07,Cena,P-17,4,Brownie con Helado,Postre
T-17521,2024-09-01,Comida,P-23,4,Tiramisu de la Casa,Postre
T-13676,2025-01-15,Cena,P-17,3,Brownie con Helado,Postre
T-12108,2024-12-25,Cena,P-25,3,Canelones de Carne,Principal
T-12927,2025-08-29,Comida,P-24,2,Nuggets de Pollo,Principal
T-16436,2025-02-20,Cena,P-18,2,Ensaladilla Rusa,Entrante
T-10484,2025-05-03,Cena,P-11,1,Salmon a la Plancha,Principal
T-10516,2024-12-10,Comida,P-03,1,Pasta Carbonara IA,Principal
T-15773,2025-01-06,Cena,P-03,2,Pasta Carbonara IA,Principal
T-16992,2025-08-05,Cena,P-10,3,Solomillo Iberico,Principal
T-14499,2025-02-24,Cena,P-17,4,Brownie con Helado,Postre
T-10399,2024-12-14,Cena,P-25,1,Canelones de Carne,Principal
T-11304,2025-01-13,Cena,P-24,2,Nuggets de Pollo,Principal
T-17352,2024-11-20,Cena,P-08,3,Croquetas de Jamon,Entrante
T-11010,2024-03-15,Cena,P-13,2,Bacalao al Horno,Principal
T-15610,2025-03-22,Comida,P-19,3,Entrecot Ternera,Principal
T-12259,2025-09-12,Comida,P-13,2,Bacalao al Horno,Principal
T-17115,2025-10-16,Cena,P-21,3,Cafe Solo,Bebida
T-14039,2025-06-21,Cena,P-14,2,Tortilla de Patatas,Entrante
T-15583,2024-03-03,Cena,P-23,2,Tiramisu de la Casa,Postre
T-10322,2025-06-28,Cena,P-13,4,Bacalao al Horno,Principal
T-10893,2024-07-12,Comida,P-18,2,Ensaladilla Rusa,Entrante
T-15939,2025-01-29,Cena,P-16,2,Agua Mineral,Bebida
T-16636,2025-06-26,Cena,P-15,3,Cerveza Artesana,Bebida
T-15770,2025-12-17,Comida,P-13,4,Bacalao al Horno,Principal
T-13623,2025-02-22,Comida,P-13,2,Bacalao al Horno,Principal
T-16059,2024-02-08,Comida,P-13,1,Bacalao al Horno,Principal
T-14503,2024-06-25,Cena,P-24,3,Nuggets de Pollo,Principal
T-14997,2025-01-17,Cena,P-25,2,Canelones de Carne,Principal
T-13090,2025-01-31,Comida,P-14,3,Tortilla de Patatas,Entrante
T-12105,2025-05-16,Comida,P-25,1,Canelones de Carne,Principal
T-16359,2024-05-24,Cena,P-04,4,Tarta de Queso Casera,Postre
T-15249,2025-10-24,Comida,P-22,2,Te Verde,Bebida
T-14180,2024-03-22,Cena,P-10,2,Solomillo Iberico,Principal
T-16053,2025-10-18,Cena,P-18,3,Ensaladilla Rusa,Entrante
T-17866,2025-01-29,Comida,P-11,4,Salmon a la Plancha,Principal
T-15977,2025-03-12,Cena,P-01,4,Hamburguesa Smart,Principal
T-14831,2024-02-27,Cena,P-15,3,Cerveza Artesana,Bebida
T-12907,2024-02-11,Cena,P-24,3,Nuggets de Pollo,Principal
T-11683,2024-01-14,Cena,P-10,2,Solomillo Iberico,Principal
T-14885,2025-01-26,Comida,P-03,4,Pasta Carbonara IA,Principal
T-16834,2025-08-03,Cena,P-08,1,Croquetas de Jamon,Entrante
T-12518,2025-01-26,Cena,P-16,2,Agua Mineral,Bebida
T-15146,2025-12-06,Cena,P-10,1,Solomillo Iberico,Principal
T-14880,2025-10-14,Cena,P-01,3,Hamburguesa Smart,Principal
T-10175,2024-11-08,Cena,P-20,1,Paella de Marisco,Principal
T-14430,2025-06-05,Comida,P-07,2,Pizza Margarita,Principal
T-10069,2024-06-18,Cena,P-20,2,Paella de Marisco,Principal
T-14872,2024-08-01,Cena,P-16,4,Agua Mineral,Bebida
T-15853,2024-06-21,Cena,P-08,1,Croquetas de Jamon,Entrante
T-17760,2024-12-20,Cena,P-05,3,Refresco Cola,Bebida
T-15600,2024-07-15,Comida,P-07,3,Pizza Margarita,Principal
T-14150,2024-08-06,Comida,P-19,3,Entrecot Ternera,Principal
T-16082,2025-02-19,Comida,P-13,3,Bacalao al Horno,Principal
T-13524,2025-05-12,Cena,P-04,2,Tarta de Queso Casera,Postre
T-12802,2025-02-18,Cena,P-23,1,Tiramisu de la Casa,Postre
T-17155,2025-12-12,Cena,P-13,1,Bacalao al Horno,Principal
T-10255,2025-06-13,Cena,P-20,3,Paella de Marisco,Principal
T-11058,2025-07-20,Comida,P-25,1,Canelones de Carne,Principal
T-10992,2025-02-21,Cena,P-24,3,Nuggets de Pollo,Principal
T-11260,2024-07-03,Cena,P-22,1,Te Verde,Bebida
T-10388,2024-07-21,Cena,P-04,1,Tarta de Queso Casera,Postre
T-12522,2024-10-27,Cena,P-25,3,Canelones de Carne,Principal
T-15999,2024-01-30,Comida,P-16,2,Agua Mineral,Bebida
T-11073,2024-08-09,Cena,P-20,1,Paella de Marisco,Principal
T-16863,2024-10-02,Cena,P-03,3,Pasta Carbonara IA,Principal
T-17984,2024-09-15,Comida,P-02,2,Ensalada Cesar,Entrante
T-10348,2025-08-11,Cena,P-19,2,Entrecot Ternera,Principal
T-17569,2024-12-01,Cena,P-13,1,Bacalao al Horno,Principal
T-12617,2025-12-15,Comida,P-18,2,Ensaladilla Rusa,Entrante
T-10801,2024-10-20,Comida,P-23,3,Tiramisu de la Casa,Postre
T-16227,2025-10-05,Cena,P-19,3,Entrecot Ternera,Principal
T-13400,2024-04-02,Cena,P-19,4,Entrecot Ternera,Principal
T-12417,2025-07-28,Comida,P-20,1,Paella de Marisco,Principal
T-13701,2025-02-19,Comida,P-22,3,Te Verde,Bebida
T-11353,2025-10-23,Comida,P-13,2,Bacalao al Horno,Principal
T-10268,2025-02-06,Comida,P-15,3,Cerveza Artesana,Bebida
T-10273,2025-04-24,Cena,P-03,2,Pasta Carbonara IA,Principal
T-16921,2024-05-23,Cena,P-01,2,Hamburguesa Smart,Principal
T-17005,2025-12-12,Cena,P-12,2,Risotto de Setas,Principal
T-16571,2024-09-13,Cena,P-24,4,Nuggets de Pollo,Principal
T-17321,2024-09-03,Cena,P-23,2,Tiramisu de la Casa,Postre
T-10060,2024-12-04,Comida,P-25,4,Canelones de Carne,Principal
T-12388,2025-03-10,Cena,P-06,2,Vino Tinto Copa,Bebida
T-15126,2025-01-06,Cena,P-02,4,Ensalada Cesar,Entrante
T-14395,2024-10-11,Cena,P-07,2,Pizza Margarita,Principal
T-15897,2025-09-07,Cena,P-15,2,Cerveza Artesana,Bebida
T-15143,2024-08-07,Comida,P-07,3,Pizza Margarita,Principal
T-11466,2024-04-30,Cena,P-14,2,Tortilla de Patatas,Entrante
T-10554,2024-07-04,Comida,P-11,1,Salmon a la Plancha,Principal
T-10986,2025-02-13,Cena,P-15,1,Cerveza Artesana,Bebida
T-13004,2025-05-21,Cena,P-13,2,Bacalao al Horno,Principal
T-10597,2024-01-27,Cena,P-22,4,Te Verde,Bebida
T-13064,2024-05-08,Cena,P-08,1,Croquetas de Jamon,Entrante
T-17652,2024-06-18,Comida,P-12,4,Risotto de Setas,Principal
T-17433,2024-05-24,Cena,P-25,2,Canelones de Carne,Principal
T-13884,2025-07-08,Comida,P-08,3,Croquetas de Jamon,Entrante
T-15458,2024-06-21,Cena,P-21,4,Cafe Solo,Bebida
T-12517,2024-03-08,Cena,P-05,4,Refresco Cola,Bebida
T-17382,2025-05-08,Cena,P-03,4,Pasta Carbonara IA,Principal
T-13688,2025-03-26,Comida,P-11,2,Salmon a la Plancha,Principal
T-12063,2025-08-28,Comida,P-14,4,Tortilla de Patatas,Entrante
T-15620,2025-04-24,Cena,P-02,3,Ensalada Cesar,Entrante
T-12960,2024-05-11,Cena,P-24,3,Nuggets de Pollo,Principal
T-17545,2025-08-26,Comida,P-11,4,Salmon a la Plancha,Principal
T-14119,2025-02-07,Comida,P-03,4,Pasta Carbonara IA,Principal
T-15770,2025-07-26,Comida,P-25,4,Canelones de Carne,Principal
T-13650,2025-10-15,Cena,P-07,4,Pizza Margarita,Principal
T-13141,2024-06-09,Cena,P-15,2,Cerveza Artesana,Bebida
T-14267,2025-05-23,Cena,P-22,4,Te Verde,Bebida
T-15169,2025-03-20,Cena,P-16,4,Agua Mineral,Bebida
T-14860,2025-06-27,Comida,P-12,3,Risotto de Setas,Principal
T-13880,2025-01-29,Comida,P-04,2,Tarta de Queso Casera,Postre
T-11055,2024-01-18,Cena,P-18,3,Ensaladilla Rusa,Entrante
T-13971,2025-02-22,Cena,P-01,3,Hamburguesa Smart,Principal
T-10101,2024-09-19,Cena,P-22,4,Te Verde,Bebida
T-15801,2024-02-19,Cena,P-24,4,Nuggets de Pollo,Principal
T-17451,2024-08-29,Cena,P-03,4,Pasta Carbonara IA,Principal
T-10257,2025-12-25,Cena,P-03,3,Pasta Carbonara IA,Principal
T-17720,2024-03-11,Cena,P-03,2,Pasta Carbonara IA,Principal
T-15703,2025-06-19,Cena,P-20,2,Paella de Marisco,Principal
T-16663,2025-01-25,Cena,P-06,3,Vino Tinto Copa,Bebida
T-14636,2025-08-05,Cena,P-05,4,Refresco Cola,Bebida
T-13741,2025-05-20,Comida,P-01,4,Hamburguesa Smart,Principal
T-13337,2024-04-07,Cena,P-10,4,Solomillo Iberico,Principal
T-10646,2025-08-08,Comida,P-24,3,Nuggets de Pollo,Principal
T-11292,2025-07-02,Comida,P-18,4,Ensaladilla Rusa,Entrante
T-14920,2024-11-05,Cena,P-12,1,Risotto de Setas,Principal
T-16334,2025-09-17,Cena,P-05,3,Refresco Cola,Bebida
T-10907,2025-07-26,Comida,P-24,2,Nuggets de Pollo,Principal
T-17353,2024-04-05,Comida,P-25,2,Canelones de Carne,Principal
T-15550,2025-06-09,Comida,P-23,3,Tiramisu de la Casa,Postre
T-10148,2025-03-31,Comida,P-25,4,Canelones de Carne,Principal
T-16165,2025-12-15,Cena,P-19,2,Entrecot Ternera,Principal
T-11580,2024-05-31,Cena,P-21,1,Cafe Solo,Bebida
T-10984,2024-12-16,Comida,P-24,4,Nuggets de Pollo,Principal
T-16685,2025-05-27,Cena,P-06,1,Vino Tinto Copa,Bebida
T-11484,2025-04-09,Comida,P-23,1,Tiramisu de la Casa,Postre
T-13347,2024-08-12,Cena,P-22,4,Te Verde,Bebida
T-12388,2025-09-17,Comida,P-06,1,Vino Tinto Copa,Bebida
T-12489,2024-02-08,Comida,P-19,1,Entrecot Ternera,Principal
T-13405,2025-06-28,Comida,P-12,4,Risotto de Setas,Principal
T-16078,2025-03-06,Comida,P-25,2,Canelones de Carne,Principal
T-15336,2024-02-08,Comida,P-03,1,Pasta Carbonara IA,Principal
T-12863,2024-08-16,Cena,P-11,2,Salmon a la Plancha,Principal
T-13126,2024-03-17,Cena,P-06,1,Vino Tinto Copa,Bebida
T-17168,2024-05-19,Comida,P-17,1,Brownie con Helado,Postre
T-16251,2024-02-06,Cena,P-01,1,Hamburguesa Smart,Principal
T-14958,2024-06-07,Cena,P-20,4,Paella de Marisco,Principal
T-12228,2024-07-31,Comida,P-02,3,Ensalada Cesar,Entrante
T-13040,2025-11-25,Comida,P-05,3,Refresco Cola,Bebida
T-11297,2025-10-19,Cena,P-13,1,Bacalao al Horno,Principal
T-16024,2024-07-22,Cena,P-01,3,Hamburguesa Smart,Principal
T-15202,2025-09-29,Comida,P-24,3,Nuggets de Pollo,Principal
T-14284,2024-08-11,Cena,P-03,3,Pasta Carbonara IA,Principal
T-14856,2025-08-05,Comida,P-22,4,Te Verde,Bebida
T-10894,2024-07-24,Cena,P-07,3,Pizza Margarita,Principal
T-16505,2024-01-25,Cena,P-24,3,Nuggets de Pollo,Principal
T-14545,2024-04-03,Cena,P-08,1,Croquetas de Jamon,Entrante
T-11872,2025-01-10,Comida,P-24,3,Nuggets de Pollo,Principal
T-16167,2024-11-26,Comida,P-01,2,Hamburguesa Smart,Principal
T-14866,2025-03-12,Comida,P-24,2,Nuggets de Pollo,Principal
T-16498,2025-08-01,Cena,P-10,3,Solomillo Iberico,Principal
T-15797,2024-09-25,Cena,P-21,2,Cafe Solo,Bebida
T-17395,2024-01-11,Cena,P-17,4,Brownie con Helado,Postre
T-15632,2025-09-11,Comida,P-06,2,Vino Tinto Copa,Bebida
T-14573,2024-02-17,Cena,P-12,1,Risotto de Setas,Principal
T-11031,2025-08-30,Comida,P-19,4,Entrecot Ternera,Principal
T-11667,2024-01-18,Comida,P-11,4,Salmon a la Plancha,Principal
T-14863,2024-05-24,Cena,P-01,1,Hamburguesa Smart,Principal
T-15053,2024-05-11,Comida,P-05,3,Refresco Cola,Bebida
T-17896,2024-01-14,Cena,P-17,4,Brownie con Helado,Postre
T-17910,2024-02-03,Cena,P-18,4,Ensaladilla Rusa,Entrante
T-11707,2024-10-20,Comida,P-16,1,Agua Mineral,Bebida
T-17792,2024-11-10,Comida,P-20,1,Paella de Marisco,Principal
T-11086,2025-03-02,Comida,P-10,3,Solomillo Iberico,Principal
T-16512,2025-04-24,Cena,P-14,2,Tortilla de Patatas,Entrante
T-12000,2025-10-19,Comida,P-14,3,Tortilla de Patatas,Entrante
T-13293,2024-09-25,Cena,P-04,3,Tarta de Queso Casera,Postre
T-16185,2025-07-13,Comida,P-09,1,Gazpacho Andaluz,Entrante
T-10387,2024-04-06,Cena,P-04,2,Tarta de Queso Casera,Postre
T-16029,2025-10-20,Cena,P-17,4,Brownie con Helado,Postre
T-12476,2025-05-15,Comida,P-02,4,Ensalada Cesar,Entrante
T-14648,2024-03-23,Cena,P-06,1,Vino Tinto Copa,Bebida
T-10000,2024-10-01,Cena,P-24,3,Nuggets de Pollo,Principal
T-10048,2025-09-18,Cena,P-18,3,Ensaladilla Rusa,Entrante
T-16746,2024-01-08,Cena,P-07,4,Pizza Margarita,Principal
T-16599,2024-07-16,Comida,P-10,2,Solomillo Iberico,Principal
T-11521,2025-03-28,Comida,P-15,4,Cerveza Artesana,Bebida
T-14318,2024-07-28,Cena,P-22,2,Te Verde,Bebida
T-12407,2024-11-03,Cena,P-03,3,Pasta Carbonara IA,Principal
T-12880,2024-03-20,Cena,P-24,1,Nuggets de Pollo,Principal
T-16380,2024-11-17,Cena,P-18,3,Ensaladilla Rusa,Entrante
T-12042,2024-01-16,Cena,P-17,3,Brownie con Helado,Postre
T-13282,2024-07-24,Cena,P-12,2,Risotto de Setas,Principal
T-12516,2024-05-23,Cena,P-04,1,Tarta de Queso Casera,Postre
T-15427,2025-04-13,Cena,P-22,4,Te Verde,Bebida
T-17949,2025-10-23,Cena,P-05,4,Refresco Cola,Bebida
T-13607,2025-01-15,Cena,P-24,3,Nuggets de Pollo,Principal
T-10922,2024-01-02,Comida,P-03,1,Pasta Carbonara IA,Principal
T-17177,2024-03-20,Cena,P-09,1,Gazpacho Andaluz,Entrante
T-17526,2024-06-06,Cena,P-17,3,Brownie con Helado,Postre
T-12487,2025-08-08,Cena,P-12,3,Risotto de Setas,Principal
T-16951,2025-06-20,Comida,P-20,3,Paella de Marisco,Principal
T-14638,2024-01-01,Comida,P-16,3,Agua Mineral,Bebida
T-14971,2024-01-15,Cena,P-12,3,Risotto de Setas,Principal
T-14134,2024-01-19,Cena,P-06,3,Vino Tinto Copa,Bebida
T-17640,2025-12-22,Cena,P-03,1,Pasta Carbonara IA,Principal
T-14133,2025-05-02,Cena,P-06,3,Vino Tinto Copa,Bebida
T-12282,2024-07-08,Cena,P-07,3,Pizza Margarita,Principal
T-10406,2025-04-11,Comida,P-22,1,Te Verde,Bebida
T-10381,2024-01-01,Cena,P-12,3,Risotto de Setas,Principal
T-17456,2024-01-06,Cena,P-13,2,Bacalao al Horno,Principal
T-16278,2025-08-07,Cena,P-07,4,Pizza Margarita,Principal
T-14229,2024-01-30,Cena,P-21,1,Cafe Solo,Bebida
T-14861,2025-10-12,Cena,P-21,3,Cafe Solo,Bebida
T-17442,2024-03-25,Cena,P-04,1,Tarta de Queso Casera,Postre
T-17297,2024-09-21,Cena,P-02,1,Ensalada Cesar,Entrante
T-13157,2025-08-17,Cena,P-15,2,Cerveza Artesana,Bebida
T-11771,2025-02-05,Cena,P-18,4,Ensaladilla Rusa,Entrante
T-13155,2025-07-10,Cena,P-11,4,Salmon a la Plancha,Principal
T-13278,2024-03-19,Cena,P-09,2,Gazpacho Andaluz,Entrante
T-10973,2025-09-14,Comida,P-07,1,Pizza Margarita,Principal
T-17005,2025-05-29,Cena,P-12,3,Risotto de Setas,Principal
T-12610,2025-10-14,Comida,P-15,2,Cerveza Artesana,Bebida
T-13960,2025-11-03,Comida,P-12,2,Risotto de Setas,Principal
T-11108,2024-02-21,Cena,P-14,3,Tortilla de Patatas,Entrante
T-13487,2025-11-15,Cena,P-22,2,Te Verde,Bebida
T-17870,2025-04-02,Comida,P-06,3,Vino Tinto Copa,Bebida
T-14102,2024-12-26,Cena,P-25,1,Canelones de Carne,Principal
T-10629,2025-12-11,Comida,P-24,1,Nuggets de Pollo,Principal
T-13319,2025-11-18,Comida,P-07,2,Pizza Margarita,Principal
T-11476,2025-04-23,Comida,P-17,4,Brownie con Helado,Postre
T-17686,2025-07-08,Cena,P-24,4,Nuggets de Pollo,Principal
T-12527,2025-04-16,Comida,P-08,4,Croquetas de Jamon,Entrante
T-14040,2025-12-05,Comida,P-06,3,Vino Tinto Copa,Bebida
T-13328,2025-04-02,Comida,P-14,2,Tortilla de Patatas,Entrante
T-16545,2025-08-30,Comida,P-16,2,Agua Mineral,Bebida
T-12424,2025-10-21,Cena,P-05,1,Refresco Cola,Bebida
T-14035,2025-08-01,Comida,P-21,1,Cafe Solo,Bebida
T-11350,2024-07-02,Comida,P-06,1,Vino Tinto Copa,Bebida
T-17182,2024-10-31,Comida,P-16,1,Agua Mineral,Bebida
T-11546,2024-05-25,Cena,P-06,3,Vino Tinto Copa,Bebida
T-12795,2025-04-11,Comida,P-11,4,Salmon a la Plancha,Principal
T-11925,2025-12-22,Comida,P-03,1,Pasta Carbonara IA,Principal
T-13060,2024-04-28,Cena,P-04,2,Tarta de Queso Casera,Postre
T-13621,2025-05-03,Cena,P-04,1,Tarta de Queso Casera,Postre
T-13972,2025-02-22,Cena,P-08,3,Croquetas de Jamon,Entrante
T-14898,2025-07-23,Cena,P-18,4,Ensaladilla Rusa,Entrante
T-13888,2025-05-13,Cena,P-08,4,Croquetas de Jamon,Entrante
T-17651,2024-03-16,Cena,P-03,4,Pasta Carbonara IA,Principal
T-13907,2024-02-26,Cena,P-01,3,Hamburguesa Smart,Principal
T-17736,2024-02-17,Cena,P-03,4,Pasta Carbonara IA,Principal
T-11628,2024-12-26,Cena,P-01,2,Hamburguesa Smart,Principal
T-11077,2024-06-20,Cena,P-07,3,Pizza Margarita,Principal
T-11687,2024-04-11,Comida,P-11,1,Salmon a la Plancha,Principal
T-11023,2025-11-03,Cena,P-13,2,Bacalao al Horno,Principal
T-10103,2025-04-26,Comida,P-02,3,Ensalada Cesar,Entrante
T-14457,2025-03-29,Cena,P-24,2,Nuggets de Pollo,Principal
T-11834,2025-09-09,Cena,P-13,2,Bacalao al Horno,Principal
T-13414,2024-03-28,Cena,P-01,1,Hamburguesa Smart,Principal
T-11332,2024-01-13,Cena,P-05,3,Refresco Cola,Bebida
T-12427,2025-03-08,Comida,P-19,4,Entrecot Ternera,Principal
T-12569,2024-10-08,Cena,P-20,2,Paella de Marisco,Principal
T-13587,2025-07-29,Cena,P-13,2,Bacalao al Horno,Principal
T-13752,2024-10-14,Cena,P-08,1,Croquetas de Jamon,Entrante
T-12035,2024-12-29,Comida,P-02,3,Ensalada Cesar,Entrante
T-12543,2024-04-26,Comida,P-20,4,Paella de Marisco,Principal
T-12564,2025-04-08,Comida,P-09,4,Gazpacho Andaluz,Entrante
T-11048,2025-05-13,Cena,P-25,1,Canelones de Carne,Principal
T-12585,2024-08-17,Cena,P-04,4,Tarta de Queso Casera,Postre
T-14737,2024-09-20,Cena,P-16,3,Agua Mineral,Bebida
T-12430,2024-02-25,Cena,P-03,4,Pasta Carbonara IA,Principal
T-16244,2025-06-30,Cena,P-25,4,Canelones de Carne,Principal
T-11821,2024-07-19,Cena,P-10,1,Solomillo Iberico,Principal
T-17356,2024-08-13,Comida,P-13,3,Bacalao al Horno,Principal
T-12380,2024-01-19,Comida,P-09,3,Gazpacho Andaluz,Entrante
T-14280,2025-08-21,Cena,P-18,4,Ensaladilla Rusa,Entrante
T-12800,2025-03-13,Comida,P-11,3,Salmon a la Plancha,Principal
T-13584,2025-07-23,Comida,P-21,1,Cafe Solo,Bebida
T-12844,2024-11-12,Cena,P-25,1,Canelones de Carne,Principal
T-14497,2024-08-21,Cena,P-21,1,Cafe Solo,Bebida
T-11126,2024-07-24,Cena,P-11,1,Salmon a la Plancha,Principal
T-12914,2025-05-15,Cena,P-11,3,Salmon a la Plancha,Principal
T-15180,2024-09-01,Comida,P-15,2,Cerveza Artesana,Bebida
T-17502,2024-07-24,Cena,P-20,1,Paella de Marisco,Principal
T-12668,2025-05-08,Comida,P-10,3,Solomillo Iberico,Principal
T-10885,2024-04-13,Cena,P-01,3,Hamburguesa Smart,Principal
T-10091,2024-11-07,Comida,P-17,2,Brownie con Helado,Postre
T-13654,2024-05-09,Cena,P-18,2,Ensaladilla Rusa,Entrante
T-13992,2024-12-02,Comida,P-14,2,Tortilla de Patatas,Entrante
T-10345,2025-08-10,Cena,P-21,1,Cafe Solo,Bebida
T-15558,2025-05-23,Cena,P-03,1,Pasta Carbonara IA,Principal
T-14675,2024-04-03,Comida,P-04,3,Tarta de Queso Casera,Postre
T-10048,2024-07-05,Comida,P-01,4,Hamburguesa Smart,Principal
T-12602,2024-02-13,Comida,P-06,4,Vino Tinto Copa,Bebida
T-11492,2025-06-06,Cena,P-15,2,Cerveza Artesana,Bebida
T-17296,2025-09-13,Comida,P-06,4,Vino Tinto Copa,Bebida
T-13197,2024-07-20,Cena,P-22,3,Te Verde,Bebida
T-17767,2024-04-05,Cena,P-13,1,Bacalao al Horno,Principal
T-13885,2025-09-09,Cena,P-19,2,Entrecot Ternera,Principal
T-11283,2025-05-06,Cena,P-20,2,Paella de Marisco,Principal
T-13403,2025-09-14,Comida,P-05,4,Refresco Cola,Bebida
T-14076,2025-06-09,Comida,P-11,3,Salmon a la Plancha,Principal
T-13272,2024-06-09,Comida,P-08,2,Croquetas de Jamon,Entrante
T-13589,2025-10-10,Cena,P-18,2,Ensaladilla Rusa,Entrante
T-15020,2025-12-17,Comida,P-19,1,Entrecot Ternera,Principal
T-12344,2025-10-16,Cena,P-14,3,Tortilla de Patatas,Entrante
T-14066,2024-08-17,Cena,P-15,1,Cerveza Artesana,Bebida
T-12509,2024-05-10,Cena,P-24,3,Nuggets de Pollo,Principal
T-17170,2024-01-30,Cena,P-03,4,Pasta Carbonara IA,Principal
T-15920,2024-07-21,Cena,P-13,3,Bacalao al Horno,Principal
T-12549,2025-11-21,Comida,P-15,2,Cerveza Artesana,Bebida
T-14407,2025-08-22,Comida,P-13,3,Bacalao al Horno,Principal
T-16699,2025-07-12,Comida,P-02,1,Ensalada Cesar,Entrante
T-14334,2025-01-09,Cena,P-06,2,Vino Tinto Copa,Bebida
T-17696,2025-11-04,Cena,P-20,3,Paella de Marisco,Principal
T-11650,2025-01-05,Comida,P-15,1,Cerveza Artesana,Bebida
T-16787,2024-06-08,Cena,P-06,4,Vino Tinto Copa,Bebida
T-14016,2025-11-09,Cena,P-24,4,Nuggets de Pollo,Principal
T-11852,2024-11-13,Cena,P-03,1,Pasta Carbonara IA,Principal
T-16193,2025-06-15,Comida,P-10,2,Solomillo Iberico,Principal
T-14952,2025-06-02,Comida,P-12,3,Risotto de Setas,Principal
T-11782,2025-07-09,Cena,P-17,2,Brownie con Helado,Postre
T-13325,2025-10-09,Cena,P-14,1,Tortilla de Patatas,Entrante
T-15946,2025-06-15,Cena,P-07,2,Pizza Margarita,Principal
T-16851,2024-09-21,Cena,P-25,1,Canelones de Carne,Principal
T-15678,2025-02-11,Cena,P-16,1,Agua Mineral,Bebida
T-12077,2024-11-27,Comida,P-03,3,Pasta Carbonara IA,Principal
T-10392,2025-12-31,Comida,P-24,2,Nuggets de Pollo,Principal
T-14762,2025-07-19,Cena,P-11,2,Salmon a la Plancha,Principal
T-11514,2025-07-19,Cena,P-17,3,Brownie con Helado,Postre
T-13312,2025-11-11,Cena,P-22,2,Te Verde,Bebida
T-10429,2024-06-28,Comida,P-21,3,Cafe Solo,Bebida
T-14880,2024-01-04,Cena,P-14,1,Tortilla de Patatas,Entrante
T-16185,2024-06-03,Cena,P-20,1,Paella de Marisco,Principal
T-17569,2025-07-17,Cena,P-14,3,Tortilla de Patatas,Entrante
T-11540,2025-09-19,Cena,P-07,1,Pizza Margarita,Principal
T-12436,2025-02-07,Cena,P-25,4,Canelones de Carne,Principal
T-15540,2025-02-04,Comida,P-17,1,Brownie con Helado,Postre
T-13097,2025-08-11,Comida,P-23,1,Tiramisu de la Casa,Postre
T-13759,2025-10-02,Cena,P-13,2,Bacalao al Horno,Principal
T-14320,2024-08-26,Cena,P-14,2,Tortilla de Patatas,Entrante
T-10842,2024-09-03,Cena,P-19,2,Entrecot Ternera,Principal
T-10622,2024-04-27,Cena,P-04,4,Tarta de Queso Casera,Postre
T-11395,2025-02-28,Comida,P-12,2,Risotto de Setas,Principal
T-11044,2025-04-08,Comida,P-06,4,Vino Tinto Copa,Bebida
T-17864,2024-03-27,Comida,P-13,2,Bacalao al Horno,Principal
T-11389,2025-01-27,Comida,P-23,1,Tiramisu de la Casa,Postre
T-16037,2024-10-10,Cena,P-01,1,Hamburguesa Smart,Principal
T-10421,2024-04-27,Cena,P-06,2,Vino Tinto Copa,Bebida
T-11951,2024-12-02,Comida,P-01,1,Hamburguesa Smart,Principal
T-17575,2025-04-10,Cena,P-13,4,Bacalao al Horno,Principal
T-17083,2025-11-03,Comida,P-06,3,Vino Tinto Copa,Bebida
T-17079,2024-04-29,Comida,P-15,3,Cerveza Artesana,Bebida
T-14496,2025-04-30,Comida,P-09,2,Gazpacho Andaluz,Entrante
T-17732,2024-02-25,Comida,P-22,1,Te Verde,Bebida
T-10785,2025-09-21,Cena,P-20,4,Paella de Marisco,Principal
T-12357,2025-03-20,Comida,P-20,2,Paella de Marisco,Principal
T-11206,2024-03-05,Comida,P-25,4,Canelones de Carne,Principal
T-10623,2024-10-22,Cena,P-14,2,Tortilla de Patatas,Entrante
T-13094,2024-03-24,Cena,P-02,4,Ensalada Cesar,Entrante
T-15136,2024-05-21,Cena,P-15,3,Cerveza Artesana,Bebida
T-15044,2024-10-04,Cena,P-25,3,Canelones de Carne,Principal
T-16170,2025-03-02,Comida,P-15,3,Cerveza Artesana,Bebida
T-14478,2025-02-09,Cena,P-18,2,Ensaladilla Rusa,Entrante
T-17829,2025-11-23,Cena,P-01,3,Hamburguesa Smart,Principal
T-12811,2025-12-27,Cena,P-18,2,Ensaladilla Rusa,Entrante
T-17795,2024-08-23,Cena,P-03,1,Pasta Carbonara IA,Principal
T-14050,2025-10-20,Cena,P-14,2,Tortilla de Patatas,Entrante
T-13021,2024-05-19,Cena,P-02,1,Ensalada Cesar,Entrante
T-16959,2024-10-29,Comida,P-04,3,Tarta de Queso Casera,Postre
T-16788,2025-11-06,Cena,P-06,1,Vino Tinto Copa,Bebida
T-13252,2025-03-16,Cena,P-18,3,Ensaladilla Rusa,Entrante
T-12248,2024-07-11,Comida,P-02,4,Ensalada Cesar,Entrante
T-10530,2025-10-14,Cena,P-22,2,Te Verde,Bebida
T-12259,2024-07-05,Comida,P-12,1,Risotto de Setas,Principal
T-14163,2025-03-19,Cena,P-18,1,Ensaladilla Rusa,Entrante
T-10743,2024-04-04,Cena,P-10,2,Solomillo Iberico,Principal
T-16260,2024-10-09,Cena,P-11,1,Salmon a la Plancha,Principal
T-15381,2024-06-08,Comida,P-06,1,Vino Tinto Copa,Bebida
T-16888,2024-09-21,Cena,P-07,2,Pizza Margarita,Principal
T-16169,2025-05-02,Cena,P-24,4,Nuggets de Pollo,Principal
T-12420,2025-04-30,Comida,P-02,3,Ensalada Cesar,Entrante
T-13015,2025-10-24,Comida,P-07,4,Pizza Margarita,Principal
T-11692,2024-01-03,Comida,P-14,2,Tortilla de Patatas,Entrante
T-10057,2025-09-10,Comida,P-08,4,Croquetas de Jamon,Entrante
T-10348,2025-02-17,Cena,P-20,3,Paella de Marisco,Principal
T-17021,2025-03-26,Comida,P-11,2,Salmon a la Plancha,Principal
T-12093,2025-08-26,Comida,P-07,4,Pizza Margarita,Principal
T-11375,2025-01-22,Cena,P-23,3,Tiramisu de la Casa,Postre
T-15302,2024-07-28,Cena,P-13,1,Bacalao al Horno,Principal
T-16650,2024-10-02,Comida,P-12,1,Risotto de Setas,Principal
T-11784,2024-03-11,Cena,P-19,1,Entrecot Ternera,Principal
T-16811,2024-01-09,Comida,P-17,3,Brownie con Helado,Postre
T-14754,2025-06-07,Cena,P-12,3,Risotto de Setas,Principal
T-13136,2025-01-03,Cena,P-15,1,Cerveza Artesana,Bebida
T-16930,2025-02-28,Cena,P-08,3,Croquetas de Jamon,Entrante
T-12534,2024-11-27,Comida,P-09,3,Gazpacho Andaluz,Entrante
T-15539,2024-01-14,Cena,P-07,4,Pizza Margarita,Principal
T-16254,2025-02-27,Cena,P-24,3,Nuggets de Pollo,Principal
T-16907,2024-08-06,Cena,P-05,1,Refresco Cola,Bebida
T-11757,2025-11-24,Cena,P-05,4,Refresco Cola,Bebida
T-11896,2024-08-07,Cena,P-23,4,Tiramisu de la Casa,Postre
T-13097,2024-04-24,Cena,P-08,4,Croquetas de Jamon,Entrante
T-10331,2024-03-29,Cena,P-10,3,Solomillo Iberico,Principal
T-13755,2024-12-21,Comida,P-08,2,Croquetas de Jamon,Entrante
T-15726,2025-05-17,Cena,P-03,1,Pasta Carbonara IA,Principal
T-16424,2025-03-22,Cena,P-25,2,Canelones de Carne,Principal
T-14551,2024-03-14,Comida,P-23,2,Tiramisu de la Casa,Postre
T-16473,2024-07-24,Comida,P-25,3,Canelones de Carne,Principal
T-17453,2025-07-30,Cena,P-06,1,Vino Tinto Copa,Bebida
T-14713,2024-04-19,Cena,P-04,2,Tarta de Queso Casera,Postre
T-17035,2024-09-30,Comida,P-02,3,Ensalada Cesar,Entrante
T-15652,2025-11-03,Comida,P-11,1,Salmon a la Plancha,Principal
T-15935,2025-12-10,Comida,P-13,2,Bacalao al Horno,Principal
T-11227,2024-04-29,Cena,P-11,3,Salmon a la Plancha,Principal
T-14477,2024-09-12,Cena,P-08,3,Croquetas de Jamon,Entrante
T-13863,2025-08-25,Cena,P-17,1,Brownie con Helado,Postre
T-12302,2025-09-11,Cena,P-09,3,Gazpacho Andaluz,Entrante
T-12337,2024-04-24,Cena,P-09,2,Gazpacho Andaluz,Entrante
T-10036,2024-10-30,Comida,P-09,4,Gazpacho Andaluz,Entrante
T-16865,2024-12-08,Cena,P-25,2,Canelones de Carne,Principal
T-15300,2025-04-04,Comida,P-11,3,Salmon a la Plancha,Principal
T-14993,2024-09-10,Cena,P-14,1,Tortilla de Patatas,Entrante
T-14987,2025-04-10,Cena,P-08,3,Croquetas de Jamon,Entrante
T-13085,2024-06-18,Cena,P-10,3,Solomillo Iberico,Principal
T-17988,2025-08-09,Cena,P-21,1,Cafe Solo,Bebida
T-15379,2024-01-05,Comida,P-13,2,Bacalao al Horno,Principal
T-14017,2025-07-28,Cena,P-13,1,Bacalao al Horno,Principal
T-14284,2025-03-31,Cena,P-16,4,Agua Mineral,Bebida
T-15314,2025-01-08,Cena,P-01,2,Hamburguesa Smart,Principal
T-13872,2025-12-12,Comida,P-01,1,Hamburguesa Smart,Principal
T-17405,2024-01-07,Comida,P-17,4,Brownie con Helado,Postre
T-15580,2024-08-31,Cena,P-12,4,Risotto de Setas,Principal
T-16210,2024-01-29,Comida,P-04,3,Tarta de Queso Casera,Postre
T-12529,2025-03-28,Comida,P-24,2,Nuggets de Pollo,Principal
T-11907,2024-11-14,Cena,P-12,4,Risotto de Setas,Principal
T-12980,2024-10-20,Cena,P-15,4,Cerveza Artesana,Bebida
T-17172,2024-04-26,Cena,P-02,2,Ensalada Cesar,Entrante
T-12338,2024-02-07,Cena,P-02,2,Ensalada Cesar,Entrante
T-13467,2024-05-31,Comida,P-19,3,Entrecot Ternera,Principal
T-11623,2025-06-27,Cena,P-21,1,Cafe Solo,Bebida
T-15454,2024-04-11,Cena,P-23,3,Tiramisu de la Casa,Postre
T-15401,2025-06-08,Cena,P-03,4,Pasta Carbonara IA,Principal
T-15171,2024-10-26,Comida,P-24,1,Nuggets de Pollo,Principal
T-10669,2025-04-25,Cena,P-14,1,Tortilla de Patatas,Entrante
T-17877,2024-06-07,Comida,P-24,4,Nuggets de Pollo,Principal
T-10466,2024-08-07,Cena,P-17,2,Brownie con Helado,Postre
T-17018,2024-04-13,Cena,P-15,3,Cerveza Artesana,Bebida
T-16074,2024-04-09,Comida,P-09,2,Gazpacho Andaluz,Entrante
T-10290,2025-05-01,Cena,P-04,2,Tarta de Queso Casera,Postre
T-14773,2025-03-28,Cena,P-24,4,Nuggets de Pollo,Principal
T-14733,2024-05-17,Comida,P-15,2,Cerveza Artesana,Bebida
T-17136,2024-05-15,Comida,P-16,2,Agua Mineral,Bebida
T-15230,2025-01-24,Cena,P-16,4,Agua Mineral,Bebida
T-14234,2024-01-16,Cena,P-17,2,Brownie con Helado,Postre
T-14231,2025-06-13,Cena,P-10,4,Solomillo Iberico,Principal
T-13748,2025-03-28,Cena,P-04,1,Tarta de Queso Casera,Postre
T-10261,2025-07-14,Cena,P-20,4,Paella de Marisco,Principal
T-11702,2024-03-31,Cena,P-21,1,Cafe Solo,Bebida
T-17138,2024-09-24,Comida,P-07,4,Pizza Margarita,Principal
T-15596,2025-04-04,Comida,P-25,4,Canelones de Carne,Principal
T-16059,2024-08-25,Comida,P-05,2,Refresco Cola,Bebida
T-15799,2024-12-10,Cena,P-13,1,Bacalao al Horno,Principal
T-11998,2025-01-16,Cena,P-23,3,Tiramisu de la Casa,Postre
T-14051,2025-09-04,Comida,P-16,3,Agua Mineral,Bebida
T-13495,2025-12-23,Cena,P-11,2,Salmon a la Plancha,Principal
T-17904,2024-01-30,Comida,P-09,3,Gazpacho Andaluz,Entrante
T-14871,2024-04-19,Comida,P-17,1,Brownie con Helado,Postre
T-10800,2024-03-25,Comida,P-17,2,Brownie con Helado,Postre
T-17260,2024-06-13,Comida,P-02,1,Ensalada Cesar,Entrante
T-11002,2024-01-12,Cena,P-19,2,Entrecot Ternera,Principal
T-11318,2025-12-12,Comida,P-04,1,Tarta de Queso Casera,Postre
T-13458,2025-01-06,Cena,P-05,3,Refresco Cola,Bebida
T-15251,2024-04-24,Comida,P-25,2,Canelones de Carne,Principal
T-17900,2024-01-16,Cena,P-24,1,Nuggets de Pollo,Principal
T-12585,2025-01-03,Cena,P-07,2,Pizza Margarita,Principal
T-15311,2025-09-06,Comida,P-10,1,Solomillo Iberico,Principal
T-12295,2024-01-12,Cena,P-04,3,Tarta de Queso Casera,Postre
T-10089,2024-06-01,Comida,P-05,2,Refresco Cola,Bebida
T-12554,2024-01-08,Cena,P-09,4,Gazpacho Andaluz,Entrante
T-11668,2025-03-20,Comida,P-06,4,Vino Tinto Copa,Bebida
T-17774,2025-12-30,Cena,P-22,2,Te Verde,Bebida
T-11447,2025-12-07,Comida,P-19,1,Entrecot Ternera,Principal
T-10808,2024-12-13,Comida,P-01,3,Hamburguesa Smart,Principal
T-11435,2025-06-03,Cena,P-16,3,Agua Mineral,Bebida
T-10196,2025-10-12,Cena,P-11,1,Salmon a la Plancha,Principal
T-17980,2024-09-24,Comida,P-01,4,Hamburguesa Smart,Principal
T-13967,2025-03-08,Comida,P-23,4,Tiramisu de la Casa,Postre
T-15460,2024-12-06,Comida,P-11,1,Salmon a la Plancha,Principal
T-14959,2024-04-23,Cena,P-11,1,Salmon a la Plancha,Principal
T-16358,2024-02-11,Comida,P-04,4,Tarta de Queso Casera,Postre
T-17699,2025-05-30,Cena,P-04,2,Tarta de Queso Casera,Postre
T-17025,2025-08-04,Comida,P-04,1,Tarta de Queso Casera,Postre
T-17742,2025-12-04,Cena,P-16,1,Agua Mineral,Bebida
T-17111,2024-11-29,Cena,P-05,2,Refresco Cola,Bebida
T-16472,2025-10-26,Comida,P-19,1,Entrecot Ternera,Principal
T-15588,2024-03-30,Cena,P-23,1,Tiramisu de la Casa,Postre
T-13934,2025-04-15,Cena,P-07,4,Pizza Margarita,Principal
T-15933,2025-10-26,Cena,P-21,4,Cafe Solo,Bebida
T-10720,2024-01-13,Cena,P-14,2,Tortilla de Patatas,Entrante
T-13352,2024-11-05,Comida,P-08,2,Croquetas de Jamon,Entrante
T-10216,2025-07-28,Cena,P-02,2,Ensalada Cesar,Entrante
T-17520,2025-11-15,Comida,P-07,2,Pizza Margarita,Principal
T-10244,2024-12-11,Cena,P-13,2,Bacalao al Horno,Principal
T-17647,2025-06-14,Cena,P-08,3,Croquetas de Jamon,Entrante
T-16230,2024-05-02,Cena,P-05,1,Refresco Cola,Bebida
T-15767,2024-03-31,Cena,P-07,4,Pizza Margarita,Principal
T-13024,2024-06-16,Cena,P-17,2,Brownie con Helado,Postre
T-13294,2024-05-28,Cena,P-09,4,Gazpacho Andaluz,Entrante
T-11134,2024-03-02,Comida,P-25,3,Canelones de Carne,Principal
T-12140,2024-03-14,Cena,P-21,2,Cafe Solo,Bebida
T-12417,2025-04-10,Cena,P-08,3,Croquetas de Jamon,Entrante
T-17118,2025-03-05,Comida,P-14,4,Tortilla de Patatas,Entrante
T-14596,2024-03-10,Comida,P-17,1,Brownie con Helado,Postre
T-17829,2025-06-26,Cena,P-20,4,Paella de Marisco,Principal
T-12948,2025-01-27,Cena,P-21,1,Cafe Solo,Bebida
T-16211,2024-06-06,Cena,P-13,4,Bacalao al Horno,Principal
T-10238,2024-05-26,Comida,P-17,1,Brownie con Helado,Postre
T-11044,2025-01-22,Cena,P-11,4,Salmon a la Plancha,Principal
T-12678,2025-07-08,Cena,P-14,2,Tortilla de Patatas,Entrante
T-13894,2024-08-07,Cena,P-22,1,Te Verde,Bebida
T-10929,2025-07-15,Comida,P-03,4,Pasta Carbonara IA,Principal
T-15257,2024-02-11,Comida,P-23,3,Tiramisu de la Casa,Postre
T-13397,2025-04-23,Cena,P-15,3,Cerveza Artesana,Bebida
T-10384,2025-08-31,Cena,P-01,2,Hamburguesa Smart,Principal
T-12095,2025-09-05,Cena,P-22,1,Te Verde,Bebida
T-12596,2024-02-19,Cena,P-14,2,Tortilla de Patatas,Entrante
T-10624,2024-01-23,Cena,P-11,2,Salmon a la Plancha,Principal
T-16156,2025-05-29,Cena,P-10,3,Solomillo Iberico,Principal
T-14414,2025-12-24,Cena,P-09,1,Gazpacho Andaluz,Entrante
T-16152,2024-11-04,Comida,P-10,3,Solomillo Iberico,Principal
T-15919,2025-11-11,Comida,P-13,4,Bacalao al Horno,Principal
T-16947,2025-05-06,Cena,P-19,2,Entrecot Ternera,Principal
T-17220,2024-03-01,Comida,P-10,4,Solomillo Iberico,Principal
T-10422,2025-08-06,Cena,P-24,1,Nuggets de Pollo,Principal
T-10590,2025-10-18,Cena,P-05,2,Refresco Cola,Bebida
T-14385,2024-06-19,Comida,P-14,4,Tortilla de Patatas,Entrante
T-17825,2025-06-08,Comida,P-25,3,Canelones de Carne,Principal
T-17949,2024-05-31,Cena,P-03,3,Pasta Carbonara IA,Principal
T-11606,2025-01-17,Cena,P-05,4,Refresco Cola,Bebida
T-16654,2024-10-18,Cena,P-25,3,Canelones de Carne,Principal
T-17906,2025-12-29,Cena,P-17,2,Brownie con Helado,Postre
T-16394,2025-10-29,Cena,P-03,3,Pasta Carbonara IA,Principal
T-14733,2024-10-03,Comida,P-11,1,Salmon a la Plancha,Principal
T-11579,2025-01-14,Cena,P-14,1,Tortilla de Patatas,Entrante
T-11662,2024-02-26,Comida,P-08,1,Croquetas de Jamon,Entrante
T-10516,2024-05-03,Comida,P-10,2,Solomillo Iberico,Principal
T-15883,2025-02-07,Comida,P-12,4,Risotto de Setas,Principal
T-11200,2025-09-29,Cena,P-22,2,Te Verde,Bebida
T-12380,2024-11-17,Comida,P-12,3,Risotto de Setas,Principal
T-15891,2025-10-15,Comida,P-14,2,Tortilla de Patatas,Entrante
T-12036,2024-07-26,Cena,P-08,1,Croquetas de Jamon,Entrante
T-11622,2025-12-17,Cena,P-05,1,Refresco Cola,Bebida
T-16247,2025-07-13,Cena,P-10,3,Solomillo Iberico,Principal
T-10825,2025-03-18,Comida,P-15,2,Cerveza Artesana,Bebida
T-12001,2024-11-04,Cena,P-01,4,Hamburguesa Smart,Principal
T-10144,2025-08-17,Comida,P-03,4,Pasta Carbonara IA,Principal
T-17098,2024-01-07,Cena,P-22,4,Te Verde,Bebida
T-15482,2024-12-11,Comida,P-19,4,Entrecot Ternera,Principal
T-14429,2025-06-02,Comida,P-13,3,Bacalao al Horno,Principal
T-15292,2024-12-31,Cena,P-14,3,Tortilla de Patatas,Entrante
T-15589,2024-01-26,Cena,P-02,1,Ensalada Cesar,Entrante
T-16606,2025-04-03,Cena,P-20,4,Paella de Marisco,Principal
T-12097,2025-10-12,Cena,P-10,3,Solomillo Iberico,Principal
T-13254,2025-06-02,Comida,P-22,1,Te Verde,Bebida
T-13760,2025-09-12,Cena,P-10,1,Solomillo Iberico,Principal
T-16362,2025-02-04,Cena,P-03,2,Pasta Carbonara IA,Principal
T-13405,2024-08-14,Comida,P-05,1,Refresco Cola,Bebida
T-10710,2025-10-17,Comida,P-17,2,Brownie con Helado,Postre
T-15882,2024-12-16,Cena,P-20,2,Paella de Marisco,Principal
T-16038,2024-05-09,Cena,P-12,3,Risotto de Setas,Principal
T-10863,2025-08-29,Cena,P-16,3,Agua Mineral,Bebida
T-15307,2024-07-18,Comida,P-11,1,Salmon a la Plancha,Principal
T-10823,2024-07-12,Comida,P-24,3,Nuggets de Pollo,Principal
T-15293,2025-11-01,Comida,P-18,3,Ensaladilla Rusa,Entrante
T-11293,2025-05-14,Cena,P-07,4,Pizza Margarita,Principal
T-10073,2025-05-22,Comida,P-07,2,Pizza Margarita,Principal
T-13956,2024-02-29,Cena,P-13,3,Bacalao al Horno,Principal
T-11064,2024-10-27,Cena,P-09,3,Gazpacho Andaluz,Entrante
T-10759,2025-12-16,Cena,P-15,1,Cerveza Artesana,Bebida
T-14229,2025-11-01,Cena,P-16,1,Agua Mineral,Bebida
T-16147,2025-07-08,Cena,P-04,2,Tarta de Queso Casera,Postre
T-13387,2025-08-20,Comida,P-14,4,Tortilla de Patatas,Entrante
T-15613,2024-10-30,Comida,P-05,3,Refresco Cola,Bebida
T-16049,2024-11-05,Cena,P-24,4,Nuggets de Pollo,Principal
T-16754,2025-02-03,Comida,P-20,4,Paella de Marisco,Principal
T-17246,2024-11-14,Cena,P-19,3,Entrecot Ternera,Principal
T-14681,2025-04-20,Comida,P-06,3,Vino Tinto Copa,Bebida
T-14579,2025-11-21,Comida,P-13,2,Bacalao al Horno,Principal
T-15627,2025-11-15,Comida,P-13,2,Bacalao al Horno,Principal
T-14901,2024-05-15,Comida,P-13,2,Bacalao al Horno,Principal
T-12909,2025-12-23,Cena,P-10,3,Solomillo Iberico,Principal
T-13225,2025-10-27,Cena,P-18,2,Ensaladilla Rusa,Entrante
T-11042,2025-08-26,Comida,P-12,3,Risotto de Setas,Principal
T-15596,2024-08-16,Cena,P-16,3,Agua Mineral,Bebida
T-17392,2024-11-28,Comida,P-13,3,Bacalao al Horno,Principal
T-12391,2025-01-14,Cena,P-05,2,Refresco Cola,Bebida
T-11458,2024-12-12,Cena,P-03,2,Pasta Carbonara IA,Principal
T-11396,2025-04-15,Cena,P-16,2,Agua Mineral,Bebida
T-17781,2025-10-16,Cena,P-14,2,Tortilla de Patatas,Entrante
T-15297,2025-07-03,Cena,P-13,2,Bacalao al Horno,Principal
T-15862,2024-05-31,Cena,P-08,2,Croquetas de Jamon,Entrante
T-15854,2024-07-13,Comida,P-23,2,Tiramisu de la Casa,Postre
T-15602,2024-07-18,Cena,P-22,1,Te Verde,Bebida
T-12490,2024-01-24,Comida,P-02,2,Ensalada Cesar,Entrante
T-15637,2025-03-13,Comida,P-23,1,Tiramisu de la Casa,Postre
T-15299,2025-01-13,Cena,P-11,3,Salmon a la Plancha,Principal
T-15979,2024-09-02,Cena,P-01,3,Hamburguesa Smart,Principal
T-17136,2025-09-07,Comida,P-05,2,Refresco Cola,Bebida
T-15576,2025-07-20,Cena,P-01,2,Hamburguesa Smart,Principal
T-16099,2024-05-24,Comida,P-19,2,Entrecot Ternera,Principal
T-17720,2024-09-03,Cena,P-05,2,Refresco Cola,Bebida
T-11273,2024-11-13,Cena,P-20,1,Paella de Marisco,Principal
T-12232,2025-10-23,Cena,P-04,3,Tarta de Queso Casera,Postre
T-16930,2025-02-19,Cena,P-02,3,Ensalada Cesar,Entrante
T-10779,2024-12-09,Comida,P-08,2,Croquetas de Jamon,Entrante
T-13253,2025-01-25,Comida,P-15,2,Cerveza Artesana,Bebida
T-17314,2025-03-03,Cena,P-19,2,Entrecot Ternera,Principal
T-11329,2024-11-21,Cena,P-10,3,Solomillo Iberico,Principal
T-10175,2024-08-26,Cena,P-21,3,Cafe Solo,Bebida
T-17214,2025-07-19,Cena,P-15,1,Cerveza Artesana,Bebida
T-11352,2024-05-13,Comida,P-18,2,Ensaladilla Rusa,Entrante
T-11668,2025-04-22,Comida,P-17,4,Brownie con Helado,Postre
T-17316,2024-04-03,Comida,P-20,4,Paella de Marisco,Principal
T-14753,2024-11-18,Comida,P-02,3,Ensalada Cesar,Entrante
T-13078,2025-07-01,Cena,P-06,3,Vino Tinto Copa,Bebida
T-15576,2025-03-30,Cena,P-17,4,Brownie con Helado,Postre
T-10646,2025-07-20,Comida,P-15,4,Cerveza Artesana,Bebida
T-13614,2025-01-22,Cena,P-21,3,Cafe Solo,Bebida
T-14720,2025-08-23,Comida,P-06,2,Vino Tinto Copa,Bebida
T-12678,2024-09-30,Cena,P-25,3,Canelones de Carne,Principal
T-15882,2025-01-31,Cena,P-16,2,Agua Mineral,Bebida
T-14738,2024-07-20,Cena,P-21,4,Cafe Solo,Bebida
T-14056,2025-04-14,Cena,P-13,4,Bacalao al Horno,Principal
T-14020,2024-01-24,Comida,P-03,3,Pasta Carbonara IA,Principal
T-14900,2025-05-27,Cena,P-07,2,Pizza Margarita,Principal
T-14024,2024-07-03,Cena,P-10,1,Solomillo Iberico,Principal
T-14985,2025-01-08,Comida,P-06,1,Vino Tinto Copa,Bebida
T-15227,2024-09-26,Comida,P-15,3,Cerveza Artesana,Bebida
T-16471,2025-04-10,Comida,P-04,4,Tarta de Queso Casera,Postre
T-15360,2025-12-22,Cena,P-22,2,Te Verde,Bebida
T-17323,2024-12-27,Comida,P-15,1,Cerveza Artesana,Bebida
T-13511,2024-08-15,Cena,P-04,4,Tarta de Queso Casera,Postre
T-12618,2024-02-22,Cena,P-14,1,Tortilla de Patatas,Entrante
T-14051,2025-02-04,Cena,P-09,3,Gazpacho Andaluz,Entrante
T-15321,2024-10-13,Cena,P-20,1,Paella de Marisco,Principal
T-14989,2024-01-26,Cena,P-18,4,Ensaladilla Rusa,Entrante
T-14213,2024-11-22,Cena,P-18,3,Ensaladilla Rusa,Entrante
T-12159,2025-04-25,Cena,P-02,4,Ensalada Cesar,Entrante
T-14158,2024-11-26,Comida,P-02,1,Ensalada Cesar,Entrante
T-13805,2025-09-11,Cena,P-03,3,Pasta Carbonara IA,Principal
T-11207,2024-02-27,Cena,P-06,2,Vino Tinto Copa,Bebida
T-13378,2024-05-08,Comida,P-04,3,Tarta de Queso Casera,Postre
T-15566,2025-11-06,Cena,P-16,2,Agua Mineral,Bebida
T-14320,2024-12-26,Cena,P-25,3,Canelones de Carne,Principal
T-10209,2024-03-11,Comida,P-12,3,Risotto de Setas,Principal
T-14809,2025-04-18,Cena,P-03,3,Pasta Carbonara IA,Principal
T-13490,2025-01-05,Cena,P-13,4,Bacalao al Horno,Principal
T-12792,2024-04-13,Cena,P-22,3,Te Verde,Bebida
T-16179,2024-11-09,Cena,P-05,4,Refresco Cola,Bebida
T-16482,2025-05-27,Comida,P-20,1,Paella de Marisco,Principal
T-12322,2024-04-05,Comida,P-11,1,Salmon a la Plancha,Principal
T-11829,2024-07-16,Cena,P-09,2,Gazpacho Andaluz,Entrante
T-10815,2024-08-01,Comida,P-22,2,Te Verde,Bebida
T-17697,2024-02-18,Comida,P-08,3,Croquetas de Jamon,Entrante
T-16754,2024-05-25,Comida,P-18,1,Ensaladilla Rusa,Entrante
T-14832,2024-11-20,Comida,P-13,2,Bacalao al Horno,Principal
T-15384,2025-06-22,Comida,P-17,4,Brownie con Helado,Postre
T-15380,2025-03-15,Cena,P-07,2,Pizza Margarita,Principal
T-12892,2024-04-18,Cena,P-02,4,Ensalada Cesar,Entrante
T-15697,2024-11-14,Comida,P-10,2,Solomillo Iberico,Principal
T-17680,2024-12-20,Comida,P-11,1,Salmon a la Plancha,Principal
T-14463,2025-06-25,Comida,P-12,4,Risotto de Setas,Principal
T-16520,2024-06-26,Cena,P-01,4,Hamburguesa Smart,Principal
T-13440,2025-05-16,Cena,P-05,4,Refresco Cola,Bebida
T-17589,2024-06-17,Comida,P-06,3,Vino Tinto Copa,Bebida
T-15772,2025-07-19,Cena,P-21,4,Cafe Solo,Bebida
T-11237,2025-05-25,Comida,P-12,3,Risotto de Setas,Principal
T-10492,2024-11-27,Cena,P-01,1,Hamburguesa Smart,Principal
T-13118,2025-07-12,Cena,P-25,1,Canelones de Carne,Principal
T-17584,2025-06-24,Comida,P-08,1,Croquetas de Jamon,Entrante
T-15126,2024-08-29,Cena,P-18,2,Ensaladilla Rusa,Entrante
T-10487,2025-05-06,Cena,P-01,3,Hamburguesa Smart,Principal
T-10490,2025-05-02,Comida,P-20,1,Paella de Marisco,Principal
T-14603,2025-07-03,Cena,P-03,1,Pasta Carbonara IA,Principal
T-12491,2024-06-05,Cena,P-16,4,Agua Mineral,Bebida
T-10000,2025-03-19,Comida,P-11,1,Salmon a la Plancha,Principal
T-15331,2025-06-29,Cena,P-04,2,Tarta de Queso Casera,Postre
T-11336,2024-09-22,Comida,P-23,2,Tiramisu de la Casa,Postre
T-17422,2025-04-18,Comida,P-08,1,Croquetas de Jamon,Entrante
T-17640,2024-10-07,Cena,P-03,3,Pasta Carbonara IA,Principal
T-15947,2025-11-28,Comida,P-22,2,Te Verde,Bebida
T-16607,2024-05-09,Comida,P-10,1,Solomillo Iberico,Principal
T-10117,2025-10-16,Comida,P-24,1,Nuggets de Pollo,Principal
T-12299,2025-12-08,Comida,P-13,2,Bacalao al Horno,Principal
T-10322,2025-01-17,Cena,P-01,2,Hamburguesa Smart,Principal
T-16082,2025-11-14,Cena,P-03,1,Pasta Carbonara IA,Principal
T-10949,2024-09-28,Cena,P-22,2,Te Verde,Bebida
T-15379,2025-07-09,Comida,P-08,3,Croquetas de Jamon,Entrante
T-17712,2025-03-27,Cena,P-14,2,Tortilla de Patatas,Entrante
T-13752,2025-12-26,Cena,P-25,2,Canelones de Carne,Principal
T-10447,2025-06-16,Comida,P-24,4,Nuggets de Pollo,Principal
T-15732,2024-03-27,Cena,P-08,1,Croquetas de Jamon,Entrante
T-17638,2025-01-09,Cena,P-04,3,Tarta de Queso Casera,Postre
T-12435,2025-02-10,Comida,P-22,1,Te Verde,Bebida
T-15615,2024-12-16,Cena,P-15,1,Cerveza Artesana,Bebida
T-14518,2024-02-20,Comida,P-17,1,Brownie con Helado,Postre
T-15599,2025-08-23,Comida,P-03,4,Pasta Carbonara IA,Principal
T-14913,2024-07-17,Cena,P-12,3,Risotto de Setas,Principal
T-13566,2025-06-28,Cena,P-15,4,Cerveza Artesana,Bebida
T-12256,2025-03-31,Cena,P-12,2,Risotto de Setas,Principal
T-10340,2024-04-21,Cena,P-13,3,Bacalao al Horno,Principal
T-10593,2025-10-18,Cena,P-12,4,Risotto de Setas,Principal
T-16665,2024-08-10,Comida,P-12,3,Risotto de Setas,Principal
T-15581,2025-12-26,Comida,P-13,4,Bacalao al Horno,Principal
T-12642,2025-10-13,Comida,P-01,3,Hamburguesa Smart,Principal
T-15141,2025-03-01,Comida,P-10,1,Solomillo Iberico,Principal
T-12569,2024-04-02,Cena,P-17,2,Brownie con Helado,Postre
T-11536,2025-04-17,Cena,P-07,4,Pizza Margarita,Principal
T-10351,2025-09-09,Comida,P-09,3,Gazpacho Andaluz,Entrante
T-17707,2025-11-26,Cena,P-10,3,Solomillo Iberico,Principal
T-16145,2024-01-07,Cena,P-12,4,Risotto de Setas,Principal
T-10324,2024-09-03,Cena,P-15,1,Cerveza Artesana,Bebida
T-14421,2024-02-18,Comida,P-24,3,Nuggets de Pollo,Principal
T-11361,2024-06-26,Cena,P-02,3,Ensalada Cesar,Entrante
T-16337,2024-06-25,Cena,P-25,4,Canelones de Carne,Principal
T-12879,2024-08-04,Cena,P-03,2,Pasta Carbonara IA,Principal
T-13003,2024-02-21,Cena,P-15,1,Cerveza Artesana,Bebida
T-12481,2024-02-03,Cena,P-23,2,Tiramisu de la Casa,Postre
T-13331,2024-04-06,Cena,P-01,3,Hamburguesa Smart,Principal
T-10320,2024-09-20,Cena,P-01,3,Hamburguesa Smart,Principal
T-16261,2025-11-05,Comida,P-16,1,Agua Mineral,Bebida
T-13069,2025-08-31,Cena,P-11,3,Salmon a la Plancha,Principal
T-16582,2024-01-10,Comida,P-07,1,Pizza Margarita,Principal
T-17370,2024-05-16,Comida,P-10,4,Solomillo Iberico,Principal
T-16459,2024-03-08,Cena,P-04,4,Tarta de Queso Casera,Postre
T-13054,2025-04-11,Cena,P-21,3,Cafe Solo,Bebida
T-13902,2025-05-26,Comida,P-20,2,Paella de Marisco,Principal
T-16231,2025-11-23,Cena,P-12,2,Risotto de Setas,Principal
T-10791,2024-05-13,Comida,P-21,3,Cafe Solo,Bebida
T-10347,2024-07-23,Cena,P-09,4,Gazpacho Andaluz,Entrante
T-10995,2024-09-21,Cena,P-07,1,Pizza Margarita,Principal
T-15608,2024-09-25,Cena,P-18,1,Ensaladilla Rusa,Entrante
T-12762,2025-06-13,Comida,P-16,3,Agua Mineral,Bebida
T-16484,2024-11-07,Cena,P-15,3,Cerveza Artesana,Bebida
T-12150,2024-12-30,Cena,P-22,4,Te Verde,Bebida
T-12719,2024-09-06,Comida,P-15,4,Cerveza Artesana,Bebida
T-17543,2025-12-16,Cena,P-17,3,Brownie con Helado,Postre
T-13127,2024-12-10,Cena,P-09,4,Gazpacho Andaluz,Entrante
T-14289,2025-01-16,Cena,P-21,4,Cafe Solo,Bebida
T-14657,2025-03-04,Comida,P-05,3,Refresco Cola,Bebida
T-12711,2024-12-19,Comida,P-03,4,Pasta Carbonara IA,Principal
T-13320,2024-05-20,Cena,P-22,1,Te Verde,Bebida
T-17301,2025-03-01,Cena,P-18,1,Ensaladilla Rusa,Entrante
T-10320,2025-11-25,Cena,P-21,2,Cafe Solo,Bebida
T-16644,2025-10-30,Comida,P-09,4,Gazpacho Andaluz,Entrante
T-10887,2024-06-30,Cena,P-05,4,Refresco Cola,Bebida
T-11678,2024-04-14,Cena,P-11,4,Salmon a la Plancha,Principal
T-15596,2025-02-17,Comida,P-03,3,Pasta Carbonara IA,Principal
T-12308,2025-02-12,Comida,P-23,3,Tiramisu de la Casa,Postre
T-17486,2025-10-03,Cena,P-08,1,Croquetas de Jamon,Entrante
T-14529,2024-03-12,Cena,P-18,2,Ensaladilla Rusa,Entrante
T-10677,2024-01-01,Cena,P-11,4,Salmon a la Plancha,Principal
T-13880,2024-09-09,Comida,P-20,4,Paella de Marisco,Principal
T-11877,2024-07-18,Cena,P-11,2,Salmon a la Plancha,Principal
T-11442,2024-07-26,Comida,P-25,4,Canelones de Carne,Principal
T-12643,2024-10-06,Comida,P-23,2,Tiramisu de la Casa,Postre
T-15206,2024-02-29,Cena,P-21,4,Cafe Solo,Bebida
T-14188,2024-03-18,Comida,P-08,1,Croquetas de Jamon,Entrante
T-14541,2024-03-10,Comida,P-02,1,Ensalada Cesar,Entrante
T-11317,2025-06-09,Cena,P-04,4,Tarta de Queso Casera,Postre
T-11671,2025-05-08,Comida,P-04,4,Tarta de Queso Casera,Postre
T-17483,2025-09-05,Cena,P-17,2,Brownie con Helado,Postre
T-14973,2025-11-18,Cena,P-23,4,Tiramisu de la Casa,Postre
T-16386,2024-04-07,Cena,P-01,1,Hamburguesa Smart,Principal
T-17173,2024-07-30,Cena,P-04,2,Tarta de Queso Casera,Postre
T-13273,2025-06-09,Cena,P-10,3,Solomillo Iberico,Principal
T-10380,2025-03-31,Cena,P-20,1,Paella de Marisco,Principal
T-13676,2025-03-11,Cena,P-09,3,Gazpacho Andaluz,Entrante
T-13961,2025-06-17,Comida,P-23,2,Tiramisu de la Casa,Postre
T-17425,2024-03-03,Comida,P-04,2,Tarta de Queso Casera,Postre
T-15372,2025-02-26,Comida,P-22,1,Te Verde,Bebida
T-14160,2024-07-05,Cena,P-17,4,Brownie con Helado,Postre
T-13016,2024-01-17,Cena,P-06,4,Vino Tinto Copa,Bebida
T-17418,2024-08-31,Comida,P-19,2,Entrecot Ternera,Principal
T-10629,2025-04-20,Comida,P-16,2,Agua Mineral,Bebida
T-14663,2024-03-11,Cena,P-24,1,Nuggets de Pollo,Principal
T-10514,2024-04-06,Comida,P-13,2,Bacalao al Horno,Principal
T-17788,2025-12-20,Cena,P-11,4,Salmon a la Plancha,Principal
T-13885,2025-02-04,Cena,P-25,4,Canelones de Carne,Principal
T-12710,2024-11-24,Comida,P-08,1,Croquetas de Jamon,Entrante
T-17922,2025-03-16,Comida,P-22,1,Te Verde,Bebida
T-16304,2025-06-08,Cena,P-16,3,Agua Mineral,Bebida
T-13386,2025-05-18,Cena,P-20,3,Paella de Marisco,Principal
T-10438,2024-03-26,Cena,P-10,4,Solomillo Iberico,Principal
T-13526,2024-05-01,Comida,P-01,1,Hamburguesa Smart,Principal
T-12585,2025-04-08,Comida,P-06,3,Vino Tinto Copa,Bebida
T-12336,2025-05-13,Cena,P-23,3,Tiramisu de la Casa,Postre
T-14949,2024-09-02,Cena,P-17,1,Brownie con Helado,Postre
T-17126,2024-08-31,Cena,P-10,4,Solomillo Iberico,Principal
T-14837,2024-10-08,Cena,P-25,1,Canelones de Carne,Principal
T-10744,2025-04-08,Comida,P-19,3,Entrecot Ternera,Principal
T-15741,2024-09-12,Comida,P-13,4,Bacalao al Horno,Principal
T-15523,2025-11-08,Cena,P-15,1,Cerveza Artesana,Bebida
T-13962,2024-12-02,Cena,P-12,4,Risotto de Setas,Principal
T-13984,2025-11-08,Comida,P-23,1,Tiramisu de la Casa,Postre
T-15608,2025-04-24,Cena,P-19,4,Entrecot Ternera,Principal
T-12725,2024-12-16,Cena,P-04,4,Tarta de Queso Casera,Postre
T-11356,2025-08-10,Cena,P-15,1,Cerveza Artesana,Bebida
T-17805,2025-09-28,Comida,P-01,4,Hamburguesa Smart,Principal
T-10835,2024-09-22,Cena,P-06,2,Vino Tinto Copa,Bebida
T-15120,2024-05-22,Cena,P-06,2,Vino Tinto Copa,Bebida
T-13563,2025-09-04,Cena,P-04,3,Tarta de Queso Casera,Postre
T-17250,2024-09-11,Cena,P-17,1,Brownie con Helado,Postre
T-16213,2024-10-30,Cena,P-14,2,Tortilla de Patatas,Entrante
T-14235,2025-12-08,Cena,P-03,2,Pasta Carbonara IA,Principal
T-12377,2024-08-17,Comida,P-01,4,Hamburguesa Smart,Principal
T-12295,2024-08-18,Cena,P-15,4,Cerveza Artesana,Bebida
T-14888,2024-02-27,Comida,P-15,1,Cerveza Artesana,Bebida
T-15511,2024-07-06,Cena,P-22,3,Te Verde,Bebida
T-10315,2024-08-13,Comida,P-03,2,Pasta Carbonara IA,Principal
T-14993,2025-12-12,Cena,P-23,3,Tiramisu de la Casa,Postre
T-15475,2025-10-25,Cena,P-04,4,Tarta de Queso Casera,Postre
T-14518,2025-02-03,Comida,P-25,1,Canelones de Carne,Principal
T-11869,2024-11-24,Cena,P-01,4,Hamburguesa Smart,Principal
T-16021,2024-01-26,Cena,P-23,1,Tiramisu de la Casa,Postre
T-16405,2024-04-01,Cena,P-10,1,Solomillo Iberico,Principal
T-17914,2025-11-01,Comida,P-11,2,Salmon a la Plancha,Principal
T-10650,2025-02-14,Comida,P-09,4,Gazpacho Andaluz,Entrante
T-15537,2025-03-06,Cena,P-20,3,Paella de Marisco,Principal
T-16754,2024-05-18,Comida,P-20,4,Paella de Marisco,Principal
T-11636,2025-04-03,Comida,P-17,4,Brownie con Helado,Postre
T-10582,2024-06-16,Comida,P-20,2,Paella de Marisco,Principal
T-17102,2025-02-26,Comida,P-04,2,Tarta de Queso Casera,Postre
T-12651,2025-04-03,Cena,P-04,1,Tarta de Queso Casera,Postre
T-12863,2025-06-01,Cena,P-18,4,Ensaladilla Rusa,Entrante
T-15631,2024-03-06,Comida,P-06,3,Vino Tinto Copa,Bebida
T-10898,2024-04-09,Cena,P-06,2,Vino Tinto Copa,Bebida
T-15636,2024-10-06,Comida,P-01,2,Hamburguesa Smart,Principal
T-17922,2025-11-22,Cena,P-08,2,Croquetas de Jamon,Entrante
T-12206,2024-11-08,Comida,P-08,2,Croquetas de Jamon,Entrante
T-17708,2025-07-14,Comida,P-16,1,Agua Mineral,Bebida
T-11716,2024-12-19,Cena,P-07,1,Pizza Margarita,Principal
T-15918,2025-02-27,Cena,P-22,3,Te Verde,Bebida
T-17179,2024-07-16,Cena,P-22,1,Te Verde,Bebida
T-16040,2024-12-25,Comida,P-17,4,Brownie con Helado,Postre
T-14713,2024-06-22,Cena,P-17,2,Brownie con Helado,Postre
T-11486,2025-06-13,Cena,P-06,4,Vino Tinto Copa,Bebida
T-13274,2024-01-12,Cena,P-22,1,Te Verde,Bebida
T-15518,2025-01-11,Cena,P-02,4,Ensalada Cesar,Entrante
T-13117,2024-09-02,Cena,P-04,3,Tarta de Queso Casera,Postre
T-14071,2025-08-23,Comida,P-04,2,Tarta de Queso Casera,Postre
T-14994,2024-04-17,Comida,P-09,2,Gazpacho Andaluz,Entrante
T-14819,2024-03-19,Comida,P-09,2,Gazpacho Andaluz,Entrante
T-13335,2024-11-05,Cena,P-02,3,Ensalada Cesar,Entrante
T-11858,2024-04-13,Cena,P-12,2,Risotto de Setas,Principal
T-12534,2025-03-10,Cena,P-08,1,Croquetas de Jamon,Entrante
T-11869,2024-01-25,Cena,P-18,2,Ensaladilla Rusa,Entrante
T-12874,2024-06-21,Cena,P-25,4,Canelones de Carne,Principal
T-15797,2024-07-18,Cena,P-12,2,Risotto de Setas,Principal
T-14558,2025-04-09,Cena,P-07,3,Pizza Margarita,Principal
T-16625,2025-02-04,Cena,P-02,2,Ensalada Cesar,Entrante
T-16580,2024-03-18,Comida,P-15,4,Cerveza Artesana,Bebida
T-12244,2024-04-14,Cena,P-13,1,Bacalao al Horno,Principal
T-14249,2025-07-01,Cena,P-22,4,Te Verde,Bebida
T-12546,2025-04-21,Cena,P-04,1,Tarta de Queso Casera,Postre
T-14032,2024-04-18,Comida,P-17,1,Brownie con Helado,Postre
T-12125,2025-12-11,Cena,P-16,1,Agua Mineral,Bebida
T-10425,2024-04-04,Cena,P-03,2,Pasta Carbonara IA,Principal
T-14753,2025-10-30,Comida,P-19,1,Entrecot Ternera,Principal
T-12129,2024-07-23,Cena,P-12,2,Risotto de Setas,Principal
T-13507,2024-08-13,Cena,P-06,1,Vino Tinto Copa,Bebida
T-10434,2025-08-31,Cena,P-14,2,Tortilla de Patatas,Entrante
T-17864,2025-07-01,Comida,P-05,3,Refresco Cola,Bebida
T-12580,2024-06-27,Comida,P-15,1,Cerveza Artesana,Bebida
T-14123,2024-12-05,Cena,P-21,4,Cafe Solo,Bebida
T-17636,2024-09-07,Comida,P-06,3,Vino Tinto Copa,Bebida
T-14734,2024-01-21,Cena,P-22,3,Te Verde,Bebida
T-10160,2025-12-05,Cena,P-01,2,Hamburguesa Smart,Principal
T-14712,2024-05-27,Comida,P-14,1,Tortilla de Patatas,Entrante
T-12273,2025-11-10,Cena,P-24,1,Nuggets de Pollo,Principal
T-11639,2025-04-30,Cena,P-03,4,Pasta Carbonara IA,Principal
T-15184,2025-07-03,Cena,P-25,3,Canelones de Carne,Principal
T-13268,2024-06-28,Cena,P-01,1,Hamburguesa Smart,Principal
T-17439,2025-08-09,Cena,P-17,2,Brownie con Helado,Postre
T-17763,2025-10-23,Comida,P-02,3,Ensalada Cesar,Entrante
T-11678,2025-07-26,Cena,P-01,2,Hamburguesa Smart,Principal
T-11647,2024-04-09,Comida,P-11,2,Salmon a la Plancha,Principal
T-16555,2025-03-26,Cena,P-18,4,Ensaladilla Rusa,Entrante
T-16037,2024-04-14,Cena,P-06,4,Vino Tinto Copa,Bebida
T-16068,2025-10-15,Cena,P-19,1,Entrecot Ternera,Principal
T-11717,2024-02-08,Comida,P-14,4,Tortilla de Patatas,Entrante
T-16353,2025-12-10,Cena,P-02,1,Ensalada Cesar,Entrante
T-14319,2024-03-06,Comida,P-12,1,Risotto de Setas,Principal
T-15800,2025-12-30,Comida,P-22,3,Te Verde,Bebida
T-13362,2024-03-16,Cena,P-03,2,Pasta Carbonara IA,Principal
T-14838,2024-06-01,Comida,P-03,3,Pasta Carbonara IA,Principal
T-11579,2024-11-04,Comida,P-06,1,Vino Tinto Copa,Bebida
T-10122,2025-09-03,Cena,P-17,1,Brownie con Helado,Postre
T-17016,2024-07-18,Cena,P-13,2,Bacalao al Horno,Principal
T-14443,2025-01-29,Comida,P-21,1,Cafe Solo,Bebida
T-13250,2025-06-02,Comida,P-24,3,Nuggets de Pollo,Principal
T-16128,2024-04-23,Cena,P-11,1,Salmon a la Plancha,Principal
T-13794,2024-06-02,Cena,P-13,2,Bacalao al Horno,Principal
T-13083,2024-10-28,Cena,P-20,3,Paella de Marisco,Principal
T-15535,2024-03-01,Cena,P-25,1,Canelones de Carne,Principal
T-14569,2025-12-28,Cena,P-01,3,Hamburguesa Smart,Principal
T-13520,2025-03-26,Comida,P-22,1,Te Verde,Bebida
T-15170,2024-01-22,Cena,P-25,1,Canelones de Carne,Principal
T-13908,2025-07-23,Cena,P-07,2,Pizza Margarita,Principal
T-17228,2025-04-08,Comida,P-08,2,Croquetas de Jamon,Entrante
T-10649,2024-02-06,Comida,P-10,3,Solomillo Iberico,Principal
T-17336,2024-08-10,Cena,P-24,1,Nuggets de Pollo,Principal
T-17518,2024-08-06,Comida,P-17,2,Brownie con Helado,Postre
T-14211,2025-11-21,Comida,P-04,1,Tarta de Queso Casera,Postre
T-15340,2025-05-29,Cena,P-14,2,Tortilla de Patatas,Entrante
T-11330,2025-08-16,Cena,P-23,2,Tiramisu de la Casa,Postre
T-12598,2025-01-07,Cena,P-12,4,Risotto de Setas,Principal
T-14789,2024-09-22,Cena,P-03,3,Pasta Carbonara IA,Principal
T-10590,2025-03-18,Cena,P-17,1,Brownie con Helado,Postre
T-10638,2024-01-11,Comida,P-12,4,Risotto de Setas,Principal
T-11512,2024-05-18,Cena,P-19,2,Entrecot Ternera,Principal
T-12915,2024-03-08,Comida,P-15,1,Cerveza Artesana,Bebida
T-13341,2024-06-09,Cena,P-25,4,Canelones de Carne,Principal
T-11786,2025-12-30,Cena,P-17,4,Brownie con Helado,Postre
T-13338,2025-09-24,Cena,P-17,4,Brownie con Helado,Postre
T-14035,2024-11-02,Comida,P-09,1,Gazpacho Andaluz,Entrante
T-11070,2025-10-18,Cena,P-15,1,Cerveza Artesana,Bebida
T-12392,2024-11-02,Comida,P-18,4,Ensaladilla Rusa,Entrante
T-12713,2024-10-30,Cena,P-01,1,Hamburguesa Smart,Principal
T-11041,2024-06-26,Cena,P-04,2,Tarta de Queso Casera,Postre
T-15895,2025-09-27,Comida,P-01,1,Hamburguesa Smart,Principal
T-10797,2024-10-05,Comida,P-11,3,Salmon a la Plancha,Principal
T-17466,2025-07-28,Comida,P-16,1,Agua Mineral,Bebida
T-16156,2025-12-22,Cena,P-22,1,Te Verde,Bebida
T-10796,2024-07-28,Comida,P-05,3,Refresco Cola,Bebida
T-15277,2024-11-28,Cena,P-25,3,Canelones de Carne,Principal
T-12701,2024-04-02,Comida,P-19,1,Entrecot Ternera,Principal
T-11707,2025-11-30,Cena,P-12,4,Risotto de Setas,Principal
T-13024,2024-11-02,Cena,P-20,1,Paella de Marisco,Principal
T-10307,2024-12-01,Comida,P-15,1,Cerveza Artesana,Bebida
T-17717,2025-10-20,Comida,P-03,3,Pasta Carbonara IA,Principal
T-13536,2025-01-19,Cena,P-04,1,Tarta de Queso Casera,Postre
T-13662,2024-09-21,Comida,P-12,3,Risotto de Setas,Principal
T-14450,2025-01-16,Cena,P-06,4,Vino Tinto Copa,Bebida
T-17640,2025-10-10,Cena,P-05,1,Refresco Cola,Bebida
T-17589,2025-06-06,Cena,P-24,3,Nuggets de Pollo,Principal
T-14162,2025-02-12,Cena,P-22,2,Te Verde,Bebida
T-11410,2025-02-08,Cena,P-21,1,Cafe Solo,Bebida
T-13398,2024-07-15,Cena,P-02,3,Ensalada Cesar,Entrante
T-16443,2024-09-30,Comida,P-02,1,Ensalada Cesar,Entrante
T-13207,2024-06-28,Cena,P-18,1,Ensaladilla Rusa,Entrante
T-10017,2024-01-24,Cena,P-06,2,Vino Tinto Copa,Bebida
T-11890,2025-02-18,Comida,P-14,2,Tortilla de Patatas,Entrante
T-10781,2024-03-31,Cena,P-15,2,Cerveza Artesana,Bebida
T-14473,2025-10-06,Cena,P-25,3,Canelones de Carne,Principal
T-17259,2025-12-14,Comida,P-23,2,Tiramisu de la Casa,Postre
T-15026,2024-01-11,Cena,P-06,1,Vino Tinto Copa,Bebida
T-11840,2025-02-12,Cena,P-15,3,Cerveza Artesana,Bebida
T-10353,2025-10-01,Cena,P-10,4,Solomillo Iberico,Principal
T-12143,2024-05-16,Cena,P-07,1,Pizza Margarita,Principal
T-14769,2025-04-13,Cena,P-17,4,Brownie con Helado,Postre
T-14530,2024-01-05,Cena,P-16,4,Agua Mineral,Bebida
T-16714,2025-03-02,Cena,P-21,2,Cafe Solo,Bebida
T-17495,2024-04-03,Cena,P-22,4,Te Verde,Bebida
T-12782,2024-02-29,Cena,P-21,4,Cafe Solo,Bebida
T-12308,2024-04-12,Cena,P-13,2,Bacalao al Horno,Principal
T-15474,2024-10-26,Comida,P-16,1,Agua Mineral,Bebida
T-12991,2025-05-22,Cena,P-15,3,Cerveza Artesana,Bebida
T-17272,2024-08-02,Cena,P-10,1,Solomillo Iberico,Principal
T-16570,2025-10-17,Cena,P-01,1,Hamburguesa Smart,Principal
T-14841,2024-08-21,Cena,P-15,4,Cerveza Artesana,Bebida
T-12533,2025-11-10,Comida,P-24,4,Nuggets de Pollo,Principal
T-17881,2024-08-22,Comida,P-01,3,Hamburguesa Smart,Principal
T-14293,2024-08-20,Cena,P-10,1,Solomillo Iberico,Principal
T-12339,2025-03-04,Cena,P-03,2,Pasta Carbonara IA,Principal
T-15599,2024-01-20,Comida,P-24,2,Nuggets de Pollo,Principal
T-10669,2024-03-18,Cena,P-03,3,Pasta Carbonara IA,Principal
T-14920,2025-06-18,Cena,P-23,1,Tiramisu de la Casa,Postre
T-16184,2024-05-23,Comida,P-09,3,Gazpacho Andaluz,Entrante
T-10503,2025-07-15,Cena,P-03,1,Pasta Carbonara IA,Principal
T-16285,2025-01-08,Cena,P-04,1,Tarta de Queso Casera,Postre
T-10765,2024-04-04,Comida,P-01,4,Hamburguesa Smart,Principal
T-13292,2025-11-24,Cena,P-17,2,Brownie con Helado,Postre
T-13056,2025-08-15,Comida,P-02,3,Ensalada Cesar,Entrante
T-15442,2024-12-09,Comida,P-02,4,Ensalada Cesar,Entrante
T-11444,2025-03-31,Cena,P-24,1,Nuggets de Pollo,Principal
T-15484,2024-06-24,Comida,P-21,3,Cafe Solo,Bebida
T-16485,2024-09-23,Cena,P-16,3,Agua Mineral,Bebida
T-16320,2025-12-10,Cena,P-01,3,Hamburguesa Smart,Principal
T-13398,2025-01-11,Cena,P-22,3,Te Verde,Bebida
T-11245,2024-01-31,Cena,P-17,2,Brownie con Helado,Postre
T-15808,2025-08-20,Cena,P-20,2,Paella de Marisco,Principal
T-13186,2025-03-05,Cena,P-10,4,Solomillo Iberico,Principal
T-10458,2025-02-10,Comida,P-04,4,Tarta de Queso Casera,Postre
T-11021,2024-10-27,Comida,P-25,2,Canelones de Carne,Principal
T-12574,2025-12-19,Comida,P-09,4,Gazpacho Andaluz,Entrante
T-14206,2024-03-31,Comida,P-19,1,Entrecot Ternera,Principal
T-11950,2025-09-29,Comida,P-06,4,Vino Tinto Copa,Bebida
T-16018,2024-04-07,Cena,P-11,2,Salmon a la Plancha,Principal
T-12089,2024-11-23,Comida,P-17,3,Brownie con Helado,Postre
T-11795,2025-07-28,Cena,P-23,2,Tiramisu de la Casa,Postre
T-14945,2024-04-17,Cena,P-07,4,Pizza Margarita,Principal
T-15021,2024-09-05,Cena,P-06,3,Vino Tinto Copa,Bebida
T-10878,2025-05-28,Comida,P-08,3,Croquetas de Jamon,Entrante
T-13165,2025-10-25,Comida,P-07,2,Pizza Margarita,Principal
T-14477,2024-10-01,Cena,P-01,2,Hamburguesa Smart,Principal
T-14507,2024-04-10,Comida,P-04,1,Tarta de Queso Casera,Postre
T-17610,2024-07-23,Comida,P-01,4,Hamburguesa Smart,Principal
T-14731,2024-03-13,Comida,P-15,4,Cerveza Artesana,Bebida
T-11101,2025-04-16,Comida,P-05,2,Refresco Cola,Bebida
T-14511,2025-10-25,Cena,P-16,4,Agua Mineral,Bebida
T-14633,2025-09-02,Cena,P-17,3,Brownie con Helado,Postre
T-15584,2024-03-26,Cena,P-16,1,Agua Mineral,Bebida
T-10190,2024-01-07,Cena,P-02,4,Ensalada Cesar,Entrante
T-14867,2025-02-27,Cena,P-02,2,Ensalada Cesar,Entrante
T-11598,2025-05-05,Cena,P-03,2,Pasta Carbonara IA,Principal
T-11177,2025-11-17,Cena,P-15,2,Cerveza Artesana,Bebida
T-13679,2024-10-16,Comida,P-20,2,Paella de Marisco,Principal
T-10680,2024-01-31,Cena,P-04,4,Tarta de Queso Casera,Postre
T-12932,2024-02-28,Cena,P-07,2,Pizza Margarita,Principal
T-17707,2025-07-31,Cena,P-22,2,Te Verde,Bebida
T-12688,2025-09-20,Cena,P-01,3,Hamburguesa Smart,Principal
T-16805,2025-04-05,Cena,P-15,3,Cerveza Artesana,Bebida
T-11409,2025-09-26,Cena,P-02,4,Ensalada Cesar,Entrante
T-13698,2024-03-26,Comida,P-05,1,Refresco Cola,Bebida
T-10059,2024-11-23,Cena,P-19,3,Entrecot Ternera,Principal
T-14534,2025-07-31,Cena,P-11,4,Salmon a la Plancha,Principal
T-13366,2025-06-23,Comida,P-04,4,Tarta de Queso Casera,Postre
T-16420,2025-05-21,Comida,P-07,4,Pizza Margarita,Principal
T-13369,2024-09-09,Cena,P-15,1,Cerveza Artesana,Bebida
T-17064,2025-08-24,Comida,P-23,1,Tiramisu de la Casa,Postre
T-11724,2025-11-10,Comida,P-15,2,Cerveza Artesana,Bebida
T-16310,2025-05-18,Comida,P-13,1,Bacalao al Horno,Principal
T-14341,2024-10-10,Comida,P-12,4,Risotto de Setas,Principal
T-16452,2024-08-24,Comida,P-12,1,Risotto de Setas,Principal
T-16809,2025-11-24,Cena,P-23,3,Tiramisu de la Casa,Postre
T-16720,2024-04-30,Cena,P-13,2,Bacalao al Horno,Principal
T-16644,2024-03-27,Comida,P-23,4,Tiramisu de la Casa,Postre
T-14597,2025-05-02,Comida,P-07,4,Pizza Margarita,Principal
T-12157,2025-01-11,Cena,P-12,2,Risotto de Setas,Principal
T-17297,2025-05-29,Comida,P-24,4,Nuggets de Pollo,Principal
T-14809,2025-04-15,Cena,P-23,4,Tiramisu de la Casa,Postre
T-17004,2024-10-21,Cena,P-15,2,Cerveza Artesana,Bebida
T-14907,2025-10-15,Cena,P-24,2,Nuggets de Pollo,Principal
T-17062,2025-08-09,Comida,P-22,3,Te Verde,Bebida
T-12778,2024-08-28,Cena,P-18,3,Ensaladilla Rusa,Entrante
T-17152,2024-07-19,Cena,P-16,1,Agua Mineral,Bebida
T-15236,2025-11-02,Cena,P-16,4,Agua Mineral,Bebida
T-14968,2025-08-23,Comida,P-01,2,Hamburguesa Smart,Principal
T-12461,2024-08-13,Cena,P-16,3,Agua Mineral,Bebida
T-17648,2024-05-13,Cena,P-23,3,Tiramisu de la Casa,Postre
T-15163,2024-03-06,Comida,P-18,1,Ensaladilla Rusa,Entrante
T-16082,2024-12-29,Cena,P-10,4,Solomillo Iberico,Principal
T-13987,2025-07-24,Comida,P-08,2,Croquetas de Jamon,Entrante
T-14690,2024-02-06,Cena,P-19,2,Entrecot Ternera,Principal
T-14434,2025-10-26,Comida,P-23,1,Tiramisu de la Casa,Postre
T-12938,2025-02-06,Comida,P-21,2,Cafe Solo,Bebida
T-14005,2024-10-24,Comida,P-24,1,Nuggets de Pollo,Principal
T-12282,2025-05-23,Cena,P-06,2,Vino Tinto Copa,Bebida
T-16297,2025-06-29,Cena,P-21,3,Cafe Solo,Bebida
T-17377,2025-09-07,Cena,P-25,4,Canelones de Carne,Principal
T-14150,2024-07-23,Comida,P-05,1,Refresco Cola,Bebida
T-16034,2025-09-29,Comida,P-23,3,Tiramisu de la Casa,Postre
T-14165,2025-05-15,Comida,P-10,2,Solomillo Iberico,Principal
T-17312,2025-03-07,Cena,P-17,3,Brownie con Helado,Postre
T-10237,2025-08-17,Cena,P-19,4,Entrecot Ternera,Principal
T-15937,2024-07-22,Cena,P-21,4,Cafe Solo,Bebida
T-16757,2025-11-02,Comida,P-05,3,Refresco Cola,Bebida
T-10884,2024-12-01,Cena,P-07,2,Pizza Margarita,Principal
T-11716,2024-12-05,Cena,P-18,3,Ensaladilla Rusa,Entrante
T-13198,2024-08-21,Comida,P-11,1,Salmon a la Plancha,Principal
T-12400,2025-06-03,Cena,P-12,4,Risotto de Setas,Principal
T-13992,2024-12-04,Comida,P-02,3,Ensalada Cesar,Entrante
T-15397,2025-07-25,Cena,P-10,4,Solomillo Iberico,Principal
T-14247,2024-01-31,Comida,P-22,1,Te Verde,Bebida
T-15705,2024-04-11,Comida,P-17,2,Brownie con Helado,Postre
T-15342,2024-02-29,Cena,P-20,2,Paella de Marisco,Principal
T-13830,2025-09-08,Cena,P-25,2,Canelones de Carne,Principal
T-15804,2025-02-02,Cena,P-09,3,Gazpacho Andaluz,Entrante
T-11882,2024-01-07,Cena,P-25,2,Canelones de Carne,Principal
T-12092,2025-12-16,Cena,P-01,2,Hamburguesa Smart,Principal
T-14800,2025-11-29,Cena,P-14,1,Tortilla de Patatas,Entrante
T-11545,2025-05-09,Cena,P-13,4,Bacalao al Horno,Principal
T-11871,2024-11-13,Comida,P-21,4,Cafe Solo,Bebida
T-12772,2024-05-07,Cena,P-25,3,Canelones de Carne,Principal
T-16926,2024-11-13,Cena,P-11,2,Salmon a la Plancha,Principal
T-12261,2024-06-04,Comida,P-04,4,Tarta de Queso Casera,Postre
T-11271,2025-04-04,Cena,P-10,1,Solomillo Iberico,Principal
T-11635,2025-06-02,Cena,P-10,2,Solomillo Iberico,Principal
T-17704,2025-02-23,Cena,P-15,3,Cerveza Artesana,Bebida
T-16186,2025-07-30,Cena,P-13,2,Bacalao al Horno,Principal
T-14032,2024-05-09,Comida,P-16,3,Agua Mineral,Bebida
T-12149,2024-04-17,Comida,P-25,2,Canelones de Carne,Principal
T-11793,2025-12-20,Comida,P-04,3,Tarta de Queso Casera,Postre
T-17390,2024-02-12,Cena,P-21,4,Cafe Solo,Bebida
T-11907,2024-08-04,Cena,P-09,2,Gazpacho Andaluz,Entrante
T-11245,2024-05-28,Cena,P-12,4,Risotto de Setas,Principal
T-13879,2024-01-02,Cena,P-09,4,Gazpacho Andaluz,Entrante
T-14622,2025-06-19,Cena,P-19,4,Entrecot Ternera,Principal
T-10237,2024-05-17,Cena,P-10,2,Solomillo Iberico,Principal
T-10997,2024-04-17,Cena,P-09,4,Gazpacho Andaluz,Entrante
T-15208,2024-06-28,Cena,P-15,4,Cerveza Artesana,Bebida
T-14645,2024-08-30,Comida,P-20,2,Paella de Marisco,Principal
T-17759,2025-04-06,Cena,P-18,1,Ensaladilla Rusa,Entrante
T-12907,2025-09-16,Cena,P-02,4,Ensalada Cesar,Entrante
T-13183,2025-11-22,Comida,P-24,4,Nuggets de Pollo,Principal
T-16296,2025-01-22,Comida,P-19,3,Entrecot Ternera,Principal
T-15567,2025-06-30,Cena,P-23,1,Tiramisu de la Casa,Postre
T-11560,2024-05-18,Cena,P-13,1,Bacalao al Horno,Principal
T-11633,2025-07-27,Cena,P-11,1,Salmon a la Plancha,Principal
T-17834,2024-05-18,Cena,P-18,2,Ensaladilla Rusa,Entrante
T-16013,2024-07-28,Cena,P-13,2,Bacalao al Horno,Principal
T-13015,2024-05-19,Comida,P-08,2,Croquetas de Jamon,Entrante
T-16002,2024-09-28,Comida,P-25,1,Canelones de Carne,Principal
T-13897,2024-11-10,Cena,P-20,1,Paella de Marisco,Principal
T-10416,2024-11-08,Comida,P-25,3,Canelones de Carne,Principal
T-13053,2024-12-30,Cena,P-07,3,Pizza Margarita,Principal
T-15189,2024-06-10,Cena,P-19,4,Entrecot Ternera,Principal
T-10013,2024-07-28,Comida,P-22,2,Te Verde,Bebida
T-15776,2025-02-06,Comida,P-14,2,Tortilla de Patatas,Entrante
T-10450,2025-04-07,Comida,P-18,2,Ensaladilla Rusa,Entrante
T-14568,2024-01-12,Cena,P-16,3,Agua Mineral,Bebida
T-13113,2025-03-19,Comida,P-01,4,Hamburguesa Smart,Principal
T-12075,2025-02-18,Comida,P-25,4,Canelones de Carne,Principal
T-12278,2024-03-07,Comida,P-25,2,Canelones de Carne,Principal
T-12870,2025-12-13,Comida,P-09,1,Gazpacho Andaluz,Entrante
T-12944,2024-11-15,Cena,P-08,4,Croquetas de Jamon,Entrante
T-12909,2024-12-06,Cena,P-16,3,Agua Mineral,Bebida
T-12045,2024-08-12,Cena,P-10,4,Solomillo Iberico,Principal
T-11420,2024-03-08,Comida,P-21,1,Cafe Solo,Bebida
T-15959,2025-02-25,Cena,P-18,4,Ensaladilla Rusa,Entrante
T-14542,2025-09-03,Cena,P-11,3,Salmon a la Plancha,Principal
T-11402,2025-09-02,Comida,P-07,4,Pizza Margarita,Principal
T-15967,2025-08-25,Comida,P-19,2,Entrecot Ternera,Principal
T-13457,2024-10-30,Cena,P-09,1,Gazpacho Andaluz,Entrante
T-13249,2024-01-08,Cena,P-21,3,Cafe Solo,Bebida
T-17333,2024-10-02,Comida,P-02,1,Ensalada Cesar,Entrante
T-12093,2024-11-06,Comida,P-17,1,Brownie con Helado,Postre
T-15295,2025-06-30,Comida,P-14,1,Tortilla de Patatas,Entrante
T-10509,2025-09-15,Comida,P-25,4,Canelones de Carne,Principal
T-15445,2025-11-09,Cena,P-09,4,Gazpacho Andaluz,Entrante
T-16354,2025-01-08,Comida,P-03,3,Pasta Carbonara IA,Principal
T-14811,2024-07-05,Cena,P-14,4,Tortilla de Patatas,Entrante
T-16375,2024-12-15,Comida,P-03,3,Pasta Carbonara IA,Principal
T-17439,2024-11-27,Cena,P-16,3,Agua Mineral,Bebida
T-14244,2024-10-24,Cena,P-25,1,Canelones de Carne,Principal
T-16137,2025-06-04,Cena,P-06,3,Vino Tinto Copa,Bebida
T-10091,2024-08-29,Comida,P-20,4,Paella de Marisco,Principal
T-13966,2024-10-22,Cena,P-16,2,Agua Mineral,Bebida
T-11638,2025-01-17,Comida,P-21,3,Cafe Solo,Bebida
T-10810,2024-02-29,Cena,P-16,3,Agua Mineral,Bebida
T-17227,2025-07-26,Cena,P-22,2,Te Verde,Bebida
T-12088,2025-02-11,Comida,P-08,2,Croquetas de Jamon,Entrante
T-12379,2024-05-06,Cena,P-15,2,Cerveza Artesana,Bebida
T-17447,2024-06-18,Cena,P-12,2,Risotto de Setas,Principal
T-15201,2024-05-03,Cena,P-19,2,Entrecot Ternera,Principal
T-15358,2024-11-08,Cena,P-06,2,Vino Tinto Copa,Bebida
T-11976,2024-03-21,Cena,P-02,1,Ensalada Cesar,Entrante
T-17788,2024-04-10,Comida,P-08,2,Croquetas de Jamon,Entrante
T-13305,2025-02-22,Comida,P-18,1,Ensaladilla Rusa,Entrante
T-11283,2025-09-29,Cena,P-16,3,Agua Mineral,Bebida
T-14395,2024-08-02,Cena,P-17,1,Brownie con Helado,Postre
T-15045,2024-11-28,Comida,P-10,3,Solomillo Iberico,Principal
T-16735,2024-12-25,Cena,P-06,4,Vino Tinto Copa,Bebida
T-15941,2025-04-02,Cena,P-25,4,Canelones de Carne,Principal
T-15053,2025-04-23,Cena,P-22,4,Te Verde,Bebida
T-11336,2024-06-17,Comida,P-11,4,Salmon a la Plancha,Principal
T-14021,2024-02-28,Comida,P-06,1,Vino Tinto Copa,Bebida
T-14973,2024-09-24,Comida,P-08,3,Croquetas de Jamon,Entrante
T-10987,2025-12-03,Comida,P-21,1,Cafe Solo,Bebida
T-11958,2025-04-24,Comida,P-17,4,Brownie con Helado,Postre
T-13178,2025-11-24,Comida,P-12,1,Risotto de Setas,Principal
T-11910,2024-06-05,Comida,P-08,4,Croquetas de Jamon,Entrante
T-13365,2025-08-27,Comida,P-04,3,Tarta de Queso Casera,Postre
T-14960,2024-06-21,Cena,P-07,1,Pizza Margarita,Principal
T-16996,2025-08-15,Cena,P-08,2,Croquetas de Jamon,Entrante
T-17876,2024-09-04,Cena,P-16,4,Agua Mineral,Bebida
T-10491,2025-01-24,Comida,P-07,4,Pizza Margarita,Principal
T-13489,2025-01-06,Cena,P-25,4,Canelones de Carne,Principal
T-11336,2024-02-12,Cena,P-15,3,Cerveza Artesana,Bebida
T-15378,2025-11-13,Cena,P-25,1,Canelones de Carne,Principal
T-13334,2025-07-08,Cena,P-06,4,Vino Tinto Copa,Bebida
T-11859,2024-06-25,Comida,P-14,3,Tortilla de Patatas,Entrante
T-14272,2024-01-10,Comida,P-17,2,Brownie con Helado,Postre
T-11834,2024-12-08,Cena,P-15,3,Cerveza Artesana,Bebida
T-16971,2024-01-15,Comida,P-15,3,Cerveza Artesana,Bebida
T-10683,2024-06-17,Cena,P-22,1,Te Verde,Bebida
T-16135,2024-12-24,Cena,P-14,2,Tortilla de Patatas,Entrante
T-16033,2025-02-15,Comida,P-20,3,Paella de Marisco,Principal
T-11121,2024-05-28,Cena,P-16,3,Agua Mineral,Bebida
T-14441,2024-04-06,Cena,P-10,2,Solomillo Iberico,Principal
T-15291,2024-09-16,Cena,P-22,2,Te Verde,Bebida
T-15301,2025-11-05,Comida,P-07,3,Pizza Margarita,Principal
T-16174,2025-06-16,Cena,P-15,2,Cerveza Artesana,Bebida
T-17709,2024-11-27,Comida,P-08,4,Croquetas de Jamon,Entrante
T-17389,2024-10-23,Cena,P-07,1,Pizza Margarita,Principal
T-11188,2024-01-26,Cena,P-09,4,Gazpacho Andaluz,Entrante
T-10824,2025-02-02,Cena,P-16,4,Agua Mineral,Bebida
T-11067,2025-06-09,Comida,P-14,1,Tortilla de Patatas,Entrante
T-14304,2024-05-05,Cena,P-15,1,Cerveza Artesana,Bebida
T-10315,2024-12-21,Comida,P-18,4,Ensaladilla Rusa,Entrante
T-13423,2024-11-08,Comida,P-24,4,Nuggets de Pollo,Principal
T-14228,2024-03-10,Cena,P-18,2,Ensaladilla Rusa,Entrante
T-14634,2025-03-10,Cena,P-16,3,Agua Mineral,Bebida
T-16675,2025-03-26,Cena,P-23,2,Tiramisu de la Casa,Postre
T-16630,2025-09-18,Comida,P-22,2,Te Verde,Bebida
T-13604,2025-03-03,Comida,P-12,3,Risotto de Setas,Principal
T-14034,2024-08-04,Comida,P-04,4,Tarta de Queso Casera,Postre
T-17721,2025-12-26,Comida,P-16,2,Agua Mineral,Bebida
T-10057,2025-07-01,Comida,P-25,3,Canelones de Carne,Principal
T-15928,2025-02-22,Cena,P-01,1,Hamburguesa Smart,Principal
T-16443,2024-01-10,Comida,P-21,4,Cafe Solo,Bebida
T-13192,2024-08-10,Cena,P-25,1,Canelones de Carne,Principal
T-13919,2024-09-24,Cena,P-24,4,Nuggets de Pollo,Principal
T-15266,2024-07-24,Cena,P-09,3,Gazpacho Andaluz,Entrante
T-15746,2024-08-25,Comida,P-03,3,Pasta Carbonara IA,Principal
T-16459,2025-01-24,Cena,P-15,1,Cerveza Artesana,Bebida
T-11810,2025-12-14,Comida,P-02,3,Ensalada Cesar,Entrante
T-10179,2025-12-29,Cena,P-22,3,Te Verde,Bebida
T-11561,2025-03-29,Comida,P-11,1,Salmon a la Plancha,Principal
T-15931,2024-08-12,Comida,P-25,3,Canelones de Carne,Principal
T-11452,2025-04-24,Cena,P-21,2,Cafe Solo,Bebida
T-13155,2024-03-08,Cena,P-23,1,Tiramisu de la Casa,Postre
T-10240,2024-08-21,Comida,P-02,4,Ensalada Cesar,Entrante
T-13953,2025-11-09,Cena,P-14,4,Tortilla de Patatas,Entrante
T-11918,2025-11-26,Cena,P-02,3,Ensalada Cesar,Entrante
T-10340,2025-04-14,Cena,P-05,3,Refresco Cola,Bebida
T-11662,2025-11-30,Comida,P-24,2,Nuggets de Pollo,Principal
T-16755,2024-09-19,Cena,P-16,1,Agua Mineral,Bebida
T-17253,2024-02-17,Comida,P-06,3,Vino Tinto Copa,Bebida
T-14308,2024-04-23,Cena,P-01,2,Hamburguesa Smart,Principal
T-10646,2025-04-01,Comida,P-07,4,Pizza Margarita,Principal
T-15654,2025-12-09,Cena,P-10,2,Solomillo Iberico,Principal
T-12366,2025-02-15,Cena,P-14,4,Tortilla de Patatas,Entrante
T-11432,2025-02-03,Cena,P-11,4,Salmon a la Plancha,Principal
T-10241,2025-06-23,Cena,P-10,4,Solomillo Iberico,Principal
T-10760,2024-10-03,Cena,P-17,1,Brownie con Helado,Postre
T-10491,2025-04-13,Cena,P-10,1,Solomillo Iberico,Principal
T-10031,2024-09-02,Comida,P-06,3,Vino Tinto Copa,Bebida
T-17212,2024-04-10,Cena,P-18,3,Ensaladilla Rusa,Entrante
T-15614,2025-08-05,Cena,P-04,1,Tarta de Queso Casera,Postre
T-10532,2025-12-17,Cena,P-12,3,Risotto de Setas,Principal
T-17616,2025-04-30,Comida,P-10,2,Solomillo Iberico,Principal
T-12666,2025-04-10,Cena,P-04,3,Tarta de Queso Casera,Postre
T-16394,2025-04-07,Comida,P-06,3,Vino Tinto Copa,Bebida
T-12954,2025-01-31,Comida,P-18,2,Ensaladilla Rusa,Entrante
T-17310,2025-12-20,Cena,P-18,4,Ensaladilla Rusa,Entrante
T-12887,2025-12-12,Cena,P-24,4,Nuggets de Pollo,Principal
T-16920,2025-01-31,Cena,P-04,4,Tarta de Queso Casera,Postre
T-15506,2024-02-16,Comida,P-09,3,Gazpacho Andaluz,Entrante
T-17540,2025-05-03,Comida,P-20,1,Paella de Marisco,Principal
T-15707,2024-03-30,Comida,P-14,3,Tortilla de Patatas,Entrante
T-12280,2024-03-04,Comida,P-04,3,Tarta de Queso Casera,Postre
T-11303,2024-05-23,Comida,P-02,4,Ensalada Cesar,Entrante
T-13615,2024-09-05,Comida,P-10,4,Solomillo Iberico,Principal
T-15058,2024-02-22,Comida,P-04,1,Tarta de Queso Casera,Postre
T-17524,2025-01-15,Cena,P-19,3,Entrecot Ternera,Principal
T-12888,2025-01-30,Cena,P-21,4,Cafe Solo,Bebida
T-11235,2024-03-02,Cena,P-05,4,Refresco Cola,Bebida
T-15549,2024-11-29,Cena,P-16,2,Agua Mineral,Bebida
T-13135,2025-03-16,Cena,P-05,2,Refresco Cola,Bebida
T-13637,2025-06-27,Cena,P-01,1,Hamburguesa Smart,Principal
T-16927,2025-06-03,Comida,P-07,1,Pizza Margarita,Principal
T-10872,2025-12-27,Cena,P-22,2,Te Verde,Bebida
T-13319,2024-05-25,Comida,P-05,1,Refresco Cola,Bebida
T-16377,2024-04-09,Cena,P-22,2,Te Verde,Bebida
T-17526,2024-06-29,Cena,P-03,1,Pasta Carbonara IA,Principal
T-17562,2024-09-28,Cena,P-21,3,Cafe Solo,Bebida
T-14389,2025-09-13,Cena,P-17,2,Brownie con Helado,Postre
T-16082,2024-07-28,Comida,P-22,2,Te Verde,Bebida
T-13088,2024-10-07,Cena,P-09,1,Gazpacho Andaluz,Entrante
T-16956,2025-07-20,Cena,P-05,1,Refresco Cola,Bebida
T-12440,2025-08-22,Cena,P-14,1,Tortilla de Patatas,Entrante
T-12317,2024-05-25,Cena,P-11,4,Salmon a la Plancha,Principal
T-17125,2025-12-18,Comida,P-24,1,Nuggets de Pollo,Principal
T-13693,2024-11-05,Comida,P-11,3,Salmon a la Plancha,Principal
T-14797,2024-04-26,Cena,P-16,1,Agua Mineral,Bebida
T-12419,2025-02-23,Comida,P-11,1,Salmon a la Plancha,Principal
T-15563,2025-10-13,Comida,P-20,4,Paella de Marisco,Principal
T-14810,2025-10-23,Cena,P-22,4,Te Verde,Bebida
T-14505,2024-03-21,Comida,P-24,3,Nuggets de Pollo,Principal
T-13597,2024-06-04,Cena,P-02,3,Ensalada Cesar,Entrante
T-14875,2024-03-28,Cena,P-09,3,Gazpacho Andaluz,Entrante
T-13275,2024-07-25,Comida,P-11,4,Salmon a la Plancha,Principal
T-10954,2024-12-26,Comida,P-09,4,Gazpacho Andaluz,Entrante
T-17831,2024-01-13,Comida,P-18,4,Ensaladilla Rusa,Entrante
T-15240,2024-12-15,Cena,P-04,1,Tarta de Queso Casera,Postre
T-16611,2024-05-28,Cena,P-14,2,Tortilla de Patatas,Entrante
T-16885,2025-05-11,Comida,P-22,3,Te Verde,Bebida
T-10294,2025-02-02,Comida,P-21,4,Cafe Solo,Bebida
T-15458,2024-03-23,Cena,P-03,1,Pasta Carbonara IA,Principal
T-14252,2024-04-14,Cena,P-15,1,Cerveza Artesana,Bebida
T-12940,2024-04-04,Comida,P-14,2,Tortilla de Patatas,Entrante
T-10731,2025-07-02,Cena,P-02,1,Ensalada Cesar,Entrante
T-10639,2024-07-11,Cena,P-18,4,Ensaladilla Rusa,Entrante
T-17727,2025-09-25,Comida,P-24,4,Nuggets de Pollo,Principal
T-10839,2024-11-09,Cena,P-09,1,Gazpacho Andaluz,Entrante
T-14400,2025-10-19,Comida,P-17,1,Brownie con Helado,Postre
T-17489,2025-11-23,Comida,P-12,2,Risotto de Setas,Principal
T-17086,2024-10-16,Cena,P-02,2,Ensalada Cesar,Entrante
T-15056,2024-02-25,Comida,P-06,2,Vino Tinto Copa,Bebida
T-12933,2025-06-16,Cena,P-19,2,Entrecot Ternera,Principal
T-10410,2024-11-24,Cena,P-08,2,Croquetas de Jamon,Entrante
T-14780,2025-03-11,Cena,P-15,1,Cerveza Artesana,Bebida
T-12261,2024-12-20,Comida,P-04,1,Tarta de Queso Casera,Postre
T-17780,2025-03-28,Comida,P-12,4,Risotto de Setas,Principal
T-15346,2025-06-26,Comida,P-07,1,Pizza Margarita,Principal
T-13659,2024-07-02,Cena,P-10,2,Solomillo Iberico,Principal
T-12316,2024-04-12,Cena,P-03,1,Pasta Carbonara IA,Principal
T-16599,2025-05-23,Comida,P-21,4,Cafe Solo,Bebida
T-14223,2025-03-31,Comida,P-05,2,Refresco Cola,Bebida
T-15898,2024-01-13,Comida,P-19,2,Entrecot Ternera,Principal
T-13863,2025-02-06,Cena,P-08,4,Croquetas de Jamon,Entrante
T-16486,2024-06-04,Cena,P-22,4,Te Verde,Bebida
T-12608,2025-10-06,Comida,P-22,1,Te Verde,Bebida
T-16617,2024-05-09,Comida,P-02,2,Ensalada Cesar,Entrante
T-13625,2025-12-26,Cena,P-25,4,Canelones de Carne,Principal
T-15861,2024-08-01,Cena,P-17,1,Brownie con Helado,Postre
T-12516,2025-10-24,Cena,P-04,4,Tarta de Queso Casera,Postre
T-10684,2025-06-13,Cena,P-07,3,Pizza Margarita,Principal
T-15725,2024-10-15,Cena,P-04,4,Tarta de Queso Casera,Postre
T-14017,2025-08-06,Cena,P-10,2,Solomillo Iberico,Principal
T-12147,2024-01-02,Comida,P-16,1,Agua Mineral,Bebida
T-10578,2024-11-02,Cena,P-04,1,Tarta de Queso Casera,Postre
T-14113,2025-10-13,Cena,P-22,3,Te Verde,Bebida
T-13888,2024-05-22,Comida,P-08,1,Croquetas de Jamon,Entrante
T-12012,2024-10-09,Cena,P-14,4,Tortilla de Patatas,Entrante
T-11072,2024-08-05,Comida,P-10,2,Solomillo Iberico,Principal
T-12498,2025-07-16,Cena,P-11,3,Salmon a la Plancha,Principal
T-15797,2025-06-09,Comida,P-06,2,Vino Tinto Copa,Bebida
T-13113,2024-05-29,Comida,P-09,3,Gazpacho Andaluz,Entrante
T-10659,2025-07-04,Cena,P-16,1,Agua Mineral,Bebida
T-12980,2024-05-06,Comida,P-21,2,Cafe Solo,Bebida
T-12708,2024-07-30,Comida,P-15,3,Cerveza Artesana,Bebida
T-15315,2024-09-08,Cena,P-02,4,Ensalada Cesar,Entrante
T-10720,2025-01-06,Cena,P-06,3,Vino Tinto Copa,Bebida
T-14513,2025-08-01,Cena,P-20,4,Paella de Marisco,Principal
T-14967,2025-07-16,Cena,P-22,2,Te Verde,Bebida
T-11467,2024-03-14,Cena,P-19,4,Entrecot Ternera,Principal
T-16513,2024-09-09,Cena,P-09,4,Gazpacho Andaluz,Entrante
T-11006,2024-01-23,Cena,P-05,3,Refresco Cola,Bebida
T-12508,2024-12-23,Cena,P-14,2,Tortilla de Patatas,Entrante
T-14336,2024-09-08,Cena,P-11,1,Salmon a la Plancha,Principal
T-12044,2025-04-16,Cena,P-09,4,Gazpacho Andaluz,Entrante
T-10385,2025-06-08,Comida,P-03,3,Pasta Carbonara IA,Principal
T-10129,2024-02-10,Comida,P-08,3,Croquetas de Jamon,Entrante
T-13812,2025-09-05,Cena,P-15,4,Cerveza Artesana,Bebida
T-13929,2025-12-14,Comida,P-01,2,Hamburguesa Smart,Principal
T-17256,2024-11-22,Comida,P-25,4,Canelones de Carne,Principal
T-11276,2025-06-16,Comida,P-02,3,Ensalada Cesar,Entrante
T-14034,2025-07-17,Cena,P-23,2,Tiramisu de la Casa,Postre
T-11577,2024-04-01,Cena,P-04,4,Tarta de Queso Casera,Postre
T-14165,2024-12-22,Comida,P-06,3,Vino Tinto Copa,Bebida
T-17939,2024-12-22,Comida,P-04,3,Tarta de Queso Casera,Postre
T-12220,2025-01-15,Cena,P-21,4,Cafe Solo,Bebida
T-16505,2024-12-02,Cena,P-09,2,Gazpacho Andaluz,Entrante
T-10567,2024-07-21,Cena,P-22,1,Te Verde,Bebida
T-12727,2024-07-18,Cena,P-06,3,Vino Tinto Copa,Bebida
T-17993,2025-11-06,Comida,P-12,2,Risotto de Setas,Principal
T-11099,2024-03-27,Cena,P-10,2,Solomillo Iberico,Principal
T-15808,2024-01-19,Cena,P-02,3,Ensalada Cesar,Entrante
T-11509,2025-05-19,Cena,P-10,1,Solomillo Iberico,Principal
T-16289,2025-01-26,Comida,P-04,3,Tarta de Queso Casera,Postre
T-16992,2025-01-13,Comida,P-07,1,Pizza Margarita,Principal
T-11751,2024-06-28,Cena,P-12,4,Risotto de Setas,Principal
T-14919,2024-11-23,Cena,P-09,2,Gazpacho Andaluz,Entrante
T-10806,2025-05-29,Cena,P-10,1,Solomillo Iberico,Principal
T-12973,2025-10-19,Cena,P-14,1,Tortilla de Patatas,Entrante
T-11926,2024-02-04,Cena,P-24,1,Nuggets de Pollo,Principal
T-10379,2024-09-29,Comida,P-23,4,Tiramisu de la Casa,Postre
T-17888,2024-03-25,Cena,P-05,2,Refresco Cola,Bebida
T-14950,2025-01-01,Cena,P-24,4,Nuggets de Pollo,Principal
T-11918,2025-05-13,Comida,P-01,2,Hamburguesa Smart,Principal
T-11284,2024-03-11,Cena,P-17,1,Brownie con Helado,Postre
T-13130,2024-08-26,Cena,P-15,4,Cerveza Artesana,Bebida
T-17093,2025-03-31,Comida,P-07,4,Pizza Margarita,Principal
T-14194,2024-04-25,Cena,P-20,2,Paella de Marisco,Principal
T-10355,2025-05-10,Cena,P-13,1,Bacalao al Horno,Principal
T-17856,2024-07-19,Cena,P-06,1,Vino Tinto Copa,Bebida
T-17807,2024-12-25,Cena,P-05,1,Refresco Cola,Bebida
T-12830,2024-12-05,Comida,P-18,1,Ensaladilla Rusa,Entrante
T-13985,2025-08-08,Cena,P-24,4,Nuggets de Pollo,Principal
T-17601,2025-07-01,Comida,P-02,1,Ensalada Cesar,Entrante
T-14646,2024-06-16,Comida,P-25,4,Canelones de Carne,Principal
T-13966,2025-04-12,Cena,P-15,3,Cerveza Artesana,Bebida
T-17947,2024-11-02,Comida,P-21,4,Cafe Solo,Bebida
T-17152,2024-11-06,Cena,P-21,1,Cafe Solo,Bebida
T-14417,2025-12-21,Cena,P-05,2,Refresco Cola,Bebida
T-16882,2024-02-28,Comida,P-21,1,Cafe Solo,Bebida
T-13054,2025-05-04,Cena,P-21,2,Cafe Solo,Bebida
T-17177,2024-07-04,Cena,P-12,3,Risotto de Setas,Principal
T-14163,2025-09-25,Cena,P-15,3,Cerveza Artesana,Bebida
T-16850,2024-01-02,Cena,P-15,3,Cerveza Artesana,Bebida
T-11549,2025-09-12,Cena,P-25,2,Canelones de Carne,Principal
T-11411,2024-08-26,Cena,P-14,2,Tortilla de Patatas,Entrante
T-10004,2025-03-05,Comida,P-15,2,Cerveza Artesana,Bebida
T-11629,2025-05-09,Comida,P-04,3,Tarta de Queso Casera,Postre
T-11010,2024-12-09,Cena,P-03,4,Pasta Carbonara IA,Principal
T-13343,2025-09-07,Comida,P-22,1,Te Verde,Bebida
T-12476,2024-10-18,Comida,P-21,4,Cafe Solo,Bebida
T-10016,2024-01-29,Cena,P-18,2,Ensaladilla Rusa,Entrante
T-14128,2024-04-10,Comida,P-17,2,Brownie con Helado,Postre
T-11362,2025-10-22,Comida,P-18,4,Ensaladilla Rusa,Entrante
T-14396,2025-11-04,Cena,P-19,4,Entrecot Ternera,Principal
T-12881,2024-07-16,Cena,P-13,3,Bacalao al Horno,Principal
T-16031,2025-04-08,Cena,P-06,3,Vino Tinto Copa,Bebida
T-10552,2025-11-12,Comida,P-09,4,Gazpacho Andaluz,Entrante
T-15494,2024-08-05,Cena,P-24,3,Nuggets de Pollo,Principal
T-17437,2024-03-21,Cena,P-09,4,Gazpacho Andaluz,Entrante
T-15882,2025-02-17,Cena,P-22,2,Te Verde,Bebida
T-15620,2025-07-04,Cena,P-10,1,Solomillo Iberico,Principal
T-11292,2025-11-20,Comida,P-05,3,Refresco Cola,Bebida
T-14809,2024-07-08,Cena,P-05,4,Refresco Cola,Bebida
T-12551,2024-05-29,Comida,P-01,4,Hamburguesa Smart,Principal
T-11367,2024-06-22,Comida,P-21,2,Cafe Solo,Bebida
T-10916,2025-01-16,Comida,P-13,2,Bacalao al Horno,Principal
T-10199,2024-10-08,Cena,P-20,3,Paella de Marisco,Principal
T-11942,2025-06-16,Cena,P-05,2,Refresco Cola,Bebida
T-16922,2024-11-05,Comida,P-24,2,Nuggets de Pollo,Principal
T-14429,2024-06-17,Comida,P-12,4,Risotto de Setas,Principal
T-17014,2024-01-19,Comida,P-23,1,Tiramisu de la Casa,Postre
T-17677,2025-01-21,Cena,P-17,1,Brownie con Helado,Postre
T-10657,2025-09-29,Cena,P-21,2,Cafe Solo,Bebida
T-17078,2024-03-22,Cena,P-24,1,Nuggets de Pollo,Principal
T-10882,2024-05-07,Comida,P-05,3,Refresco Cola,Bebida
T-12561,2024-10-14,Comida,P-04,4,Tarta de Queso Casera,Postre
T-16185,2025-03-01,Cena,P-24,2,Nuggets de Pollo,Principal
T-14709,2025-07-16,Comida,P-07,4,Pizza Margarita,Principal
T-15644,2024-09-03,Cena,P-19,1,Entrecot Ternera,Principal
T-17518,2024-12-28,Cena,P-24,1,Nuggets de Pollo,Principal
T-16787,2025-12-08,Cena,P-22,4,Te Verde,Bebida
T-12678,2024-11-23,Cena,P-20,2,Paella de Marisco,Principal
T-11244,2025-05-22,Cena,P-23,2,Tiramisu de la Casa,Postre
T-15538,2025-06-17,Comida,P-18,1,Ensaladilla Rusa,Entrante
T-11214,2025-06-17,Comida,P-18,3,Ensaladilla Rusa,Entrante
T-12884,2025-06-26,Cena,P-10,1,Solomillo Iberico,Principal
T-16390,2024-10-27,Comida,P-12,4,Risotto de Setas,Principal
T-12873,2024-01-31,Cena,P-18,1,Ensaladilla Rusa,Entrante
T-15919,2025-05-22,Cena,P-11,2,Salmon a la Plancha,Principal
T-16833,2024-09-01,Comida,P-02,3,Ensalada Cesar,Entrante
T-12017,2025-09-08,Cena,P-20,4,Paella de Marisco,Principal
T-13649,2025-06-10,Cena,P-17,1,Brownie con Helado,Postre
T-11044,2025-04-09,Cena,P-17,2,Brownie con Helado,Postre
T-14997,2024-02-25,Comida,P-16,1,Agua Mineral,Bebida
T-11453,2024-08-22,Cena,P-22,2,Te Verde,Bebida
T-13719,2024-06-20,Comida,P-24,1,Nuggets de Pollo,Principal
T-12565,2025-09-12,Cena,P-21,2,Cafe Solo,Bebida
T-16193,2025-02-23,Comida,P-10,3,Solomillo Iberico,Principal
T-16082,2025-07-24,Comida,P-04,1,Tarta de Queso Casera,Postre
T-11368,2024-08-27,Cena,P-24,2,Nuggets de Pollo,Principal
T-15720,2024-06-28,Comida,P-11,3,Salmon a la Plancha,Principal
T-15437,2024-05-03,Cena,P-01,1,Hamburguesa Smart,Principal
T-11699,2024-07-30,Comida,P-05,2,Refresco Cola,Bebida
T-12707,2024-01-21,Comida,P-05,3,Refresco Cola,Bebida
T-17124,2024-02-29,Comida,P-09,3,Gazpacho Andaluz,Entrante
T-12742,2025-06-03,Comida,P-18,2,Ensaladilla Rusa,Entrante
T-12855,2025-06-15,Comida,P-08,4,Croquetas de Jamon,Entrante
T-16889,2025-10-05,Cena,P-18,4,Ensaladilla Rusa,Entrante
T-16048,2025-02-19,Comida,P-14,4,Tortilla de Patatas,Entrante
T-12865,2024-08-21,Comida,P-04,4,Tarta de Queso Casera,Postre
T-15713,2025-05-20,Comida,P-25,2,Canelones de Carne,Principal
T-11108,2024-02-12,Cena,P-11,2,Salmon a la Plancha,Principal
T-11084,2025-06-24,Cena,P-08,3,Croquetas de Jamon,Entrante
T-11596,2025-03-19,Cena,P-14,4,Tortilla de Patatas,Entrante
T-16194,2025-01-09,Comida,P-17,4,Brownie con Helado,Postre
T-16955,2024-05-23,Comida,P-03,3,Pasta Carbonara IA,Principal
T-16501,2025-12-01,Comida,P-12,1,Risotto de Setas,Principal
T-12878,2025-11-15,Cena,P-22,3,Te Verde,Bebida
T-13984,2024-05-17,Comida,P-11,2,Salmon a la Plancha,Principal
T-12610,2024-10-09,Comida,P-25,4,Canelones de Carne,Principal
T-10208,2025-03-21,Cena,P-15,1,Cerveza Artesana,Bebida
T-17254,2025-06-05,Comida,P-04,1,Tarta de Queso Casera,Postre
T-16003,2024-08-23,Cena,P-20,1,Paella de Marisco,Principal
T-17516,2025-06-05,Cena,P-10,3,Solomillo Iberico,Principal
T-16102,2024-07-08,Comida,P-24,4,Nuggets de Pollo,Principal
T-15951,2024-04-06,Cena,P-01,4,Hamburguesa Smart,Principal
T-10455,2024-10-05,Cena,P-13,4,Bacalao al Horno,Principal
T-15603,2025-06-16,Cena,P-08,4,Croquetas de Jamon,Entrante
T-16631,2025-02-13,Cena,P-06,3,Vino Tinto Copa,Bebida
T-17608,2024-09-20,Comida,P-16,1,Agua Mineral,Bebida
T-15391,2025-05-17,Cena,P-04,3,Tarta de Queso Casera,Postre
T-11774,2024-06-28,Cena,P-07,2,Pizza Margarita,Principal
T-12374,2024-01-16,Cena,P-19,4,Entrecot Ternera,Principal
T-15118,2024-10-22,Comida,P-15,3,Cerveza Artesana,Bebida
T-13220,2025-09-20,Comida,P-05,1,Refresco Cola,Bebida
T-14551,2024-10-18,Comida,P-14,1,Tortilla de Patatas,Entrante
T-15775,2025-09-22,Cena,P-10,1,Solomillo Iberico,Principal
T-17775,2025-08-27,Comida,P-02,1,Ensalada Cesar,Entrante
T-16575,2025-06-11,Cena,P-14,2,Tortilla de Patatas,Entrante
T-12674,2025-04-29,Comida,P-15,3,Cerveza Artesana,Bebida
T-10440,2025-02-14,Comida,P-08,1,Croquetas de Jamon,Entrante
T-11275,2025-03-22,Comida,P-23,3,Tiramisu de la Casa,Postre
T-14453,2024-10-25,Cena,P-11,3,Salmon a la Plancha,Principal
T-11457,2025-04-29,Comida,P-04,4,Tarta de Queso Casera,Postre
T-15634,2025-01-07,Comida,P-13,1,Bacalao al Horno,Principal
T-12556,2024-04-24,Comida,P-22,3,Te Verde,Bebida
T-16140,2025-10-25,Cena,P-04,4,Tarta de Queso Casera,Postre
T-13701,2025-09-22,Comida,P-15,1,Cerveza Artesana,Bebida
T-15304,2025-11-03,Cena,P-22,2,Te Verde,Bebida
T-13335,2024-12-25,Cena,P-04,3,Tarta de Queso Casera,Postre
T-10613,2024-09-15,Comida,P-13,4,Bacalao al Horno,Principal
T-11068,2025-10-29,Comida,P-03,1,Pasta Carbonara IA,Principal
T-17856,2024-07-02,Cena,P-25,4,Canelones de Carne,Principal
T-11976,2024-04-05,Comida,P-11,4,Salmon a la Plancha,Principal
T-17299,2025-05-23,Cena,P-22,3,Te Verde,Bebida
T-16515,2024-08-04,Cena,P-12,4,Risotto de Setas,Principal
T-11344,2024-02-01,Comida,P-02,3,Ensalada Cesar,Entrante
T-17840,2024-12-18,Comida,P-02,3,Ensalada Cesar,Entrante
T-10411,2025-01-19,Cena,P-25,4,Canelones de Carne,Principal
T-13942,2024-07-14,Cena,P-13,4,Bacalao al Horno,Principal
T-16929,2024-06-20,Comida,P-05,3,Refresco Cola,Bebida
T-10211,2024-09-24,Comida,P-13,3,Bacalao al Horno,Principal
T-13010,2024-11-04,Cena,P-12,4,Risotto de Setas,Principal
T-16749,2025-03-28,Comida,P-06,4,Vino Tinto Copa,Bebida
T-17640,2025-08-29,Cena,P-11,1,Salmon a la Plancha,Principal
T-17906,2024-05-13,Cena,P-14,1,Tortilla de Patatas,Entrante
T-10611,2025-03-09,Cena,P-04,3,Tarta de Queso Casera,Postre
T-13259,2024-12-09,Comida,P-05,2,Refresco Cola,Bebida
T-16369,2025-06-16,Comida,P-19,3,Entrecot Ternera,Principal
T-15740,2025-10-06,Cena,P-05,4,Refresco Cola,Bebida
T-16052,2024-05-14,Comida,P-15,2,Cerveza Artesana,Bebida
T-16152,2025-02-23,Cena,P-12,1,Risotto de Setas,Principal
T-12641,2025-09-18,Comida,P-18,3,Ensaladilla Rusa,Entrante
T-10880,2025-12-19,Cena,P-21,2,Cafe Solo,Bebida
T-10033,2024-11-02,Cena,P-22,4,Te Verde,Bebida
T-11956,2025-01-31,Cena,P-13,3,Bacalao al Horno,Principal
T-16875,2025-11-12,Cena,P-22,3,Te Verde,Bebida
T-17565,2025-09-15,Comida,P-06,1,Vino Tinto Copa,Bebida
T-16888,2025-12-17,Cena,P-02,4,Ensalada Cesar,Entrante
T-14157,2025-09-29,Comida,P-08,4,Croquetas de Jamon,Entrante
T-10461,2024-05-13,Comida,P-24,4,Nuggets de Pollo,Principal
T-14768,2025-06-24,Comida,P-04,4,Tarta de Queso Casera,Postre
T-14424,2025-05-11,Cena,P-20,3,Paella de Marisco,Principal
T-11430,2025-04-15,Comida,P-01,3,Hamburguesa Smart,Principal
T-16241,2025-12-31,Comida,P-03,4,Pasta Carbonara IA,Principal
T-10742,2024-05-21,Comida,P-13,4,Bacalao al Horno,Principal
T-14453,2024-09-11,Cena,P-12,1,Risotto de Setas,Principal
T-14129,2024-06-14,Cena,P-05,4,Refresco Cola,Bebida
T-17792,2025-05-30,Comida,P-25,4,Canelones de Carne,Principal
T-15048,2025-05-03,Comida,P-11,1,Salmon a la Plancha,Principal
T-16714,2025-11-10,Comida,P-05,4,Refresco Cola,Bebida
T-15252,2024-07-23,Cena,P-09,3,Gazpacho Andaluz,Entrante
T-10044,2025-12-27,Comida,P-06,4,Vino Tinto Copa,Bebida
T-10746,2025-09-06,Comida,P-19,1,Entrecot Ternera,Principal
T-13011,2024-06-05,Comida,P-09,2,Gazpacho Andaluz,Entrante
T-14437,2025-09-22,Comida,P-10,2,Solomillo Iberico,Principal
T-10241,2024-06-24,Cena,P-21,2,Cafe Solo,Bebida
T-10021,2025-11-26,Comida,P-17,3,Brownie con Helado,Postre
T-13201,2024-07-04,Comida,P-14,3,Tortilla de Patatas,Entrante
T-14717,2025-10-06,Cena,P-15,4,Cerveza Artesana,Bebida
T-15945,2025-05-17,Cena,P-13,2,Bacalao al Horno,Principal
T-15640,2024-10-14,Cena,P-19,4,Entrecot Ternera,Principal
T-11003,2025-06-20,Comida,P-21,4,Cafe Solo,Bebida
T-10630,2024-07-08,Cena,P-06,1,Vino Tinto Copa,Bebida
T-16800,2025-06-12,Cena,P-11,1,Salmon a la Plancha,Principal
T-16927,2024-11-10,Comida,P-11,3,Salmon a la Plancha,Principal
T-16710,2024-06-01,Cena,P-02,4,Ensalada Cesar,Entrante
T-17954,2024-10-22,Cena,P-07,3,Pizza Margarita,Principal
T-15549,2024-01-01,Cena,P-09,1,Gazpacho Andaluz,Entrante
T-16284,2025-02-11,Cena,P-16,1,Agua Mineral,Bebida
T-10731,2024-06-30,Cena,P-02,1,Ensalada Cesar,Entrante
T-16047,2025-12-21,Cena,P-01,2,Hamburguesa Smart,Principal
T-14234,2024-06-01,Cena,P-06,4,Vino Tinto Copa,Bebida
T-16257,2024-12-26,Cena,P-15,1,Cerveza Artesana,Bebida
T-11845,2025-11-14,Comida,P-08,2,Croquetas de Jamon,Entrante
T-12681,2024-10-04,Cena,P-12,2,Risotto de Setas,Principal
T-13495,2025-06-12,Cena,P-12,2,Risotto de Setas,Principal
T-16252,2024-08-11,Cena,P-03,3,Pasta Carbonara IA,Principal
T-11122,2025-08-11,Cena,P-07,3,Pizza Margarita,Principal
T-17499,2024-07-28,Cena,P-04,1,Tarta de Queso Casera,Postre
T-16997,2024-12-18,Cena,P-18,2,Ensaladilla Rusa,Entrante
T-15891,2024-08-10,Comida,P-23,2,Tiramisu de la Casa,Postre
T-12541,2024-08-10,Comida,P-15,2,Cerveza Artesana,Bebida
T-13792,2024-06-22,Cena,P-15,1,Cerveza Artesana,Bebida
T-10617,2025-10-18,Cena,P-04,1,Tarta de Queso Casera,Postre
T-16908,2025-03-31,Cena,P-09,1,Gazpacho Andaluz,Entrante
T-14948,2025-05-05,Comida,P-10,2,Solomillo Iberico,Principal
T-11833,2025-12-11,Cena,P-08,4,Croquetas de Jamon,Entrante
T-11060,2024-04-23,Cena,P-02,4,Ensalada Cesar,Entrante
T-15304,2025-03-13,Comida,P-11,1,Salmon a la Plancha,Principal
T-17015,2025-11-21,Comida,P-02,4,Ensalada Cesar,Entrante
T-15287,2024-09-22,Comida,P-19,2,Entrecot Ternera,Principal
T-15251,2024-11-08,Comida,P-06,3,Vino Tinto Copa,Bebida
T-10545,2025-10-28,Cena,P-21,4,Cafe Solo,Bebida
T-13846,2025-09-20,Cena,P-01,1,Hamburguesa Smart,Principal
T-14063,2024-10-11,Comida,P-08,1,Croquetas de Jamon,Entrante
T-10020,2025-01-26,Cena,P-04,4,Tarta de Queso Casera,Postre
T-11781,2024-06-19,Comida,P-07,3,Pizza Margarita,Principal
T-10911,2025-04-20,Comida,P-22,4,Te Verde,Bebida
T-10470,2025-01-07,Comida,P-03,1,Pasta Carbonara IA,Principal
T-15352,2024-04-14,Cena,P-18,4,Ensaladilla Rusa,Entrante
T-14660,2024-08-19,Comida,P-10,4,Solomillo Iberico,Principal
T-12655,2025-02-11,Cena,P-21,3,Cafe Solo,Bebida
T-12572,2025-11-12,Cena,P-24,2,Nuggets de Pollo,Principal
T-11273,2024-04-09,Cena,P-02,1,Ensalada Cesar,Entrante
T-14559,2024-01-09,Cena,P-06,1,Vino Tinto Copa,Bebida
T-16631,2024-06-18,Cena,P-09,3,Gazpacho Andaluz,Entrante
T-17793,2024-05-16,Cena,P-06,1,Vino Tinto Copa,Bebida
T-11460,2025-03-08,Comida,P-11,4,Salmon a la Plancha,Principal
T-16442,2024-07-04,Comida,P-18,1,Ensaladilla Rusa,Entrante
T-12427,2025-07-14,Cena,P-02,1,Ensalada Cesar,Entrante
T-10848,2025-10-29,Cena,P-09,2,Gazpacho Andaluz,Entrante
T-17699,2025-10-15,Cena,P-01,4,Hamburguesa Smart,Principal
T-13411,2025-08-05,Comida,P-12,1,Risotto de Setas,Principal
T-10993,2024-05-09,Comida,P-21,3,Cafe Solo,Bebida
T-12359,2024-06-13,Cena,P-13,3,Bacalao al Horno,Principal
T-17898,2025-03-25,Cena,P-16,3,Agua Mineral,Bebida
T-11070,2025-01-17,Cena,P-19,3,Entrecot Ternera,Principal
T-12590,2024-08-07,Cena,P-20,4,Paella de Marisco,Principal
T-12126,2025-08-08,Cena,P-17,2,Brownie con Helado,Postre
T-14416,2025-03-17,Cena,P-19,1,Entrecot Ternera,Principal
T-14608,2024-06-09,Cena,P-04,1,Tarta de Queso Casera,Postre
T-13393,2025-08-18,Comida,P-04,4,Tarta de Queso Casera,Postre
T-17244,2025-10-03,Cena,P-18,2,Ensaladilla Rusa,Entrante
T-10028,2025-02-06,Comida,P-17,4,Brownie con Helado,Postre
T-14956,2025-02-10,Comida,P-10,2,Solomillo Iberico,Principal
T-17290,2024-08-02,Comida,P-05,4,Refresco Cola,Bebida
T-12086,2024-01-26,Cena,P-14,2,Tortilla de Patatas,Entrante
T-15881,2024-03-06,Comida,P-05,2,Refresco Cola,Bebida
T-10435,2024-04-09,Cena,P-19,1,Entrecot Ternera,Principal
T-10691,2024-02-15,Cena,P-24,1,Nuggets de Pollo,Principal
T-14270,2024-09-07,Cena,P-03,4,Pasta Carbonara IA,Principal
T-14879,2025-01-13,Cena,P-16,1,Agua Mineral,Bebida
T-11009,2024-11-14,Comida,P-16,3,Agua Mineral,Bebida
T-16325,2024-08-16,Cena,P-03,1,Pasta Carbonara IA,Principal
T-15848,2024-11-21,Cena,P-22,4,Te Verde,Bebida
T-15452,2025-02-13,Cena,P-06,3,Vino Tinto Copa,Bebida
T-11601,2025-04-09,Comida,P-17,4,Brownie con Helado,Postre
T-15439,2025-08-13,Cena,P-20,2,Paella de Marisco,Principal
T-17362,2024-02-25,Comida,P-11,4,Salmon a la Plancha,Principal
T-10675,2024-03-30,Comida,P-12,2,Risotto de Setas,Principal
T-12375,2024-12-28,Cena,P-12,4,Risotto de Setas,Principal
T-16395,2025-05-27,Cena,P-24,1,Nuggets de Pollo,Principal
T-16005,2024-06-28,Cena,P-20,4,Paella de Marisco,Principal
T-12206,2025-02-10,Comida,P-09,4,Gazpacho Andaluz,Entrante
T-17664,2024-06-01,Cena,P-02,1,Ensalada Cesar,Entrante
T-13749,2025-11-21,Cena,P-25,2,Canelones de Carne,Principal
T-17196,2025-11-09,Cena,P-08,3,Croquetas de Jamon,Entrante
T-11378,2024-02-04,Cena,P-10,3,Solomillo Iberico,Principal
T-16016,2025-06-11,Comida,P-17,3,Brownie con Helado,Postre
T-15207,2024-05-25,Comida,P-10,1,Solomillo Iberico,Principal
T-14692,2025-01-29,Cena,P-05,2,Refresco Cola,Bebida
T-17047,2024-10-31,Comida,P-11,1,Salmon a la Plancha,Principal
T-11161,2025-09-19,Cena,P-11,2,Salmon a la Plancha,Principal
T-14847,2025-01-22,Comida,P-09,2,Gazpacho Andaluz,Entrante
T-16504,2025-08-07,Cena,P-07,3,Pizza Margarita,Principal
T-12023,2024-07-25,Cena,P-06,4,Vino Tinto Copa,Bebida
T-15674,2025-04-22,Comida,P-02,1,Ensalada Cesar,Entrante
T-17170,2025-07-09,Cena,P-19,3,Entrecot Ternera,Principal
T-11132,2024-08-15,Comida,P-13,2,Bacalao al Horno,Principal
T-15137,2025-11-24,Cena,P-09,1,Gazpacho Andaluz,Entrante
T-13694,2024-03-19,Comida,P-04,2,Tarta de Queso Casera,Postre
T-15369,2024-12-25,Comida,P-05,4,Refresco Cola,Bebida
T-13944,2025-08-01,Comida,P-02,4,Ensalada Cesar,Entrante
T-12679,2025-02-02,Cena,P-04,4,Tarta de Queso Casera,Postre
T-12068,2025-09-22,Cena,P-22,2,Te Verde,Bebida
T-12482,2025-09-25,Comida,P-16,4,Agua Mineral,Bebida
T-14603,2025-05-14,Comida,P-02,4,Ensalada Cesar,Entrante
T-13945,2024-03-31,Comida,P-14,2,Tortilla de Patatas,Entrante
T-15295,2024-10-20,Cena,P-11,4,Salmon a la Plancha,Principal
T-12903,2024-01-11,Cena,P-19,4,Entrecot Ternera,Principal
T-16689,2025-04-17,Comida,P-22,2,Te Verde,Bebida
T-14886,2025-08-24,Comida,P-14,3,Tortilla de Patatas,Entrante
T-14859,2025-05-21,Comida,P-04,1,Tarta de Queso Casera,Postre
T-10461,2025-10-19,Comida,P-02,4,Ensalada Cesar,Entrante
T-10872,2024-01-21,Cena,P-07,3,Pizza Margarita,Principal
T-15125,2025-07-15,Cena,P-20,1,Paella de Marisco,Principal
T-16848,2025-05-25,Comida,P-21,4,Cafe Solo,Bebida
T-10286,2025-12-08,Comida,P-05,1,Refresco Cola,Bebida
T-14163,2025-03-18,Cena,P-13,2,Bacalao al Horno,Principal
T-13186,2024-10-27,Cena,P-15,4,Cerveza Artesana,Bebida
T-11546,2024-04-10,Cena,P-08,2,Croquetas de Jamon,Entrante
T-12590,2025-05-29,Comida,P-08,3,Croquetas de Jamon,Entrante
T-15018,2024-06-20,Cena,P-21,2,Cafe Solo,Bebida
T-13109,2025-01-13,Comida,P-21,4,Cafe Solo,Bebida
T-14901,2025-07-31,Comida,P-06,1,Vino Tinto Copa,Bebida
T-11646,2025-04-11,Comida,P-10,3,Solomillo Iberico,Principal
T-10701,2025-04-07,Cena,P-08,3,Croquetas de Jamon,Entrante
T-13795,2024-12-10,Comida,P-12,1,Risotto de Setas,Principal
T-10865,2025-02-12,Cena,P-25,2,Canelones de Carne,Principal
T-16788,2025-03-02,Cena,P-12,4,Risotto de Setas,Principal
T-15463,2024-06-23,Comida,P-20,4,Paella de Marisco,Principal
T-15110,2025-09-28,Comida,P-14,1,Tortilla de Patatas,Entrante
T-17860,2025-11-21,Cena,P-15,4,Cerveza Artesana,Bebida
T-17886,2024-03-10,Cena,P-14,3,Tortilla de Patatas,Entrante
T-10078,2025-08-03,Cena,P-18,4,Ensaladilla Rusa,Entrante
T-11914,2025-09-29,Cena,P-01,1,Hamburguesa Smart,Principal
T-11650,2025-03-18,Cena,P-05,1,Refresco Cola,Bebida
T-16631,2024-03-03,Cena,P-12,4,Risotto de Setas,Principal
T-16387,2025-07-23,Cena,P-14,2,Tortilla de Patatas,Entrante
T-13581,2024-08-08,Cena,P-20,1,Paella de Marisco,Principal
T-11651,2024-10-17,Cena,P-16,2,Agua Mineral,Bebida
T-16044,2024-11-23,Cena,P-02,1,Ensalada Cesar,Entrante
T-16210,2025-12-17,Comida,P-16,4,Agua Mineral,Bebida
T-14380,2024-02-19,Cena,P-08,1,Croquetas de Jamon,Entrante
T-16576,2024-05-24,Comida,P-20,3,Paella de Marisco,Principal
T-16354,2024-08-10,Comida,P-03,1,Pasta Carbonara IA,Principal
T-11033,2025-04-11,Comida,P-16,1,Agua Mineral,Bebida
T-11005,2024-09-07,Comida,P-21,4,Cafe Solo,Bebida
T-10361,2024-02-02,Comida,P-15,3,Cerveza Artesana,Bebida
T-13025,2025-03-22,Comida,P-09,4,Gazpacho Andaluz,Entrante
T-10252,2025-02-28,Cena,P-24,3,Nuggets de Pollo,Principal
T-17434,2024-08-12,Cena,P-21,3,Cafe Solo,Bebida
T-14320,2025-04-10,Cena,P-21,3,Cafe Solo,Bebida
T-13627,2024-05-21,Cena,P-10,1,Solomillo Iberico,Principal
T-11741,2024-07-07,Cena,P-18,3,Ensaladilla Rusa,Entrante
T-16331,2024-04-19,Comida,P-08,3,Croquetas de Jamon,Entrante
T-12256,2025-09-12,Comida,P-01,4,Hamburguesa Smart,Principal
T-14939,2024-05-26,Cena,P-23,1,Tiramisu de la Casa,Postre
T-16168,2024-12-21,Comida,P-02,2,Ensalada Cesar,Entrante
T-13972,2025-06-11,Cena,P-21,2,Cafe Solo,Bebida
T-12314,2025-07-30,Cena,P-13,3,Bacalao al Horno,Principal
T-14007,2025-11-05,Cena,P-21,4,Cafe Solo,Bebida
T-11785,2025-08-20,Cena,P-10,3,Solomillo Iberico,Principal
T-13213,2025-11-04,Cena,P-07,2,Pizza Margarita,Principal
T-13432,2024-07-20,Cena,P-17,2,Brownie con Helado,Postre
T-16641,2024-01-01,Cena,P-02,4,Ensalada Cesar,Entrante
T-17542,2025-03-20,Cena,P-25,1,Canelones de Carne,Principal
T-16137,2025-10-25,Cena,P-04,3,Tarta de Queso Casera,Postre
T-16536,2025-12-17,Comida,P-24,2,Nuggets de Pollo,Principal
T-13955,2024-07-25,Cena,P-10,1,Solomillo Iberico,Principal
T-16486,2024-03-19,Cena,P-09,4,Gazpacho Andaluz,Entrante
T-17881,2025-09-23,Comida,P-25,4,Canelones de Carne,Principal
T-14843,2024-12-20,Comida,P-14,3,Tortilla de Patatas,Entrante
T-14863,2024-10-25,Cena,P-14,1,Tortilla de Patatas,Entrante
T-15274,2025-07-08,Cena,P-09,3,Gazpacho Andaluz,Entrante
T-14082,2025-02-06,Cena,P-13,1,Bacalao al Horno,Principal
T-14151,2025-09-25,Cena,P-24,2,Nuggets de Pollo,Principal
T-11730,2025-10-06,Cena,P-18,4,Ensaladilla Rusa,Entrante
T-16936,2025-08-18,Cena,P-02,3,Ensalada Cesar,Entrante
T-13689,2024-02-12,Comida,P-25,3,Canelones de Carne,Principal
T-11529,2024-07-25,Cena,P-05,4,Refresco Cola,Bebida
T-15862,2025-04-03,Cena,P-02,1,Ensalada Cesar,Entrante
T-12272,2024-03-14,Comida,P-03,4,Pasta Carbonara IA,Principal
T-14621,2024-07-20,Comida,P-18,2,Ensaladilla Rusa,Entrante
T-17381,2025-12-02,Comida,P-12,3,Risotto de Setas,Principal
T-14162,2024-01-07,Cena,P-19,2,Entrecot Ternera,Principal
T-12554,2024-10-17,Cena,P-04,2,Tarta de Queso Casera,Postre
T-15918,2024-02-09,Cena,P-22,3,Te Verde,Bebida
T-15936,2025-01-10,Comida,P-01,2,Hamburguesa Smart,Principal
T-17971,2025-12-05,Comida,P-21,4,Cafe Solo,Bebida
T-15876,2025-10-06,Comida,P-08,4,Croquetas de Jamon,Entrante
T-13713,2024-11-02,Cena,P-17,2,Brownie con Helado,Postre
T-11920,2024-05-30,Comida,P-04,3,Tarta de Queso Casera,Postre
T-11132,2024-01-30,Cena,P-17,3,Brownie con Helado,Postre
T-11782,2025-06-18,Cena,P-09,4,Gazpacho Andaluz,Entrante
T-14619,2024-03-03,Comida,P-12,4,Risotto de Setas,Principal
T-15726,2025-06-22,Cena,P-09,3,Gazpacho Andaluz,Entrante
T-10076,2024-08-29,Comida,P-19,4,Entrecot Ternera,Principal
T-14637,2024-01-13,Comida,P-16,2,Agua Mineral,Bebida
T-16809,2024-04-11,Comida,P-04,1,Tarta de Queso Casera,Postre
T-11316,2024-03-17,Cena,P-05,4,Refresco Cola,Bebida
T-16413,2024-05-20,Comida,P-18,3,Ensaladilla Rusa,Entrante
T-10363,2025-04-19,Cena,P-13,4,Bacalao al Horno,Principal
T-17711,2024-09-24,Cena,P-13,1,Bacalao al Horno,Principal
T-12470,2025-06-19,Comida,P-15,3,Cerveza Artesana,Bebida
T-12057,2024-11-20,Cena,P-09,1,Gazpacho Andaluz,Entrante
T-11351,2024-01-20,Comida,P-14,4,Tortilla de Patatas,Entrante
T-14393,2025-12-13,Comida,P-02,2,Ensalada Cesar,Entrante
T-16684,2025-05-15,Cena,P-24,4,Nuggets de Pollo,Principal
T-14568,2024-02-13,Cena,P-18,4,Ensaladilla Rusa,Entrante
T-14913,2024-12-23,Cena,P-15,1,Cerveza Artesana,Bebida
T-13538,2024-04-01,Cena,P-02,2,Ensalada Cesar,Entrante
T-14486,2025-09-03,Comida,P-02,3,Ensalada Cesar,Entrante
T-16319,2025-04-03,Cena,P-17,4,Brownie con Helado,Postre
T-11792,2024-08-20,Cena,P-17,3,Brownie con Helado,Postre
T-15306,2024-05-07,Cena,P-08,4,Croquetas de Jamon,Entrante
T-11137,2024-05-16,Cena,P-10,3,Solomillo Iberico,Principal
T-10310,2025-09-30,Cena,P-11,3,Salmon a la Plancha,Principal
T-16963,2025-03-20,Cena,P-17,4,Brownie con Helado,Postre
T-17974,2024-03-27,Cena,P-13,1,Bacalao al Horno,Principal
T-11887,2025-04-21,Cena,P-24,4,Nuggets de Pollo,Principal
T-13627,2024-08-31,Cena,P-09,3,Gazpacho Andaluz,Entrante
T-11751,2025-07-26,Cena,P-10,4,Solomillo Iberico,Principal
T-17472,2025-06-01,Cena,P-15,1,Cerveza Artesana,Bebida
T-10682,2024-05-20,Comida,P-13,4,Bacalao al Horno,Principal
T-12074,2024-04-23,Comida,P-23,2,Tiramisu de la Casa,Postre
T-15101,2024-12-13,Cena,P-03,3,Pasta Carbonara IA,Principal
T-14871,2025-08-18,Comida,P-11,4,Salmon a la Plancha,Principal
T-15446,2024-02-08,Comida,P-09,3,Gazpacho Andaluz,Entrante
T-14402,2025-11-23,Comida,P-20,4,Paella de Marisco,Principal
T-17890,2025-03-28,Comida,P-01,3,Hamburguesa Smart,Principal
T-13261,2024-11-24,Comida,P-05,4,Refresco Cola,Bebida
T-13991,2025-02-13,Comida,P-17,3,Brownie con Helado,Postre
T-14847,2025-08-09,Comida,P-16,3,Agua Mineral,Bebida
T-12892,2025-05-27,Comida,P-20,3,Paella de Marisco,Principal
T-14596,2025-01-20,Comida,P-11,1,Salmon a la Plancha,Principal
T-12616,2024-06-20,Comida,P-16,2,Agua Mineral,Bebida
T-15907,2025-08-24,Cena,P-18,1,Ensaladilla Rusa,Entrante
T-12439,2025-11-22,Cena,P-12,2,Risotto de Setas,Principal
T-15109,2024-11-23,Comida,P-05,4,Refresco Cola,Bebida
T-12774,2024-12-02,Cena,P-19,4,Entrecot Ternera,Principal
T-16443,2024-05-20,Comida,P-24,3,Nuggets de Pollo,Principal
T-13259,2025-02-19,Comida,P-13,3,Bacalao al Horno,Principal
T-17812,2024-04-06,Cena,P-10,4,Solomillo Iberico,Principal
T-12824,2025-05-24,Cena,P-10,3,Solomillo Iberico,Principal
T-12876,2025-01-02,Cena,P-06,2,Vino Tinto Copa,Bebida
T-13858,2024-01-10,Cena,P-24,4,Nuggets de Pollo,Principal
T-11096,2025-06-22,Cena,P-25,1,Canelones de Carne,Principal
T-13662,2024-09-11,Comida,P-04,4,Tarta de Queso Casera,Postre
T-14108,2025-01-18,Cena,P-01,3,Hamburguesa Smart,Principal
T-14749,2025-04-15,Comida,P-21,4,Cafe Solo,Bebida
T-14365,2024-09-30,Cena,P-18,2,Ensaladilla Rusa,Entrante
T-13279,2024-04-01,Comida,P-17,2,Brownie con Helado,Postre
T-11336,2025-11-13,Comida,P-01,3,Hamburguesa Smart,Principal
T-14347,2025-04-04,Cena,P-20,2,Paella de Marisco,Principal
T-12339,2025-10-12,Comida,P-14,2,Tortilla de Patatas,Entrante
T-14989,2024-06-12,Comida,P-15,3,Cerveza Artesana,Bebida
T-13656,2024-08-30,Cena,P-12,3,Risotto de Setas,Principal
T-17143,2024-05-16,Cena,P-10,2,Solomillo Iberico,Principal
T-13305,2025-11-23,Comida,P-06,2,Vino Tinto Copa,Bebida
T-11370,2024-03-16,Comida,P-25,4,Canelones de Carne,Principal
T-10335,2024-09-13,Cena,P-12,1,Risotto de Setas,Principal
T-14985,2025-10-31,Comida,P-17,3,Brownie con Helado,Postre
T-17162,2025-05-12,Comida,P-15,1,Cerveza Artesana,Bebida
T-12608,2024-09-09,Cena,P-03,4,Pasta Carbonara IA,Principal
T-11778,2024-03-27,Comida,P-19,1,Entrecot Ternera,Principal
T-11745,2025-10-11,Cena,P-13,3,Bacalao al Horno,Principal
T-14319,2025-09-13,Cena,P-07,1,Pizza Margarita,Principal
T-10944,2024-07-19,Cena,P-17,3,Brownie con Helado,Postre
T-13475,2024-01-02,Cena,P-22,3,Te Verde,Bebida
T-14458,2024-06-11,Comida,P-19,4,Entrecot Ternera,Principal
T-15687,2025-10-24,Comida,P-05,4,Refresco Cola,Bebida
T-12201,2025-09-27,Cena,P-02,2,Ensalada Cesar,Entrante
T-14519,2024-04-20,Cena,P-22,4,Te Verde,Bebida
T-11695,2024-10-03,Comida,P-23,2,Tiramisu de la Casa,Postre
T-15251,2024-09-03,Cena,P-17,2,Brownie con Helado,Postre
T-16144,2024-05-19,Comida,P-24,4,Nuggets de Pollo,Principal
T-14471,2024-11-30,Cena,P-03,1,Pasta Carbonara IA,Principal
T-16613,2025-11-15,Comida,P-06,1,Vino Tinto Copa,Bebida
T-17045,2024-03-25,Cena,P-04,4,Tarta de Queso Casera,Postre
T-15439,2024-11-20,Cena,P-17,4,Brownie con Helado,Postre
T-14652,2024-12-09,Comida,P-12,4,Risotto de Setas,Principal
T-10587,2025-07-01,Cena,P-12,4,Risotto de Setas,Principal
T-17069,2025-09-16,Cena,P-11,3,Salmon a la Plancha,Principal
T-14565,2024-07-24,Comida,P-08,2,Croquetas de Jamon,Entrante
T-13300,2024-06-15,Comida,P-20,1,Paella de Marisco,Principal
T-11142,2025-02-16,Comida,P-02,2,Ensalada Cesar,Entrante
T-13406,2025-06-03,Cena,P-03,1,Pasta Carbonara IA,Principal
T-11323,2025-06-30,Cena,P-20,3,Paella de Marisco,Principal
T-13259,2024-05-05,Cena,P-01,1,Hamburguesa Smart,Principal
T-16788,2025-12-05,Cena,P-02,1,Ensalada Cesar,Entrante
T-16505,2025-08-24,Cena,P-18,1,Ensaladilla Rusa,Entrante
T-13171,2025-09-04,Comida,P-09,1,Gazpacho Andaluz,Entrante
T-15592,2024-12-16,Cena,P-25,2,Canelones de Carne,Principal
T-13726,2025-08-28,Comida,P-14,4,Tortilla de Patatas,Entrante
T-17464,2025-02-02,Comida,P-05,2,Refresco Cola,Bebida
T-11046,2025-04-18,Comida,P-15,1,Cerveza Artesana,Bebida
T-15682,2024-11-20,Cena,P-21,4,Cafe Solo,Bebida
T-13952,2024-02-28,Cena,P-18,1,Ensaladilla Rusa,Entrante
T-14653,2024-10-03,Comida,P-05,3,Refresco Cola,Bebida
T-14675,2025-11-10,Comida,P-03,3,Pasta Carbonara IA,Principal
T-12560,2025-05-10,Cena,P-01,3,Hamburguesa Smart,Principal
T-13747,2024-02-07,Comida,P-08,2,Croquetas de Jamon,Entrante
T-11620,2025-01-16,Cena,P-20,4,Paella de Marisco,Principal
T-17309,2024-07-30,Cena,P-01,1,Hamburguesa Smart,Principal
T-13878,2025-09-20,Comida,P-02,3,Ensalada Cesar,Entrante
T-11517,2025-12-20,Cena,P-05,2,Refresco Cola,Bebida
T-15898,2025-05-23,Cena,P-03,4,Pasta Carbonara IA,Principal
T-15971,2025-09-22,Cena,P-13,2,Bacalao al Horno,Principal
T-16375,2025-10-29,Comida,P-19,2,Entrecot Ternera,Principal
T-12660,2024-07-29,Comida,P-06,3,Vino Tinto Copa,Bebida
T-11589,2024-01-25,Comida,P-13,1,Bacalao al Horno,Principal
T-16354,2025-10-19,Comida,P-08,2,Croquetas de Jamon,Entrante
T-16231,2025-04-14,Cena,P-01,2,Hamburguesa Smart,Principal
T-13201,2025-03-29,Comida,P-13,4,Bacalao al Horno,Principal
T-12586,2025-08-03,Cena,P-04,2,Tarta de Queso Casera,Postre
T-13017,2024-07-14,Cena,P-03,3,Pasta Carbonara IA,Principal
T-17480,2025-03-12,Cena,P-03,2,Pasta Carbonara IA,Principal
T-14322,2025-09-25,Cena,P-20,4,Paella de Marisco,Principal
T-16833,2025-10-19,Comida,P-21,3,Cafe Solo,Bebida
T-16632,2025-06-21,Cena,P-12,3,Risotto de Setas,Principal
T-13962,2024-04-09,Cena,P-13,1,Bacalao al Horno,Principal
T-15540,2025-11-18,Cena,P-12,3,Risotto de Setas,Principal
T-14820,2025-05-22,Comida,P-18,1,Ensaladilla Rusa,Entrante
T-13851,2024-04-15,Cena,P-09,2,Gazpacho Andaluz,Entrante
T-12517,2024-11-11,Comida,P-23,4,Tiramisu de la Casa,Postre
T-10957,2025-07-28,Comida,P-17,2,Brownie con Helado,Postre
T-15224,2024-09-14,Comida,P-24,1,Nuggets de Pollo,Principal
T-12166,2025-07-02,Comida,P-23,2,Tiramisu de la Casa,Postre
T-16991,2025-12-29,Cena,P-01,4,Hamburguesa Smart,Principal
T-12359,2024-06-26,Cena,P-02,4,Ensalada Cesar,Entrante
T-17754,2024-05-21,Cena,P-11,2,Salmon a la Plancha,Principal
T-14896,2025-08-31,Cena,P-23,3,Tiramisu de la Casa,Postre
T-17745,2024-12-07,Comida,P-04,2,Tarta de Queso Casera,Postre
T-10613,2024-11-20,Comida,P-11,4,Salmon a la Plancha,Principal
T-14655,2025-10-30,Cena,P-24,4,Nuggets de Pollo,Principal
T-10652,2024-09-02,Cena,P-25,4,Canelones de Carne,Principal
T-15490,2024-04-13,Cena,P-13,2,Bacalao al Horno,Principal
T-14828,2024-09-23,Cena,P-23,2,Tiramisu de la Casa,Postre
T-16400,2025-10-13,Comida,P-11,4,Salmon a la Plancha,Principal
T-16770,2025-08-07,Cena,P-01,1,Hamburguesa Smart,Principal
T-12659,2025-03-01,Comida,P-11,4,Salmon a la Plancha,Principal
T-11252,2024-11-30,Comida,P-02,4,Ensalada Cesar,Entrante
T-17355,2025-01-02,Cena,P-18,3,Ensaladilla Rusa,Entrante
T-12135,2025-10-24,Cena,P-15,4,Cerveza Artesana,Bebida
T-13010,2025-06-13,Cena,P-06,2,Vino Tinto Copa,Bebida
T-12773,2025-11-20,Cena,P-08,2,Croquetas de Jamon,Entrante
T-13733,2024-04-24,Cena,P-03,2,Pasta Carbonara IA,Principal
T-15547,2024-08-29,Comida,P-08,2,Croquetas de Jamon,Entrante
T-17621,2024-11-03,Comida,P-08,2,Croquetas de Jamon,Entrante
T-11030,2025-08-24,Cena,P-10,1,Solomillo Iberico,Principal
T-16051,2024-05-27,Cena,P-09,1,Gazpacho Andaluz,Entrante
T-15277,2024-07-12,Cena,P-19,4,Entrecot Ternera,Principal
T-11503,2025-10-31,Comida,P-08,4,Croquetas de Jamon,Entrante
T-14918,2024-06-17,Comida,P-18,4,Ensaladilla Rusa,Entrante
T-12571,2024-02-19,Comida,P-13,4,Bacalao al Horno,Principal
T-12621,2024-11-22,Comida,P-09,3,Gazpacho Andaluz,Entrante
T-10907,2024-06-07,Comida,P-23,4,Tiramisu de la Casa,Postre
T-16757,2024-02-07,Comida,P-25,4,Canelones de Carne,Principal
T-17940,2024-08-18,Comida,P-04,4,Tarta de Queso Casera,Postre
T-16096,2025-08-16,Cena,P-05,3,Refresco Cola,Bebida
T-10564,2024-03-14,Comida,P-20,1,Paella de Marisco,Principal
T-11277,2024-09-27,Cena,P-02,2,Ensalada Cesar,Entrante
T-15052,2024-05-28,Cena,P-12,3,Risotto de Setas,Principal
T-13291,2025-04-29,Comida,P-02,1,Ensalada Cesar,Entrante
T-16298,2025-06-20,Comida,P-18,4,Ensaladilla Rusa,Entrante
T-17182,2025-10-11,Cena,P-04,4,Tarta de Queso Casera,Postre
T-15453,2024-03-03,Comida,P-17,3,Brownie con Helado,Postre
T-10786,2025-02-12,Comida,P-05,3,Refresco Cola,Bebida
T-10375,2024-12-19,Comida,P-09,3,Gazpacho Andaluz,Entrante
T-10720,2025-11-24,Cena,P-23,4,Tiramisu de la Casa,Postre
T-16703,2025-04-06,Cena,P-10,2,Solomillo Iberico,Principal
T-13412,2025-02-13,Cena,P-21,4,Cafe Solo,Bebida
T-16611,2024-06-02,Comida,P-11,1,Salmon a la Plancha,Principal
T-10180,2025-02-20,Comida,P-22,2,Te Verde,Bebida
T-16826,2024-03-09,Cena,P-21,4,Cafe Solo,Bebida
T-15723,2025-11-25,Cena,P-01,1,Hamburguesa Smart,Principal
T-10428,2024-09-12,Comida,P-05,1,Refresco Cola,Bebida
T-10870,2024-12-29,Cena,P-23,4,Tiramisu de la Casa,Postre
T-15820,2025-12-26,Cena,P-12,2,Risotto de Setas,Principal
T-12907,2024-07-08,Cena,P-02,4,Ensalada Cesar,Entrante
T-15689,2025-05-10,Comida,P-02,2,Ensalada Cesar,Entrante
T-16640,2025-10-27,Cena,P-05,1,Refresco Cola,Bebida
T-14280,2025-08-19,Cena,P-24,4,Nuggets de Pollo,Principal
T-11318,2025-05-22,Cena,P-03,2,Pasta Carbonara IA,Principal
T-10593,2024-04-18,Comida,P-18,3,Ensaladilla Rusa,Entrante
T-14806,2025-07-03,Cena,P-04,2,Tarta de Queso Casera,Postre
T-17692,2025-06-08,Comida,P-04,3,Tarta de Queso Casera,Postre
T-15293,2024-02-11,Comida,P-01,4,Hamburguesa Smart,Principal
T-11744,2024-02-14,Cena,P-13,1,Bacalao al Horno,Principal
T-14295,2024-11-21,Cena,P-10,4,Solomillo Iberico,Principal
T-12904,2024-06-23,Comida,P-14,4,Tortilla de Patatas,Entrante
T-14792,2025-09-09,Comida,P-12,3,Risotto de Setas,Principal
T-15799,2024-11-22,Cena,P-22,4,Te Verde,Bebida
T-16483,2024-01-01,Cena,P-10,1,Solomillo Iberico,Principal
T-11085,2024-01-06,Cena,P-04,3,Tarta de Queso Casera,Postre
T-16381,2025-12-25,Comida,P-07,3,Pizza Margarita,Principal
T-14740,2025-08-25,Cena,P-12,1,Risotto de Setas,Principal
T-15302,2024-04-23,Comida,P-16,3,Agua Mineral,Bebida
T-11969,2025-05-28,Comida,P-03,3,Pasta Carbonara IA,Principal
T-13412,2024-06-30,Cena,P-09,1,Gazpacho Andaluz,Entrante
T-11940,2025-11-02,Cena,P-24,2,Nuggets de Pollo,Principal
T-15941,2025-06-14,Cena,P-16,4,Agua Mineral,Bebida
T-12857,2025-01-21,Comida,P-22,2,Te Verde,Bebida
T-17012,2025-01-21,Cena,P-21,1,Cafe Solo,Bebida
T-11571,2025-11-13,Comida,P-03,3,Pasta Carbonara IA,Principal
T-15359,2024-02-08,Comida,P-19,3,Entrecot Ternera,Principal
T-17096,2024-06-19,Cena,P-21,4,Cafe Solo,Bebida
T-12608,2024-08-15,Cena,P-13,3,Bacalao al Horno,Principal
T-10510,2024-08-19,Cena,P-24,2,Nuggets de Pollo,Principal
T-17490,2025-03-22,Comida,P-13,4,Bacalao al Horno,Principal
T-13191,2025-12-14,Cena,P-08,4,Croquetas de Jamon,Entrante
T-13451,2025-06-28,Cena,P-14,3,Tortilla de Patatas,Entrante
T-16120,2024-11-16,Cena,P-13,1,Bacalao al Horno,Principal
T-16113,2024-10-02,Comida,P-12,3,Risotto de Setas,Principal
T-12128,2025-05-31,Cena,P-06,3,Vino Tinto Copa,Bebida
T-13488,2025-11-27,Comida,P-10,4,Solomillo Iberico,Principal
T-14305,2025-03-05,Cena,P-17,2,Brownie con Helado,Postre
T-12799,2024-07-15,Comida,P-09,1,Gazpacho Andaluz,Entrante
T-10957,2024-01-04,Comida,P-10,2,Solomillo Iberico,Principal
T-15038,2024-05-01,Cena,P-16,3,Agua Mineral,Bebida
T-10875,2025-01-02,Comida,P-09,3,Gazpacho Andaluz,Entrante
T-15003,2024-09-17,Cena,P-06,2,Vino Tinto Copa,Bebida
T-17111,2024-08-21,Cena,P-13,4,Bacalao al Horno,Principal
T-16443,2025-03-12,Comida,P-14,4,Tortilla de Patatas,Entrante
T-13154,2024-06-30,Comida,P-17,4,Brownie con Helado,Postre
T-11304,2024-12-17,Cena,P-10,3,Solomillo Iberico,Principal
T-13033,2025-03-07,Comida,P-05,4,Refresco Cola,Bebida
T-16846,2024-11-08,Comida,P-03,4,Pasta Carbonara IA,Principal
T-10551,2025-07-07,Comida,P-12,2,Risotto de Setas,Principal
T-14142,2024-10-11,Cena,P-24,1,Nuggets de Pollo,Principal
T-10337,2024-12-24,Cena,P-21,2,Cafe Solo,Bebida
T-14693,2025-09-27,Cena,P-03,2,Pasta Carbonara IA,Principal
T-17732,2024-03-01,Comida,P-16,1,Agua Mineral,Bebida
T-13693,2024-07-04,Comida,P-03,4,Pasta Carbonara IA,Principal
T-10929,2025-01-23,Cena,P-19,2,Entrecot Ternera,Principal
T-15927,2024-01-14,Comida,P-17,1,Brownie con Helado,Postre
T-14115,2025-09-07,Cena,P-08,2,Croquetas de Jamon,Entrante
T-12402,2024-05-06,Cena,P-02,2,Ensalada Cesar,Entrante
T-14975,2025-06-05,Comida,P-20,4,Paella de Marisco,Principal
T-13361,2024-06-19,Cena,P-16,1,Agua Mineral,Bebida
T-15263,2025-04-21,Comida,P-25,4,Canelones de Carne,Principal
T-14719,2025-01-09,Comida,P-22,4,Te Verde,Bebida
T-12232,2025-04-05,Cena,P-23,2,Tiramisu de la Casa,Postre
T-13885,2025-03-18,Cena,P-02,4,Ensalada Cesar,Entrante
T-13977,2025-04-21,Comida,P-01,3,Hamburguesa Smart,Principal
T-11374,2025-04-11,Comida,P-08,4,Croquetas de Jamon,Entrante
T-10510,2024-07-27,Cena,P-16,4,Agua Mineral,Bebida
T-15719,2024-12-16,Cena,P-10,2,Solomillo Iberico,Principal
T-12879,2025-08-06,Cena,P-05,1,Refresco Cola,Bebida
T-17365,2025-11-27,Cena,P-10,4,Solomillo Iberico,Principal
T-14753,2024-01-25,Comida,P-11,4,Salmon a la Plancha,Principal
T-13510,2024-07-12,Cena,P-20,3,Paella de Marisco,Principal
T-16446,2024-05-17,Comida,P-06,3,Vino Tinto Copa,Bebida
T-13380,2025-10-24,Cena,P-17,4,Brownie con Helado,Postre
T-12476,2024-11-03,Comida,P-02,2,Ensalada Cesar,Entrante
T-15361,2025-05-17,Cena,P-18,2,Ensaladilla Rusa,Entrante
T-12721,2025-11-13,Comida,P-11,3,Salmon a la Plancha,Principal
T-12912,2025-11-30,Cena,P-01,1,Hamburguesa Smart,Principal
T-14695,2024-12-19,Comida,P-08,2,Croquetas de Jamon,Entrante
T-16407,2024-07-10,Cena,P-17,3,Brownie con Helado,Postre
T-13681,2024-03-13,Comida,P-06,4,Vino Tinto Copa,Bebida
T-15041,2025-12-31,Comida,P-06,3,Vino Tinto Copa,Bebida
T-11487,2025-05-13,Cena,P-10,1,Solomillo Iberico,Principal
T-11556,2025-08-07,Comida,P-10,1,Solomillo Iberico,Principal
T-11890,2024-04-06,Comida,P-08,3,Croquetas de Jamon,Entrante
T-11707,2025-06-30,Cena,P-11,2,Salmon a la Plancha,Principal
T-16158,2025-01-06,Cena,P-18,3,Ensaladilla Rusa,Entrante
T-16600,2025-04-01,Cena,P-21,2,Cafe Solo,Bebida
T-11738,2024-07-16,Comida,P-15,1,Cerveza Artesana,Bebida
T-10536,2024-03-30,Cena,P-21,4,Cafe Solo,Bebida
T-10713,2024-02-22,Cena,P-11,3,Salmon a la Plancha,Principal
T-14640,2025-05-05,Comida,P-07,2,Pizza Margarita,Principal
T-10782,2024-08-31,Comida,P-13,4,Bacalao al Horno,Principal
T-13180,2025-12-09,Comida,P-05,3,Refresco Cola,Bebida
T-14639,2025-12-09,Comida,P-01,2,Hamburguesa Smart,Principal
T-12941,2024-05-04,Comida,P-10,1,Solomillo Iberico,Principal
T-12593,2025-03-10,Cena,P-05,4,Refresco Cola,Bebida
T-17742,2025-01-09,Cena,P-13,2,Bacalao al Horno,Principal
T-16583,2024-11-23,Cena,P-05,3,Refresco Cola,Bebida
T-15301,2024-12-30,Comida,P-21,1,Cafe Solo,Bebida
T-16044,2024-03-20,Cena,P-14,3,Tortilla de Patatas,Entrante
T-17763,2025-09-14,Comida,P-09,1,Gazpacho Andaluz,Entrante
T-10293,2024-03-09,Comida,P-21,4,Cafe Solo,Bebida
T-13971,2024-08-03,Cena,P-24,3,Nuggets de Pollo,Principal
T-15668,2024-02-25,Cena,P-11,1,Salmon a la Plancha,Principal
T-14626,2025-12-01,Comida,P-22,2,Te Verde,Bebida
T-13375,2025-05-30,Cena,P-20,2,Paella de Marisco,Principal
T-16271,2025-04-22,Cena,P-22,1,Te Verde,Bebida
T-17506,2024-11-30,Cena,P-04,2,Tarta de Queso Casera,Postre
T-12849,2024-03-02,Cena,P-12,4,Risotto de Setas,Principal
T-12753,2024-07-21,Comida,P-13,1,Bacalao al Horno,Principal
T-15208,2024-09-05,Cena,P-25,4,Canelones de Carne,Principal
T-10097,2025-10-26,Cena,P-13,2,Bacalao al Horno,Principal
T-14252,2025-09-28,Cena,P-10,2,Solomillo Iberico,Principal
T-12915,2024-02-15,Comida,P-04,1,Tarta de Queso Casera,Postre
T-17414,2024-08-23,Comida,P-21,3,Cafe Solo,Bebida
T-17848,2024-11-05,Cena,P-03,2,Pasta Carbonara IA,Principal
T-10719,2025-01-07,Cena,P-22,2,Te Verde,Bebida
T-16717,2025-06-07,Comida,P-13,1,Bacalao al Horno,Principal
T-11886,2025-11-14,Cena,P-12,2,Risotto de Setas,Principal
T-12239,2024-12-01,Cena,P-06,2,Vino Tinto Copa,Bebida
T-15818,2025-04-16,Comida,P-07,4,Pizza Margarita,Principal
T-16733,2025-12-06,Cena,P-03,1,Pasta Carbonara IA,Principal
T-13354,2025-06-28,Cena,P-12,1,Risotto de Setas,Principal
T-13845,2025-10-06,Cena,P-10,4,Solomillo Iberico,Principal
T-16465,2025-05-03,Cena,P-06,1,Vino Tinto Copa,Bebida
T-12122,2025-12-15,Comida,P-09,1,Gazpacho Andaluz,Entrante
T-10205,2025-02-19,Cena,P-07,3,Pizza Margarita,Principal
T-16039,2025-08-02,Cena,P-22,4,Te Verde,Bebida
T-17983,2024-06-08,Cena,P-06,2,Vino Tinto Copa,Bebida
T-17651,2025-02-21,Cena,P-08,4,Croquetas de Jamon,Entrante
T-17401,2024-12-23,Cena,P-09,1,Gazpacho Andaluz,Entrante
T-10545,2025-12-12,Cena,P-08,2,Croquetas de Jamon,Entrante
T-15351,2024-04-28,Cena,P-16,1,Agua Mineral,Bebida
T-14481,2025-08-15,Comida,P-19,3,Entrecot Ternera,Principal
T-17405,2025-05-27,Comida,P-17,3,Brownie con Helado,Postre
T-13284,2024-09-21,Comida,P-14,1,Tortilla de Patatas,Entrante
T-11656,2025-01-27,Cena,P-11,3,Salmon a la Plancha,Principal
T-17826,2024-03-03,Comida,P-19,2,Entrecot Ternera,Principal
T-12869,2024-01-05,Cena,P-17,4,Brownie con Helado,Postre
T-12206,2025-12-26,Cena,P-22,1,Te Verde,Bebida
T-15999,2024-12-27,Cena,P-24,1,Nuggets de Pollo,Principal
T-10556,2024-12-02,Comida,P-10,1,Solomillo Iberico,Principal
T-10273,2024-09-11,Cena,P-17,2,Brownie con Helado,Postre
T-17199,2025-04-19,Cena,P-03,2,Pasta Carbonara IA,Principal
T-17714,2024-03-13,Cena,P-17,2,Brownie con Helado,Postre
T-15338,2025-02-04,Comida,P-05,4,Refresco Cola,Bebida
T-14372,2025-08-16,Comida,P-22,2,Te Verde,Bebida
T-13576,2024-02-27,Comida,P-11,2,Salmon a la Plancha,Principal
T-12991,2025-03-31,Cena,P-12,3,Risotto de Setas,Principal
T-13486,2024-12-19,Cena,P-03,2,Pasta Carbonara IA,Principal
T-16050,2025-08-18,Cena,P-20,4,Paella de Marisco,Principal
T-11306,2024-12-20,Comida,P-24,3,Nuggets de Pollo,Principal
T-13062,2025-12-16,Cena,P-12,1,Risotto de Setas,Principal
T-14854,2025-12-10,Cena,P-15,1,Cerveza Artesana,Bebida
T-14331,2024-09-25,Cena,P-25,4,Canelones de Carne,Principal
T-16307,2024-07-01,Cena,P-23,2,Tiramisu de la Casa,Postre
T-14799,2025-03-15,Comida,P-22,4,Te Verde,Bebida
T-11630,2024-12-26,Cena,P-16,4,Agua Mineral,Bebida
T-10515,2025-03-22,Cena,P-22,2,Te Verde,Bebida
T-12808,2024-07-09,Comida,P-09,4,Gazpacho Andaluz,Entrante
T-10322,2024-06-12,Cena,P-12,1,Risotto de Setas,Principal
T-10036,2025-03-31,Comida,P-25,3,Canelones de Carne,Principal
T-14655,2025-09-02,Cena,P-23,2,Tiramisu de la Casa,Postre
T-14230,2025-05-31,Cena,P-17,2,Brownie con Helado,Postre
T-16383,2025-01-06,Cena,P-18,2,Ensaladilla Rusa,Entrante
T-10304,2024-05-16,Cena,P-09,3,Gazpacho Andaluz,Entrante
T-17510,2025-03-29,Comida,P-23,1,Tiramisu de la Casa,Postre
T-10344,2024-01-14,Comida,P-16,2,Agua Mineral,Bebida
T-15861,2025-10-07,Cena,P-14,4,Tortilla de Patatas,Entrante
T-17324,2024-01-10,Comida,P-05,2,Refresco Cola,Bebida
T-16307,2024-05-18,Cena,P-20,4,Paella de Marisco,Principal
T-16756,2024-04-14,Cena,P-13,1,Bacalao al Horno,Principal
T-13467,2024-05-20,Cena,P-22,2,Te Verde,Bebida
T-12176,2025-07-10,Comida,P-07,1,Pizza Margarita,Principal
T-10848,2024-03-14,Cena,P-04,4,Tarta de Queso Casera,Postre
T-13201,2024-03-19,Comida,P-01,3,Hamburguesa Smart,Principal
T-12762,2024-08-18,Comida,P-06,2,Vino Tinto Copa,Bebida
T-12872,2024-04-24,Comida,P-06,3,Vino Tinto Copa,Bebida
T-10967,2024-02-09,Comida,P-23,3,Tiramisu de la Casa,Postre
T-16457,2025-11-11,Comida,P-18,4,Ensaladilla Rusa,Entrante
T-11214,2025-03-21,Comida,P-05,2,Refresco Cola,Bebida
T-13161,2025-02-11,Comida,P-17,1,Brownie con Helado,Postre
T-15586,2024-08-05,Cena,P-12,3,Risotto de Setas,Principal
T-13666,2025-07-20,Comida,P-03,2,Pasta Carbonara IA,Principal
T-13983,2024-10-13,Cena,P-11,3,Salmon a la Plancha,Principal
T-16613,2024-12-25,Comida,P-06,3,Vino Tinto Copa,Bebida
T-11745,2025-02-28,Cena,P-18,4,Ensaladilla Rusa,Entrante
T-16193,2025-04-08,Comida,P-15,4,Cerveza Artesana,Bebida
T-12503,2024-03-01,Comida,P-07,4,Pizza Margarita,Principal
T-13017,2025-03-17,Comida,P-12,2,Risotto de Setas,Principal
T-13122,2024-01-08,Comida,P-24,4,Nuggets de Pollo,Principal
T-11327,2024-02-21,Comida,P-14,3,Tortilla de Patatas,Entrante
T-11532,2025-10-27,Cena,P-01,3,Hamburguesa Smart,Principal
T-12996,2024-01-27,Cena,P-22,4,Te Verde,Bebida
T-14029,2025-06-05,Comida,P-05,4,Refresco Cola,Bebida
T-12306,2025-03-18,Cena,P-08,1,Croquetas de Jamon,Entrante
T-15816,2024-04-11,Cena,P-21,2,Cafe Solo,Bebida
T-16099,2025-12-01,Comida,P-03,3,Pasta Carbonara IA,Principal
T-13307,2024-01-24,Comida,P-13,1,Bacalao al Horno,Principal
T-11253,2025-01-16,Comida,P-24,4,Nuggets de Pollo,Principal
T-10848,2025-12-18,Cena,P-08,2,Croquetas de Jamon,Entrante
T-11370,2025-01-03,Cena,P-24,2,Nuggets de Pollo,Principal
T-12721,2025-12-22,Cena,P-19,2,Entrecot Ternera,Principal
T-16828,2024-02-10,Cena,P-12,4,Risotto de Setas,Principal
T-13163,2025-06-06,Comida,P-20,4,Paella de Marisco,Principal
T-15854,2024-06-14,Comida,P-05,1,Refresco Cola,Bebida
T-14949,2024-12-14,Comida,P-20,1,Paella de Marisco,Principal
T-13911,2025-06-10,Comida,P-18,3,Ensaladilla Rusa,Entrante
T-12866,2025-04-21,Cena,P-15,1,Cerveza Artesana,Bebida
T-14141,2024-04-20,Comida,P-06,3,Vino Tinto Copa,Bebida
T-15644,2024-06-13,Cena,P-02,1,Ensalada Cesar,Entrante
T-13348,2024-07-12,Cena,P-05,2,Refresco Cola,Bebida
T-11156,2025-09-07,Cena,P-19,2,Entrecot Ternera,Principal
T-10101,2024-11-01,Comida,P-21,3,Cafe Solo,Bebida
T-13172,2025-12-27,Cena,P-16,3,Agua Mineral,Bebida
T-12898,2024-04-05,Comida,P-05,2,Refresco Cola,Bebida
T-14057,2025-05-19,Comida,P-20,3,Paella de Marisco,Principal
T-16192,2025-07-24,Comida,P-04,3,Tarta de Queso Casera,Postre
T-12762,2025-12-13,Cena,P-09,1,Gazpacho Andaluz,Entrante
T-14805,2025-11-15,Comida,P-16,2,Agua Mineral,Bebida
T-13715,2025-02-05,Cena,P-25,2,Canelones de Carne,Principal
T-10666,2025-08-23,Comida,P-25,3,Canelones de Carne,Principal
T-17089,2024-01-16,Cena,P-11,2,Salmon a la Plancha,Principal
T-13936,2025-09-09,Comida,P-18,2,Ensaladilla Rusa,Entrante
T-16620,2024-10-16,Cena,P-20,4,Paella de Marisco,Principal
T-17298,2025-01-20,Cena,P-13,4,Bacalao al Horno,Principal
T-14736,2025-11-23,Cena,P-23,2,Tiramisu de la Casa,Postre
T-15776,2024-11-25,Comida,P-23,1,Tiramisu de la Casa,Postre
T-16869,2024-09-28,Cena,P-07,2,Pizza Margarita,Principal
T-15056,2024-02-16,Cena,P-10,2,Solomillo Iberico,Principal
T-10826,2025-06-05,Cena,P-23,3,Tiramisu de la Casa,Postre
T-15286,2025-05-12,Comida,P-15,3,Cerveza Artesana,Bebida
T-12747,2024-09-07,Comida,P-06,3,Vino Tinto Copa,Bebida
T-13210,2024-07-12,Cena,P-14,3,Tortilla de Patatas,Entrante
T-11619,2024-12-26,Cena,P-10,2,Solomillo Iberico,Principal
T-16485,2025-08-13,Cena,P-22,4,Te Verde,Bebida
T-10546,2025-08-10,Cena,P-03,2,Pasta Carbonara IA,Principal
T-15015,2024-07-28,Cena,P-09,2,Gazpacho Andaluz,Entrante
T-14001,2025-06-13,Cena,P-09,4,Gazpacho Andaluz,Entrante
T-15815,2024-04-10,Cena,P-25,2,Canelones de Carne,Principal
T-16171,2025-05-07,Cena,P-15,4,Cerveza Artesana,Bebida
T-13686,2025-12-18,Comida,P-08,1,Croquetas de Jamon,Entrante
T-15460,2024-03-09,Comida,P-17,1,Brownie con Helado,Postre
T-13738,2025-10-31,Cena,P-10,2,Solomillo Iberico,Principal
T-14675,2025-02-07,Cena,P-11,3,Salmon a la Plancha,Principal
T-17498,2025-12-19,Cena,P-12,4,Risotto de Setas,Principal
T-16755,2024-02-29,Comida,P-16,4,Agua Mineral,Bebida
T-10290,2025-03-30,Cena,P-13,1,Bacalao al Horno,Principal
T-17261,2025-11-04,Cena,P-24,4,Nuggets de Pollo,Principal
T-12845,2025-12-23,Cena,P-07,4,Pizza Margarita,Principal
T-16140,2025-04-29,Cena,P-14,1,Tortilla de Patatas,Entrante
T-11918,2025-07-01,Comida,P-23,1,Tiramisu de la Casa,Postre
T-12758,2024-10-03,Comida,P-03,2,Pasta Carbonara IA,Principal
T-10850,2025-05-08,Comida,P-05,1,Refresco Cola,Bebida
T-17086,2024-04-23,Cena,P-23,1,Tiramisu de la Casa,Postre
T-11028,2024-10-01,Comida,P-24,3,Nuggets de Pollo,Principal
T-10627,2024-02-20,Comida,P-01,4,Hamburguesa Smart,Principal
T-12215,2025-01-22,Comida,P-19,3,Entrecot Ternera,Principal
T-16852,2025-04-23,Comida,P-05,2,Refresco Cola,Bebida
T-17286,2025-03-31,Comida,P-24,1,Nuggets de Pollo,Principal
T-13551,2024-09-14,Comida,P-10,3,Solomillo Iberico,Principal
T-12523,2025-08-11,Cena,P-13,3,Bacalao al Horno,Principal
T-16719,2024-12-07,Cena,P-19,3,Entrecot Ternera,Principal
T-10777,2024-10-03,Cena,P-21,3,Cafe Solo,Bebida
T-16648,2024-10-28,Comida,P-24,3,Nuggets de Pollo,Principal
T-17293,2024-10-03,Cena,P-04,2,Tarta de Queso Casera,Postre
T-11147,2025-08-10,Cena,P-24,4,Nuggets de Pollo,Principal
T-16353,2024-05-28,Cena,P-01,1,Hamburguesa Smart,Principal
T-13509,2024-11-15,Cena,P-06,2,Vino Tinto Copa,Bebida
T-11101,2024-04-03,Cena,P-23,1,Tiramisu de la Casa,Postre
T-12819,2024-07-01,Cena,P-12,3,Risotto de Setas,Principal
T-16768,2025-03-31,Cena,P-22,2,Te Verde,Bebida
T-14197,2025-09-07,Comida,P-20,2,Paella de Marisco,Principal
T-13899,2024-06-01,Comida,P-03,3,Pasta Carbonara IA,Principal
T-11874,2025-03-15,Comida,P-16,3,Agua Mineral,Bebida
T-11460,2025-10-22,Cena,P-05,4,Refresco Cola,Bebida
T-15258,2024-11-29,Comida,P-11,4,Salmon a la Plancha,Principal
T-14035,2025-01-18,Cena,P-23,3,Tiramisu de la Casa,Postre
T-10724,2024-07-31,Comida,P-24,3,Nuggets de Pollo,Principal
T-15467,2025-05-13,Comida,P-25,1,Canelones de Carne,Principal
T-10412,2025-05-28,Cena,P-12,4,Risotto de Setas,Principal
T-11664,2025-12-08,Comida,P-04,1,Tarta de Queso Casera,Postre
T-13131,2024-10-05,Cena,P-16,3,Agua Mineral,Bebida
T-11472,2024-07-19,Cena,P-07,3,Pizza Margarita,Principal
T-11772,2025-12-15,Cena,P-18,1,Ensaladilla Rusa,Entrante
T-10074,2024-04-09,Comida,P-25,1,Canelones de Carne,Principal
T-17769,2025-03-26,Comida,P-18,3,Ensaladilla Rusa,Entrante
T-15825,2025-12-06,Cena,P-20,4,Paella de Marisco,Principal
T-11358,2025-10-09,Comida,P-16,3,Agua Mineral,Bebida
T-17551,2025-01-29,Cena,P-03,4,Pasta Carbonara IA,Principal
T-17566,2024-07-28,Comida,P-01,1,Hamburguesa Smart,Principal
T-12876,2025-07-10,Cena,P-01,2,Hamburguesa Smart,Principal
T-12512,2024-04-25,Cena,P-10,3,Solomillo Iberico,Principal
T-12333,2025-08-31,Cena,P-05,3,Refresco Cola,Bebida
T-13279,2025-06-19,Cena,P-10,2,Solomillo Iberico,Principal
T-15282,2024-03-07,Comida,P-18,4,Ensaladilla Rusa,Entrante
T-15482,2024-08-06,Cena,P-18,2,Ensaladilla Rusa,Entrante
T-15172,2025-06-03,Cena,P-13,2,Bacalao al Horno,Principal
T-15569,2024-02-11,Comida,P-15,4,Cerveza Artesana,Bebida
T-12169,2024-09-19,Cena,P-13,2,Bacalao al Horno,Principal
T-10004,2025-03-11,Comida,P-06,1,Vino Tinto Copa,Bebida
T-10458,2024-07-31,Cena,P-09,2,Gazpacho Andaluz,Entrante
T-14840,2025-02-27,Cena,P-18,2,Ensaladilla Rusa,Entrante
T-12219,2024-11-30,Comida,P-12,3,Risotto de Setas,Principal
T-13151,2024-01-18,Comida,P-14,4,Tortilla de Patatas,Entrante
T-17857,2025-05-24,Comida,P-24,2,Nuggets de Pollo,Principal
T-13253,2025-10-12,Cena,P-25,4,Canelones de Carne,Principal
T-11030,2025-01-05,Cena,P-12,3,Risotto de Setas,Principal
T-15270,2025-05-16,Comida,P-08,1,Croquetas de Jamon,Entrante
T-12659,2024-12-20,Cena,P-14,4,Tortilla de Patatas,Entrante
T-16102,2025-01-21,Cena,P-15,3,Cerveza Artesana,Bebida
T-17014,2024-05-03,Comida,P-11,3,Salmon a la Plancha,Principal
T-16699,2024-11-26,Cena,P-20,1,Paella de Marisco,Principal
T-16921,2024-07-26,Comida,P-16,2,Agua Mineral,Bebida
T-12095,2024-06-21,Cena,P-19,1,Entrecot Ternera,Principal
T-12151,2024-07-16,Cena,P-18,2,Ensaladilla Rusa,Entrante
T-11658,2025-05-22,Cena,P-17,4,Brownie con Helado,Postre
T-14414,2025-08-16,Cena,P-24,3,Nuggets de Pollo,Principal
T-10246,2024-06-10,Comida,P-02,3,Ensalada Cesar,Entrante
T-15239,2025-02-07,Cena,P-12,2,Risotto de Setas,Principal
T-12681,2025-03-26,Cena,P-08,2,Croquetas de Jamon,Entrante
T-11504,2024-03-31,Comida,P-18,2,Ensaladilla Rusa,Entrante
T-14146,2025-08-20,Comida,P-04,2,Tarta de Queso Casera,Postre
T-17003,2024-05-13,Cena,P-04,3,Tarta de Queso Casera,Postre
T-16040,2025-04-09,Comida,P-04,4,Tarta de Queso Casera,Postre
T-12773,2025-12-28,Comida,P-11,4,Salmon a la Plancha,Principal
T-17304,2024-09-09,Cena,P-16,4,Agua Mineral,Bebida
T-15623,2025-10-24,Cena,P-04,4,Tarta de Queso Casera,Postre
T-10288,2024-06-13,Comida,P-07,1,Pizza Margarita,Principal
T-12208,2024-05-18,Cena,P-22,3,Te Verde,Bebida
T-10191,2025-05-31,Cena,P-03,2,Pasta Carbonara IA,Principal
T-16538,2025-09-21,Cena,P-07,3,Pizza Margarita,Principal
T-16270,2024-05-05,Cena,P-16,1,Agua Mineral,Bebida
T-17101,2025-09-26,Cena,P-11,2,Salmon a la Plancha,Principal
T-10780,2024-05-11,Cena,P-01,1,Hamburguesa Smart,Principal
T-13971,2025-06-24,Comida,P-01,4,Hamburguesa Smart,Principal
T-13433,2024-12-22,Comida,P-21,1,Cafe Solo,Bebida
T-15834,2024-11-28,Comida,P-21,2,Cafe Solo,Bebida
T-12550,2025-09-14,Cena,P-23,2,Tiramisu de la Casa,Postre
T-17931,2025-08-21,Cena,P-13,2,Bacalao al Horno,Principal
T-15674,2024-09-30,Cena,P-14,4,Tortilla de Patatas,Entrante
T-16079,2025-10-16,Comida,P-17,1,Brownie con Helado,Postre
T-16883,2024-02-13,Cena,P-17,4,Brownie con Helado,Postre
T-15338,2025-06-02,Cena,P-06,4,Vino Tinto Copa,Bebida
T-11016,2024-06-21,Cena,P-19,4,Entrecot Ternera,Principal
T-16833,2025-11-29,Comida,P-05,1,Refresco Cola,Bebida
T-15256,2025-08-29,Comida,P-24,3,Nuggets de Pollo,Principal
T-17259,2025-07-27,Comida,P-24,2,Nuggets de Pollo,Principal
T-12026,2025-08-23,Cena,P-06,2,Vino Tinto Copa,Bebida
T-14975,2024-03-15,Comida,P-21,2,Cafe Solo,Bebida
T-14284,2024-12-11,Comida,P-11,3,Salmon a la Plancha,Principal
T-10422,2024-01-13,Cena,P-10,1,Solomillo Iberico,Principal
T-10919,2025-09-13,Cena,P-16,3,Agua Mineral,Bebida
T-13060,2024-12-16,Comida,P-06,4,Vino Tinto Copa,Bebida
T-15601,2024-09-29,Comida,P-06,3,Vino Tinto Copa,Bebida
T-15236,2024-03-24,Cena,P-17,4,Brownie con Helado,Postre
T-17235,2024-05-07,Comida,P-14,3,Tortilla de Patatas,Entrante
T-11439,2025-02-14,Cena,P-07,1,Pizza Margarita,Principal
T-12864,2025-09-01,Cena,P-22,2,Te Verde,Bebida
T-12201,2024-03-12,Cena,P-02,1,Ensalada Cesar,Entrante
T-10398,2024-05-08,Comida,P-13,4,Bacalao al Horno,Principal
T-12752,2024-06-23,Comida,P-21,2,Cafe Solo,Bebida
T-17026,2024-11-26,Cena,P-08,4,Croquetas de Jamon,Entrante
T-11349,2024-09-30,Cena,P-20,1,Paella de Marisco,Principal
T-16408,2025-06-21,Cena,P-21,1,Cafe Solo,Bebida
T-12743,2024-02-10,Comida,P-18,1,Ensaladilla Rusa,Entrante
T-12453,2024-08-25,Comida,P-18,4,Ensaladilla Rusa,Entrante
T-17775,2024-08-14,Comida,P-03,3,Pasta Carbonara IA,Principal
T-10282,2025-02-10,Cena,P-02,4,Ensalada Cesar,Entrante
T-10634,2024-06-10,Cena,P-04,4,Tarta de Queso Casera,Postre
T-17266,2025-02-13,Comida,P-13,3,Bacalao al Horno,Principal
T-10236,2025-07-07,Comida,P-01,4,Hamburguesa Smart,Principal
T-14515,2024-12-22,Comida,P-09,4,Gazpacho Andaluz,Entrante
T-17431,2024-09-25,Cena,P-09,1,Gazpacho Andaluz,Entrante
T-13066,2025-11-16,Comida,P-16,3,Agua Mineral,Bebida
T-11302,2025-07-22,Cena,P-15,2,Cerveza Artesana,Bebida
T-10838,2024-03-15,Comida,P-19,3,Entrecot Ternera,Principal
T-13899,2024-09-24,Cena,P-22,1,Te Verde,Bebida
T-17751,2025-04-15,Comida,P-22,1,Te Verde,Bebida
T-11386,2025-09-12,Cena,P-04,1,Tarta de Queso Casera,Postre
T-11172,2025-06-29,Cena,P-05,4,Refresco Cola,Bebida
T-17900,2025-09-18,Cena,P-16,3,Agua Mineral,Bebida
T-11589,2025-09-30,Comida,P-15,2,Cerveza Artesana,Bebida
T-12658,2025-12-21,Comida,P-22,2,Te Verde,Bebida
T-13981,2024-04-12,Cena,P-21,3,Cafe Solo,Bebida
T-17902,2024-02-24,Comida,P-04,1,Tarta de Queso Casera,Postre
T-12276,2025-02-12,Cena,P-08,1,Croquetas de Jamon,Entrante
T-14133,2025-09-08,Cena,P-12,4,Risotto de Setas,Principal
T-17971,2024-01-07,Comida,P-10,4,Solomillo Iberico,Principal
T-13820,2024-02-08,Comida,P-25,3,Canelones de Carne,Principal
T-10449,2024-12-30,Cena,P-20,4,Paella de Marisco,Principal
T-16929,2025-02-04,Comida,P-21,4,Cafe Solo,Bebida
T-14929,2025-03-06,Cena,P-08,2,Croquetas de Jamon,Entrante
T-15012,2024-11-29,Cena,P-12,1,Risotto de Setas,Principal
T-13964,2025-02-17,Cena,P-06,2,Vino Tinto Copa,Bebida
T-17157,2025-09-10,Cena,P-20,3,Paella de Marisco,Principal
T-12488,2025-11-20,Cena,P-05,3,Refresco Cola,Bebida
T-13033,2025-08-04,Cena,P-19,1,Entrecot Ternera,Principal
T-17246,2025-05-05,Cena,P-03,2,Pasta Carbonara IA,Principal
T-13677,2025-08-13,Cena,P-08,2,Croquetas de Jamon,Entrante
T-10645,2024-12-19,Comida,P-17,4,Brownie con Helado,Postre
T-14251,2025-05-19,Comida,P-13,2,Bacalao al Horno,Principal
T-14289,2024-04-20,Cena,P-13,1,Bacalao al Horno,Principal
T-11794,2025-01-10,Cena,P-16,2,Agua Mineral,Bebida
T-10496,2025-01-02,Cena,P-06,4,Vino Tinto Copa,Bebida
T-12958,2025-08-04,Cena,P-01,2,Hamburguesa Smart,Principal
T-12285,2024-05-11,Comida,P-25,3,Canelones de Carne,Principal
T-17733,2025-02-22,Cena,P-02,3,Ensalada Cesar,Entrante
T-16009,2024-07-31,Cena,P-18,3,Ensaladilla Rusa,Entrante
T-17131,2024-08-06,Comida,P-10,2,Solomillo Iberico,Principal
T-16927,2025-05-09,Cena,P-02,1,Ensalada Cesar,Entrante
T-11596,2025-08-03,Cena,P-24,2,Nuggets de Pollo,Principal
T-16051,2025-05-30,Cena,P-25,3,Canelones de Carne,Principal
T-16681,2025-08-09,Cena,P-05,1,Refresco Cola,Bebida
T-12730,2024-03-13,Comida,P-18,1,Ensaladilla Rusa,Entrante
T-13257,2025-11-14,Cena,P-07,2,Pizza Margarita,Principal
T-14704,2025-01-12,Cena,P-03,1,Pasta Carbonara IA,Principal
T-17411,2025-08-01,Comida,P-04,3,Tarta de Queso Casera,Postre
T-13269,2024-08-29,Cena,P-20,3,Paella de Marisco,Principal
T-11074,2025-07-08,Cena,P-15,1,Cerveza Artesana,Bebida
T-10677,2025-01-13,Cena,P-16,2,Agua Mineral,Bebida
T-14312,2024-05-29,Cena,P-19,1,Entrecot Ternera,Principal
T-17269,2024-12-02,Comida,P-17,3,Brownie con Helado,Postre
T-16916,2024-01-02,Cena,P-07,4,Pizza Margarita,Principal
T-14968,2024-07-08,Comida,P-20,1,Paella de Marisco,Principal
T-10892,2024-07-21,Cena,P-11,4,Salmon a la Plancha,Principal
T-17059,2024-01-14,Cena,P-09,1,Gazpacho Andaluz,Entrante
T-17462,2025-03-06,Comida,P-08,4,Croquetas de Jamon,Entrante
T-12520,2024-11-07,Cena,P-14,2,Tortilla de Patatas,Entrante
T-16940,2025-06-16,Cena,P-07,4,Pizza Margarita,Principal
T-13823,2025-08-29,Cena,P-06,4,Vino Tinto Copa,Bebida
T-13509,2025-05-20,Comida,P-01,4,Hamburguesa Smart,Principal
T-11239,2024-06-14,Cena,P-17,3,Brownie con Helado,Postre
T-16921,2025-04-16,Comida,P-25,2,Canelones de Carne,Principal
T-12239,2024-10-21,Cena,P-24,3,Nuggets de Pollo,Principal
T-14335,2025-05-08,Cena,P-01,1,Hamburguesa Smart,Principal
T-11863,2024-07-23,Cena,P-13,4,Bacalao al Horno,Principal
T-12199,2025-09-21,Cena,P-18,2,Ensaladilla Rusa,Entrante
T-10729,2024-12-06,Comida,P-11,1,Salmon a la Plancha,Principal
T-16746,2025-09-17,Comida,P-19,4,Entrecot Ternera,Principal
T-17991,2025-09-10,Comida,P-13,4,Bacalao al Horno,Principal
T-12322,2025-04-18,Comida,P-03,1,Pasta Carbonara IA,Principal
T-17193,2025-09-05,Comida,P-07,1,Pizza Margarita,Principal
T-16211,2025-06-16,Cena,P-16,4,Agua Mineral,Bebida
T-17438,2025-08-20,Comida,P-19,1,Entrecot Ternera,Principal
T-14892,2025-02-02,Comida,P-11,1,Salmon a la Plancha,Principal
T-10354,2024-02-07,Cena,P-15,4,Cerveza Artesana,Bebida
T-15833,2024-04-28,Comida,P-25,3,Canelones de Carne,Principal
T-15095,2024-03-23,Comida,P-19,3,Entrecot Ternera,Principal
T-10771,2024-10-30,Cena,P-16,3,Agua Mineral,Bebida
T-14232,2024-02-23,Cena,P-22,2,Te Verde,Bebida
T-17283,2024-01-27,Comida,P-12,2,Risotto de Setas,Principal
T-11160,2024-05-06,Comida,P-17,4,Brownie con Helado,Postre
T-15357,2025-06-02,Cena,P-17,4,Brownie con Helado,Postre
T-12502,2025-12-20,Comida,P-18,4,Ensaladilla Rusa,Entrante
T-12529,2024-08-13,Comida,P-05,3,Refresco Cola,Bebida
T-13777,2025-06-22,Comida,P-06,3,Vino Tinto Copa,Bebida
T-13340,2025-06-28,Cena,P-03,4,Pasta Carbonara IA,Principal
T-16358,2025-04-05,Comida,P-02,3,Ensalada Cesar,Entrante
T-13951,2024-08-22,Cena,P-24,2,Nuggets de Pollo,Principal
T-17661,2024-07-30,Cena,P-19,2,Entrecot Ternera,Principal
T-11158,2025-11-24,Cena,P-20,3,Paella de Marisco,Principal
T-17463,2025-06-16,Cena,P-06,4,Vino Tinto Copa,Bebida
T-11494,2024-12-06,Cena,P-19,4,Entrecot Ternera,Principal
T-16940,2025-01-15,Cena,P-12,3,Risotto de Setas,Principal
T-14140,2024-02-13,Comida,P-10,2,Solomillo Iberico,Principal
T-17937,2024-02-22,Cena,P-05,3,Refresco Cola,Bebida
T-10527,2025-03-29,Comida,P-22,1,Te Verde,Bebida
T-16289,2025-05-22,Comida,P-02,2,Ensalada Cesar,Entrante
T-11309,2025-06-09,Cena,P-25,2,Canelones de Carne,Principal
T-11839,2025-01-05,Cena,P-18,3,Ensaladilla Rusa,Entrante
T-17014,2024-01-24,Cena,P-12,4,Risotto de Setas,Principal
T-12497,2025-11-11,Cena,P-16,2,Agua Mineral,Bebida
T-11318,2025-10-13,Cena,P-13,4,Bacalao al Horno,Principal
T-10437,2025-04-30,Cena,P-17,3,Brownie con Helado,Postre
T-14945,2024-11-22,Cena,P-11,2,Salmon a la Plancha,Principal
T-13716,2024-07-31,Comida,P-23,3,Tiramisu de la Casa,Postre
T-13294,2025-02-11,Cena,P-05,3,Refresco Cola,Bebida
T-17741,2025-08-02,Cena,P-19,4,Entrecot Ternera,Principal
T-11297,2024-11-24,Cena,P-13,2,Bacalao al Horno,Principal
T-10743,2024-12-24,Comida,P-21,4,Cafe Solo,Bebida
T-16748,2025-08-13,Cena,P-18,2,Ensaladilla Rusa,Entrante
T-11416,2024-08-06,Cena,P-11,4,Salmon a la Plancha,Principal
T-16697,2025-04-21,Comida,P-16,3,Agua Mineral,Bebida
T-15418,2025-04-21,Cena,P-02,2,Ensalada Cesar,Entrante
T-13201,2025-05-04,Comida,P-16,4,Agua Mineral,Bebida
T-10180,2024-06-29,Comida,P-23,3,Tiramisu de la Casa,Postre
T-10246,2024-07-07,Comida,P-12,1,Risotto de Setas,Principal
T-10100,2025-03-02,Cena,P-12,3,Risotto de Setas,Principal
T-15571,2024-03-05,Cena,P-19,4,Entrecot Ternera,Principal
T-17266,2025-01-06,Cena,P-14,3,Tortilla de Patatas,Entrante
T-11637,2024-09-10,Cena,P-14,3,Tortilla de Patatas,Entrante
T-13762,2024-10-11,Comida,P-23,2,Tiramisu de la Casa,Postre
T-10832,2024-10-27,Comida,P-02,2,Ensalada Cesar,Entrante
T-16578,2025-05-17,Comida,P-01,2,Hamburguesa Smart,Principal
T-13898,2024-07-26,Comida,P-19,2,Entrecot Ternera,Principal
T-11079,2025-10-14,Comida,P-03,3,Pasta Carbonara IA,Principal
T-16644,2024-09-05,Comida,P-23,3,Tiramisu de la Casa,Postre
T-13977,2025-07-10,Cena,P-20,4,Paella de Marisco,Principal
T-17780,2024-11-07,Comida,P-12,4,Risotto de Setas,Principal
T-11949,2025-09-13,Cena,P-21,1,Cafe Solo,Bebida
T-16383,2024-03-01,Cena,P-07,4,Pizza Margarita,Principal
T-15016,2024-05-02,Cena,P-20,4,Paella de Marisco,Principal
T-13949,2024-08-28,Cena,P-03,4,Pasta Carbonara IA,Principal
T-14222,2025-08-23,Cena,P-12,2,Risotto de Setas,Principal
T-17097,2024-09-06,Cena,P-18,2,Ensaladilla Rusa,Entrante
T-12651,2024-12-22,Cena,P-22,1,Te Verde,Bebida
T-15218,2025-03-25,Comida,P-12,2,Risotto de Setas,Principal
T-11959,2024-01-14,Cena,P-04,1,Tarta de Queso Casera,Postre
T-15947,2024-11-28,Cena,P-07,3,Pizza Margarita,Principal
T-12886,2024-08-07,Comida,P-03,3,Pasta Carbonara IA,Principal
T-12360,2024-12-17,Cena,P-05,1,Refresco Cola,Bebida
T-17619,2025-08-27,Comida,P-08,4,Croquetas de Jamon,Entrante
T-12404,2025-05-22,Comida,P-07,1,Pizza Margarita,Principal
T-17814,2025-07-27,Cena,P-22,2,Te Verde,Bebida
T-12483,2025-04-10,Comida,P-23,3,Tiramisu de la Casa,Postre
T-17727,2024-02-23,Comida,P-02,2,Ensalada Cesar,Entrante
T-17625,2025-02-09,Cena,P-17,4,Brownie con Helado,Postre
T-15839,2024-05-11,Cena,P-11,2,Salmon a la Plancha,Principal
T-11334,2024-02-08,Cena,P-02,2,Ensalada Cesar,Entrante
T-15243,2025-07-24,Comida,P-01,4,Hamburguesa Smart,Principal
T-11188,2024-02-22,Cena,P-04,3,Tarta de Queso Casera,Postre
T-10254,2024-07-04,Cena,P-17,3,Brownie con Helado,Postre
T-11810,2024-12-16,Comida,P-20,2,Paella de Marisco,Principal
T-10561,2024-06-28,Cena,P-13,3,Bacalao al Horno,Principal
T-14639,2025-08-05,Comida,P-07,3,Pizza Margarita,Principal
T-12050,2025-12-14,Comida,P-01,4,Hamburguesa Smart,Principal
T-15427,2025-07-10,Cena,P-01,3,Hamburguesa Smart,Principal
T-12604,2024-05-09,Cena,P-19,3,Entrecot Ternera,Principal
T-11476,2024-03-19,Cena,P-07,1,Pizza Margarita,Principal
T-14170,2024-09-30,Cena,P-04,2,Tarta de Queso Casera,Postre
T-16819,2025-05-31,Comida,P-08,4,Croquetas de Jamon,Entrante
T-16404,2024-05-31,Cena,P-13,3,Bacalao al Horno,Principal
T-10215,2024-03-28,Cena,P-20,2,Paella de Marisco,Principal
T-14604,2024-07-21,Comida,P-18,2,Ensaladilla Rusa,Entrante
T-17251,2025-12-02,Comida,P-14,4,Tortilla de Patatas,Entrante
T-10204,2025-06-06,Cena,P-23,4,Tiramisu de la Casa,Postre
T-10943,2024-03-08,Cena,P-07,1,Pizza Margarita,Principal
T-15391,2024-11-18,Comida,P-07,2,Pizza Margarita,Principal
T-16743,2025-05-04,Comida,P-05,2,Refresco Cola,Bebida
T-13094,2025-01-02,Comida,P-10,2,Solomillo Iberico,Principal
T-10744,2025-02-18,Comida,P-04,3,Tarta de Queso Casera,Postre
T-14771,2025-01-04,Cena,P-07,2,Pizza Margarita,Principal
T-15605,2024-08-03,Comida,P-24,1,Nuggets de Pollo,Principal
T-12115,2024-10-26,Comida,P-17,1,Brownie con Helado,Postre
T-10560,2025-11-23,Cena,P-01,4,Hamburguesa Smart,Principal
T-16398,2024-11-01,Cena,P-08,4,Croquetas de Jamon,Entrante
T-13824,2024-03-03,Comida,P-21,4,Cafe Solo,Bebida
T-15151,2025-05-16,Comida,P-01,1,Hamburguesa Smart,Principal
T-17118,2025-05-15,Cena,P-03,1,Pasta Carbonara IA,Principal
T-16668,2024-07-24,Comida,P-19,3,Entrecot Ternera,Principal
T-13305,2025-02-01,Comida,P-12,1,Risotto de Setas,Principal
T-17467,2025-07-17,Cena,P-03,4,Pasta Carbonara IA,Principal
T-10926,2024-04-19,Comida,P-14,3,Tortilla de Patatas,Entrante
T-10586,2025-04-19,Comida,P-14,4,Tortilla de Patatas,Entrante
T-12668,2025-08-07,Cena,P-08,1,Croquetas de Jamon,Entrante
T-17377,2024-05-20,Cena,P-05,4,Refresco Cola,Bebida
T-12925,2024-05-11,Comida,P-13,3,Bacalao al Horno,Principal
T-13377,2024-04-12,Cena,P-12,1,Risotto de Setas,Principal
T-16593,2025-11-29,Comida,P-23,3,Tiramisu de la Casa,Postre
T-12437,2025-04-30,Cena,P-12,1,Risotto de Setas,Principal
T-11347,2025-04-24,Comida,P-24,1,Nuggets de Pollo,Principal
T-14253,2025-10-11,Cena,P-12,4,Risotto de Setas,Principal
T-12163,2025-02-05,Cena,P-15,1,Cerveza Artesana,Bebida
T-13558,2024-12-26,Comida,P-07,2,Pizza Margarita,Principal
T-11191,2024-08-13,Cena,P-03,1,Pasta Carbonara IA,Principal
T-15892,2025-08-12,Comida,P-11,1,Salmon a la Plancha,Principal
T-14936,2025-04-25,Cena,P-21,2,Cafe Solo,Bebida
T-13006,2024-01-03,Comida,P-14,1,Tortilla de Patatas,Entrante
T-16800,2025-08-03,Cena,P-18,4,Ensaladilla Rusa,Entrante
T-17487,2024-06-08,Comida,P-15,2,Cerveza Artesana,Bebida
T-15981,2024-08-26,Cena,P-13,1,Bacalao al Horno,Principal
T-16833,2025-12-05,Cena,P-25,4,Canelones de Carne,Principal
T-16332,2025-01-27,Cena,P-01,1,Hamburguesa Smart,Principal
T-13741,2024-02-01,Comida,P-19,3,Entrecot Ternera,Principal
T-12233,2025-09-29,Cena,P-04,2,Tarta de Queso Casera,Postre
T-11835,2025-10-11,Comida,P-18,4,Ensaladilla Rusa,Entrante
T-10976,2025-11-02,Cena,P-23,4,Tiramisu de la Casa,Postre
T-17640,2025-06-26,Cena,P-06,3,Vino Tinto Copa,Bebida
T-15228,2024-11-04,Cena,P-24,2,Nuggets de Pollo,Principal
T-17476,2025-05-31,Cena,P-04,3,Tarta de Queso Casera,Postre
T-11306,2024-09-30,Cena,P-14,4,Tortilla de Patatas,Entrante
T-16360,2024-05-06,Cena,P-04,2,Tarta de Queso Casera,Postre
T-11698,2025-06-30,Cena,P-24,3,Nuggets de Pollo,Principal
T-15058,2024-02-10,Comida,P-06,3,Vino Tinto Copa,Bebida
T-17532,2024-03-02,Cena,P-08,3,Croquetas de Jamon,Entrante
T-17432,2025-04-18,Cena,P-02,3,Ensalada Cesar,Entrante
T-10991,2025-02-21,Cena,P-12,3,Risotto de Setas,Principal
T-15704,2024-03-15,Cena,P-18,3,Ensaladilla Rusa,Entrante
T-17244,2025-10-24,Comida,P-10,3,Solomillo Iberico,Principal
T-13786,2024-07-05,Comida,P-03,1,Pasta Carbonara IA,Principal
T-12357,2024-11-26,Comida,P-18,4,Ensaladilla Rusa,Entrante
T-17105,2024-05-29,Comida,P-03,2,Pasta Carbonara IA,Principal
T-16894,2025-09-20,Comida,P-12,2,Risotto de Setas,Principal
T-11822,2025-05-26,Comida,P-06,3,Vino Tinto Copa,Bebida
T-14931,2025-02-20,Comida,P-04,1,Tarta de Queso Casera,Postre
T-10896,2024-03-04,Cena,P-23,1,Tiramisu de la Casa,Postre
T-16029,2024-04-15,Cena,P-16,3,Agua Mineral,Bebida
T-12798,2025-05-05,Cena,P-15,3,Cerveza Artesana,Bebida
T-16087,2025-07-22,Cena,P-15,1,Cerveza Artesana,Bebida
T-17979,2025-02-23,Comida,P-19,1,Entrecot Ternera,Principal
T-10917,2024-05-02,Comida,P-20,4,Paella de Marisco,Principal
T-12233,2024-03-19,Cena,P-14,1,Tortilla de Patatas,Entrante
T-14366,2024-01-23,Comida,P-08,1,Croquetas de Jamon,Entrante
T-17950,2025-07-01,Cena,P-25,3,Canelones de Carne,Principal
T-12215,2025-09-13,Comida,P-22,4,Te Verde,Bebida
T-13843,2024-11-03,Cena,P-23,4,Tiramisu de la Casa,Postre
T-15647,2025-10-15,Cena,P-11,3,Salmon a la Plancha,Principal
T-10636,2025-10-09,Cena,P-22,4,Te Verde,Bebida
T-14060,2025-12-02,Cena,P-09,2,Gazpacho Andaluz,Entrante
T-13980,2024-08-18,Comida,P-14,3,Tortilla de Patatas,Entrante
T-14478,2024-04-25,Cena,P-16,2,Agua Mineral,Bebida
T-17398,2024-05-01,Cena,P-16,4,Agua Mineral,Bebida
T-14558,2024-05-25,Cena,P-02,1,Ensalada Cesar,Entrante
T-11031,2024-03-15,Comida,P-21,4,Cafe Solo,Bebida
T-11975,2025-08-02,Comida,P-23,2,Tiramisu de la Casa,Postre
T-14524,2025-11-20,Comida,P-25,1,Canelones de Carne,Principal
T-15533,2025-09-04,Comida,P-24,1,Nuggets de Pollo,Principal
T-13380,2024-02-15,Cena,P-11,4,Salmon a la Plancha,Principal
T-12411,2025-11-14,Cena,P-11,2,Salmon a la Plancha,Principal
T-12832,2025-09-04,Cena,P-13,2,Bacalao al Horno,Principal
T-13958,2025-09-02,Cena,P-03,4,Pasta Carbonara IA,Principal
T-17764,2025-05-01,Comida,P-15,3,Cerveza Artesana,Bebida
T-15947,2024-11-08,Cena,P-05,1,Refresco Cola,Bebida
T-16241,2024-09-24,Cena,P-20,4,Paella de Marisco,Principal
T-12054,2024-04-29,Cena,P-08,2,Croquetas de Jamon,Entrante
T-12744,2025-01-02,Comida,P-16,3,Agua Mineral,Bebida
T-10612,2025-02-23,Cena,P-13,1,Bacalao al Horno,Principal
T-11305,2025-02-14,Cena,P-18,1,Ensaladilla Rusa,Entrante
T-14801,2024-03-21,Cena,P-12,4,Risotto de Setas,Principal
T-12177,2024-03-17,Comida,P-23,3,Tiramisu de la Casa,Postre
T-13093,2025-04-11,Comida,P-17,2,Brownie con Helado,Postre
T-15488,2024-02-15,Comida,P-19,3,Entrecot Ternera,Principal
T-16815,2024-06-29,Comida,P-14,2,Tortilla de Patatas,Entrante
T-16144,2025-02-11,Comida,P-17,4,Brownie con Helado,Postre
T-15654,2025-06-03,Cena,P-25,3,Canelones de Carne,Principal
T-15892,2024-07-08,Comida,P-16,4,Agua Mineral,Bebida
T-17362,2024-06-07,Comida,P-18,3,Ensaladilla Rusa,Entrante
T-14169,2024-10-18,Cena,P-16,2,Agua Mineral,Bebida
T-17847,2024-12-13,Cena,P-13,3,Bacalao al Horno,Principal
T-15767,2024-06-16,Comida,P-02,4,Ensalada Cesar,Entrante
T-17314,2024-02-16,Cena,P-05,1,Refresco Cola,Bebida
T-16279,2025-05-23,Cena,P-08,2,Croquetas de Jamon,Entrante
T-13416,2024-08-29,Comida,P-14,2,Tortilla de Patatas,Entrante
T-17336,2024-02-17,Cena,P-01,4,Hamburguesa Smart,Principal
T-15822,2025-02-23,Comida,P-18,1,Ensaladilla Rusa,Entrante
T-16543,2024-04-05,Comida,P-06,3,Vino Tinto Copa,Bebida
T-11639,2024-10-04,Comida,P-02,3,Ensalada Cesar,Entrante
T-13107,2025-10-29,Comida,P-05,1,Refresco Cola,Bebida
T-13557,2024-12-29,Comida,P-12,3,Risotto de Setas,Principal
T-12141,2025-06-26,Cena,P-19,3,Entrecot Ternera,Principal
T-13373,2025-07-31,Comida,P-22,3,Te Verde,Bebida
T-13400,2024-07-29,Cena,P-11,3,Salmon a la Plancha,Principal
T-15703,2024-11-11,Cena,P-01,4,Hamburguesa Smart,Principal
T-13551,2024-06-02,Comida,P-22,4,Te Verde,Bebida
T-15133,2025-10-15,Cena,P-22,4,Te Verde,Bebida
T-16211,2025-09-04,Cena,P-02,2,Ensalada Cesar,Entrante
T-16504,2025-03-03,Comida,P-18,4,Ensaladilla Rusa,Entrante
T-14780,2025-08-07,Cena,P-21,2,Cafe Solo,Bebida
T-16288,2025-11-08,Cena,P-11,3,Salmon a la Plancha,Principal
T-16286,2025-03-01,Cena,P-05,1,Refresco Cola,Bebida
T-16959,2024-01-02,Comida,P-04,2,Tarta de Queso Casera,Postre
T-13490,2025-04-26,Cena,P-04,4,Tarta de Queso Casera,Postre
T-13934,2024-03-31,Cena,P-11,1,Salmon a la Plancha,Principal
T-10053,2025-02-16,Comida,P-06,2,Vino Tinto Copa,Bebida
T-12346,2024-03-06,Comida,P-25,3,Canelones de Carne,Principal
T-13191,2024-09-03,Cena,P-06,2,Vino Tinto Copa,Bebida
T-15511,2024-07-19,Cena,P-08,2,Croquetas de Jamon,Entrante
T-14665,2024-09-12,Comida,P-21,4,Cafe Solo,Bebida
T-10805,2025-12-24,Cena,P-07,2,Pizza Margarita,Principal
T-11706,2024-06-25,Cena,P-06,1,Vino Tinto Copa,Bebida
T-15138,2024-05-13,Cena,P-19,1,Entrecot Ternera,Principal
T-10516,2025-05-20,Cena,P-06,3,Vino Tinto Copa,Bebida
T-11504,2025-11-28,Cena,P-20,3,Paella de Marisco,Principal
T-14937,2024-02-09,Cena,P-25,3,Canelones de Carne,Principal
T-11844,2025-08-04,Comida,P-08,3,Croquetas de Jamon,Entrante
T-11935,2025-11-06,Comida,P-22,3,Te Verde,Bebida
T-12526,2025-08-21,Cena,P-09,3,Gazpacho Andaluz,Entrante
T-10309,2025-09-05,Comida,P-16,2,Agua Mineral,Bebida
T-11735,2024-12-02,Cena,P-25,4,Canelones de Carne,Principal
T-10342,2025-03-29,Comida,P-13,1,Bacalao al Horno,Principal
T-17085,2025-03-12,Comida,P-02,1,Ensalada Cesar,Entrante
T-17377,2024-03-03,Comida,P-08,1,Croquetas de Jamon,Entrante
T-12174,2025-06-05,Cena,P-25,1,Canelones de Carne,Principal
T-17220,2025-11-07,Cena,P-17,1,Brownie con Helado,Postre
T-10777,2024-05-24,Cena,P-10,4,Solomillo Iberico,Principal
T-14185,2024-09-08,Comida,P-15,3,Cerveza Artesana,Bebida
T-16551,2025-09-21,Cena,P-20,3,Paella de Marisco,Principal
T-14265,2024-09-30,Cena,P-11,1,Salmon a la Plancha,Principal
T-17167,2024-12-23,Cena,P-16,4,Agua Mineral,Bebida
T-10509,2024-06-26,Cena,P-09,1,Gazpacho Andaluz,Entrante
T-16271,2025-08-06,Cena,P-17,4,Brownie con Helado,Postre
T-13661,2024-11-04,Cena,P-18,1,Ensaladilla Rusa,Entrante
T-15852,2025-04-20,Cena,P-19,4,Entrecot Ternera,Principal
T-13298,2024-05-07,Comida,P-17,4,Brownie con Helado,Postre
T-11567,2024-01-13,Comida,P-04,1,Tarta de Queso Casera,Postre
T-15627,2025-01-08,Comida,P-14,1,Tortilla de Patatas,Entrante
T-14699,2024-12-15,Cena,P-10,4,Solomillo Iberico,Principal
T-11617,2024-01-15,Comida,P-02,3,Ensalada Cesar,Entrante
T-10972,2024-04-08,Comida,P-22,4,Te Verde,Bebida
T-15765,2025-06-13,Cena,P-07,2,Pizza Margarita,Principal
T-17219,2024-06-11,Cena,P-10,4,Solomillo Iberico,Principal
T-15797,2024-01-17,Comida,P-15,1,Cerveza Artesana,Bebida
T-16497,2024-03-18,Comida,P-22,2,Te Verde,Bebida
T-11107,2025-03-11,Cena,P-03,2,Pasta Carbonara IA,Principal
T-12056,2025-05-02,Comida,P-06,4,Vino Tinto Copa,Bebida
T-17227,2024-09-02,Cena,P-13,3,Bacalao al Horno,Principal
T-14120,2025-09-01,Comida,P-15,3,Cerveza Artesana,Bebida
T-12476,2024-06-17,Cena,P-12,2,Risotto de Setas,Principal
T-15347,2024-07-25,Comida,P-15,2,Cerveza Artesana,Bebida
T-11846,2024-07-30,Cena,P-20,1,Paella de Marisco,Principal
T-11751,2025-10-06,Comida,P-17,1,Brownie con Helado,Postre
T-15925,2025-04-23,Comida,P-03,3,Pasta Carbonara IA,Principal
T-13825,2025-08-30,Cena,P-13,3,Bacalao al Horno,Principal
T-16718,2024-08-06,Comida,P-06,3,Vino Tinto Copa,Bebida
T-11285,2025-06-10,Comida,P-07,3,Pizza Margarita,Principal
T-10264,2024-03-19,Cena,P-12,3,Risotto de Setas,Principal
T-10858,2025-06-03,Comida,P-10,2,Solomillo Iberico,Principal
T-12097,2024-10-03,Cena,P-02,1,Ensalada Cesar,Entrante
T-14483,2025-02-23,Comida,P-01,1,Hamburguesa Smart,Principal
T-11372,2024-11-02,Comida,P-02,3,Ensalada Cesar,Entrante
T-16628,2024-05-25,Cena,P-01,2,Hamburguesa Smart,Principal
T-17844,2025-03-27,Cena,P-10,4,Solomillo Iberico,Principal
T-16254,2024-10-01,Cena,P-23,1,Tiramisu de la Casa,Postre
T-13443,2024-10-14,Cena,P-24,2,Nuggets de Pollo,Principal
T-14758,2025-09-01,Cena,P-16,4,Agua Mineral,Bebida
T-17885,2024-11-07,Cena,P-24,2,Nuggets de Pollo,Principal
T-14242,2025-06-23,Comida,P-03,2,Pasta Carbonara IA,Principal
T-16407,2024-01-09,Cena,P-21,1,Cafe Solo,Bebida
T-12847,2025-06-03,Comida,P-23,3,Tiramisu de la Casa,Postre
T-11015,2024-04-07,Comida,P-15,4,Cerveza Artesana,Bebida
T-16936,2024-07-02,Cena,P-17,4,Brownie con Helado,Postre
T-14600,2024-05-04,Cena,P-02,3,Ensalada Cesar,Entrante
T-11269,2025-02-24,Cena,P-19,4,Entrecot Ternera,Principal
T-10677,2025-11-13,Cena,P-05,4,Refresco Cola,Bebida
T-15637,2025-10-08,Comida,P-02,3,Ensalada Cesar,Entrante
T-14153,2025-04-27,Cena,P-12,4,Risotto de Setas,Principal
T-10696,2025-05-02,Comida,P-15,1,Cerveza Artesana,Bebida
T-11926,2024-06-08,Cena,P-04,4,Tarta de Queso Casera,Postre
T-10791,2025-02-28,Comida,P-07,2,Pizza Margarita,Principal
T-16359,2024-11-17,Comida,P-18,1,Ensaladilla Rusa,Entrante
T-14755,2025-04-07,Comida,P-06,3,Vino Tinto Copa,Bebida
T-11540,2024-11-29,Comida,P-24,3,Nuggets de Pollo,Principal
T-15137,2025-09-24,Cena,P-08,4,Croquetas de Jamon,Entrante
T-16623,2025-08-23,Cena,P-15,1,Cerveza Artesana,Bebida
T-14550,2024-09-30,Comida,P-12,1,Risotto de Setas,Principal
T-11670,2025-02-16,Comida,P-12,3,Risotto de Setas,Principal
T-16026,2024-07-22,Comida,P-19,4,Entrecot Ternera,Principal
T-14293,2024-05-24,Cena,P-11,2,Salmon a la Plancha,Principal
T-12624,2025-03-06,Cena,P-25,3,Canelones de Carne,Principal
T-14668,2024-10-27,Cena,P-11,2,Salmon a la Plancha,Principal
T-16240,2024-09-30,Comida,P-22,2,Te Verde,Bebida
T-11143,2024-07-20,Comida,P-12,2,Risotto de Setas,Principal
T-12325,2025-01-16,Comida,P-04,1,Tarta de Queso Casera,Postre
T-12598,2024-12-05,Cena,P-05,4,Refresco Cola,Bebida
T-15415,2025-03-19,Cena,P-09,3,Gazpacho Andaluz,Entrante
T-13016,2025-09-15,Cena,P-23,2,Tiramisu de la Casa,Postre
T-15588,2024-04-03,Cena,P-17,2,Brownie con Helado,Postre
T-15173,2025-02-17,Comida,P-01,4,Hamburguesa Smart,Principal
T-16397,2025-03-12,Cena,P-23,1,Tiramisu de la Casa,Postre
T-11572,2024-08-14,Cena,P-01,2,Hamburguesa Smart,Principal
T-10378,2025-01-26,Cena,P-14,4,Tortilla de Patatas,Entrante
T-15635,2024-02-17,Comida,P-08,2,Croquetas de Jamon,Entrante
T-12083,2025-01-23,Cena,P-05,1,Refresco Cola,Bebida
T-17426,2025-04-30,Cena,P-24,4,Nuggets de Pollo,Principal
T-15118,2025-01-22,Comida,P-24,3,Nuggets de Pollo,Principal
T-15241,2025-03-30,Cena,P-10,4,Solomillo Iberico,Principal
T-12979,2025-12-07,Cena,P-05,4,Refresco Cola,Bebida
T-14657,2024-04-18,Cena,P-14,3,Tortilla de Patatas,Entrante
T-11190,2025-10-09,Cena,P-10,4,Solomillo Iberico,Principal
T-16010,2024-11-23,Cena,P-09,2,Gazpacho Andaluz,Entrante
T-11563,2024-10-11,Cena,P-21,4,Cafe Solo,Bebida
T-14282,2024-01-17,Comida,P-23,1,Tiramisu de la Casa,Postre
T-11892,2025-07-04,Cena,P-17,2,Brownie con Helado,Postre
T-16895,2024-02-28,Comida,P-07,2,Pizza Margarita,Principal
T-10283,2024-05-11,Cena,P-01,3,Hamburguesa Smart,Principal
T-12847,2024-12-16,Comida,P-18,1,Ensaladilla Rusa,Entrante
T-15125,2025-12-16,Cena,P-07,4,Pizza Margarita,Principal
T-10215,2025-03-20,Comida,P-11,2,Salmon a la Plancha,Principal
T-10904,2024-06-18,Comida,P-18,4,Ensaladilla Rusa,Entrante
T-14140,2024-11-08,Comida,P-05,2,Refresco Cola,Bebida
T-10105,2025-03-13,Cena,P-22,2,Te Verde,Bebida
T-13935,2024-10-15,Comida,P-12,2,Risotto de Setas,Principal
T-16878,2025-11-18,Comida,P-04,4,Tarta de Queso Casera,Postre
T-15885,2024-08-15,Cena,P-23,4,Tiramisu de la Casa,Postre
T-13433,2024-03-13,Comida,P-11,4,Salmon a la Plancha,Principal
T-11580,2024-10-28,Cena,P-05,3,Refresco Cola,Bebida
T-15413,2024-09-02,Comida,P-12,2,Risotto de Setas,Principal
T-12653,2024-04-21,Cena,P-05,3,Refresco Cola,Bebida
T-10863,2024-03-04,Cena,P-18,4,Ensaladilla Rusa,Entrante
T-11321,2025-01-26,Comida,P-12,2,Risotto de Setas,Principal
T-10730,2025-09-28,Comida,P-12,1,Risotto de Setas,Principal
T-10860,2025-09-14,Cena,P-02,3,Ensalada Cesar,Entrante
T-10894,2024-11-11,Cena,P-12,4,Risotto de Setas,Principal
T-11355,2024-05-06,Comida,P-06,1,Vino Tinto Copa,Bebida
T-17663,2025-02-07,Comida,P-22,2,Te Verde,Bebida
T-16677,2025-11-10,Comida,P-08,1,Croquetas de Jamon,Entrante
T-11942,2025-09-14,Cena,P-11,3,Salmon a la Plancha,Principal
T-13858,2025-09-25,Cena,P-18,3,Ensaladilla Rusa,Entrante
T-17093,2024-05-02,Comida,P-08,4,Croquetas de Jamon,Entrante
T-11583,2025-06-24,Comida,P-11,3,Salmon a la Plancha,Principal
T-10984,2025-08-06,Comida,P-01,4,Hamburguesa Smart,Principal
T-17142,2024-09-07,Comida,P-08,4,Croquetas de Jamon,Entrante
T-14492,2025-06-21,Comida,P-06,3,Vino Tinto Copa,Bebida
T-10743,2024-11-16,Cena,P-16,2,Agua Mineral,Bebida
T-14318,2025-06-14,Cena,P-03,3,Pasta Carbonara IA,Principal
T-16094,2025-12-09,Cena,P-21,1,Cafe Solo,Bebida
T-14712,2024-10-27,Cena,P-06,4,Vino Tinto Copa,Bebida
T-10739,2025-09-01,Cena,P-07,2,Pizza Margarita,Principal
T-17720,2024-02-16,Cena,P-04,1,Tarta de Queso Casera,Postre
T-12359,2025-12-12,Comida,P-20,1,Paella de Marisco,Principal
T-13638,2025-10-24,Comida,P-10,1,Solomillo Iberico,Principal
T-11631,2024-04-10,Cena,P-06,1,Vino Tinto Copa,Bebida
T-12587,2025-11-14,Comida,P-25,2,Canelones de Carne,Principal
T-10017,2025-01-06,Comida,P-13,2,Bacalao al Horno,Principal
T-17506,2025-05-06,Cena,P-12,4,Risotto de Setas,Principal
T-16403,2025-05-25,Cena,P-07,3,Pizza Margarita,Principal
T-17716,2024-10-18,Cena,P-04,1,Tarta de Queso Casera,Postre
T-15405,2025-05-13,Cena,P-07,1,Pizza Margarita,Principal
T-12465,2025-10-19,Cena,P-20,4,Paella de Marisco,Principal
T-10325,2025-08-07,Cena,P-10,4,Solomillo Iberico,Principal
T-15523,2024-02-03,Comida,P-04,4,Tarta de Queso Casera,Postre
T-11934,2025-04-10,Cena,P-05,3,Refresco Cola,Bebida
T-10517,2025-02-12,Cena,P-05,3,Refresco Cola,Bebida
T-11641,2025-08-04,Cena,P-09,4,Gazpacho Andaluz,Entrante
T-14965,2025-08-02,Comida,P-04,2,Tarta de Queso Casera,Postre
T-13198,2024-09-24,Cena,P-01,2,Hamburguesa Smart,Principal
T-11723,2025-09-01,Cena,P-10,3,Solomillo Iberico,Principal
T-15807,2024-05-18,Cena,P-06,2,Vino Tinto Copa,Bebida
T-12290,2024-05-12,Cena,P-02,4,Ensalada Cesar,Entrante
T-11967,2025-08-15,Cena,P-11,1,Salmon a la Plancha,Principal
T-10179,2025-06-04,Cena,P-04,4,Tarta de Queso Casera,Postre
T-11780,2025-02-25,Comida,P-12,4,Risotto de Setas,Principal
T-12472,2025-10-16,Cena,P-23,1,Tiramisu de la Casa,Postre
T-11894,2025-10-10,Comida,P-11,1,Salmon a la Plancha,Principal
T-11910,2024-03-28,Comida,P-07,3,Pizza Margarita,Principal
T-11185,2024-08-11,Cena,P-11,4,Salmon a la Plancha,Principal
T-13736,2024-08-20,Cena,P-24,1,Nuggets de Pollo,Principal
T-14851,2025-12-06,Cena,P-18,4,Ensaladilla Rusa,Entrante
T-17510,2025-04-20,Comida,P-17,4,Brownie con Helado,Postre
T-14990,2025-11-03,Cena,P-04,3,Tarta de Queso Casera,Postre
T-13674,2024-07-17,Cena,P-08,2,Croquetas de Jamon,Entrante
T-11542,2024-06-17,Cena,P-23,2,Tiramisu de la Casa,Postre
T-10284,2024-06-07,Cena,P-05,2,Refresco Cola,Bebida
T-16248,2025-09-16,Comida,P-22,4,Te Verde,Bebida
T-14006,2025-01-27,Cena,P-12,4,Risotto de Setas,Principal
T-10182,2024-07-22,Cena,P-13,4,Bacalao al Horno,Principal
T-11367,2025-03-01,Cena,P-02,3,Ensalada Cesar,Entrante
T-12001,2024-01-20,Comida,P-20,1,Paella de Marisco,Principal
T-11500,2024-09-22,Comida,P-20,3,Paella de Marisco,Principal
T-11243,2025-03-10,Comida,P-24,4,Nuggets de Pollo,Principal
T-10248,2025-06-16,Comida,P-04,4,Tarta de Queso Casera,Postre
T-15132,2025-07-14,Cena,P-24,1,Nuggets de Pollo,Principal
T-12284,2024-07-09,Cena,P-02,2,Ensalada Cesar,Entrante
T-16964,2024-09-14,Comida,P-13,3,Bacalao al Horno,Principal
T-14952,2025-06-23,Comida,P-02,3,Ensalada Cesar,Entrante
T-11628,2024-11-09,Comida,P-18,4,Ensaladilla Rusa,Entrante
T-11297,2025-01-10,Comida,P-18,3,Ensaladilla Rusa,Entrante
T-13162,2024-04-30,Cena,P-01,4,Hamburguesa Smart,Principal
T-10501,2024-05-01,Cena,P-04,3,Tarta de Queso Casera,Postre
T-17950,2025-02-08,Cena,P-20,1,Paella de Marisco,Principal
T-13212,2025-04-15,Comida,P-02,1,Ensalada Cesar,Entrante
T-16189,2024-06-07,Cena,P-11,4,Salmon a la Plancha,Principal
T-10572,2025-03-18,Comida,P-07,3,Pizza Margarita,Principal
T-15975,2025-08-01,Cena,P-15,1,Cerveza Artesana,Bebida
T-10275,2025-07-19,Cena,P-12,1,Risotto de Setas,Principal
T-12676,2024-12-04,Comida,P-19,4,Entrecot Ternera,Principal
T-17608,2024-04-08,Comida,P-12,3,Risotto de Setas,Principal
T-17781,2024-02-02,Cena,P-14,1,Tortilla de Patatas,Entrante
T-15913,2024-04-01,Comida,P-11,3,Salmon a la Plancha,Principal
T-14648,2024-08-01,Cena,P-08,4,Croquetas de Jamon,Entrante
T-10196,2025-03-16,Cena,P-18,3,Ensaladilla Rusa,Entrante
T-16558,2024-05-04,Comida,P-24,3,Nuggets de Pollo,Principal
T-10065,2024-03-24,Comida,P-25,1,Canelones de Carne,Principal
T-15030,2024-01-03,Cena,P-17,2,Brownie con Helado,Postre
T-16051,2025-07-23,Comida,P-08,2,Croquetas de Jamon,Entrante
T-14396,2025-04-09,Cena,P-15,1,Cerveza Artesana,Bebida
T-11955,2025-09-16,Cena,P-14,4,Tortilla de Patatas,Entrante
T-15801,2024-08-10,Cena,P-07,3,Pizza Margarita,Principal
T-12224,2024-01-16,Cena,P-19,1,Entrecot Ternera,Principal
T-17707,2025-01-02,Comida,P-10,1,Solomillo Iberico,Principal
T-17025,2024-03-28,Comida,P-09,2,Gazpacho Andaluz,Entrante
T-15185,2025-12-29,Cena,P-04,4,Tarta de Queso Casera,Postre
T-17381,2025-12-30,Comida,P-25,4,Canelones de Carne,Principal
T-14016,2025-04-23,Cena,P-19,1,Entrecot Ternera,Principal
T-14668,2024-02-18,Cena,P-24,4,Nuggets de Pollo,Principal
T-16462,2025-01-19,Comida,P-07,3,Pizza Margarita,Principal
T-14745,2025-10-20,Cena,P-04,1,Tarta de Queso Casera,Postre
T-13001,2025-06-29,Cena,P-13,3,Bacalao al Horno,Principal
T-10491,2024-08-15,Cena,P-23,3,Tiramisu de la Casa,Postre
T-14011,2025-04-10,Cena,P-23,2,Tiramisu de la Casa,Postre
T-17827,2025-07-01,Cena,P-25,1,Canelones de Carne,Principal
T-16554,2025-09-10,Cena,P-23,2,Tiramisu de la Casa,Postre
T-12733,2024-01-31,Comida,P-12,2,Risotto de Setas,Principal
T-10989,2025-07-05,Comida,P-13,1,Bacalao al Horno,Principal
T-17177,2024-04-14,Cena,P-10,1,Solomillo Iberico,Principal
T-14585,2024-01-05,Comida,P-13,3,Bacalao al Horno,Principal
T-10838,2024-07-25,Comida,P-23,1,Tiramisu de la Casa,Postre
T-14867,2025-01-26,Cena,P-01,4,Hamburguesa Smart,Principal
T-10331,2025-01-22,Cena,P-11,4,Salmon a la Plancha,Principal
T-16129,2025-09-30,Cena,P-02,1,Ensalada Cesar,Entrante
T-15199,2024-02-09,Comida,P-15,3,Cerveza Artesana,Bebida
T-13777,2025-12-02,Comida,P-16,3,Agua Mineral,Bebida
T-15286,2025-05-14,Comida,P-25,3,Canelones de Carne,Principal
T-12911,2024-10-12,Cena,P-08,4,Croquetas de Jamon,Entrante
T-17498,2025-07-08,Cena,P-20,1,Paella de Marisco,Principal
T-16516,2024-10-16,Cena,P-20,1,Paella de Marisco,Principal
T-17371,2024-03-06,Cena,P-02,3,Ensalada Cesar,Entrante
T-16240,2025-01-31,Comida,P-12,3,Risotto de Setas,Principal
T-15838,2025-06-29,Comida,P-02,2,Ensalada Cesar,Entrante
T-11196,2025-05-25,Cena,P-13,1,Bacalao al Horno,Principal
T-14510,2025-10-30,Comida,P-05,3,Refresco Cola,Bebida
T-12386,2024-03-26,Cena,P-02,3,Ensalada Cesar,Entrante
T-15209,2024-08-02,Cena,P-19,1,Entrecot Ternera,Principal
T-13192,2024-12-20,Cena,P-14,2,Tortilla de Patatas,Entrante
T-13249,2024-03-02,Cena,P-02,1,Ensalada Cesar,Entrante
T-16922,2025-12-06,Comida,P-14,1,Tortilla de Patatas,Entrante
T-11449,2025-05-28,Comida,P-23,4,Tiramisu de la Casa,Postre
T-10270,2024-10-23,Cena,P-02,1,Ensalada Cesar,Entrante
T-11619,2025-12-26,Cena,P-25,1,Canelones de Carne,Principal
T-15775,2024-04-15,Cena,P-25,3,Canelones de Carne,Principal
T-11078,2024-11-19,Comida,P-20,4,Paella de Marisco,Principal
T-15328,2024-07-05,Cena,P-09,3,Gazpacho Andaluz,Entrante
T-14439,2024-07-26,Comida,P-25,4,Canelones de Carne,Principal
T-14952,2025-03-09,Comida,P-15,3,Cerveza Artesana,Bebida
T-12641,2024-01-25,Comida,P-01,4,Hamburguesa Smart,Principal
T-13081,2025-09-06,Cena,P-05,1,Refresco Cola,Bebida
T-12163,2025-04-03,Cena,P-20,3,Paella de Marisco,Principal
T-15345,2025-08-17,Cena,P-18,4,Ensaladilla Rusa,Entrante
T-13884,2024-04-21,Comida,P-14,4,Tortilla de Patatas,Entrante
T-16003,2025-12-16,Cena,P-02,4,Ensalada Cesar,Entrante
T-13288,2024-10-30,Comida,P-20,2,Paella de Marisco,Principal
T-11971,2025-05-30,Cena,P-09,1,Gazpacho Andaluz,Entrante
T-13662,2025-10-25,Comida,P-23,2,Tiramisu de la Casa,Postre
T-15989,2024-05-26,Cena,P-15,2,Cerveza Artesana,Bebida
T-13382,2025-02-05,Cena,P-19,1,Entrecot Ternera,Principal
T-16094,2024-09-16,Cena,P-18,1,Ensaladilla Rusa,Entrante
T-12436,2025-03-27,Cena,P-17,2,Brownie con Helado,Postre
T-13372,2025-09-28,Comida,P-12,3,Risotto de Setas,Principal
T-11438,2024-07-01,Cena,P-12,2,Risotto de Setas,Principal
T-14931,2025-02-22,Cena,P-24,2,Nuggets de Pollo,Principal
T-11884,2025-09-15,Cena,P-08,3,Croquetas de Jamon,Entrante
T-11991,2025-02-01,Comida,P-23,2,Tiramisu de la Casa,Postre
T-14080,2025-03-15,Cena,P-04,1,Tarta de Queso Casera,Postre
T-16529,2024-07-29,Cena,P-15,4,Cerveza Artesana,Bebida
T-17857,2025-10-13,Cena,P-02,3,Ensalada Cesar,Entrante
T-16841,2024-03-23,Cena,P-08,2,Croquetas de Jamon,Entrante
T-17617,2025-06-16,Cena,P-13,3,Bacalao al Horno,Principal
T-15774,2024-09-19,Comida,P-24,1,Nuggets de Pollo,Principal
T-16789,2025-03-14,Cena,P-19,3,Entrecot Ternera,Principal
T-13040,2025-02-20,Cena,P-10,2,Solomillo Iberico,Principal
T-10704,2025-08-21,Cena,P-14,2,Tortilla de Patatas,Entrante
T-14318,2025-04-14,Cena,P-25,3,Canelones de Carne,Principal
T-11734,2024-01-18,Comida,P-08,1,Croquetas de Jamon,Entrante
T-12404,2025-03-26,Comida,P-23,3,Tiramisu de la Casa,Postre
T-15231,2024-01-13,Comida,P-19,3,Entrecot Ternera,Principal
T-14066,2024-03-12,Cena,P-06,2,Vino Tinto Copa,Bebida
T-14175,2025-10-30,Cena,P-19,1,Entrecot Ternera,Principal
T-12252,2024-01-24,Cena,P-16,3,Agua Mineral,Bebida
T-17350,2024-10-19,Cena,P-03,1,Pasta Carbonara IA,Principal
T-13204,2024-09-22,Comida,P-09,2,Gazpacho Andaluz,Entrante
T-17308,2024-08-08,Comida,P-05,4,Refresco Cola,Bebida
T-15440,2025-04-22,Cena,P-17,1,Brownie con Helado,Postre
T-10225,2025-10-19,Cena,P-16,2,Agua Mineral,Bebida
T-12693,2025-07-26,Comida,P-23,4,Tiramisu de la Casa,Postre
T-10044,2025-06-24,Comida,P-10,2,Solomillo Iberico,Principal
T-15339,2024-04-18,Comida,P-10,4,Solomillo Iberico,Principal
T-17382,2025-09-11,Cena,P-10,4,Solomillo Iberico,Principal
T-17057,2025-04-10,Cena,P-02,4,Ensalada Cesar,Entrante
T-17812,2024-05-02,Cena,P-25,1,Canelones de Carne,Principal
T-17154,2025-09-08,Cena,P-16,3,Agua Mineral,Bebida
T-10530,2025-09-09,Cena,P-17,4,Brownie con Helado,Postre
T-11324,2024-08-12,Comida,P-11,1,Salmon a la Plancha,Principal
T-17344,2025-09-14,Cena,P-23,1,Tiramisu de la Casa,Postre
T-15940,2024-03-07,Cena,P-13,1,Bacalao al Horno,Principal
T-17013,2025-06-29,Cena,P-08,3,Croquetas de Jamon,Entrante
T-14495,2024-01-27,Comida,P-18,1,Ensaladilla Rusa,Entrante
T-13610,2024-10-14,Comida,P-14,3,Tortilla de Patatas,Entrante
T-10639,2025-02-13,Cena,P-07,3,Pizza Margarita,Principal
T-10437,2025-12-06,Cena,P-11,1,Salmon a la Plancha,Principal
T-10835,2024-01-01,Cena,P-05,4,Refresco Cola,Bebida
T-12015,2024-02-24,Comida,P-17,2,Brownie con Helado,Postre
T-16822,2025-10-03,Cena,P-20,1,Paella de Marisco,Principal
T-16632,2024-11-11,Cena,P-12,4,Risotto de Setas,Principal
T-11820,2025-07-09,Cena,P-03,2,Pasta Carbonara IA,Principal
T-10573,2024-06-09,Cena,P-06,2,Vino Tinto Copa,Bebida
T-12006,2024-08-12,Comida,P-04,3,Tarta de Queso Casera,Postre
T-11432,2024-08-17,Cena,P-05,1,Refresco Cola,Bebida
T-12372,2024-01-17,Comida,P-16,3,Agua Mineral,Bebida
T-15716,2024-05-26,Cena,P-24,4,Nuggets de Pollo,Principal
T-17397,2025-06-24,Comida,P-21,4,Cafe Solo,Bebida
T-12325,2024-04-23,Cena,P-09,3,Gazpacho Andaluz,Entrante
T-15913,2025-08-13,Cena,P-09,1,Gazpacho Andaluz,Entrante
T-16261,2025-08-22,Comida,P-03,1,Pasta Carbonara IA,Principal
T-11590,2024-10-25,Cena,P-15,2,Cerveza Artesana,Bebida
T-12679,2025-05-03,Cena,P-23,4,Tiramisu de la Casa,Postre
T-10282,2025-12-06,Comida,P-02,2,Ensalada Cesar,Entrante
T-16863,2025-11-10,Cena,P-22,3,Te Verde,Bebida
T-15717,2025-12-01,Cena,P-11,4,Salmon a la Plancha,Principal
T-13004,2024-03-09,Cena,P-12,3,Risotto de Setas,Principal
T-12155,2025-07-28,Comida,P-22,4,Te Verde,Bebida
T-10560,2024-12-30,Comida,P-07,1,Pizza Margarita,Principal
T-12552,2025-12-08,Comida,P-04,2,Tarta de Queso Casera,Postre
T-14915,2024-01-05,Cena,P-21,4,Cafe Solo,Bebida
T-12947,2025-10-06,Comida,P-19,1,Entrecot Ternera,Principal
T-16355,2024-02-15,Cena,P-11,2,Salmon a la Plancha,Principal
T-14560,2024-12-15,Cena,P-10,2,Solomillo Iberico,Principal
T-16921,2025-05-20,Comida,P-11,4,Salmon a la Plancha,Principal
T-13300,2025-03-25,Comida,P-16,4,Agua Mineral,Bebida
T-10619,2025-11-09,Cena,P-05,4,Refresco Cola,Bebida
T-11062,2024-01-31,Cena,P-22,3,Te Verde,Bebida
T-13818,2024-05-30,Cena,P-04,1,Tarta de Queso Casera,Postre
T-17831,2025-04-02,Comida,P-22,3,Te Verde,Bebida
T-11531,2025-12-24,Cena,P-02,2,Ensalada Cesar,Entrante
T-13839,2024-04-19,Comida,P-12,4,Risotto de Setas,Principal
T-11152,2024-06-26,Comida,P-11,2,Salmon a la Plancha,Principal
T-11959,2024-11-19,Comida,P-17,4,Brownie con Helado,Postre
T-16103,2024-03-20,Comida,P-22,2,Te Verde,Bebida
T-16430,2025-06-04,Cena,P-06,3,Vino Tinto Copa,Bebida
T-17880,2024-03-02,Comida,P-21,1,Cafe Solo,Bebida
T-17035,2024-09-09,Comida,P-15,1,Cerveza Artesana,Bebida
T-16124,2024-02-19,Cena,P-11,3,Salmon a la Plancha,Principal
T-14203,2025-03-29,Comida,P-06,2,Vino Tinto Copa,Bebida
T-15802,2025-04-10,Comida,P-01,4,Hamburguesa Smart,Principal
T-12486,2025-10-04,Comida,P-02,4,Ensalada Cesar,Entrante
T-13892,2024-08-15,Cena,P-13,2,Bacalao al Horno,Principal
T-11967,2024-01-09,Cena,P-15,2,Cerveza Artesana,Bebida
T-13752,2024-12-17,Cena,P-17,3,Brownie con Helado,Postre
T-13065,2025-05-26,Cena,P-02,4,Ensalada Cesar,Entrante
T-16588,2024-09-21,Cena,P-20,1,Paella de Marisco,Principal
T-16095,2024-11-18,Comida,P-24,2,Nuggets de Pollo,Principal
T-11714,2024-06-26,Cena,P-04,3,Tarta de Queso Casera,Postre
T-11169,2025-04-08,Cena,P-25,3,Canelones de Carne,Principal
T-17359,2025-08-12,Cena,P-16,4,Agua Mineral,Bebida
T-13839,2024-03-02,Comida,P-22,3,Te Verde,Bebida
T-16766,2025-11-01,Cena,P-12,3,Risotto de Setas,Principal
T-15830,2024-12-09,Cena,P-05,1,Refresco Cola,Bebida
T-10743,2024-07-20,Cena,P-10,3,Solomillo Iberico,Principal
T-14619,2025-06-19,Comida,P-12,2,Risotto de Setas,Principal
T-12744,2025-07-17,Cena,P-09,3,Gazpacho Andaluz,Entrante
T-13102,2025-01-15,Cena,P-24,4,Nuggets de Pollo,Principal
T-10320,2025-07-22,Cena,P-12,1,Risotto de Setas,Principal
T-13905,2025-07-16,Comida,P-12,1,Risotto de Setas,Principal
T-11277,2024-05-30,Cena,P-09,1,Gazpacho Andaluz,Entrante
T-17760,2024-12-07,Cena,P-07,2,Pizza Margarita,Principal
T-13199,2024-12-12,Cena,P-22,3,Te Verde,Bebida
T-13496,2025-03-04,Comida,P-17,3,Brownie con Helado,Postre
T-14791,2024-12-14,Comida,P-08,2,Croquetas de Jamon,Entrante
T-14517,2024-07-25,Cena,P-15,2,Cerveza Artesana,Bebida
T-13582,2025-05-27,Comida,P-17,1,Brownie con Helado,Postre
T-16946,2024-11-19,Comida,P-25,2,Canelones de Carne,Principal
T-17060,2024-03-29,Cena,P-08,4,Croquetas de Jamon,Entrante
T-12922,2024-03-30,Cena,P-22,4,Te Verde,Bebida
T-17339,2025-05-02,Cena,P-11,2,Salmon a la Plancha,Principal
T-12776,2025-12-07,Cena,P-04,4,Tarta de Queso Casera,Postre
T-10994,2025-08-02,Comida,P-13,2,Bacalao al Horno,Principal
T-10429,2024-08-02,Comida,P-02,3,Ensalada Cesar,Entrante
T-10949,2024-04-05,Cena,P-03,3,Pasta Carbonara IA,Principal
T-13344,2025-04-25,Comida,P-02,1,Ensalada Cesar,Entrante
T-13410,2024-08-06,Cena,P-09,3,Gazpacho Andaluz,Entrante
T-11445,2025-03-05,Cena,P-12,4,Risotto de Setas,Principal
T-11138,2024-12-09,Cena,P-08,2,Croquetas de Jamon,Entrante
T-13549,2025-06-28,Cena,P-12,3,Risotto de Setas,Principal
T-16673,2025-10-27,Cena,P-21,3,Cafe Solo,Bebida
T-13353,2025-06-15,Comida,P-08,4,Croquetas de Jamon,Entrante
T-16708,2024-06-29,Comida,P-18,4,Ensaladilla Rusa,Entrante
T-16523,2024-04-19,Cena,P-07,4,Pizza Margarita,Principal
T-10009,2025-07-04,Cena,P-07,1,Pizza Margarita,Principal
T-10242,2024-06-24,Cena,P-06,4,Vino Tinto Copa,Bebida
T-13776,2025-01-29,Comida,P-21,4,Cafe Solo,Bebida
T-12088,2025-04-16,Comida,P-08,4,Croquetas de Jamon,Entrante
T-12386,2024-03-20,Cena,P-05,4,Refresco Cola,Bebida
T-17638,2024-03-18,Comida,P-21,2,Cafe Solo,Bebida
T-11574,2024-01-30,Cena,P-18,2,Ensaladilla Rusa,Entrante
T-12198,2024-04-27,Cena,P-18,4,Ensaladilla Rusa,Entrante
T-14948,2024-01-09,Comida,P-08,4,Croquetas de Jamon,Entrante
T-15702,2025-07-31,Cena,P-03,4,Pasta Carbonara IA,Principal
T-10386,2024-08-21,Comida,P-16,4,Agua Mineral,Bebida
T-14306,2024-09-13,Comida,P-17,3,Brownie con Helado,Postre
T-16257,2024-03-02,Comida,P-21,1,Cafe Solo,Bebida
T-14172,2025-08-26,Comida,P-01,1,Hamburguesa Smart,Principal
T-14420,2024-02-22,Cena,P-19,1,Entrecot Ternera,Principal
T-16034,2024-09-07,Comida,P-15,4,Cerveza Artesana,Bebida
T-14879,2025-04-24,Cena,P-20,4,Paella de Marisco,Principal
T-10249,2024-03-16,Comida,P-16,2,Agua Mineral,Bebida
T-12123,2024-06-30,Cena,P-06,4,Vino Tinto Copa,Bebida
T-11261,2025-06-10,Cena,P-19,1,Entrecot Ternera,Principal
T-15899,2025-06-26,Cena,P-19,3,Entrecot Ternera,Principal
T-16221,2024-09-26,Cena,P-01,3,Hamburguesa Smart,Principal
T-13645,2024-05-16,Cena,P-24,4,Nuggets de Pollo,Principal
T-14669,2025-08-21,Comida,P-21,4,Cafe Solo,Bebida
T-13549,2025-11-21,Cena,P-24,4,Nuggets de Pollo,Principal
T-16540,2025-06-05,Cena,P-22,2,Te Verde,Bebida
T-13891,2025-07-05,Cena,P-14,4,Tortilla de Patatas,Entrante
T-12773,2024-08-07,Comida,P-12,1,Risotto de Setas,Principal
T-17947,2025-03-28,Comida,P-16,4,Agua Mineral,Bebida
T-11713,2024-03-11,Cena,P-06,4,Vino Tinto Copa,Bebida
T-14739,2024-06-11,Cena,P-07,2,Pizza Margarita,Principal
T-15363,2025-10-24,Cena,P-25,3,Canelones de Carne,Principal
T-14420,2025-08-25,Comida,P-10,4,Solomillo Iberico,Principal
T-12611,2025-03-19,Comida,P-15,4,Cerveza Artesana,Bebida
T-12809,2025-05-21,Cena,P-10,1,Solomillo Iberico,Principal
T-10289,2024-11-05,Cena,P-11,3,Salmon a la Plancha,Principal
T-17914,2025-12-12,Cena,P-15,3,Cerveza Artesana,Bebida
T-16882,2025-08-16,Cena,P-05,3,Refresco Cola,Bebida
T-10014,2024-02-22,Comida,P-19,1,Entrecot Ternera,Principal
T-14544,2025-04-16,Comida,P-16,2,Agua Mineral,Bebida
T-14270,2025-12-03,Comida,P-14,4,Tortilla de Patatas,Entrante
T-12512,2025-12-04,Cena,P-12,4,Risotto de Setas,Principal
T-12083,2024-04-11,Cena,P-15,3,Cerveza Artesana,Bebida
T-11411,2024-06-13,Comida,P-25,1,Canelones de Carne,Principal
T-17876,2024-09-26,Comida,P-06,4,Vino Tinto Copa,Bebida
T-13691,2024-06-25,Cena,P-19,2,Entrecot Ternera,Principal
T-14919,2025-12-13,Cena,P-12,1,Risotto de Setas,Principal
T-10772,2025-12-21,Cena,P-23,1,Tiramisu de la Casa,Postre
T-15539,2025-09-16,Comida,P-02,4,Ensalada Cesar,Entrante
T-13844,2025-06-27,Cena,P-10,3,Solomillo Iberico,Principal
T-16731,2024-01-21,Cena,P-04,2,Tarta de Queso Casera,Postre
T-16586,2025-10-10,Cena,P-11,1,Salmon a la Plancha,Principal
T-16819,2024-08-26,Comida,P-06,3,Vino Tinto Copa,Bebida
T-13840,2025-07-20,Comida,P-23,3,Tiramisu de la Casa,Postre
T-12831,2024-08-10,Cena,P-24,2,Nuggets de Pollo,Principal
T-13007,2025-03-22,Cena,P-13,4,Bacalao al Horno,Principal
T-10174,2025-04-17,Cena,P-25,1,Canelones de Carne,Principal
T-14957,2025-03-28,Comida,P-13,4,Bacalao al Horno,Principal
T-14967,2025-01-08,Cena,P-23,4,Tiramisu de la Casa,Postre
T-14571,2025-11-10,Cena,P-06,2,Vino Tinto Copa,Bebida
T-15603,2025-08-28,Cena,P-01,2,Hamburguesa Smart,Principal
T-13024,2024-08-18,Cena,P-03,4,Pasta Carbonara IA,Principal
T-11795,2024-10-31,Cena,P-16,3,Agua Mineral,Bebida
T-16430,2024-12-01,Comida,P-07,2,Pizza Margarita,Principal
T-16654,2024-02-03,Cena,P-23,2,Tiramisu de la Casa,Postre
T-11951,2024-11-24,Comida,P-21,1,Cafe Solo,Bebida
T-17319,2025-09-12,Cena,P-19,2,Entrecot Ternera,Principal
T-14671,2025-10-20,Comida,P-23,3,Tiramisu de la Casa,Postre
T-12552,2025-04-03,Comida,P-13,3,Bacalao al Horno,Principal
T-15252,2024-04-11,Comida,P-01,3,Hamburguesa Smart,Principal
T-11095,2024-04-27,Cena,P-17,1,Brownie con Helado,Postre
T-10853,2025-10-12,Cena,P-10,4,Solomillo Iberico,Principal
T-15230,2025-11-03,Cena,P-02,2,Ensalada Cesar,Entrante
T-14104,2025-08-28,Cena,P-25,4,Canelones de Carne,Principal
T-11365,2024-08-11,Cena,P-17,4,Brownie con Helado,Postre
T-16915,2025-12-18,Cena,P-04,4,Tarta de Queso Casera,Postre
T-12280,2024-09-29,Cena,P-10,3,Solomillo Iberico,Principal
T-15514,2024-02-02,Cena,P-03,4,Pasta Carbonara IA,Principal
T-15131,2024-09-27,Comida,P-17,1,Brownie con Helado,Postre
T-11361,2025-09-04,Cena,P-09,1,Gazpacho Andaluz,Entrante
T-17057,2025-01-20,Cena,P-23,2,Tiramisu de la Casa,Postre
T-16837,2024-09-08,Cena,P-04,2,Tarta de Queso Casera,Postre
T-14689,2025-06-08,Comida,P-13,2,Bacalao al Horno,Principal
T-16142,2025-06-16,Comida,P-20,3,Paella de Marisco,Principal
T-15619,2025-09-22,Cena,P-11,3,Salmon a la Plancha,Principal
T-11777,2024-01-07,Cena,P-05,2,Refresco Cola,Bebida
T-15292,2025-03-23,Cena,P-20,2,Paella de Marisco,Principal
T-11281,2024-10-18,Cena,P-03,1,Pasta Carbonara IA,Principal
T-11607,2025-08-10,Cena,P-09,4,Gazpacho Andaluz,Entrante
T-11738,2024-08-26,Cena,P-01,1,Hamburguesa Smart,Principal
T-17486,2024-05-29,Cena,P-23,4,Tiramisu de la Casa,Postre
T-12233,2025-05-19,Cena,P-24,3,Nuggets de Pollo,Principal
T-14461,2024-07-17,Cena,P-25,1,Canelones de Carne,Principal
T-17543,2025-11-15,Comida,P-13,2,Bacalao al Horno,Principal
T-16093,2025-05-03,Cena,P-08,4,Croquetas de Jamon,Entrante
T-10312,2024-04-17,Comida,P-04,2,Tarta de Queso Casera,Postre
T-10649,2025-11-13,Comida,P-02,1,Ensalada Cesar,Entrante
T-12242,2025-07-20,Comida,P-10,3,Solomillo Iberico,Principal
T-15654,2024-05-18,Cena,P-15,1,Cerveza Artesana,Bebida
T-16401,2025-01-10,Comida,P-19,3,Entrecot Ternera,Principal
T-11592,2025-05-20,Cena,P-23,4,Tiramisu de la Casa,Postre
T-17280,2025-12-27,Cena,P-13,2,Bacalao al Horno,Principal
T-12518,2025-01-01,Cena,P-03,1,Pasta Carbonara IA,Principal
T-13178,2024-09-23,Comida,P-01,4,Hamburguesa Smart,Principal
T-14353,2024-11-05,Cena,P-06,2,Vino Tinto Copa,Bebida
T-17252,2025-06-24,Cena,P-24,4,Nuggets de Pollo,Principal
T-15714,2025-02-01,Cena,P-07,3,Pizza Margarita,Principal
T-16306,2024-08-19,Comida,P-01,4,Hamburguesa Smart,Principal
T-13214,2024-07-28,Cena,P-10,3,Solomillo Iberico,Principal
T-11002,2025-04-11,Comida,P-22,1,Te Verde,Bebida
T-16917,2024-06-19,Cena,P-09,2,Gazpacho Andaluz,Entrante
T-11694,2025-04-28,Cena,P-24,4,Nuggets de Pollo,Principal
T-11296,2025-04-17,Cena,P-09,4,Gazpacho Andaluz,Entrante
T-14001,2024-08-23,Comida,P-03,3,Pasta Carbonara IA,Principal
T-13726,2024-08-15,Comida,P-04,1,Tarta de Queso Casera,Postre
T-10687,2024-05-01,Comida,P-17,3,Brownie con Helado,Postre
T-16692,2024-04-22,Comida,P-21,3,Cafe Solo,Bebida
T-13887,2025-07-26,Comida,P-22,2,Te Verde,Bebida
T-15930,2025-10-28,Cena,P-24,2,Nuggets de Pollo,Principal
T-16623,2024-01-13,Cena,P-12,2,Risotto de Setas,Principal
T-14895,2024-10-10,Comida,P-08,3,Croquetas de Jamon,Entrante
T-15331,2024-12-02,Cena,P-15,3,Cerveza Artesana,Bebida
T-15386,2025-01-13,Cena,P-09,3,Gazpacho Andaluz,Entrante
T-15243,2025-02-16,Comida,P-22,2,Te Verde,Bebida
T-13462,2024-05-04,Cena,P-04,3,Tarta de Queso Casera,Postre
T-12353,2025-05-04,Comida,P-03,2,Pasta Carbonara IA,Principal
T-13027,2025-10-09,Cena,P-12,1,Risotto de Setas,Principal
T-11161,2024-06-29,Cena,P-25,2,Canelones de Carne,Principal
T-12111,2025-02-06,Cena,P-01,1,Hamburguesa Smart,Principal
T-13810,2025-11-09,Cena,P-02,3,Ensalada Cesar,Entrante
T-15931,2025-02-26,Comida,P-19,1,Entrecot Ternera,Principal
T-11807,2025-12-26,Comida,P-21,2,Cafe Solo,Bebida
T-10954,2025-07-21,Comida,P-03,3,Pasta Carbonara IA,Principal
T-11291,2025-07-28,Comida,P-12,3,Risotto de Setas,Principal
T-11875,2025-09-05,Cena,P-09,4,Gazpacho Andaluz,Entrante
T-17561,2024-08-20,Cena,P-11,2,Salmon a la Plancha,Principal
T-10264,2024-06-27,Comida,P-25,1,Canelones de Carne,Principal
T-10507,2024-10-24,Cena,P-16,3,Agua Mineral,Bebida
T-15887,2024-05-12,Cena,P-18,4,Ensaladilla Rusa,Entrante
T-17171,2025-02-27,Cena,P-20,1,Paella de Marisco,Principal
T-14374,2025-05-03,Comida,P-19,2,Entrecot Ternera,Principal
T-17109,2024-09-23,Cena,P-13,1,Bacalao al Horno,Principal
T-11920,2024-10-19,Comida,P-08,2,Croquetas de Jamon,Entrante
T-16639,2025-10-19,Comida,P-09,3,Gazpacho Andaluz,Entrante
T-11390,2025-11-14,Comida,P-20,4,Paella de Marisco,Principal
T-10030,2025-07-07,Cena,P-21,4,Cafe Solo,Bebida
T-15955,2024-04-08,Cena,P-01,4,Hamburguesa Smart,Principal
T-16773,2024-02-07,Cena,P-06,1,Vino Tinto Copa,Bebida
T-17940,2024-11-05,Comida,P-14,4,Tortilla de Patatas,Entrante
T-10404,2025-08-09,Comida,P-14,1,Tortilla de Patatas,Entrante
T-10379,2024-04-27,Comida,P-14,3,Tortilla de Patatas,Entrante
T-12877,2024-11-01,Cena,P-09,2,Gazpacho Andaluz,Entrante
T-11504,2025-10-07,Cena,P-05,4,Refresco Cola,Bebida
T-14052,2024-03-06,Comida,P-14,4,Tortilla de Patatas,Entrante
T-10645,2024-02-16,Comida,P-21,3,Cafe Solo,Bebida
T-12068,2025-10-31,Cena,P-20,2,Paella de Marisco,Principal
T-15693,2024-03-01,Cena,P-05,2,Refresco Cola,Bebida
T-17976,2024-01-13,Cena,P-09,3,Gazpacho Andaluz,Entrante
T-17272,2024-11-23,Cena,P-16,3,Agua Mineral,Bebida
T-13732,2024-04-03,Comida,P-01,3,Hamburguesa Smart,Principal
T-11720,2025-09-02,Comida,P-04,2,Tarta de Queso Casera,Postre
T-17899,2025-07-31,Comida,P-06,2,Vino Tinto Copa,Bebida
T-10040,2024-10-01,Cena,P-16,3,Agua Mineral,Bebida
T-13550,2025-01-29,Cena,P-22,1,Te Verde,Bebida
T-10197,2024-09-05,Cena,P-25,4,Canelones de Carne,Principal
T-13250,2024-07-03,Comida,P-23,1,Tiramisu de la Casa,Postre
T-10400,2024-01-17,Cena,P-14,3,Tortilla de Patatas,Entrante
T-10097,2025-08-07,Cena,P-01,1,Hamburguesa Smart,Principal
T-11527,2025-10-12,Cena,P-12,3,Risotto de Setas,Principal
T-14831,2024-02-08,Comida,P-22,1,Te Verde,Bebida
T-13631,2024-07-30,Comida,P-09,4,Gazpacho Andaluz,Entrante
T-11644,2025-10-07,Cena,P-12,4,Risotto de Setas,Principal
T-11639,2024-10-02,Cena,P-18,4,Ensaladilla Rusa,Entrante
T-15887,2024-08-10,Cena,P-25,1,Canelones de Carne,Principal
T-16675,2025-10-05,Comida,P-01,2,Hamburguesa Smart,Principal
T-14497,2025-10-13,Cena,P-20,4,Paella de Marisco,Principal
T-13115,2024-01-01,Cena,P-04,4,Tarta de Queso Casera,Postre
T-13745,2024-11-25,Cena,P-14,2,Tortilla de Patatas,Entrante
T-13222,2024-07-01,Cena,P-11,2,Salmon a la Plancha,Principal
T-11315,2024-10-01,Comida,P-06,3,Vino Tinto Copa,Bebida
T-12863,2025-10-23,Cena,P-13,2,Bacalao al Horno,Principal
T-16078,2025-11-24,Comida,P-15,1,Cerveza Artesana,Bebida
T-14619,2024-05-30,Cena,P-22,2,Te Verde,Bebida
T-12165,2025-03-21,Comida,P-06,1,Vino Tinto Copa,Bebida
T-12170,2025-09-25,Comida,P-18,3,Ensaladilla Rusa,Entrante
T-14539,2025-05-28,Comida,P-04,4,Tarta de Queso Casera,Postre
T-15106,2025-05-22,Comida,P-09,1,Gazpacho Andaluz,Entrante
T-10639,2024-10-13,Cena,P-25,1,Canelones de Carne,Principal
T-15930,2025-01-16,Comida,P-12,4,Risotto de Setas,Principal
T-12239,2025-02-03,Cena,P-04,2,Tarta de Queso Casera,Postre
T-14248,2025-09-23,Cena,P-13,2,Bacalao al Horno,Principal
T-15002,2024-03-06,Comida,P-02,3,Ensalada Cesar,Entrante
T-12920,2025-09-23,Cena,P-14,3,Tortilla de Patatas,Entrante
T-12480,2025-11-27,Comida,P-24,1,Nuggets de Pollo,Principal
T-13566,2025-12-21,Cena,P-20,2,Paella de Marisco,Principal
T-14282,2024-01-13,Comida,P-19,1,Entrecot Ternera,Principal
T-12703,2024-12-20,Cena,P-05,2,Refresco Cola,Bebida
T-12427,2024-03-04,Cena,P-11,2,Salmon a la Plancha,Principal
T-16664,2025-08-03,Cena,P-02,2,Ensalada Cesar,Entrante
T-15359,2025-10-05,Cena,P-15,4,Cerveza Artesana,Bebida
T-14358,2025-02-06,Comida,P-05,1,Refresco Cola,Bebida
T-12404,2024-01-11,Comida,P-10,3,Solomillo Iberico,Principal
T-11106,2024-03-18,Cena,P-16,3,Agua Mineral,Bebida
T-14409,2024-01-08,Comida,P-17,2,Brownie con Helado,Postre
T-14444,2025-05-06,Cena,P-22,3,Te Verde,Bebida
T-11697,2024-05-26,Comida,P-06,2,Vino Tinto Copa,Bebida
T-16071,2024-12-30,Cena,P-13,1,Bacalao al Horno,Principal
T-15503,2024-11-11,Cena,P-03,1,Pasta Carbonara IA,Principal
T-16794,2025-08-26,Cena,P-14,1,Tortilla de Patatas,Entrante
T-13729,2025-11-22,Cena,P-06,1,Vino Tinto Copa,Bebida
T-16158,2025-03-05,Comida,P-10,3,Solomillo Iberico,Principal
T-14109,2024-01-06,Cena,P-10,3,Solomillo Iberico,Principal
T-11321,2025-10-05,Cena,P-25,2,Canelones de Carne,Principal
T-13724,2024-10-30,Comida,P-15,3,Cerveza Artesana,Bebida
T-15736,2024-11-22,Cena,P-03,2,Pasta Carbonara IA,Principal
T-15507,2025-11-08,Cena,P-12,1,Risotto de Setas,Principal
T-16509,2025-09-23,Comida,P-01,1,Hamburguesa Smart,Principal
T-13387,2024-02-03,Comida,P-04,2,Tarta de Queso Casera,Postre
T-14427,2025-02-02,Comida,P-10,1,Solomillo Iberico,Principal
T-10606,2024-11-16,Cena,P-10,1,Solomillo Iberico,Principal
T-17308,2025-11-28,Comida,P-11,1,Salmon a la Plancha,Principal
T-12705,2024-01-01,Cena,P-03,4,Pasta Carbonara IA,Principal
T-17375,2024-05-20,Cena,P-16,4,Agua Mineral,Bebida
T-16684,2025-04-18,Cena,P-18,4,Ensaladilla Rusa,Entrante
T-11550,2024-07-27,Cena,P-06,1,Vino Tinto Copa,Bebida
T-17942,2025-04-04,Comida,P-11,2,Salmon a la Plancha,Principal
T-13783,2024-09-06,Comida,P-14,3,Tortilla de Patatas,Entrante
T-15721,2024-06-16,Cena,P-10,4,Solomillo Iberico,Principal
T-17449,2025-01-20,Cena,P-23,2,Tiramisu de la Casa,Postre
T-14291,2025-05-23,Comida,P-11,1,Salmon a la Plancha,Principal
T-15153,2025-08-24,Cena,P-25,4,Canelones de Carne,Principal
T-12551,2025-01-18,Comida,P-21,3,Cafe Solo,Bebida
T-12167,2025-10-11,Cena,P-03,1,Pasta Carbonara IA,Principal
T-10890,2024-10-20,Cena,P-25,2,Canelones de Carne,Principal
T-13753,2025-08-03,Comida,P-06,2,Vino Tinto Copa,Bebida
T-17535,2024-10-01,Comida,P-12,3,Risotto de Setas,Principal
T-15143,2024-03-26,Comida,P-25,4,Canelones de Carne,Principal
T-16911,2025-09-12,Cena,P-06,1,Vino Tinto Copa,Bebida
T-13776,2025-10-14,Cena,P-01,1,Hamburguesa Smart,Principal
T-13382,2025-11-04,Comida,P-17,2,Brownie con Helado,Postre
T-13032,2024-03-28,Cena,P-12,4,Risotto de Setas,Principal
T-12713,2024-08-02,Cena,P-15,2,Cerveza Artesana,Bebida
T-14888,2025-12-13,Comida,P-06,3,Vino Tinto Copa,Bebida
T-10964,2024-03-25,Comida,P-04,3,Tarta de Queso Casera,Postre
T-12533,2024-12-30,Cena,P-17,4,Brownie con Helado,Postre
T-17530,2025-09-25,Cena,P-03,4,Pasta Carbonara IA,Principal
T-17389,2024-01-02,Cena,P-11,3,Salmon a la Plancha,Principal
T-16453,2025-11-03,Cena,P-16,1,Agua Mineral,Bebida
T-14551,2024-05-01,Cena,P-12,2,Risotto de Setas,Principal
T-17096,2024-11-02,Cena,P-25,1,Canelones de Carne,Principal
T-13401,2024-10-02,Cena,P-09,2,Gazpacho Andaluz,Entrante
T-15716,2025-05-20,Comida,P-12,4,Risotto de Setas,Principal
T-17929,2024-02-12,Cena,P-18,4,Ensaladilla Rusa,Entrante
T-13253,2024-08-09,Comida,P-08,3,Croquetas de Jamon,Entrante
T-14643,2025-03-19,Comida,P-02,1,Ensalada Cesar,Entrante
T-14505,2024-02-12,Comida,P-07,1,Pizza Margarita,Principal
T-12339,2024-01-09,Comida,P-03,1,Pasta Carbonara IA,Principal
T-14337,2024-09-01,Cena,P-09,2,Gazpacho Andaluz,Entrante
T-10790,2024-08-26,Cena,P-04,2,Tarta de Queso Casera,Postre
T-10367,2024-10-23,Cena,P-01,3,Hamburguesa Smart,Principal
T-12758,2025-11-07,Comida,P-10,2,Solomillo Iberico,Principal
T-11293,2025-04-08,Cena,P-23,1,Tiramisu de la Casa,Postre
T-12257,2024-01-09,Comida,P-01,4,Hamburguesa Smart,Principal
T-16466,2024-11-19,Comida,P-02,3,Ensalada Cesar,Entrante
T-12956,2025-09-25,Comida,P-17,4,Brownie con Helado,Postre
T-14460,2025-05-26,Cena,P-18,2,Ensaladilla Rusa,Entrante
T-17039,2025-07-07,Comida,P-22,4,Te Verde,Bebida
T-14902,2025-08-17,Cena,P-10,2,Solomillo Iberico,Principal
T-10353,2025-05-17,Cena,P-03,1,Pasta Carbonara IA,Principal
T-13180,2025-11-05,Comida,P-20,4,Paella de Marisco,Principal
T-16590,2024-09-27,Cena,P-03,2,Pasta Carbonara IA,Principal
T-14490,2025-01-30,Cena,P-09,2,Gazpacho Andaluz,Entrante
T-13416,2024-08-18,Comida,P-04,2,Tarta de Queso Casera,Postre
T-15949,2024-12-27,Cena,P-18,2,Ensaladilla Rusa,Entrante
T-13416,2024-08-18,Cena,P-14,2,Tortilla de Patatas,Entrante
T-14046,2025-11-21,Cena,P-25,2,Canelones de Carne,Principal
T-10386,2025-04-27,Comida,P-24,1,Nuggets de Pollo,Principal
T-11184,2024-12-12,Comida,P-05,2,Refresco Cola,Bebida
T-17266,2025-07-31,Comida,P-23,2,Tiramisu de la Casa,Postre
T-13090,2025-10-19,Comida,P-19,3,Entrecot Ternera,Principal
T-10520,2025-02-24,Comida,P-19,1,Entrecot Ternera,Principal
T-12153,2024-05-02,Cena,P-11,4,Salmon a la Plancha,Principal
T-17846,2024-01-23,Cena,P-07,2,Pizza Margarita,Principal
T-15293,2024-10-04,Comida,P-20,4,Paella de Marisco,Principal
T-14304,2025-03-31,Cena,P-24,1,Nuggets de Pollo,Principal
T-13936,2024-07-29,Cena,P-16,1,Agua Mineral,Bebida
T-10442,2025-07-02,Cena,P-01,4,Hamburguesa Smart,Principal
T-15668,2024-07-03,Comida,P-05,1,Refresco Cola,Bebida
T-14675,2024-09-03,Cena,P-24,2,Nuggets de Pollo,Principal
T-13405,2025-09-15,Comida,P-12,4,Risotto de Setas,Principal
T-13446,2024-11-04,Cena,P-05,1,Refresco Cola,Bebida
T-14780,2024-06-16,Cena,P-20,2,Paella de Marisco,Principal
T-13811,2024-09-22,Cena,P-13,2,Bacalao al Horno,Principal
T-11095,2025-03-26,Comida,P-19,2,Entrecot Ternera,Principal
T-13891,2025-10-31,Cena,P-20,4,Paella de Marisco,Principal
T-14350,2024-12-14,Comida,P-07,3,Pizza Margarita,Principal
T-14720,2024-10-09,Comida,P-22,2,Te Verde,Bebida
T-12068,2024-12-10,Cena,P-06,4,Vino Tinto Copa,Bebida
T-13926,2024-05-25,Cena,P-08,3,Croquetas de Jamon,Entrante
T-12293,2025-12-23,Cena,P-17,2,Brownie con Helado,Postre
T-17866,2025-08-12,Cena,P-11,1,Salmon a la Plancha,Principal
T-12826,2024-09-10,Comida,P-19,4,Entrecot Ternera,Principal
T-15509,2024-01-29,Cena,P-09,1,Gazpacho Andaluz,Entrante
T-16096,2024-11-02,Cena,P-14,3,Tortilla de Patatas,Entrante
T-14719,2025-01-02,Comida,P-06,3,Vino Tinto Copa,Bebida
T-12261,2025-10-15,Cena,P-25,1,Canelones de Carne,Principal
T-17417,2025-05-04,Comida,P-02,3,Ensalada Cesar,Entrante
T-12204,2025-10-25,Cena,P-23,2,Tiramisu de la Casa,Postre
T-16515,2025-10-22,Cena,P-03,3,Pasta Carbonara IA,Principal
T-13623,2025-11-25,Comida,P-19,3,Entrecot Ternera,Principal
T-12422,2025-11-29,Cena,P-24,4,Nuggets de Pollo,Principal
T-17647,2025-10-23,Cena,P-22,4,Te Verde,Bebida
T-10771,2025-07-23,Cena,P-17,3,Brownie con Helado,Postre
T-12027,2024-07-25,Comida,P-01,1,Hamburguesa Smart,Principal
T-11943,2025-02-13,Cena,P-12,2,Risotto de Setas,Principal
T-11553,2024-05-17,Comida,P-15,1,Cerveza Artesana,Bebida
T-12933,2024-05-12,Comida,P-09,4,Gazpacho Andaluz,Entrante
T-10046,2025-09-22,Comida,P-09,3,Gazpacho Andaluz,Entrante
T-15054,2024-03-21,Cena,P-13,2,Bacalao al Horno,Principal
T-14659,2025-04-20,Cena,P-01,1,Hamburguesa Smart,Principal
T-15105,2024-12-25,Cena,P-19,1,Entrecot Ternera,Principal
T-16407,2024-03-29,Comida,P-07,3,Pizza Margarita,Principal
T-11262,2025-04-28,Comida,P-10,2,Solomillo Iberico,Principal
T-17709,2024-03-08,Cena,P-19,3,Entrecot Ternera,Principal
T-10679,2025-12-21,Cena,P-04,4,Tarta de Queso Casera,Postre
T-17603,2024-05-28,Comida,P-01,3,Hamburguesa Smart,Principal
T-14102,2024-01-06,Cena,P-07,2,Pizza Margarita,Principal
T-12675,2024-03-18,Comida,P-11,3,Salmon a la Plancha,Principal
T-13768,2025-06-05,Cena,P-09,2,Gazpacho Andaluz,Entrante
T-17256,2024-03-25,Comida,P-19,2,Entrecot Ternera,Principal
T-12831,2024-07-12,Cena,P-22,3,Te Verde,Bebida
T-15956,2024-12-29,Cena,P-21,3,Cafe Solo,Bebida
T-17297,2024-03-05,Cena,P-25,1,Canelones de Carne,Principal
T-11571,2025-05-18,Comida,P-21,2,Cafe Solo,Bebida
T-16191,2025-12-30,Comida,P-25,2,Canelones de Carne,Principal
T-17364,2025-10-01,Comida,P-05,1,Refresco Cola,Bebida
T-10644,2024-07-25,Cena,P-03,4,Pasta Carbonara IA,Principal
T-11161,2025-05-11,Cena,P-12,4,Risotto de Setas,Principal
T-10518,2025-08-26,Cena,P-11,3,Salmon a la Plancha,Principal
T-14748,2025-11-08,Comida,P-23,2,Tiramisu de la Casa,Postre
T-17686,2025-12-20,Cena,P-22,3,Te Verde,Bebida
T-17749,2024-09-07,Cena,P-25,4,Canelones de Carne,Principal
T-13907,2025-02-10,Cena,P-01,4,Hamburguesa Smart,Principal
T-14221,2024-12-04,Comida,P-16,1,Agua Mineral,Bebida
T-14978,2025-04-17,Cena,P-05,1,Refresco Cola,Bebida
T-17083,2024-09-09,Comida,P-04,3,Tarta de Queso Casera,Postre
T-10493,2024-07-15,Cena,P-10,1,Solomillo Iberico,Principal
T-17370,2025-07-12,Comida,P-25,3,Canelones de Carne,Principal
T-10460,2025-04-15,Comida,P-22,2,Te Verde,Bebida
T-15361,2024-09-16,Cena,P-08,3,Croquetas de Jamon,Entrante
T-14853,2024-01-04,Comida,P-19,3,Entrecot Ternera,Principal
T-17166,2025-11-25,Comida,P-15,4,Cerveza Artesana,Bebida
T-13041,2025-07-22,Cena,P-22,4,Te Verde,Bebida
T-10561,2024-03-12,Cena,P-12,2,Risotto de Setas,Principal
T-11865,2025-12-28,Cena,P-21,4,Cafe Solo,Bebida
T-16009,2024-09-20,Cena,P-22,4,Te Verde,Bebida
T-14130,2025-01-03,Comida,P-19,4,Entrecot Ternera,Principal
T-12025,2025-12-31,Cena,P-05,3,Refresco Cola,Bebida
T-13747,2024-07-06,Comida,P-08,2,Croquetas de Jamon,Entrante
T-14939,2025-07-15,Comida,P-08,2,Croquetas de Jamon,Entrante
T-10719,2024-06-30,Cena,P-11,1,Salmon a la Plancha,Principal
T-12624,2025-04-14,Cena,P-15,2,Cerveza Artesana,Bebida
T-13933,2025-04-13,Cena,P-12,1,Risotto de Setas,Principal
T-11318,2025-03-31,Cena,P-24,2,Nuggets de Pollo,Principal
T-15359,2025-08-29,Cena,P-04,3,Tarta de Queso Casera,Postre
T-16072,2024-09-11,Cena,P-02,2,Ensalada Cesar,Entrante
T-10457,2025-02-15,Comida,P-02,4,Ensalada Cesar,Entrante
T-14789,2025-09-01,Comida,P-19,3,Entrecot Ternera,Principal
T-11216,2025-04-07,Comida,P-03,3,Pasta Carbonara IA,Principal
T-12685,2024-03-10,Cena,P-25,3,Canelones de Carne,Principal
T-17189,2024-08-01,Comida,P-08,4,Croquetas de Jamon,Entrante
T-13382,2024-03-03,Comida,P-25,1,Canelones de Carne,Principal
T-13910,2024-11-08,Cena,P-21,4,Cafe Solo,Bebida
T-11797,2025-07-16,Cena,P-08,4,Croquetas de Jamon,Entrante
T-10665,2024-12-26,Comida,P-02,2,Ensalada Cesar,Entrante
T-14692,2024-09-30,Cena,P-22,3,Te Verde,Bebida
T-13755,2024-12-07,Comida,P-15,1,Cerveza Artesana,Bebida
T-12127,2024-12-01,Cena,P-11,2,Salmon a la Plancha,Principal
T-13440,2025-02-16,Cena,P-23,3,Tiramisu de la Casa,Postre
T-12658,2025-06-01,Cena,P-04,4,Tarta de Queso Casera,Postre
T-16271,2025-02-27,Cena,P-22,4,Te Verde,Bebida
T-12142,2024-11-09,Cena,P-16,2,Agua Mineral,Bebida
T-12500,2025-05-27,Cena,P-22,4,Te Verde,Bebida
T-14078,2025-07-11,Cena,P-08,3,Croquetas de Jamon,Entrante
T-14767,2025-12-11,Cena,P-12,3,Risotto de Setas,Principal
T-10695,2024-11-24,Cena,P-23,4,Tiramisu de la Casa,Postre
T-16656,2025-07-09,Comida,P-15,2,Cerveza Artesana,Bebida
T-11777,2024-09-04,Cena,P-24,3,Nuggets de Pollo,Principal
T-17813,2024-08-29,Cena,P-21,3,Cafe Solo,Bebida
T-10083,2025-05-13,Cena,P-06,1,Vino Tinto Copa,Bebida
T-16769,2024-03-07,Cena,P-02,1,Ensalada Cesar,Entrante
T-13479,2024-10-17,Cena,P-14,4,Tortilla de Patatas,Entrante
T-16848,2025-08-04,Comida,P-20,4,Paella de Marisco,Principal
T-14269,2024-06-02,Cena,P-10,1,Solomillo Iberico,Principal
T-10017,2024-04-27,Comida,P-20,3,Paella de Marisco,Principal
T-16730,2025-03-06,Comida,P-03,2,Pasta Carbonara IA,Principal
T-16478,2025-07-25,Cena,P-07,2,Pizza Margarita,Principal
T-15807,2024-01-24,Comida,P-09,1,Gazpacho Andaluz,Entrante
T-17192,2024-12-22,Comida,P-05,2,Refresco Cola,Bebida
T-14171,2025-10-04,Cena,P-08,3,Croquetas de Jamon,Entrante
T-16723,2024-02-16,Comida,P-10,1,Solomillo Iberico,Principal
T-13972,2025-10-01,Cena,P-03,3,Pasta Carbonara IA,Principal
T-12517,2024-04-11,Comida,P-09,3,Gazpacho Andaluz,Entrante
T-15974,2025-06-27,Cena,P-07,1,Pizza Margarita,Principal
T-10686,2025-04-12,Cena,P-16,1,Agua Mineral,Bebida
T-16637,2024-10-15,Comida,P-10,4,Solomillo Iberico,Principal
T-17892,2024-07-23,Cena,P-02,2,Ensalada Cesar,Entrante
T-11014,2025-11-27,Comida,P-11,3,Salmon a la Plancha,Principal
T-15772,2025-12-16,Comida,P-24,3,Nuggets de Pollo,Principal
T-10855,2024-12-19,Cena,P-04,1,Tarta de Queso Casera,Postre
T-16614,2024-11-16,Cena,P-09,1,Gazpacho Andaluz,Entrante
T-10949,2024-06-16,Comida,P-17,4,Brownie con Helado,Postre
T-17432,2025-12-17,Cena,P-11,1,Salmon a la Plancha,Principal
T-17537,2024-04-04,Cena,P-19,3,Entrecot Ternera,Principal
T-10174,2024-07-21,Cena,P-13,1,Bacalao al Horno,Principal
T-15858,2025-05-20,Comida,P-14,4,Tortilla de Patatas,Entrante
T-13744,2025-07-24,Comida,P-05,3,Refresco Cola,Bebida
T-10898,2024-03-13,Cena,P-20,2,Paella de Marisco,Principal
T-17309,2024-08-22,Cena,P-18,1,Ensaladilla Rusa,Entrante
T-17386,2024-03-18,Comida,P-13,4,Bacalao al Horno,Principal
T-13075,2025-06-10,Cena,P-06,4,Vino Tinto Copa,Bebida
T-15717,2024-08-07,Cena,P-11,4,Salmon a la Plancha,Principal
T-11151,2024-01-15,Cena,P-02,4,Ensalada Cesar,Entrante
T-14614,2024-10-04,Comida,P-24,2,Nuggets de Pollo,Principal
T-11554,2024-01-16,Comida,P-25,4,Canelones de Carne,Principal
T-12333,2025-04-26,Cena,P-16,4,Agua Mineral,Bebida
T-17190,2025-09-02,Cena,P-19,3,Entrecot Ternera,Principal
T-12380,2025-06-30,Cena,P-25,1,Canelones de Carne,Principal
T-10446,2025-09-21,Comida,P-22,1,Te Verde,Bebida
T-16611,2025-01-05,Comida,P-09,2,Gazpacho Andaluz,Entrante
T-14303,2025-05-06,Cena,P-08,3,Croquetas de Jamon,Entrante
T-16901,2024-12-09,Cena,P-10,2,Solomillo Iberico,Principal
T-17897,2025-04-07,Cena,P-17,3,Brownie con Helado,Postre
T-17811,2025-06-24,Cena,P-20,3,Paella de Marisco,Principal
T-17957,2024-12-27,Comida,P-22,4,Te Verde,Bebida
T-17453,2024-12-24,Cena,P-06,3,Vino Tinto Copa,Bebida
T-14216,2025-10-25,Cena,P-21,1,Cafe Solo,Bebida
T-12353,2024-12-13,Cena,P-17,2,Brownie con Helado,Postre
T-14537,2024-04-20,Comida,P-03,2,Pasta Carbonara IA,Principal
T-14956,2024-07-12,Comida,P-15,3,Cerveza Artesana,Bebida
T-10276,2025-05-17,Cena,P-16,2,Agua Mineral,Bebida
T-15513,2024-04-04,Cena,P-23,4,Tiramisu de la Casa,Postre
T-15040,2025-02-25,Cena,P-12,4,Risotto de Setas,Principal
T-14806,2024-04-30,Comida,P-13,1,Bacalao al Horno,Principal
T-17911,2024-08-02,Cena,P-17,1,Brownie con Helado,Postre
T-16302,2024-05-24,Cena,P-08,2,Croquetas de Jamon,Entrante
T-15450,2025-10-14,Comida,P-08,1,Croquetas de Jamon,Entrante
T-16047,2025-05-16,Comida,P-12,3,Risotto de Setas,Principal
T-16297,2025-11-27,Cena,P-13,2,Bacalao al Horno,Principal
T-10584,2025-02-04,Cena,P-23,2,Tiramisu de la Casa,Postre
T-16095,2025-08-14,Comida,P-24,4,Nuggets de Pollo,Principal
T-17071,2024-10-11,Cena,P-13,1,Bacalao al Horno,Principal
T-15247,2025-10-22,Cena,P-12,3,Risotto de Setas,Principal
T-16871,2024-04-14,Comida,P-10,1,Solomillo Iberico,Principal
T-12861,2024-03-31,Cena,P-19,1,Entrecot Ternera,Principal
T-10587,2025-01-14,Cena,P-04,1,Tarta de Queso Casera,Postre
T-13659,2024-09-29,Cena,P-10,4,Solomillo Iberico,Principal
T-17041,2025-01-25,Comida,P-21,4,Cafe Solo,Bebida
T-17580,2025-05-14,Cena,P-03,3,Pasta Carbonara IA,Principal
T-14822,2024-01-26,Cena,P-20,1,Paella de Marisco,Principal
T-13514,2025-01-29,Comida,P-22,2,Te Verde,Bebida
T-14224,2025-10-12,Cena,P-23,4,Tiramisu de la Casa,Postre
T-16601,2024-06-14,Comida,P-05,4,Refresco Cola,Bebida
T-13193,2024-01-26,Cena,P-06,2,Vino Tinto Copa,Bebida
T-13073,2025-05-14,Cena,P-06,3,Vino Tinto Copa,Bebida
T-14358,2025-12-12,Cena,P-14,3,Tortilla de Patatas,Entrante
T-11430,2024-08-10,Comida,P-17,4,Brownie con Helado,Postre
T-17617,2025-08-15,Cena,P-17,4,Brownie con Helado,Postre
T-14223,2025-12-01,Cena,P-13,4,Bacalao al Horno,Principal
T-11461,2024-04-15,Comida,P-25,1,Canelones de Carne,Principal
T-15857,2025-12-11,Cena,P-09,3,Gazpacho Andaluz,Entrante
T-13601,2025-11-16,Cena,P-16,2,Agua Mineral,Bebida
T-16124,2024-01-06,Cena,P-10,4,Solomillo Iberico,Principal
T-15359,2024-03-29,Comida,P-13,2,Bacalao al Horno,Principal
T-16741,2024-03-27,Cena,P-11,1,Salmon a la Plancha,Principal
T-12550,2024-11-29,Cena,P-22,1,Te Verde,Bebida
T-10947,2025-12-30,Cena,P-24,1,Nuggets de Pollo,Principal
T-17845,2024-05-16,Cena,P-15,3,Cerveza Artesana,Bebida
T-16416,2024-02-17,Cena,P-04,1,Tarta de Queso Casera,Postre
T-13879,2024-04-13,Cena,P-11,1,Salmon a la Plancha,Principal
T-10329,2025-04-16,Cena,P-24,1,Nuggets de Pollo,Principal
T-10758,2025-08-23,Comida,P-06,2,Vino Tinto Copa,Bebida
T-17010,2025-03-27,Cena,P-22,2,Te Verde,Bebida
T-10332,2024-05-10,Comida,P-25,2,Canelones de Carne,Principal
T-16418,2024-06-21,Comida,P-03,2,Pasta Carbonara IA,Principal
T-17118,2025-09-16,Comida,P-18,2,Ensaladilla Rusa,Entrante
T-13825,2025-06-27,Cena,P-16,2,Agua Mineral,Bebida
T-10368,2024-10-30,Cena,P-06,4,Vino Tinto Copa,Bebida
T-16916,2024-02-24,Cena,P-04,2,Tarta de Queso Casera,Postre
T-11053,2024-10-13,Comida,P-04,1,Tarta de Queso Casera,Postre
T-15079,2025-02-17,Comida,P-19,2,Entrecot Ternera,Principal
T-16424,2025-01-20,Cena,P-23,4,Tiramisu de la Casa,Postre
T-12269,2024-04-26,Cena,P-06,4,Vino Tinto Copa,Bebida
T-16825,2025-11-14,Comida,P-22,3,Te Verde,Bebida
T-14304,2024-03-08,Cena,P-12,4,Risotto de Setas,Principal
T-12468,2025-05-23,Cena,P-02,3,Ensalada Cesar,Entrante
T-11362,2025-07-01,Cena,P-13,3,Bacalao al Horno,Principal
T-13631,2025-08-27,Comida,P-04,3,Tarta de Queso Casera,Postre
T-16417,2025-08-16,Cena,P-14,1,Tortilla de Patatas,Entrante
T-11504,2025-08-18,Cena,P-19,1,Entrecot Ternera,Principal
T-15703,2025-03-03,Cena,P-06,2,Vino Tinto Copa,Bebida
T-13425,2025-01-24,Comida,P-15,4,Cerveza Artesana,Bebida
T-17722,2024-05-18,Cena,P-04,4,Tarta de Queso Casera,Postre
T-12678,2025-01-12,Cena,P-22,1,Te Verde,Bebida
T-14888,2025-09-11,Cena,P-09,2,Gazpacho Andaluz,Entrante
T-14670,2024-08-03,Cena,P-12,2,Risotto de Setas,Principal
T-15252,2025-09-03,Comida,P-13,2,Bacalao al Horno,Principal
T-16297,2025-04-28,Cena,P-04,2,Tarta de Queso Casera,Postre
T-11276,2024-10-20,Cena,P-02,2,Ensalada Cesar,Entrante
T-17603,2025-04-15,Comida,P-02,2,Ensalada Cesar,Entrante
T-16363,2025-03-19,Comida,P-12,1,Risotto de Setas,Principal
T-14323,2024-02-22,Cena,P-25,4,Canelones de Carne,Principal
T-10814,2025-05-20,Comida,P-20,4,Paella de Marisco,Principal
T-11048,2025-09-11,Comida,P-21,1,Cafe Solo,Bebida
T-13793,2025-08-20,Comida,P-04,3,Tarta de Queso Casera,Postre
T-15509,2025-08-23,Cena,P-13,4,Bacalao al Horno,Principal
T-15852,2025-05-29,Cena,P-15,1,Cerveza Artesana,Bebida
T-12933,2025-05-08,Comida,P-11,3,Salmon a la Plancha,Principal
T-17967,2024-07-11,Cena,P-23,4,Tiramisu de la Casa,Postre
T-11318,2024-04-14,Cena,P-16,3,Agua Mineral,Bebida
T-15476,2025-07-22,Cena,P-04,4,Tarta de Queso Casera,Postre
T-11543,2024-02-25,Cena,P-22,4,Te Verde,Bebida
T-17069,2024-04-12,Cena,P-24,4,Nuggets de Pollo,Principal
T-13564,2025-09-13,Cena,P-04,3,Tarta de Queso Casera,Postre
T-14966,2024-11-22,Cena,P-15,1,Cerveza Artesana,Bebida
T-13326,2025-10-14,Cena,P-08,1,Croquetas de Jamon,Entrante
T-15055,2025-12-13,Comida,P-15,4,Cerveza Artesana,Bebida
T-16161,2025-04-19,Comida,P-23,1,Tiramisu de la Casa,Postre
T-16253,2024-07-28,Comida,P-05,3,Refresco Cola,Bebida
T-12701,2025-06-19,Comida,P-07,2,Pizza Margarita,Principal
T-11008,2024-08-07,Cena,P-17,2,Brownie con Helado,Postre
T-11172,2024-05-16,Cena,P-03,1,Pasta Carbonara IA,Principal
T-13163,2025-04-08,Cena,P-11,1,Salmon a la Plancha,Principal
T-17612,2024-12-31,Cena,P-20,2,Paella de Marisco,Principal
T-16147,2024-02-12,Cena,P-03,3,Pasta Carbonara IA,Principal
T-17565,2024-12-21,Comida,P-13,4,Bacalao al Horno,Principal
T-12988,2025-07-20,Comida,P-20,4,Paella de Marisco,Principal
T-11081,2024-09-01,Comida,P-16,3,Agua Mineral,Bebida
T-15939,2025-04-20,Cena,P-23,1,Tiramisu de la Casa,Postre
T-10881,2024-03-04,Comida,P-21,2,Cafe Solo,Bebida
T-15148,2025-09-30,Comida,P-07,1,Pizza Margarita,Principal
T-12078,2024-03-31,Cena,P-11,3,Salmon a la Plancha,Principal
T-12525,2024-04-07,Comida,P-01,4,Hamburguesa Smart,Principal
T-17368,2024-04-04,Cena,P-01,3,Hamburguesa Smart,Principal
T-10392,2024-10-09,Cena,P-24,1,Nuggets de Pollo,Principal
T-16368,2025-01-27,Comida,P-25,2,Canelones de Carne,Principal
T-15515,2024-08-19,Cena,P-02,2,Ensalada Cesar,Entrante
T-12340,2024-09-27,Cena,P-15,2,Cerveza Artesana,Bebida
T-17064,2024-05-11,Cena,P-11,2,Salmon a la Plancha,Principal
T-12406,2025-02-25,Cena,P-02,3,Ensalada Cesar,Entrante
T-11472,2025-09-28,Comida,P-17,4,Brownie con Helado,Postre
T-10708,2025-05-16,Cena,P-13,3,Bacalao al Horno,Principal
T-17431,2025-09-14,Cena,P-08,2,Croquetas de Jamon,Entrante
T-10416,2024-08-23,Cena,P-10,1,Solomillo Iberico,Principal
T-17298,2025-01-23,Cena,P-07,4,Pizza Margarita,Principal
T-17735,2024-05-18,Comida,P-23,2,Tiramisu de la Casa,Postre
T-17547,2024-11-16,Cena,P-03,2,Pasta Carbonara IA,Principal
T-10545,2025-01-14,Cena,P-18,1,Ensaladilla Rusa,Entrante
T-10482,2024-04-04,Cena,P-05,3,Refresco Cola,Bebida
T-11979,2024-08-14,Cena,P-10,2,Solomillo Iberico,Principal
T-17607,2025-06-16,Cena,P-13,2,Bacalao al Horno,Principal
T-10031,2025-03-08,Comida,P-01,1,Hamburguesa Smart,Principal
T-12169,2025-06-25,Comida,P-20,1,Paella de Marisco,Principal
T-11664,2025-05-16,Comida,P-02,3,Ensalada Cesar,Entrante
T-11309,2024-08-07,Cena,P-25,1,Canelones de Carne,Principal
T-11475,2025-12-23,Cena,P-12,4,Risotto de Setas,Principal
T-10947,2025-02-15,Cena,P-09,3,Gazpacho Andaluz,Entrante
T-13083,2025-05-12,Cena,P-11,4,Salmon a la Plancha,Principal
T-13368,2025-12-15,Cena,P-01,1,Hamburguesa Smart,Principal
T-13199,2025-06-28,Comida,P-23,1,Tiramisu de la Casa,Postre
T-13630,2025-06-02,Cena,P-08,3,Croquetas de Jamon,Entrante
T-17729,2024-11-18,Cena,P-12,2,Risotto de Setas,Principal
T-14655,2024-02-19,Cena,P-24,1,Nuggets de Pollo,Principal
T-11139,2024-03-29,Comida,P-01,2,Hamburguesa Smart,Principal
T-14837,2025-01-13,Cena,P-05,2,Refresco Cola,Bebida
T-16341,2025-03-13,Comida,P-14,1,Tortilla de Patatas,Entrante
T-15693,2024-01-18,Comida,P-21,1,Cafe Solo,Bebida
T-10847,2025-01-03,Comida,P-09,3,Gazpacho Andaluz,Entrante
T-17860,2025-08-26,Cena,P-09,3,Gazpacho Andaluz,Entrante
T-14142,2024-08-18,Cena,P-14,4,Tortilla de Patatas,Entrante
T-16800,2024-10-09,Comida,P-13,3,Bacalao al Horno,Principal
T-16302,2024-05-25,Cena,P-23,4,Tiramisu de la Casa,Postre
T-15244,2024-05-30,Cena,P-09,3,Gazpacho Andaluz,Entrante
T-11056,2025-07-02,Comida,P-15,3,Cerveza Artesana,Bebida
T-13001,2024-01-21,Cena,P-12,4,Risotto de Setas,Principal
T-10595,2024-08-27,Comida,P-06,2,Vino Tinto Copa,Bebida
T-11007,2025-06-29,Cena,P-02,3,Ensalada Cesar,Entrante
T-14147,2025-02-07,Cena,P-13,2,Bacalao al Horno,Principal
T-13788,2024-09-19,Cena,P-01,4,Hamburguesa Smart,Principal
T-12962,2025-04-29,Comida,P-05,3,Refresco Cola,Bebida
T-16018,2025-06-23,Cena,P-07,1,Pizza Margarita,Principal
T-12047,2024-02-09,Cena,P-23,2,Tiramisu de la Casa,Postre
T-16991,2025-01-26,Comida,P-08,2,Croquetas de Jamon,Entrante
T-17859,2024-02-05,Comida,P-22,3,Te Verde,Bebida
T-12693,2024-07-24,Cena,P-02,1,Ensalada Cesar,Entrante
T-15076,2025-12-02,Comida,P-11,4,Salmon a la Plancha,Principal
T-10370,2025-08-17,Cena,P-02,1,Ensalada Cesar,Entrante
T-14762,2024-12-27,Cena,P-15,2,Cerveza Artesana,Bebida
T-12417,2025-06-20,Cena,P-16,2,Agua Mineral,Bebida
T-13010,2025-12-13,Cena,P-20,3,Paella de Marisco,Principal
T-13161,2024-02-26,Comida,P-17,4,Brownie con Helado,Postre
T-11182,2025-02-19,Cena,P-03,3,Pasta Carbonara IA,Principal
T-13071,2024-12-10,Cena,P-19,2,Entrecot Ternera,Principal
T-17156,2025-01-27,Cena,P-11,4,Salmon a la Plancha,Principal
T-10894,2025-01-01,Cena,P-21,2,Cafe Solo,Bebida
T-12283,2025-05-18,Cena,P-14,2,Tortilla de Patatas,Entrante
T-13360,2025-10-07,Comida,P-22,3,Te Verde,Bebida
T-15223,2025-01-03,Cena,P-03,3,Pasta Carbonara IA,Principal
T-10227,2024-04-09,Cena,P-10,1,Solomillo Iberico,Principal
T-14738,2025-03-13,Cena,P-11,1,Salmon a la Plancha,Principal
T-16383,2024-07-03,Cena,P-23,1,Tiramisu de la Casa,Postre
T-15448,2025-08-30,Comida,P-20,1,Paella de Marisco,Principal
T-12107,2025-11-05,Comida,P-06,1,Vino Tinto Copa,Bebida
T-14650,2025-09-12,Cena,P-23,1,Tiramisu de la Casa,Postre
T-13018,2025-09-29,Comida,P-18,1,Ensaladilla Rusa,Entrante
T-12948,2025-02-24,Cena,P-17,1,Brownie con Helado,Postre
T-17752,2025-08-17,Comida,P-21,3,Cafe Solo,Bebida
T-11644,2025-06-10,Comida,P-13,4,Bacalao al Horno,Principal
T-12462,2025-09-26,Cena,P-12,1,Risotto de Setas,Principal
T-13413,2025-03-08,Comida,P-07,4,Pizza Margarita,Principal
T-13530,2024-08-02,Cena,P-06,2,Vino Tinto Copa,Bebida
T-12741,2024-03-27,Comida,P-12,4,Risotto de Setas,Principal
T-12035,2024-04-15,Cena,P-15,1,Cerveza Artesana,Bebida
T-12912,2024-10-16,Cena,P-23,2,Tiramisu de la Casa,Postre
T-10241,2024-12-09,Cena,P-05,2,Refresco Cola,Bebida
T-17998,2024-10-08,Cena,P-18,4,Ensaladilla Rusa,Entrante
T-15155,2024-05-27,Comida,P-07,1,Pizza Margarita,Principal
T-17359,2025-12-26,Cena,P-03,4,Pasta Carbonara IA,Principal
T-17290,2025-08-13,Comida,P-17,1,Brownie con Helado,Postre
T-10222,2024-11-21,Cena,P-12,4,Risotto de Setas,Principal
T-13324,2025-10-18,Cena,P-18,3,Ensaladilla Rusa,Entrante
T-11789,2025-01-28,Cena,P-10,2,Solomillo Iberico,Principal
T-17253,2025-10-28,Comida,P-07,1,Pizza Margarita,Principal
T-14109,2025-09-29,Cena,P-21,4,Cafe Solo,Bebida
T-17719,2025-12-12,Cena,P-10,4,Solomillo Iberico,Principal
T-11303,2024-12-15,Cena,P-06,2,Vino Tinto Copa,Bebida
T-14347,2025-12-18,Comida,P-19,3,Entrecot Ternera,Principal
T-10571,2024-05-25,Cena,P-22,3,Te Verde,Bebida
T-16473,2025-01-07,Comida,P-05,1,Refresco Cola,Bebida
T-15900,2025-03-14,Comida,P-19,4,Entrecot Ternera,Principal
T-16524,2025-10-29,Cena,P-11,2,Salmon a la Plancha,Principal
T-14035,2025-03-09,Comida,P-24,2,Nuggets de Pollo,Principal
T-17444,2025-12-01,Cena,P-13,3,Bacalao al Horno,Principal
T-10298,2025-03-13,Comida,P-23,4,Tiramisu de la Casa,Postre
T-17723,2025-10-17,Cena,P-04,3,Tarta de Queso Casera,Postre
T-13130,2025-10-10,Cena,P-20,2,Paella de Marisco,Principal
T-16254,2024-04-08,Cena,P-23,3,Tiramisu de la Casa,Postre
T-15852,2025-12-05,Comida,P-11,4,Salmon a la Plancha,Principal
T-14525,2025-05-19,Cena,P-21,3,Cafe Solo,Bebida
T-14260,2025-02-19,Cena,P-04,3,Tarta de Queso Casera,Postre
T-16139,2025-12-15,Comida,P-03,3,Pasta Carbonara IA,Principal
T-16375,2025-07-22,Comida,P-07,1,Pizza Margarita,Principal
T-10552,2024-11-07,Cena,P-09,2,Gazpacho Andaluz,Entrante
T-14818,2025-01-30,Comida,P-13,3,Bacalao al Horno,Principal
T-13401,2024-01-25,Cena,P-05,3,Refresco Cola,Bebida
T-16520,2024-10-11,Cena,P-02,2,Ensalada Cesar,Entrante
T-12213,2025-08-31,Cena,P-08,1,Croquetas de Jamon,Entrante
T-10790,2025-05-28,Cena,P-23,4,Tiramisu de la Casa,Postre
T-14965,2025-08-15,Comida,P-08,4,Croquetas de Jamon,Entrante
T-16376,2024-05-07,Cena,P-11,4,Salmon a la Plancha,Principal
T-13237,2025-08-02,Comida,P-24,2,Nuggets de Pollo,Principal
T-17257,2025-10-31,Cena,P-09,2,Gazpacho Andaluz,Entrante
T-10261,2025-01-07,Cena,P-16,2,Agua Mineral,Bebida
T-11326,2024-02-07,Comida,P-14,3,Tortilla de Patatas,Entrante
T-16089,2024-02-06,Comida,P-02,3,Ensalada Cesar,Entrante
T-14603,2024-11-02,Comida,P-19,1,Entrecot Ternera,Principal
T-17373,2024-01-27,Comida,P-05,3,Refresco Cola,Bebida
T-12549,2024-01-19,Cena,P-02,4,Ensalada Cesar,Entrante
T-15438,2024-01-30,Cena,P-14,2,Tortilla de Patatas,Entrante
T-12268,2024-06-11,Cena,P-09,2,Gazpacho Andaluz,Entrante
T-16919,2024-03-17,Comida,P-17,4,Brownie con Helado,Postre
T-16009,2025-01-07,Comida,P-21,2,Cafe Solo,Bebida
T-14849,2025-03-05,Comida,P-05,2,Refresco Cola,Bebida
T-12468,2024-12-30,Cena,P-05,2,Refresco Cola,Bebida
T-15286,2024-03-01,Comida,P-15,4,Cerveza Artesana,Bebida
T-13647,2025-03-03,Cena,P-05,4,Refresco Cola,Bebida
T-17958,2025-08-29,Comida,P-21,3,Cafe Solo,Bebida
T-12080,2024-06-19,Cena,P-09,3,Gazpacho Andaluz,Entrante
T-15479,2025-03-12,Cena,P-13,3,Bacalao al Horno,Principal
T-13062,2025-11-14,Cena,P-08,3,Croquetas de Jamon,Entrante
T-10018,2025-09-10,Comida,P-20,3,Paella de Marisco,Principal
T-12904,2024-05-31,Cena,P-07,3,Pizza Margarita,Principal
T-16717,2025-07-15,Comida,P-05,3,Refresco Cola,Bebida
T-11208,2025-07-11,Comida,P-09,3,Gazpacho Andaluz,Entrante
T-14763,2025-02-21,Cena,P-16,1,Agua Mineral,Bebida
T-11704,2025-12-14,Cena,P-17,1,Brownie con Helado,Postre
T-14555,2025-05-30,Cena,P-20,2,Paella de Marisco,Principal
T-16536,2024-10-04,Cena,P-10,3,Solomillo Iberico,Principal
T-15619,2024-02-07,Cena,P-19,4,Entrecot Ternera,Principal
T-15155,2024-03-01,Comida,P-21,3,Cafe Solo,Bebida
T-12008,2025-07-25,Cena,P-17,4,Brownie con Helado,Postre
T-13761,2025-01-05,Cena,P-20,4,Paella de Marisco,Principal
T-12070,2024-07-28,Comida,P-02,2,Ensalada Cesar,Entrante
T-10059,2025-05-07,Cena,P-13,1,Bacalao al Horno,Principal
T-13692,2025-04-01,Comida,P-11,1,Salmon a la Plancha,Principal
T-10815,2025-11-14,Comida,P-23,3,Tiramisu de la Casa,Postre
T-13718,2025-11-03,Comida,P-17,2,Brownie con Helado,Postre
T-13501,2025-02-22,Comida,P-02,3,Ensalada Cesar,Entrante
T-12186,2025-11-06,Cena,P-08,1,Croquetas de Jamon,Entrante
T-13534,2024-10-05,Comida,P-21,2,Cafe Solo,Bebida
T-15410,2025-12-30,Cena,P-02,3,Ensalada Cesar,Entrante
T-12057,2024-09-06,Cena,P-24,3,Nuggets de Pollo,Principal
T-15745,2025-05-16,Comida,P-12,3,Risotto de Setas,Principal
T-14947,2024-09-10,Comida,P-17,2,Brownie con Helado,Postre
T-17897,2025-07-26,Cena,P-14,2,Tortilla de Patatas,Entrante
T-13220,2024-02-07,Cena,P-04,4,Tarta de Queso Casera,Postre
T-10820,2024-12-03,Cena,P-12,2,Risotto de Setas,Principal
T-15691,2025-01-21,Comida,P-21,4,Cafe Solo,Bebida
T-10114,2025-10-26,Comida,P-05,1,Refresco Cola,Bebida
T-17126,2024-03-22,Comida,P-21,1,Cafe Solo,Bebida
T-17344,2025-03-04,Cena,P-12,1,Risotto de Setas,Principal
T-11160,2025-04-15,Comida,P-11,1,Salmon a la Plancha,Principal
T-16789,2024-08-07,Cena,P-08,4,Croquetas de Jamon,Entrante
T-14516,2025-09-12,Comida,P-02,4,Ensalada Cesar,Entrante
T-15268,2025-07-22,Cena,P-03,4,Pasta Carbonara IA,Principal
T-16487,2024-12-23,Comida,P-17,4,Brownie con Helado,Postre
T-10751,2024-09-27,Comida,P-12,1,Risotto de Setas,Principal
T-17407,2024-07-21,Cena,P-24,2,Nuggets de Pollo,Principal
T-16481,2024-10-08,Cena,P-04,4,Tarta de Queso Casera,Postre
T-10424,2024-08-30,Cena,P-22,2,Te Verde,Bebida
T-14990,2025-01-03,Cena,P-23,3,Tiramisu de la Casa,Postre
T-12306,2025-12-02,Cena,P-13,2,Bacalao al Horno,Principal
T-16600,2025-06-23,Cena,P-22,2,Te Verde,Bebida
T-12652,2024-03-27,Comida,P-18,1,Ensaladilla Rusa,Entrante
T-15148,2025-12-19,Comida,P-21,2,Cafe Solo,Bebida
T-10612,2025-04-30,Cena,P-01,4,Hamburguesa Smart,Principal
T-14258,2024-07-04,Cena,P-04,3,Tarta de Queso Casera,Postre
T-11665,2025-11-09,Cena,P-10,3,Solomillo Iberico,Principal
T-15999,2025-02-23,Cena,P-20,3,Paella de Marisco,Principal
T-17855,2025-04-30,Cena,P-06,1,Vino Tinto Copa,Bebida
T-13218,2025-05-16,Comida,P-06,2,Vino Tinto Copa,Bebida
T-15097,2025-10-14,Comida,P-22,1,Te Verde,Bebida
T-13547,2025-04-02,Comida,P-04,3,Tarta de Queso Casera,Postre
T-12890,2025-02-09,Comida,P-14,3,Tortilla de Patatas,Entrante
T-11481,2025-07-03,Cena,P-08,4,Croquetas de Jamon,Entrante
T-17230,2025-12-17,Comida,P-17,1,Brownie con Helado,Postre
T-14498,2025-02-18,Cena,P-05,1,Refresco Cola,Bebida
T-12798,2024-05-26,Cena,P-05,3,Refresco Cola,Bebida
T-13131,2024-09-19,Cena,P-03,1,Pasta Carbonara IA,Principal
T-13207,2024-09-30,Cena,P-19,1,Entrecot Ternera,Principal
T-15792,2025-08-15,Cena,P-04,4,Tarta de Queso Casera,Postre
T-13715,2024-04-01,Cena,P-18,3,Ensaladilla Rusa,Entrante
T-15800,2025-03-04,Cena,P-24,3,Nuggets de Pollo,Principal
T-17445,2025-07-15,Cena,P-07,2,Pizza Margarita,Principal
T-15655,2025-04-05,Comida,P-04,3,Tarta de Queso Casera,Postre
T-10176,2025-06-04,Cena,P-06,1,Vino Tinto Copa,Bebida
T-14870,2025-02-18,Cena,P-05,1,Refresco Cola,Bebida
T-10051,2024-11-05,Cena,P-05,3,Refresco Cola,Bebida
T-11290,2024-08-31,Comida,P-05,2,Refresco Cola,Bebida
T-16639,2025-02-26,Comida,P-06,3,Vino Tinto Copa,Bebida
T-17447,2024-12-29,Cena,P-23,1,Tiramisu de la Casa,Postre
T-17565,2024-12-16,Cena,P-09,4,Gazpacho Andaluz,Entrante
T-11042,2025-10-24,Cena,P-02,1,Ensalada Cesar,Entrante
T-13062,2025-01-21,Cena,P-05,3,Refresco Cola,Bebida
T-15675,2024-02-09,Cena,P-20,4,Paella de Marisco,Principal
T-12261,2024-03-31,Comida,P-10,1,Solomillo Iberico,Principal
T-15751,2025-05-10,Cena,P-01,4,Hamburguesa Smart,Principal
T-13627,2025-06-08,Cena,P-23,1,Tiramisu de la Casa,Postre
T-14970,2025-06-15,Comida,P-16,1,Agua Mineral,Bebida
T-12977,2025-04-13,Comida,P-03,3,Pasta Carbonara IA,Principal
T-10913,2024-07-19,Comida,P-25,2,Canelones de Carne,Principal
T-14489,2024-04-02,Comida,P-20,2,Paella de Marisco,Principal
T-12322,2025-03-08,Comida,P-14,4,Tortilla de Patatas,Entrante
T-17638,2025-06-25,Comida,P-12,4,Risotto de Setas,Principal
T-14372,2024-08-28,Comida,P-18,4,Ensaladilla Rusa,Entrante
T-16353,2025-02-27,Cena,P-13,2,Bacalao al Horno,Principal
T-13232,2025-04-16,Cena,P-14,4,Tortilla de Patatas,Entrante
T-11267,2025-06-08,Cena,P-18,1,Ensaladilla Rusa,Entrante
T-17462,2025-11-01,Cena,P-05,1,Refresco Cola,Bebida
T-13968,2025-10-31,Comida,P-01,4,Hamburguesa Smart,Principal
T-15108,2025-06-16,Cena,P-17,1,Brownie con Helado,Postre
T-17200,2024-09-18,Comida,P-15,2,Cerveza Artesana,Bebida
T-17293,2024-05-28,Cena,P-25,3,Canelones de Carne,Principal
T-17332,2024-07-17,Cena,P-20,4,Paella de Marisco,Principal
T-13858,2025-08-05,Cena,P-09,2,Gazpacho Andaluz,Entrante
T-13521,2024-07-04,Cena,P-16,3,Agua Mineral,Bebida
T-10150,2024-04-02,Cena,P-09,2,Gazpacho Andaluz,Entrante
T-17489,2024-08-02,Comida,P-09,1,Gazpacho Andaluz,Entrante
T-10827,2025-03-02,Comida,P-06,4,Vino Tinto Copa,Bebida
T-14472,2024-01-06,Comida,P-05,1,Refresco Cola,Bebida
T-14831,2025-09-24,Comida,P-01,2,Hamburguesa Smart,Principal
T-17282,2024-11-20,Cena,P-17,1,Brownie con Helado,Postre
T-15693,2024-04-04,Cena,P-16,3,Agua Mineral,Bebida
T-13307,2025-11-22,Comida,P-14,3,Tortilla de Patatas,Entrante
T-17227,2024-09-24,Cena,P-18,2,Ensaladilla Rusa,Entrante
T-16596,2024-05-21,Cena,P-06,3,Vino Tinto Copa,Bebida
T-14255,2025-02-11,Cena,P-03,4,Pasta Carbonara IA,Principal
T-14771,2024-03-20,Cena,P-25,1,Canelones de Carne,Principal
T-13524,2025-01-23,Cena,P-17,4,Brownie con Helado,Postre
T-11318,2024-02-12,Cena,P-22,4,Te Verde,Bebida
T-15720,2024-08-14,Cena,P-04,4,Tarta de Queso Casera,Postre
T-15979,2024-12-09,Cena,P-05,2,Refresco Cola,Bebida
T-12978,2025-04-03,Cena,P-19,4,Entrecot Ternera,Principal
T-17419,2024-10-15,Cena,P-23,2,Tiramisu de la Casa,Postre
T-11784,2025-03-20,Cena,P-09,1,Gazpacho Andaluz,Entrante
T-13812,2024-11-14,Cena,P-13,2,Bacalao al Horno,Principal
T-13365,2024-12-10,Comida,P-19,3,Entrecot Ternera,Principal
T-11062,2025-08-12,Cena,P-12,2,Risotto de Setas,Principal
T-15797,2024-11-01,Comida,P-03,1,Pasta Carbonara IA,Principal
T-15174,2025-11-24,Cena,P-24,1,Nuggets de Pollo,Principal
T-14973,2024-10-29,Comida,P-20,2,Paella de Marisco,Principal
T-14352,2024-09-30,Cena,P-23,4,Tiramisu de la Casa,Postre
T-13867,2025-05-19,Cena,P-22,3,Te Verde,Bebida
T-15020,2025-12-14,Cena,P-18,3,Ensaladilla Rusa,Entrante
T-12098,2024-12-08,Comida,P-18,1,Ensaladilla Rusa,Entrante
T-16959,2024-02-02,Comida,P-17,2,Brownie con Helado,Postre
T-12842,2024-04-29,Comida,P-08,1,Croquetas de Jamon,Entrante
T-13691,2025-06-15,Cena,P-20,1,Paella de Marisco,Principal
T-14426,2025-03-09,Cena,P-18,1,Ensaladilla Rusa,Entrante
T-14439,2025-08-04,Cena,P-23,4,Tiramisu de la Casa,Postre
T-12975,2025-11-13,Cena,P-19,3,Entrecot Ternera,Principal
T-13327,2025-12-16,Cena,P-07,3,Pizza Margarita,Principal
T-13686,2025-10-06,Comida,P-18,1,Ensaladilla Rusa,Entrante
T-12953,2024-02-05,Comida,P-17,2,Brownie con Helado,Postre
T-16169,2024-06-20,Cena,P-05,4,Refresco Cola,Bebida
T-17917,2024-06-20,Cena,P-10,1,Solomillo Iberico,Principal
T-16405,2024-02-20,Cena,P-07,1,Pizza Margarita,Principal
T-16246,2024-11-13,Comida,P-09,4,Gazpacho Andaluz,Entrante
T-10552,2025-05-31,Cena,P-13,3,Bacalao al Horno,Principal
T-17013,2024-07-08,Comida,P-22,1,Te Verde,Bebida
T-17316,2025-04-13,Comida,P-01,4,Hamburguesa Smart,Principal
T-10439,2025-01-20,Cena,P-15,1,Cerveza Artesana,Bebida
T-15977,2025-11-10,Comida,P-09,2,Gazpacho Andaluz,Entrante
T-14764,2025-01-21,Cena,P-01,1,Hamburguesa Smart,Principal
T-16334,2024-05-23,Cena,P-21,1,Cafe Solo,Bebida
T-12530,2024-08-02,Cena,P-02,2,Ensalada Cesar,Entrante
T-17593,2024-06-30,Comida,P-18,4,Ensaladilla Rusa,Entrante
T-13657,2024-08-06,Cena,P-10,3,Solomillo Iberico,Principal
T-15596,2024-06-16,Comida,P-19,2,Entrecot Ternera,Principal
T-15188,2025-04-21,Cena,P-22,1,Te Verde,Bebida
T-12412,2025-05-24,Comida,P-15,1,Cerveza Artesana,Bebida
T-12653,2024-11-04,Cena,P-02,4,Ensalada Cesar,Entrante
T-17464,2024-09-13,Comida,P-07,3,Pizza Margarita,Principal
T-11807,2024-06-04,Comida,P-01,1,Hamburguesa Smart,Principal
T-13270,2024-12-30,Cena,P-05,3,Refresco Cola,Bebida
T-12765,2025-09-28,Cena,P-04,2,Tarta de Queso Casera,Postre
T-12475,2025-05-23,Cena,P-25,3,Canelones de Carne,Principal
T-15962,2024-11-16,Comida,P-23,1,Tiramisu de la Casa,Postre
T-15135,2025-05-09,Cena,P-02,2,Ensalada Cesar,Entrante
T-17809,2025-12-06,Cena,P-23,2,Tiramisu de la Casa,Postre
T-11403,2024-06-23,Comida,P-11,1,Salmon a la Plancha,Principal
T-16929,2024-09-10,Comida,P-20,2,Paella de Marisco,Principal
T-12091,2025-11-08,Cena,P-05,3,Refresco Cola,Bebida
T-17820,2024-04-03,Comida,P-02,2,Ensalada Cesar,Entrante
T-13259,2024-08-25,Cena,P-20,1,Paella de Marisco,Principal
T-11795,2025-01-28,Comida,P-22,3,Te Verde,Bebida
T-11812,2025-05-05,Cena,P-23,4,Tiramisu de la Casa,Postre
T-14198,2025-01-27,Cena,P-24,4,Nuggets de Pollo,Principal
T-14612,2024-04-10,Cena,P-08,4,Croquetas de Jamon,Entrante
T-13869,2024-10-25,Cena,P-08,3,Croquetas de Jamon,Entrante
T-17516,2025-08-05,Cena,P-15,3,Cerveza Artesana,Bebida
T-15514,2024-10-11,Cena,P-04,3,Tarta de Queso Casera,Postre
T-14686,2024-08-02,Cena,P-20,4,Paella de Marisco,Principal
T-13760,2025-02-07,Cena,P-04,4,Tarta de Queso Casera,Postre
T-11057,2025-06-30,Comida,P-05,3,Refresco Cola,Bebida
T-14890,2024-03-17,Cena,P-03,1,Pasta Carbonara IA,Principal
T-13480,2025-02-28,Cena,P-02,4,Ensalada Cesar,Entrante
T-10899,2025-10-01,Comida,P-24,1,Nuggets de Pollo,Principal
T-11216,2025-10-25,Comida,P-20,4,Paella de Marisco,Principal
T-17302,2025-10-09,Cena,P-01,2,Hamburguesa Smart,Principal
T-11676,2024-02-14,Cena,P-02,2,Ensalada Cesar,Entrante
T-16512,2024-03-26,Cena,P-22,1,Te Verde,Bebida
T-10192,2025-11-30,Comida,P-25,3,Canelones de Carne,Principal
T-10469,2024-06-01,Cena,P-03,4,Pasta Carbonara IA,Principal
T-11711,2025-12-18,Cena,P-14,3,Tortilla de Patatas,Entrante
T-15666,2024-02-17,Comida,P-15,2,Cerveza Artesana,Bebida
T-11062,2024-11-07,Comida,P-18,1,Ensaladilla Rusa,Entrante
T-16786,2025-02-26,Comida,P-21,2,Cafe Solo,Bebida
T-15169,2024-08-10,Comida,P-13,2,Bacalao al Horno,Principal
T-14623,2025-02-14,Cena,P-10,3,Solomillo Iberico,Principal
T-10867,2024-02-16,Cena,P-12,1,Risotto de Setas,Principal
T-17672,2025-11-14,Cena,P-21,2,Cafe Solo,Bebida
T-11233,2024-09-25,Comida,P-20,3,Paella de Marisco,Principal
T-17204,2025-11-29,Comida,P-23,2,Tiramisu de la Casa,Postre
T-12384,2025-10-31,Cena,P-01,4,Hamburguesa Smart,Principal
T-15304,2025-05-05,Cena,P-20,2,Paella de Marisco,Principal
T-15800,2025-10-18,Cena,P-25,3,Canelones de Carne,Principal
T-16151,2025-10-13,Cena,P-02,3,Ensalada Cesar,Entrante
T-15153,2024-08-23,Cena,P-18,3,Ensaladilla Rusa,Entrante
T-11995,2024-08-05,Comida,P-03,1,Pasta Carbonara IA,Principal
T-17498,2024-04-03,Cena,P-13,1,Bacalao al Horno,Principal
T-13946,2024-01-03,Comida,P-24,2,Nuggets de Pollo,Principal
T-15991,2025-08-26,Comida,P-24,3,Nuggets de Pollo,Principal
T-17623,2025-08-17,Cena,P-18,2,Ensaladilla Rusa,Entrante
T-12409,2024-02-21,Cena,P-03,2,Pasta Carbonara IA,Principal
T-11299,2024-10-12,Cena,P-16,3,Agua Mineral,Bebida
T-17109,2025-06-21,Cena,P-14,3,Tortilla de Patatas,Entrante
T-14191,2024-01-28,Cena,P-20,3,Paella de Marisco,Principal
T-14056,2024-09-23,Cena,P-21,1,Cafe Solo,Bebida
T-17995,2025-12-26,Comida,P-01,2,Hamburguesa Smart,Principal
T-15085,2024-04-07,Comida,P-15,4,Cerveza Artesana,Bebida
T-11388,2025-08-06,Comida,P-14,3,Tortilla de Patatas,Entrante
T-11779,2025-09-21,Comida,P-16,4,Agua Mineral,Bebida
T-15406,2024-12-04,Cena,P-03,3,Pasta Carbonara IA,Principal
T-12357,2025-12-04,Comida,P-01,2,Hamburguesa Smart,Principal
T-11925,2024-03-21,Comida,P-25,1,Canelones de Carne,Principal
T-16110,2024-08-10,Comida,P-01,3,Hamburguesa Smart,Principal
T-17672,2024-10-23,Comida,P-05,2,Refresco Cola,Bebida
T-12838,2024-01-23,Cena,P-22,1,Te Verde,Bebida
T-10180,2024-03-24,Comida,P-23,3,Tiramisu de la Casa,Postre
T-14526,2024-05-31,Cena,P-23,4,Tiramisu de la Casa,Postre
T-12185,2024-11-04,Cena,P-06,4,Vino Tinto Copa,Bebida
T-13733,2025-10-19,Cena,P-20,3,Paella de Marisco,Principal
T-11218,2025-12-16,Comida,P-02,1,Ensalada Cesar,Entrante
T-12417,2025-04-03,Comida,P-13,2,Bacalao al Horno,Principal
T-16913,2024-05-28,Comida,P-14,4,Tortilla de Patatas,Entrante
T-16182,2024-05-29,Comida,P-22,1,Te Verde,Bebida
T-17738,2025-04-23,Cena,P-17,2,Brownie con Helado,Postre
T-16220,2025-11-18,Comida,P-19,1,Entrecot Ternera,Principal
T-15266,2025-04-16,Cena,P-01,3,Hamburguesa Smart,Principal
T-14001,2025-08-25,Comida,P-09,1,Gazpacho Andaluz,Entrante
T-12997,2024-07-29,Cena,P-13,1,Bacalao al Horno,Principal
T-12101,2024-01-28,Comida,P-03,1,Pasta Carbonara IA,Principal
T-10687,2025-07-05,Comida,P-10,1,Solomillo Iberico,Principal
T-16102,2024-04-05,Cena,P-06,2,Vino Tinto Copa,Bebida
T-14080,2024-02-28,Cena,P-02,1,Ensalada Cesar,Entrante
T-13640,2024-08-12,Cena,P-21,2,Cafe Solo,Bebida
T-10883,2024-06-30,Comida,P-03,4,Pasta Carbonara IA,Principal
T-12902,2025-04-21,Cena,P-16,3,Agua Mineral,Bebida
T-17979,2025-06-30,Comida,P-05,1,Refresco Cola,Bebida
T-13192,2024-07-18,Cena,P-02,2,Ensalada Cesar,Entrante
T-15418,2025-01-10,Cena,P-14,2,Tortilla de Patatas,Entrante
T-15702,2024-03-27,Cena,P-14,4,Tortilla de Patatas,Entrante
T-14764,2025-03-12,Comida,P-20,4,Paella de Marisco,Principal
T-10095,2024-12-16,Comida,P-10,1,Solomillo Iberico,Principal
T-10324,2024-08-31,Cena,P-01,3,Hamburguesa Smart,Principal
T-13421,2024-08-13,Comida,P-24,2,Nuggets de Pollo,Principal
T-15678,2024-09-15,Cena,P-23,2,Tiramisu de la Casa,Postre
T-12235,2025-07-27,Comida,P-08,1,Croquetas de Jamon,Entrante
T-17163,2024-08-02,Comida,P-15,4,Cerveza Artesana,Bebida
T-10578,2025-04-23,Cena,P-25,1,Canelones de Carne,Principal
T-10399,2025-02-21,Comida,P-21,1,Cafe Solo,Bebida
T-14980,2025-05-08,Comida,P-07,2,Pizza Margarita,Principal
T-17084,2024-03-31,Cena,P-02,3,Ensalada Cesar,Entrante
T-11706,2025-01-06,Cena,P-06,4,Vino Tinto Copa,Bebida
T-14439,2024-12-05,Comida,P-04,4,Tarta de Queso Casera,Postre
T-12862,2024-03-26,Cena,P-02,2,Ensalada Cesar,Entrante
T-10040,2024-08-23,Comida,P-02,3,Ensalada Cesar,Entrante
T-10100,2024-03-14,Cena,P-15,1,Cerveza Artesana,Bebida
T-13906,2025-05-05,Cena,P-15,1,Cerveza Artesana,Bebida
T-13962,2025-12-23,Cena,P-01,4,Hamburguesa Smart,Principal
T-10045,2025-07-28,Comida,P-13,2,Bacalao al Horno,Principal
T-12080,2024-05-20,Cena,P-12,4,Risotto de Setas,Principal
T-11521,2025-02-27,Cena,P-12,3,Risotto de Setas,Principal
T-10157,2024-12-30,Cena,P-09,2,Gazpacho Andaluz,Entrante
T-11994,2025-03-30,Cena,P-01,4,Hamburguesa Smart,Principal
T-12050,2025-07-04,Comida,P-22,2,Te Verde,Bebida
T-13120,2024-06-15,Comida,P-23,1,Tiramisu de la Casa,Postre
T-10404,2025-09-21,Comida,P-20,3,Paella de Marisco,Principal
T-15018,2025-10-28,Cena,P-21,2,Cafe Solo,Bebida
T-10949,2024-06-07,Cena,P-10,2,Solomillo Iberico,Principal
T-13790,2025-11-25,Cena,P-19,2,Entrecot Ternera,Principal
T-17443,2025-07-06,Cena,P-08,4,Croquetas de Jamon,Entrante
T-11931,2024-08-06,Comida,P-08,2,Croquetas de Jamon,Entrante
T-17033,2024-06-22,Cena,P-01,1,Hamburguesa Smart,Principal
T-11877,2025-09-13,Cena,P-22,2,Te Verde,Bebida
T-13011,2024-01-22,Comida,P-05,1,Refresco Cola,Bebida
T-14281,2025-12-18,Comida,P-09,4,Gazpacho Andaluz,Entrante
T-16996,2025-07-11,Cena,P-08,1,Croquetas de Jamon,Entrante
T-14367,2025-04-19,Cena,P-12,4,Risotto de Setas,Principal
T-13758,2024-05-02,Comida,P-25,4,Canelones de Carne,Principal
T-14331,2024-12-20,Cena,P-09,1,Gazpacho Andaluz,Entrante
T-15408,2024-09-20,Cena,P-06,1,Vino Tinto Copa,Bebida
T-16719,2025-12-02,Cena,P-10,2,Solomillo Iberico,Principal
T-16728,2025-06-22,Cena,P-25,2,Canelones de Carne,Principal
T-13151,2025-02-28,Comida,P-18,1,Ensaladilla Rusa,Entrante
T-17503,2025-02-22,Cena,P-24,4,Nuggets de Pollo,Principal
T-13826,2025-03-13,Cena,P-14,1,Tortilla de Patatas,Entrante
T-13446,2025-11-07,Cena,P-21,2,Cafe Solo,Bebida
T-16603,2024-11-01,Cena,P-11,3,Salmon a la Plancha,Principal
T-14873,2025-04-27,Comida,P-05,3,Refresco Cola,Bebida
T-17645,2024-04-25,Cena,P-21,3,Cafe Solo,Bebida
T-17646,2024-06-06,Comida,P-01,3,Hamburguesa Smart,Principal
T-13442,2025-02-09,Comida,P-18,2,Ensaladilla Rusa,Entrante
T-11673,2024-05-25,Cena,P-19,4,Entrecot Ternera,Principal
T-10005,2024-03-13,Cena,P-14,4,Tortilla de Patatas,Entrante
T-15071,2025-09-22,Cena,P-21,4,Cafe Solo,Bebida
T-11267,2024-06-14,Cena,P-14,1,Tortilla de Patatas,Entrante
T-10413,2024-01-21,Cena,P-04,3,Tarta de Queso Casera,Postre
T-17259,2024-04-17,Comida,P-25,3,Canelones de Carne,Principal
T-10978,2025-07-19,Comida,P-24,3,Nuggets de Pollo,Principal
T-11463,2024-09-02,Cena,P-11,2,Salmon a la Plancha,Principal
T-10443,2024-08-19,Comida,P-03,3,Pasta Carbonara IA,Principal
T-16509,2024-07-22,Comida,P-06,3,Vino Tinto Copa,Bebida
T-15088,2025-07-31,Cena,P-20,3,Paella de Marisco,Principal
T-13614,2025-07-22,Cena,P-09,2,Gazpacho Andaluz,Entrante
T-17304,2024-09-13,Cena,P-09,3,Gazpacho Andaluz,Entrante
T-12983,2025-11-30,Comida,P-13,2,Bacalao al Horno,Principal
T-16827,2025-11-19,Cena,P-24,1,Nuggets de Pollo,Principal
T-10696,2025-02-23,Comida,P-10,3,Solomillo Iberico,Principal
T-12358,2025-05-13,Comida,P-03,4,Pasta Carbonara IA,Principal
T-16917,2024-07-16,Comida,P-07,2,Pizza Margarita,Principal
T-10559,2024-07-21,Comida,P-12,3,Risotto de Setas,Principal
T-16040,2025-09-26,Comida,P-24,3,Nuggets de Pollo,Principal
T-15222,2024-04-03,Cena,P-22,4,Te Verde,Bebida
T-15748,2025-12-26,Cena,P-07,3,Pizza Margarita,Principal
T-15278,2025-05-12,Comida,P-15,2,Cerveza Artesana,Bebida
T-17645,2024-01-03,Cena,P-12,3,Risotto de Setas,Principal
T-14510,2025-01-03,Comida,P-18,2,Ensaladilla Rusa,Entrante
T-11970,2025-01-02,Cena,P-23,1,Tiramisu de la Casa,Postre
T-17534,2025-05-14,Cena,P-22,1,Te Verde,Bebida
T-15359,2024-01-31,Cena,P-02,1,Ensalada Cesar,Entrante
T-17117,2025-06-03,Cena,P-10,3,Solomillo Iberico,Principal
T-12527,2025-10-26,Comida,P-07,1,Pizza Margarita,Principal
T-11362,2025-09-16,Cena,P-01,1,Hamburguesa Smart,Principal
T-17967,2024-04-07,Cena,P-08,2,Croquetas de Jamon,Entrante
T-14887,2025-12-31,Cena,P-03,3,Pasta Carbonara IA,Principal
T-13022,2025-06-13,Cena,P-16,1,Agua Mineral,Bebida
T-14035,2024-10-02,Comida,P-22,4,Te Verde,Bebida
T-12725,2024-03-27,Cena,P-22,2,Te Verde,Bebida
T-11100,2024-06-15,Cena,P-15,1,Cerveza Artesana,Bebida
T-11292,2024-11-19,Cena,P-01,3,Hamburguesa Smart,Principal
T-17071,2024-03-25,Comida,P-14,2,Tortilla de Patatas,Entrante
T-17639,2025-08-11,Cena,P-03,3,Pasta Carbonara IA,Principal
T-10535,2024-08-15,Comida,P-22,3,Te Verde,Bebida
T-10991,2024-04-03,Cena,P-03,2,Pasta Carbonara IA,Principal
T-16533,2025-04-01,Cena,P-20,3,Paella de Marisco,Principal
T-14587,2024-11-13,Cena,P-03,2,Pasta Carbonara IA,Principal
T-16716,2025-06-16,Comida,P-01,2,Hamburguesa Smart,Principal
T-13231,2024-01-15,Cena,P-24,1,Nuggets de Pollo,Principal
T-17077,2024-02-08,Cena,P-10,2,Solomillo Iberico,Principal
T-14428,2025-09-07,Comida,P-15,1,Cerveza Artesana,Bebida
T-11714,2025-07-08,Cena,P-19,2,Entrecot Ternera,Principal
T-16131,2025-06-16,Comida,P-21,3,Cafe Solo,Bebida
T-14839,2025-08-06,Comida,P-03,1,Pasta Carbonara IA,Principal
T-15105,2025-10-19,Cena,P-05,4,Refresco Cola,Bebida
T-15282,2024-03-24,Comida,P-16,3,Agua Mineral,Bebida
T-13050,2025-05-03,Cena,P-08,1,Croquetas de Jamon,Entrante
T-15908,2025-12-22,Comida,P-19,4,Entrecot Ternera,Principal
T-13211,2024-10-15,Comida,P-22,1,Te Verde,Bebida
T-10804,2025-11-16,Comida,P-21,1,Cafe Solo,Bebida
T-17226,2024-09-26,Cena,P-15,2,Cerveza Artesana,Bebida
T-16617,2025-03-05,Comida,P-25,4,Canelones de Carne,Principal
T-13523,2024-02-12,Comida,P-11,3,Salmon a la Plancha,Principal
T-13727,2025-02-17,Cena,P-10,1,Solomillo Iberico,Principal
T-13598,2024-04-17,Cena,P-22,3,Te Verde,Bebida
T-10752,2024-08-05,Comida,P-15,3,Cerveza Artesana,Bebida
T-11207,2025-02-26,Comida,P-21,4,Cafe Solo,Bebida
T-13824,2025-12-27,Comida,P-18,4,Ensaladilla Rusa,Entrante
T-15783,2024-06-19,Cena,P-13,4,Bacalao al Horno,Principal
T-12502,2025-10-09,Cena,P-23,1,Tiramisu de la Casa,Postre
T-13217,2025-01-28,Cena,P-25,4,Canelones de Carne,Principal
T-13006,2024-08-08,Comida,P-03,2,Pasta Carbonara IA,Principal
T-16226,2024-08-25,Cena,P-22,2,Te Verde,Bebida
T-11543,2025-12-03,Cena,P-16,1,Agua Mineral,Bebida
T-17136,2025-02-06,Cena,P-07,3,Pizza Margarita,Principal
T-17382,2025-04-30,Cena,P-02,4,Ensalada Cesar,Entrante
T-11275,2024-02-26,Comida,P-04,3,Tarta de Queso Casera,Postre
T-13456,2024-12-09,Comida,P-06,2,Vino Tinto Copa,Bebida
T-14474,2024-02-22,Comida,P-03,4,Pasta Carbonara IA,Principal
T-10852,2025-02-23,Cena,P-25,1,Canelones de Carne,Principal
T-15250,2025-11-07,Cena,P-09,2,Gazpacho Andaluz,Entrante
T-11292,2025-09-29,Cena,P-14,2,Tortilla de Patatas,Entrante
T-15183,2025-08-18,Cena,P-22,4,Te Verde,Bebida
T-14249,2024-04-30,Cena,P-04,2,Tarta de Queso Casera,Postre
T-13408,2025-11-30,Cena,P-16,1,Agua Mineral,Bebida
T-16231,2024-10-22,Cena,P-15,1,Cerveza Artesana,Bebida
T-12023,2025-09-22,Cena,P-22,4,Te Verde,Bebida
T-14591,2024-12-09,Comida,P-21,1,Cafe Solo,Bebida
T-17024,2025-06-10,Comida,P-13,1,Bacalao al Horno,Principal
T-16685,2024-07-04,Cena,P-10,4,Solomillo Iberico,Principal
T-10207,2025-01-15,Comida,P-06,2,Vino Tinto Copa,Bebida
T-17405,2025-07-21,Cena,P-23,3,Tiramisu de la Casa,Postre
T-11439,2025-11-01,Cena,P-20,3,Paella de Marisco,Principal
T-12190,2024-03-05,Cena,P-02,3,Ensalada Cesar,Entrante
T-15832,2025-08-23,Cena,P-10,3,Solomillo Iberico,Principal
T-17979,2025-08-27,Comida,P-18,4,Ensaladilla Rusa,Entrante
T-11121,2024-09-23,Cena,P-25,4,Canelones de Carne,Principal
T-16643,2024-03-26,Comida,P-10,3,Solomillo Iberico,Principal
T-14302,2024-03-08,Cena,P-13,3,Bacalao al Horno,Principal
T-11542,2024-07-26,Comida,P-03,3,Pasta Carbonara IA,Principal
T-15431,2024-07-23,Cena,P-23,2,Tiramisu de la Casa,Postre
T-10057,2025-03-14,Comida,P-18,3,Ensaladilla Rusa,Entrante
T-11480,2024-03-24,Cena,P-06,4,Vino Tinto Copa,Bebida
T-14374,2024-06-07,Cena,P-01,3,Hamburguesa Smart,Principal
T-11892,2025-06-15,Cena,P-06,3,Vino Tinto Copa,Bebida
T-11032,2024-10-25,Comida,P-22,4,Te Verde,Bebida
T-15204,2024-10-09,Cena,P-19,1,Entrecot Ternera,Principal
T-16741,2025-01-25,Cena,P-22,2,Te Verde,Bebida
T-15932,2024-09-20,Cena,P-22,3,Te Verde,Bebida
T-10705,2025-08-03,Cena,P-17,1,Brownie con Helado,Postre
T-12421,2025-02-18,Cena,P-23,3,Tiramisu de la Casa,Postre
T-17177,2025-11-11,Cena,P-23,1,Tiramisu de la Casa,Postre
T-13401,2024-02-15,Cena,P-14,2,Tortilla de Patatas,Entrante
T-16212,2025-04-08,Comida,P-25,1,Canelones de Carne,Principal
T-17610,2025-01-05,Comida,P-16,3,Agua Mineral,Bebida
T-14242,2024-08-23,Cena,P-17,3,Brownie con Helado,Postre
T-11668,2025-11-08,Comida,P-08,1,Croquetas de Jamon,Entrante
T-16692,2025-12-31,Cena,P-19,4,Entrecot Ternera,Principal
T-10657,2024-07-08,Cena,P-03,4,Pasta Carbonara IA,Principal
T-15368,2025-03-09,Cena,P-02,2,Ensalada Cesar,Entrante
T-14355,2024-06-02,Cena,P-17,2,Brownie con Helado,Postre
T-15900,2025-11-18,Comida,P-21,4,Cafe Solo,Bebida
T-14848,2024-08-29,Cena,P-13,4,Bacalao al Horno,Principal
T-13661,2024-10-07,Cena,P-20,3,Paella de Marisco,Principal
T-13667,2025-05-22,Comida,P-22,4,Te Verde,Bebida
T-12274,2024-05-29,Comida,P-15,4,Cerveza Artesana,Bebida
T-15019,2024-10-22,Cena,P-10,1,Solomillo Iberico,Principal
T-16755,2025-04-14,Comida,P-08,2,Croquetas de Jamon,Entrante
T-12908,2025-02-17,Comida,P-14,3,Tortilla de Patatas,Entrante
T-10381,2024-10-21,Cena,P-02,3,Ensalada Cesar,Entrante
T-11173,2024-08-29,Comida,P-03,2,Pasta Carbonara IA,Principal
T-14206,2024-04-22,Cena,P-19,1,Entrecot Ternera,Principal
T-11031,2025-05-15,Comida,P-19,1,Entrecot Ternera,Principal
T-12648,2024-04-23,Cena,P-13,3,Bacalao al Horno,Principal
T-10841,2024-08-09,Cena,P-25,2,Canelones de Carne,Principal
T-10639,2024-12-05,Cena,P-17,4,Brownie con Helado,Postre
T-11288,2025-07-08,Comida,P-13,1,Bacalao al Horno,Principal
T-15585,2025-04-15,Cena,P-21,1,Cafe Solo,Bebida
T-11830,2025-03-26,Cena,P-15,3,Cerveza Artesana,Bebida
T-17024,2024-05-31,Comida,P-09,2,Gazpacho Andaluz,Entrante
T-12186,2025-05-22,Comida,P-14,2,Tortilla de Patatas,Entrante
T-10031,2025-06-13,Comida,P-04,2,Tarta de Queso Casera,Postre
T-11215,2025-09-27,Cena,P-07,2,Pizza Margarita,Principal
T-10272,2024-07-23,Cena,P-24,1,Nuggets de Pollo,Principal
T-11735,2024-05-11,Comida,P-24,3,Nuggets de Pollo,Principal
T-15537,2025-11-30,Comida,P-03,4,Pasta Carbonara IA,Principal
T-16343,2024-11-20,Comida,P-12,4,Risotto de Setas,Principal
T-17912,2024-02-18,Cena,P-23,1,Tiramisu de la Casa,Postre
T-10585,2025-09-25,Comida,P-21,4,Cafe Solo,Bebida
T-10095,2025-09-08,Comida,P-19,1,Entrecot Ternera,Principal
T-16005,2024-10-27,Comida,P-07,2,Pizza Margarita,Principal
T-11360,2024-07-20,Comida,P-11,3,Salmon a la Plancha,Principal
T-15160,2024-06-06,Comida,P-09,4,Gazpacho Andaluz,Entrante
T-10928,2025-11-05,Comida,P-21,3,Cafe Solo,Bebida
T-14557,2024-10-26,Comida,P-01,2,Hamburguesa Smart,Principal
T-13106,2024-05-05,Cena,P-17,3,Brownie con Helado,Postre
T-13315,2024-08-28,Cena,P-20,2,Paella de Marisco,Principal
T-13044,2024-08-29,Comida,P-18,2,Ensaladilla Rusa,Entrante
T-13159,2024-01-06,Cena,P-07,4,Pizza Margarita,Principal
T-10163,2024-10-28,Comida,P-10,4,Solomillo Iberico,Principal
T-12503,2024-08-11,Comida,P-09,2,Gazpacho Andaluz,Entrante
T-15879,2025-07-12,Cena,P-10,4,Solomillo Iberico,Principal
T-17614,2024-06-17,Cena,P-20,3,Paella de Marisco,Principal
T-16733,2024-11-14,Cena,P-09,4,Gazpacho Andaluz,Entrante
T-10365,2024-07-07,Comida,P-11,1,Salmon a la Plancha,Principal
T-14796,2024-11-07,Cena,P-07,3,Pizza Margarita,Principal
T-14731,2025-10-23,Comida,P-22,4,Te Verde,Bebida
T-14800,2024-07-01,Cena,P-06,2,Vino Tinto Copa,Bebida
T-15747,2025-11-03,Cena,P-09,1,Gazpacho Andaluz,Entrante
T-10264,2025-04-23,Cena,P-20,2,Paella de Marisco,Principal
T-13599,2025-10-11,Cena,P-24,1,Nuggets de Pollo,Principal
T-10144,2025-05-06,Cena,P-06,3,Vino Tinto Copa,Bebida
T-12294,2024-01-22,Cena,P-16,2,Agua Mineral,Bebida
T-13951,2025-02-19,Cena,P-22,1,Te Verde,Bebida
T-14186,2025-09-14,Cena,P-10,4,Solomillo Iberico,Principal
T-13016,2025-06-20,Cena,P-25,1,Canelones de Carne,Principal
T-11259,2024-08-14,Comida,P-14,4,Tortilla de Patatas,Entrante
T-17273,2025-01-12,Comida,P-04,3,Tarta de Queso Casera,Postre
T-14148,2024-02-28,Comida,P-22,4,Te Verde,Bebida
T-13128,2024-01-01,Comida,P-21,3,Cafe Solo,Bebida
T-10793,2025-11-07,Cena,P-12,1,Risotto de Setas,Principal
T-12399,2024-05-26,Cena,P-19,2,Entrecot Ternera,Principal
T-16584,2025-11-13,Comida,P-02,2,Ensalada Cesar,Entrante
T-17199,2024-02-27,Cena,P-13,3,Bacalao al Horno,Principal
T-11202,2024-10-04,Comida,P-23,2,Tiramisu de la Casa,Postre
T-11168,2024-06-01,Cena,P-22,4,Te Verde,Bebida
T-12263,2024-08-15,Comida,P-17,4,Brownie con Helado,Postre
T-14414,2025-01-20,Cena,P-10,1,Solomillo Iberico,Principal
T-15109,2024-03-04,Comida,P-14,3,Tortilla de Patatas,Entrante
T-14001,2024-02-09,Comida,P-25,2,Canelones de Carne,Principal
T-15220,2025-03-18,Comida,P-02,3,Ensalada Cesar,Entrante
T-17058,2024-10-09,Cena,P-22,4,Te Verde,Bebida
T-17108,2024-11-11,Comida,P-13,3,Bacalao al Horno,Principal
T-14830,2025-11-19,Comida,P-14,4,Tortilla de Patatas,Entrante
T-10503,2024-07-27,Cena,P-14,4,Tortilla de Patatas,Entrante
T-12512,2024-04-02,Cena,P-02,4,Ensalada Cesar,Entrante
T-15348,2025-12-22,Cena,P-20,3,Paella de Marisco,Principal
T-13042,2024-06-12,Comida,P-20,3,Paella de Marisco,Principal
T-11197,2025-09-22,Comida,P-12,1,Risotto de Setas,Principal
T-12492,2025-10-13,Comida,P-18,3,Ensaladilla Rusa,Entrante
T-15791,2024-02-16,Comida,P-03,2,Pasta Carbonara IA,Principal
T-16706,2025-04-10,Cena,P-11,3,Salmon a la Plancha,Principal
T-15560,2025-12-21,Comida,P-10,1,Solomillo Iberico,Principal
T-12047,2024-09-23,Comida,P-15,1,Cerveza Artesana,Bebida
T-11142,2024-12-30,Cena,P-23,4,Tiramisu de la Casa,Postre
T-10118,2024-11-06,Cena,P-21,4,Cafe Solo,Bebida
T-12676,2024-08-31,Comida,P-17,3,Brownie con Helado,Postre
T-13493,2024-11-04,Cena,P-23,1,Tiramisu de la Casa,Postre
T-12010,2025-07-10,Comida,P-12,3,Risotto de Setas,Principal
T-17445,2024-01-03,Cena,P-03,3,Pasta Carbonara IA,Principal
T-17222,2024-11-13,Cena,P-12,3,Risotto de Setas,Principal
T-17045,2024-02-01,Cena,P-20,4,Paella de Marisco,Principal
T-13108,2024-11-10,Cena,P-06,1,Vino Tinto Copa,Bebida
T-11104,2024-01-10,Comida,P-19,2,Entrecot Ternera,Principal
T-16111,2025-07-05,Comida,P-19,2,Entrecot Ternera,Principal
T-16484,2024-03-10,Comida,P-21,4,Cafe Solo,Bebida
T-17230,2024-09-04,Cena,P-16,1,Agua Mineral,Bebida
T-15108,2025-07-08,Comida,P-17,1,Brownie con Helado,Postre
T-10735,2025-05-23,Comida,P-20,1,Paella de Marisco,Principal
T-16207,2024-10-21,Comida,P-10,3,Solomillo Iberico,Principal
T-16125,2025-08-20,Cena,P-19,2,Entrecot Ternera,Principal
T-11897,2024-09-06,Cena,P-19,4,Entrecot Ternera,Principal
T-11448,2024-03-29,Comida,P-02,2,Ensalada Cesar,Entrante
T-17088,2024-12-12,Cena,P-04,4,Tarta de Queso Casera,Postre
T-12236,2025-03-08,Cena,P-18,3,Ensaladilla Rusa,Entrante
T-13876,2024-04-14,Cena,P-06,1,Vino Tinto Copa,Bebida
T-11236,2024-10-12,Comida,P-18,2,Ensaladilla Rusa,Entrante
T-15761,2025-03-13,Cena,P-18,3,Ensaladilla Rusa,Entrante
T-11646,2024-07-08,Comida,P-24,3,Nuggets de Pollo,Principal
T-10751,2024-07-06,Cena,P-06,3,Vino Tinto Copa,Bebida
T-11271,2025-11-06,Cena,P-21,3,Cafe Solo,Bebida
T-11612,2025-10-24,Comida,P-19,1,Entrecot Ternera,Principal
T-14423,2024-03-13,Comida,P-16,3,Agua Mineral,Bebida
T-10163,2024-08-13,Comida,P-21,4,Cafe Solo,Bebida
T-13823,2024-11-22,Cena,P-06,4,Vino Tinto Copa,Bebida
T-16807,2024-10-06,Cena,P-23,2,Tiramisu de la Casa,Postre
T-15839,2024-05-03,Cena,P-13,2,Bacalao al Horno,Principal
T-16764,2024-06-17,Comida,P-08,3,Croquetas de Jamon,Entrante
T-14822,2025-02-04,Cena,P-14,3,Tortilla de Patatas,Entrante
T-10823,2024-04-10,Cena,P-13,4,Bacalao al Horno,Principal
T-12163,2025-04-16,Cena,P-02,1,Ensalada Cesar,Entrante
T-14138,2024-04-28,Cena,P-10,2,Solomillo Iberico,Principal
T-16079,2024-12-05,Cena,P-19,1,Entrecot Ternera,Principal
T-11569,2025-09-24,Cena,P-15,2,Cerveza Artesana,Bebida
T-12274,2025-11-10,Comida,P-25,1,Canelones de Carne,Principal
T-14832,2025-11-02,Comida,P-19,1,Entrecot Ternera,Principal
T-12823,2024-11-06,Comida,P-02,2,Ensalada Cesar,Entrante
T-15247,2024-10-10,Comida,P-17,4,Brownie con Helado,Postre
T-13640,2025-01-05,Cena,P-08,2,Croquetas de Jamon,Entrante
T-13093,2024-01-10,Comida,P-18,3,Ensaladilla Rusa,Entrante
T-16079,2025-10-04,Comida,P-22,3,Te Verde,Bebida
T-10212,2024-01-05,Cena,P-11,4,Salmon a la Plancha,Principal
T-15599,2024-04-05,Comida,P-12,3,Risotto de Setas,Principal
T-17826,2024-05-28,Comida,P-12,1,Risotto de Setas,Principal
T-14895,2025-04-10,Cena,P-09,2,Gazpacho Andaluz,Entrante
T-10244,2024-11-16,Cena,P-09,3,Gazpacho Andaluz,Entrante
T-12415,2024-08-12,Cena,P-12,3,Risotto de Setas,Principal
T-13561,2024-03-16,Comida,P-11,2,Salmon a la Plancha,Principal
T-14815,2024-09-22,Cena,P-04,1,Tarta de Queso Casera,Postre
T-17692,2025-10-08,Comida,P-18,1,Ensaladilla Rusa,Entrante
T-12910,2025-06-23,Comida,P-07,3,Pizza Margarita,Principal
T-10411,2024-05-09,Cena,P-20,3,Paella de Marisco,Principal
T-13054,2025-07-06,Cena,P-10,1,Solomillo Iberico,Principal
T-10324,2024-01-10,Cena,P-04,2,Tarta de Queso Casera,Postre
T-17126,2024-05-15,Cena,P-12,2,Risotto de Setas,Principal
T-14700,2025-10-25,Cena,P-06,1,Vino Tinto Copa,Bebida
T-11985,2024-02-10,Comida,P-07,4,Pizza Margarita,Principal
T-12516,2025-10-29,Cena,P-23,2,Tiramisu de la Casa,Postre
T-14074,2025-07-27,Comida,P-19,4,Entrecot Ternera,Principal
T-17621,2024-03-04,Comida,P-14,3,Tortilla de Patatas,Entrante
T-15689,2025-05-08,Cena,P-07,2,Pizza Margarita,Principal
T-12639,2024-05-18,Cena,P-19,4,Entrecot Ternera,Principal
T-17907,2025-09-29,Cena,P-23,2,Tiramisu de la Casa,Postre
T-13801,2025-04-16,Comida,P-13,3,Bacalao al Horno,Principal
T-11993,2025-07-17,Cena,P-21,1,Cafe Solo,Bebida
T-12928,2025-05-18,Comida,P-08,3,Croquetas de Jamon,Entrante
T-12774,2025-04-07,Cena,P-01,3,Hamburguesa Smart,Principal
T-15209,2024-08-29,Cena,P-21,3,Cafe Solo,Bebida
T-14417,2024-07-21,Cena,P-23,3,Tiramisu de la Casa,Postre
T-14487,2025-08-31,Cena,P-25,1,Canelones de Carne,Principal
T-12221,2024-09-30,Cena,P-20,2,Paella de Marisco,Principal
T-12171,2025-06-30,Comida,P-16,4,Agua Mineral,Bebida
T-17862,2024-10-26,Cena,P-20,2,Paella de Marisco,Principal
T-11723,2025-12-23,Comida,P-20,1,Paella de Marisco,Principal
T-11805,2025-12-29,Comida,P-02,2,Ensalada Cesar,Entrante
T-11449,2024-07-15,Comida,P-18,3,Ensaladilla Rusa,Entrante
T-16410,2024-08-29,Comida,P-03,3,Pasta Carbonara IA,Principal
T-11494,2024-01-11,Cena,P-18,4,Ensaladilla Rusa,Entrante
T-10553,2025-05-31,Cena,P-14,2,Tortilla de Patatas,Entrante
T-11152,2024-02-10,Comida,P-18,3,Ensaladilla Rusa,Entrante
T-12107,2024-11-09,Cena,P-22,1,Te Verde,Bebida
T-14012,2024-07-25,Comida,P-01,2,Hamburguesa Smart,Principal
T-10888,2025-09-26,Comida,P-07,2,Pizza Margarita,Principal
T-17612,2025-04-12,Cena,P-15,1,Cerveza Artesana,Bebida
T-11120,2024-12-06,Comida,P-24,1,Nuggets de Pollo,Principal
T-13351,2025-09-22,Cena,P-11,4,Salmon a la Plancha,Principal
T-13676,2025-05-28,Cena,P-18,3,Ensaladilla Rusa,Entrante
T-10886,2024-10-13,Cena,P-06,3,Vino Tinto Copa,Bebida
T-11443,2024-07-16,Cena,P-18,3,Ensaladilla Rusa,Entrante
T-14235,2025-12-31,Cena,P-01,1,Hamburguesa Smart,Principal
T-17734,2025-07-13,Cena,P-01,3,Hamburguesa Smart,Principal
T-15324,2025-01-14,Cena,P-15,3,Cerveza Artesana,Bebida
T-17752,2024-01-11,Comida,P-25,4,Canelones de Carne,Principal
T-13133,2024-10-15,Cena,P-15,3,Cerveza Artesana,Bebida
T-15426,2025-11-19,Comida,P-02,4,Ensalada Cesar,Entrante
T-17085,2025-01-25,Comida,P-22,2,Te Verde,Bebida
T-17991,2024-03-09,Comida,P-05,4,Refresco Cola,Bebida
T-15365,2024-12-13,Cena,P-14,3,Tortilla de Patatas,Entrante
T-17496,2025-10-23,Comida,P-14,1,Tortilla de Patatas,Entrante
T-14018,2024-08-09,Cena,P-21,3,Cafe Solo,Bebida
T-10765,2025-05-31,Cena,P-08,4,Croquetas de Jamon,Entrante
T-11014,2025-09-29,Comida,P-14,3,Tortilla de Patatas,Entrante
T-16807,2025-03-20,Cena,P-08,2,Croquetas de Jamon,Entrante
T-13886,2024-08-11,Cena,P-09,3,Gazpacho Andaluz,Entrante
T-16992,2025-11-30,Comida,P-06,3,Vino Tinto Copa,Bebida
T-17943,2024-03-26,Cena,P-21,4,Cafe Solo,Bebida
T-17215,2024-05-10,Comida,P-13,3,Bacalao al Horno,Principal
T-15842,2025-02-02,Cena,P-22,1,Te Verde,Bebida
T-14498,2024-07-22,Cena,P-02,1,Ensalada Cesar,Entrante
T-10896,2024-08-07,Cena,P-13,1,Bacalao al Horno,Principal
T-16362,2024-07-23,Cena,P-16,2,Agua Mineral,Bebida
T-12936,2024-04-12,Cena,P-25,1,Canelones de Carne,Principal
T-15076,2025-11-08,Cena,P-06,1,Vino Tinto Copa,Bebida
T-13458,2024-01-31,Cena,P-04,2,Tarta de Queso Casera,Postre
T-14767,2025-09-13,Cena,P-09,2,Gazpacho Andaluz,Entrante
T-12162,2024-09-24,Comida,P-19,1,Entrecot Ternera,Principal
T-16140,2024-08-15,Cena,P-09,1,Gazpacho Andaluz,Entrante
T-10283,2024-08-01,Cena,P-12,1,Risotto de Setas,Principal
T-17740,2024-06-25,Cena,P-11,3,Salmon a la Plancha,Principal
T-11812,2024-12-14,Cena,P-18,1,Ensaladilla Rusa,Entrante
T-13440,2024-08-11,Cena,P-23,3,Tiramisu de la Casa,Postre
T-17583,2024-06-16,Cena,P-12,1,Risotto de Setas,Principal
T-17537,2024-11-17,Cena,P-05,4,Refresco Cola,Bebida
T-15031,2024-09-01,Cena,P-21,3,Cafe Solo,Bebida
T-13402,2025-01-04,Cena,P-17,1,Brownie con Helado,Postre
T-17375,2024-09-07,Cena,P-13,4,Bacalao al Horno,Principal
T-17540,2025-09-29,Comida,P-08,1,Croquetas de Jamon,Entrante
T-15793,2025-06-18,Cena,P-09,4,Gazpacho Andaluz,Entrante
T-13835,2024-04-24,Cena,P-12,2,Risotto de Setas,Principal
T-15410,2025-02-08,Cena,P-23,2,Tiramisu de la Casa,Postre
T-16948,2025-11-29,Cena,P-10,4,Solomillo Iberico,Principal
T-10453,2025-01-06,Comida,P-22,3,Te Verde,Bebida
T-16254,2024-12-04,Cena,P-04,4,Tarta de Queso Casera,Postre
T-17439,2025-03-09,Comida,P-08,1,Croquetas de Jamon,Entrante
T-16834,2025-01-19,Cena,P-17,1,Brownie con Helado,Postre
T-17867,2025-06-19,Cena,P-25,2,Canelones de Carne,Principal
T-10607,2024-12-16,Cena,P-02,3,Ensalada Cesar,Entrante
T-17097,2025-08-07,Cena,P-10,2,Solomillo Iberico,Principal
T-14590,2024-02-16,Cena,P-01,4,Hamburguesa Smart,Principal
T-13195,2024-03-26,Cena,P-19,3,Entrecot Ternera,Principal
T-13586,2025-06-12,Cena,P-09,2,Gazpacho Andaluz,Entrante
T-17747,2024-04-25,Cena,P-22,3,Te Verde,Bebida
T-13569,2024-06-21,Cena,P-23,3,Tiramisu de la Casa,Postre
T-10433,2024-02-09,Cena,P-01,1,Hamburguesa Smart,Principal
T-14486,2024-11-23,Comida,P-17,2,Brownie con Helado,Postre
T-15165,2024-01-11,Comida,P-11,2,Salmon a la Plancha,Principal
T-15417,2025-03-09,Comida,P-14,1,Tortilla de Patatas,Entrante
T-13479,2025-03-12,Comida,P-10,4,Solomillo Iberico,Principal
T-13568,2024-04-28,Cena,P-23,1,Tiramisu de la Casa,Postre
T-14177,2025-03-11,Cena,P-02,1,Ensalada Cesar,Entrante
T-14241,2024-08-25,Comida,P-22,1,Te Verde,Bebida
T-10586,2025-05-01,Comida,P-14,4,Tortilla de Patatas,Entrante
T-14668,2025-01-16,Cena,P-23,3,Tiramisu de la Casa,Postre
T-15237,2025-04-08,Cena,P-19,2,Entrecot Ternera,Principal
T-17653,2025-05-28,Cena,P-03,3,Pasta Carbonara IA,Principal
T-12569,2024-07-20,Cena,P-06,4,Vino Tinto Copa,Bebida
T-16838,2025-11-09,Cena,P-12,1,Risotto de Setas,Principal
T-15763,2025-07-26,Cena,P-15,3,Cerveza Artesana,Bebida
T-10093,2025-04-15,Comida,P-10,3,Solomillo Iberico,Principal
T-12729,2024-02-14,Cena,P-14,1,Tortilla de Patatas,Entrante
T-10089,2025-07-25,Cena,P-20,1,Paella de Marisco,Principal
T-12940,2024-03-02,Comida,P-16,3,Agua Mineral,Bebida
T-10003,2024-06-10,Cena,P-13,1,Bacalao al Horno,Principal
T-12181,2025-01-10,Comida,P-23,2,Tiramisu de la Casa,Postre
T-13695,2025-04-04,Cena,P-04,2,Tarta de Queso Casera,Postre
T-11907,2024-09-11,Cena,P-06,3,Vino Tinto Copa,Bebida
T-13127,2025-02-09,Cena,P-24,4,Nuggets de Pollo,Principal
T-14281,2025-07-29,Comida,P-03,4,Pasta Carbonara IA,Principal
T-13999,2024-10-25,Comida,P-03,4,Pasta Carbonara IA,Principal
T-13986,2024-09-07,Comida,P-22,3,Te Verde,Bebida
T-16948,2024-05-19,Cena,P-22,3,Te Verde,Bebida
T-17098,2025-03-05,Comida,P-25,1,Canelones de Carne,Principal
T-11104,2025-08-08,Cena,P-22,3,Te Verde,Bebida
T-15439,2025-03-24,Cena,P-24,1,Nuggets de Pollo,Principal
T-11506,2024-07-24,Comida,P-16,3,Agua Mineral,Bebida
T-15579,2024-02-03,Comida,P-22,4,Te Verde,Bebida
T-16814,2024-04-14,Cena,P-24,1,Nuggets de Pollo,Principal
T-17630,2024-07-06,Comida,P-10,4,Solomillo Iberico,Principal
T-17959,2025-07-05,Cena,P-16,3,Agua Mineral,Bebida
T-16817,2024-02-10,Cena,P-17,1,Brownie con Helado,Postre
T-14288,2024-02-20,Cena,P-20,1,Paella de Marisco,Principal
T-13631,2024-11-24,Comida,P-17,2,Brownie con Helado,Postre
T-10931,2025-06-08,Cena,P-23,3,Tiramisu de la Casa,Postre
T-13419,2025-10-27,Cena,P-12,1,Risotto de Setas,Principal
T-15125,2025-07-22,Cena,P-10,2,Solomillo Iberico,Principal
T-16858,2025-08-03,Cena,P-09,3,Gazpacho Andaluz,Entrante
T-10478,2024-05-16,Cena,P-12,3,Risotto de Setas,Principal
T-12912,2025-01-23,Cena,P-20,4,Paella de Marisco,Principal
T-11088,2025-01-22,Comida,P-02,2,Ensalada Cesar,Entrante
T-11160,2025-08-06,Comida,P-17,2,Brownie con Helado,Postre
T-11336,2025-09-11,Comida,P-15,4,Cerveza Artesana,Bebida
T-12375,2025-12-03,Cena,P-18,4,Ensaladilla Rusa,Entrante
T-12657,2024-02-19,Comida,P-05,3,Refresco Cola,Bebida
T-12119,2025-06-18,Cena,P-25,2,Canelones de Carne,Principal
T-11738,2024-09-01,Cena,P-10,4,Solomillo Iberico,Principal
T-12202,2024-05-19,Cena,P-21,3,Cafe Solo,Bebida
T-16911,2024-07-02,Cena,P-19,2,Entrecot Ternera,Principal
T-13962,2025-08-15,Cena,P-05,1,Refresco Cola,Bebida
T-16167,2025-05-12,Cena,P-04,2,Tarta de Queso Casera,Postre
T-11410,2024-09-22,Cena,P-04,2,Tarta de Queso Casera,Postre
T-16805,2025-03-18,Comida,P-09,4,Gazpacho Andaluz,Entrante
T-17707,2024-09-12,Comida,P-06,1,Vino Tinto Copa,Bebida
T-11608,2025-05-12,Cena,P-12,3,Risotto de Setas,Principal
T-15935,2025-05-02,Cena,P-06,1,Vino Tinto Copa,Bebida
T-14531,2024-07-13,Comida,P-10,2,Solomillo Iberico,Principal
T-15024,2024-02-07,Comida,P-21,4,Cafe Solo,Bebida
T-17574,2024-08-12,Cena,P-15,3,Cerveza Artesana,Bebida
T-17765,2025-06-16,Comida,P-10,1,Solomillo Iberico,Principal
T-14430,2024-03-09,Comida,P-04,3,Tarta de Queso Casera,Postre
T-11868,2025-06-20,Cena,P-25,1,Canelones de Carne,Principal
T-10662,2024-08-12,Cena,P-10,1,Solomillo Iberico,Principal
T-13135,2024-05-08,Cena,P-18,2,Ensaladilla Rusa,Entrante
T-11120,2024-02-25,Cena,P-01,2,Hamburguesa Smart,Principal
T-17352,2024-05-10,Comida,P-09,4,Gazpacho Andaluz,Entrante
T-10898,2024-11-21,Comida,P-16,2,Agua Mineral,Bebida
T-13679,2024-10-03,Comida,P-08,1,Croquetas de Jamon,Entrante
T-15105,2024-05-24,Cena,P-22,3,Te Verde,Bebida
T-17321,2024-01-08,Cena,P-24,3,Nuggets de Pollo,Principal
T-10708,2024-01-18,Cena,P-17,3,Brownie con Helado,Postre
T-12472,2024-07-11,Cena,P-18,1,Ensaladilla Rusa,Entrante
T-13133,2024-01-29,Cena,P-21,1,Cafe Solo,Bebida
T-15576,2024-01-12,Cena,P-14,2,Tortilla de Patatas,Entrante
T-14515,2025-01-09,Cena,P-09,4,Gazpacho Andaluz,Entrante
T-12342,2025-06-28,Comida,P-19,1,Entrecot Ternera,Principal
T-16471,2025-04-10,Comida,P-08,4,Croquetas de Jamon,Entrante
T-16231,2025-07-06,Cena,P-04,2,Tarta de Queso Casera,Postre
T-14516,2024-08-29,Cena,P-25,2,Canelones de Carne,Principal
T-14534,2024-02-07,Comida,P-24,4,Nuggets de Pollo,Principal
T-10381,2025-10-11,Cena,P-23,2,Tiramisu de la Casa,Postre
T-13706,2025-08-29,Comida,P-11,2,Salmon a la Plancha,Principal
T-14143,2024-08-04,Comida,P-03,2,Pasta Carbonara IA,Principal
T-12642,2024-01-11,Comida,P-18,2,Ensaladilla Rusa,Entrante
T-12921,2025-02-13,Cena,P-07,3,Pizza Margarita,Principal
T-14225,2024-12-10,Cena,P-23,2,Tiramisu de la Casa,Postre
T-14927,2025-10-22,Comida,P-03,2,Pasta Carbonara IA,Principal
T-12477,2025-05-02,Comida,P-22,2,Te Verde,Bebida
T-10880,2024-11-10,Cena,P-15,3,Cerveza Artesana,Bebida
T-12252,2024-01-03,Cena,P-07,2,Pizza Margarita,Principal
T-17196,2024-05-05,Cena,P-21,4,Cafe Solo,Bebida
T-15427,2024-11-20,Comida,P-14,2,Tortilla de Patatas,Entrante
T-14286,2025-10-18,Cena,P-21,1,Cafe Solo,Bebida
T-15786,2024-11-04,Cena,P-23,4,Tiramisu de la Casa,Postre
T-14096,2024-02-13,Cena,P-13,2,Bacalao al Horno,Principal
T-12784,2024-12-22,Cena,P-10,1,Solomillo Iberico,Principal
T-12108,2025-12-14,Comida,P-25,2,Canelones de Carne,Principal
T-17084,2024-03-08,Cena,P-09,4,Gazpacho Andaluz,Entrante
T-14978,2025-01-29,Cena,P-08,2,Croquetas de Jamon,Entrante
T-11044,2024-02-12,Comida,P-20,3,Paella de Marisco,Principal
T-11571,2024-12-07,Comida,P-07,1,Pizza Margarita,Principal
T-14248,2024-09-03,Comida,P-10,4,Solomillo Iberico,Principal
T-17147,2024-09-02,Comida,P-18,2,Ensaladilla Rusa,Entrante
T-17817,2024-11-17,Cena,P-18,1,Ensaladilla Rusa,Entrante
T-12521,2024-08-06,Cena,P-20,4,Paella de Marisco,Principal
T-10588,2024-05-25,Comida,P-09,1,Gazpacho Andaluz,Entrante
T-13752,2024-08-29,Cena,P-19,4,Entrecot Ternera,Principal
T-10591,2025-12-27,Cena,P-23,4,Tiramisu de la Casa,Postre
T-11543,2025-11-26,Cena,P-11,2,Salmon a la Plancha,Principal
T-15017,2025-07-22,Comida,P-01,3,Hamburguesa Smart,Principal
T-10786,2024-02-06,Cena,P-05,3,Refresco Cola,Bebida
T-15035,2025-06-03,Cena,P-17,3,Brownie con Helado,Postre
T-16942,2025-11-02,Comida,P-22,3,Te Verde,Bebida
T-14635,2025-06-17,Comida,P-11,4,Salmon a la Plancha,Principal
T-13869,2024-07-18,Cena,P-14,3,Tortilla de Patatas,Entrante
T-10434,2024-08-01,Cena,P-04,1,Tarta de Queso Casera,Postre
T-10594,2025-09-26,Cena,P-18,4,Ensaladilla Rusa,Entrante
T-13813,2025-09-15,Cena,P-07,4,Pizza Margarita,Principal
T-11813,2024-04-15,Cena,P-14,3,Tortilla de Patatas,Entrante
T-16649,2024-03-30,Comida,P-12,2,Risotto de Setas,Principal
T-14534,2024-09-27,Cena,P-20,1,Paella de Marisco,Principal
T-14055,2025-07-11,Comida,P-25,4,Canelones de Carne,Principal
T-17985,2024-05-18,Cena,P-23,3,Tiramisu de la Casa,Postre
T-11291,2024-07-12,Cena,P-04,2,Tarta de Queso Casera,Postre
T-12589,2024-03-04,Cena,P-06,3,Vino Tinto Copa,Bebida
T-11084,2024-12-01,Cena,P-13,2,Bacalao al Horno,Principal
T-14253,2024-09-05,Cena,P-16,1,Agua Mineral,Bebida
T-11379,2025-11-26,Cena,P-13,2,Bacalao al Horno,Principal
T-12280,2024-03-02,Comida,P-11,3,Salmon a la Plancha,Principal
T-10304,2024-12-28,Comida,P-08,4,Croquetas de Jamon,Entrante
T-12455,2024-03-11,Comida,P-14,2,Tortilla de Patatas,Entrante
T-13181,2025-12-20,Cena,P-17,2,Brownie con Helado,Postre
T-13354,2025-07-03,Cena,P-10,3,Solomillo Iberico,Principal
T-13536,2024-09-01,Cena,P-15,4,Cerveza Artesana,Bebida
T-17068,2024-02-18,Comida,P-10,1,Solomillo Iberico,Principal
T-15212,2024-06-02,Comida,P-22,3,Te Verde,Bebida
T-11372,2024-05-01,Comida,P-06,2,Vino Tinto Copa,Bebida
T-10307,2024-12-21,Comida,P-25,1,Canelones de Carne,Principal
T-14956,2025-12-11,Comida,P-03,1,Pasta Carbonara IA,Principal
T-12610,2024-05-02,Cena,P-02,2,Ensalada Cesar,Entrante
T-16602,2025-07-15,Cena,P-07,1,Pizza Margarita,Principal
T-16655,2024-10-24,Comida,P-01,2,Hamburguesa Smart,Principal
T-14587,2024-05-15,Comida,P-05,4,Refresco Cola,Bebida
T-13763,2025-11-17,Cena,P-10,3,Solomillo Iberico,Principal
T-12537,2025-06-05,Comida,P-22,1,Te Verde,Bebida
T-17511,2024-08-04,Comida,P-14,1,Tortilla de Patatas,Entrante
T-12272,2024-10-16,Comida,P-03,4,Pasta Carbonara IA,Principal
T-17540,2025-03-26,Cena,P-19,3,Entrecot Ternera,Principal
T-11440,2025-10-16,Cena,P-21,1,Cafe Solo,Bebida
T-10593,2025-10-21,Comida,P-15,1,Cerveza Artesana,Bebida
T-17312,2024-10-23,Cena,P-08,3,Croquetas de Jamon,Entrante
T-10537,2024-10-30,Cena,P-07,3,Pizza Margarita,Principal
T-12886,2025-05-14,Comida,P-07,4,Pizza Margarita,Principal
T-15751,2025-01-12,Cena,P-07,2,Pizza Margarita,Principal
T-13472,2025-08-17,Comida,P-20,1,Paella de Marisco,Principal
T-15304,2024-09-29,Cena,P-25,4,Canelones de Carne,Principal
T-11156,2024-07-11,Cena,P-03,3,Pasta Carbonara IA,Principal
T-13965,2024-04-14,Cena,P-01,4,Hamburguesa Smart,Principal
T-11078,2025-08-10,Comida,P-08,4,Croquetas de Jamon,Entrante
T-10013,2024-10-26,Comida,P-04,1,Tarta de Queso Casera,Postre
T-11395,2024-01-12,Cena,P-13,1,Bacalao al Horno,Principal
T-14638,2025-09-12,Comida,P-18,4,Ensaladilla Rusa,Entrante
T-15948,2024-03-09,Cena,P-16,1,Agua Mineral,Bebida
T-13080,2024-04-20,Cena,P-20,4,Paella de Marisco,Principal
T-13400,2025-04-19,Comida,P-11,1,Salmon a la Plancha,Principal
T-17119,2024-05-21,Cena,P-03,3,Pasta Carbonara IA,Principal
T-12275,2024-04-04,Cena,P-07,3,Pizza Margarita,Principal
T-15268,2024-08-12,Cena,P-01,1,Hamburguesa Smart,Principal
T-15231,2025-07-11,Comida,P-24,1,Nuggets de Pollo,Principal
T-13697,2025-05-13,Cena,P-18,3,Ensaladilla Rusa,Entrante
T-12852,2024-06-14,Comida,P-08,2,Croquetas de Jamon,Entrante
T-12076,2025-06-21,Comida,P-21,1,Cafe Solo,Bebida
T-12282,2024-08-12,Cena,P-20,1,Paella de Marisco,Principal
T-13874,2025-01-29,Cena,P-11,3,Salmon a la Plancha,Principal
T-15172,2025-12-27,Cena,P-18,2,Ensaladilla Rusa,Entrante
T-16985,2025-08-09,Cena,P-18,4,Ensaladilla Rusa,Entrante
T-13919,2025-08-25,Cena,P-19,3,Entrecot Ternera,Principal
T-12170,2024-06-07,Comida,P-17,1,Brownie con Helado,Postre
T-16756,2025-12-18,Cena,P-20,3,Paella de Marisco,Principal
T-17912,2025-07-14,Cena,P-15,3,Cerveza Artesana,Bebida
T-12876,2024-06-14,Cena,P-13,4,Bacalao al Horno,Principal
T-12134,2024-11-18,Comida,P-12,3,Risotto de Setas,Principal
T-13380,2024-01-04,Comida,P-01,4,Hamburguesa Smart,Principal
T-16443,2025-03-14,Comida,P-09,4,Gazpacho Andaluz,Entrante
T-10454,2025-10-17,Cena,P-11,2,Salmon a la Plancha,Principal
T-13382,2024-09-21,Comida,P-05,2,Refresco Cola,Bebida
T-12688,2025-10-16,Comida,P-23,4,Tiramisu de la Casa,Postre
T-10894,2024-01-25,Comida,P-10,1,Solomillo Iberico,Principal
T-14967,2025-07-13,Cena,P-22,4,Te Verde,Bebida
T-10975,2025-06-29,Cena,P-08,4,Croquetas de Jamon,Entrante
T-15998,2025-12-10,Cena,P-24,3,Nuggets de Pollo,Principal
T-10152,2025-05-25,Comida,P-06,3,Vino Tinto Copa,Bebida
T-10976,2024-04-17,Cena,P-21,4,Cafe Solo,Bebida
T-10454,2024-11-20,Comida,P-05,4,Refresco Cola,Bebida
T-15167,2024-08-01,Cena,P-05,1,Refresco Cola,Bebida
T-16299,2025-04-23,Cena,P-07,1,Pizza Margarita,Principal
T-13985,2025-09-11,Comida,P-13,1,Bacalao al Horno,Principal
T-15242,2025-11-24,Cena,P-21,4,Cafe Solo,Bebida
T-10861,2024-12-27,Comida,P-25,4,Canelones de Carne,Principal
T-17114,2025-10-24,Cena,P-14,4,Tortilla de Patatas,Entrante
T-12752,2025-03-04,Comida,P-14,3,Tortilla de Patatas,Entrante
T-11711,2024-08-30,Cena,P-01,1,Hamburguesa Smart,Principal
T-11141,2024-04-02,Cena,P-08,2,Croquetas de Jamon,Entrante
T-11106,2024-08-14,Cena,P-05,4,Refresco Cola,Bebida
T-14562,2024-03-15,Cena,P-02,1,Ensalada Cesar,Entrante
T-17921,2024-01-05,Comida,P-06,4,Vino Tinto Copa,Bebida
T-15795,2025-05-21,Cena,P-16,3,Agua Mineral,Bebida
T-15489,2024-08-20,Comida,P-22,1,Te Verde,Bebida
T-10040,2025-11-04,Comida,P-13,1,Bacalao al Horno,Principal
T-15672,2025-05-30,Cena,P-01,4,Hamburguesa Smart,Principal
T-14199,2024-08-27,Cena,P-21,1,Cafe Solo,Bebida
T-13294,2024-05-13,Comida,P-12,4,Risotto de Setas,Principal
T-14406,2025-07-03,Cena,P-17,4,Brownie con Helado,Postre
T-14263,2024-02-24,Comida,P-03,4,Pasta Carbonara IA,Principal
T-16688,2025-06-30,Cena,P-18,1,Ensaladilla Rusa,Entrante
T-14564,2024-05-22,Cena,P-08,2,Croquetas de Jamon,Entrante
T-12482,2024-11-01,Comida,P-01,2,Hamburguesa Smart,Principal
T-15370,2025-12-05,Comida,P-11,4,Salmon a la Plancha,Principal
T-17770,2024-09-18,Comida,P-09,1,Gazpacho Andaluz,Entrante
T-12851,2025-11-19,Cena,P-22,2,Te Verde,Bebida
T-13601,2025-01-08,Comida,P-21,2,Cafe Solo,Bebida
T-15657,2025-03-05,Comida,P-19,4,Entrecot Ternera,Principal
T-11689,2025-06-30,Comida,P-18,3,Ensaladilla Rusa,Entrante
T-12583,2024-09-20,Cena,P-02,1,Ensalada Cesar,Entrante
T-15540,2024-12-22,Comida,P-20,4,Paella de Marisco,Principal
T-11504,2024-07-12,Cena,P-11,4,Salmon a la Plancha,Principal
T-14647,2024-02-06,Cena,P-21,3,Cafe Solo,Bebida
T-10392,2024-08-10,Cena,P-04,3,Tarta de Queso Casera,Postre
T-18000,2024-06-17,Comida,P-01,1,Hamburguesa Smart,Principal
T-14957,2025-08-24,Cena,P-21,2,Cafe Solo,Bebida
T-17282,2025-04-23,Cena,P-16,3,Agua Mineral,Bebida
T-10559,2025-10-03,Cena,P-15,4,Cerveza Artesana,Bebida
T-15345,2025-08-18,Cena,P-02,2,Ensalada Cesar,Entrante
T-11248,2025-11-28,Comida,P-11,2,Salmon a la Plancha,Principal
T-15438,2025-06-28,Cena,P-24,3,Nuggets de Pollo,Principal
T-10049,2025-04-16,Cena,P-10,3,Solomillo Iberico,Principal
T-15578,2025-02-03,Comida,P-15,2,Cerveza Artesana,Bebida
T-15537,2024-11-24,Comida,P-13,4,Bacalao al Horno,Principal
T-11376,2025-02-06,Comida,P-14,3,Tortilla de Patatas,Entrante
T-17042,2025-09-27,Comida,P-22,3,Te Verde,Bebida
T-14791,2024-03-06,Comida,P-05,1,Refresco Cola,Bebida
T-12222,2025-04-08,Cena,P-22,4,Te Verde,Bebida
T-12574,2024-03-21,Comida,P-10,2,Solomillo Iberico,Principal
T-17305,2025-01-08,Cena,P-12,1,Risotto de Setas,Principal
T-10402,2025-03-18,Comida,P-23,1,Tiramisu de la Casa,Postre
T-10086,2025-02-10,Comida,P-08,1,Croquetas de Jamon,Entrante
T-14995,2025-06-29,Comida,P-20,2,Paella de Marisco,Principal
T-17411,2024-01-23,Comida,P-12,3,Risotto de Setas,Principal
T-11842,2025-12-25,Comida,P-01,4,Hamburguesa Smart,Principal
T-13666,2024-04-11,Comida,P-22,3,Te Verde,Bebida
T-17494,2024-02-14,Comida,P-02,2,Ensalada Cesar,Entrante
T-17948,2025-05-19,Comida,P-04,4,Tarta de Queso Casera,Postre
T-12765,2024-11-15,Cena,P-15,2,Cerveza Artesana,Bebida
T-12316,2024-04-14,Cena,P-21,4,Cafe Solo,Bebida
T-10677,2025-08-21,Cena,P-09,1,Gazpacho Andaluz,Entrante
T-13633,2025-10-12,Comida,P-06,3,Vino Tinto Copa,Bebida
T-17016,2024-02-17,Cena,P-25,1,Canelones de Carne,Principal
T-10482,2025-12-07,Cena,P-02,1,Ensalada Cesar,Entrante
T-15201,2024-07-01,Cena,P-17,2,Brownie con Helado,Postre
T-11064,2024-12-16,Cena,P-08,3,Croquetas de Jamon,Entrante
T-13234,2024-11-30,Cena,P-11,2,Salmon a la Plancha,Principal
T-12872,2024-08-31,Comida,P-22,2,Te Verde,Bebida
T-16916,2025-04-18,Cena,P-19,3,Entrecot Ternera,Principal
T-11109,2024-01-01,Cena,P-06,2,Vino Tinto Copa,Bebida
T-16796,2025-09-27,Comida,P-23,4,Tiramisu de la Casa,Postre
T-13734,2024-06-07,Comida,P-02,3,Ensalada Cesar,Entrante
T-12180,2024-07-07,Cena,P-02,1,Ensalada Cesar,Entrante
T-12904,2024-10-09,Cena,P-02,2,Ensalada Cesar,Entrante
T-11091,2024-11-08,Cena,P-15,4,Cerveza Artesana,Bebida
T-17912,2025-11-23,Cena,P-15,3,Cerveza Artesana,Bebida
T-13059,2024-12-11,Cena,P-19,2,Entrecot Ternera,Principal
T-10311,2024-03-17,Cena,P-09,2,Gazpacho Andaluz,Entrante
T-10499,2024-04-22,Comida,P-21,1,Cafe Solo,Bebida
T-14405,2024-05-09,Cena,P-04,1,Tarta de Queso Casera,Postre
T-14355,2025-07-25,Comida,P-13,1,Bacalao al Horno,Principal
T-12075,2025-01-23,Comida,P-24,3,Nuggets de Pollo,Principal
T-15477,2024-11-25,Comida,P-09,4,Gazpacho Andaluz,Entrante
T-13242,2025-07-03,Comida,P-10,2,Solomillo Iberico,Principal
T-12096,2024-10-06,Cena,P-08,1,Croquetas de Jamon,Entrante
T-10422,2025-03-04,Cena,P-08,4,Croquetas de Jamon,Entrante
T-16123,2025-07-05,Cena,P-13,3,Bacalao al Horno,Principal
T-17906,2024-04-11,Cena,P-05,3,Refresco Cola,Bebida
T-16529,2024-11-07,Cena,P-04,1,Tarta de Queso Casera,Postre
T-10835,2025-06-22,Cena,P-21,4,Cafe Solo,Bebida
T-17820,2024-03-22,Comida,P-19,1,Entrecot Ternera,Principal
T-15802,2025-05-23,Comida,P-09,1,Gazpacho Andaluz,Entrante
T-17327,2025-07-11,Cena,P-13,2,Bacalao al Horno,Principal
T-10040,2025-04-28,Cena,P-06,3,Vino Tinto Copa,Bebida
T-14950,2025-10-27,Cena,P-04,3,Tarta de Queso Casera,Postre
T-12164,2025-06-12,Cena,P-13,2,Bacalao al Horno,Principal
T-11977,2025-12-03,Cena,P-19,3,Entrecot Ternera,Principal
T-15031,2025-01-25,Cena,P-20,2,Paella de Marisco,Principal
T-14822,2025-09-28,Cena,P-04,1,Tarta de Queso Casera,Postre
T-14555,2024-10-11,Cena,P-02,4,Ensalada Cesar,Entrante
T-11141,2024-11-01,Comida,P-05,2,Refresco Cola,Bebida
T-10867,2025-06-17,Cena,P-19,2,Entrecot Ternera,Principal
T-17538,2024-07-08,Cena,P-06,2,Vino Tinto Copa,Bebida
T-12020,2024-09-26,Cena,P-07,3,Pizza Margarita,Principal
T-15937,2024-08-28,Cena,P-16,3,Agua Mineral,Bebida
T-10387,2025-12-22,Cena,P-20,4,Paella de Marisco,Principal
T-10354,2024-01-31,Cena,P-14,4,Tortilla de Patatas,Entrante
T-15360,2024-09-25,Comida,P-21,4,Cafe Solo,Bebida
T-16493,2025-07-02,Comida,P-19,1,Entrecot Ternera,Principal
T-11547,2024-09-05,Cena,P-08,1,Croquetas de Jamon,Entrante
T-14189,2025-11-08,Comida,P-12,2,Risotto de Setas,Principal
T-12725,2025-05-25,Cena,P-01,4,Hamburguesa Smart,Principal
T-11393,2024-03-13,Cena,P-14,3,Tortilla de Patatas,Entrante
T-15203,2025-07-13,Cena,P-05,2,Refresco Cola,Bebida
T-16467,2025-07-27,Comida,P-03,3,Pasta Carbonara IA,Principal
T-17218,2025-02-01,Cena,P-13,1,Bacalao al Horno,Principal
T-14994,2024-11-27,Cena,P-19,4,Entrecot Ternera,Principal
T-13432,2025-07-26,Cena,P-23,4,Tiramisu de la Casa,Postre
T-17010,2025-12-03,Cena,P-08,4,Croquetas de Jamon,Entrante
T-16122,2025-09-20,Cena,P-24,1,Nuggets de Pollo,Principal
T-14744,2025-07-16,Cena,P-17,2,Brownie con Helado,Postre
T-17723,2025-11-28,Cena,P-19,3,Entrecot Ternera,Principal
T-11304,2024-10-21,Comida,P-06,2,Vino Tinto Copa,Bebida
T-14406,2024-12-01,Cena,P-22,4,Te Verde,Bebida
T-11541,2024-11-16,Cena,P-04,3,Tarta de Queso Casera,Postre
T-13557,2024-12-29,Cena,P-21,3,Cafe Solo,Bebida
T-16746,2024-03-11,Cena,P-13,2,Bacalao al Horno,Principal
T-14342,2025-11-25,Cena,P-02,1,Ensalada Cesar,Entrante
T-10886,2025-04-16,Cena,P-04,1,Tarta de Queso Casera,Postre
T-12643,2025-12-12,Comida,P-03,3,Pasta Carbonara IA,Principal
T-15100,2024-02-15,Comida,P-02,1,Ensalada Cesar,Entrante
T-13307,2025-09-16,Cena,P-01,4,Hamburguesa Smart,Principal
T-10074,2024-05-09,Comida,P-11,3,Salmon a la Plancha,Principal
T-11205,2025-07-31,Cena,P-07,3,Pizza Margarita,Principal
T-10900,2025-09-12,Cena,P-17,4,Brownie con Helado,Postre
T-13696,2024-10-07,Cena,P-23,4,Tiramisu de la Casa,Postre
T-11238,2024-12-03,Cena,P-12,3,Risotto de Setas,Principal
T-13240,2024-10-20,Cena,P-06,2,Vino Tinto Copa,Bebida
T-15879,2025-06-30,Cena,P-01,3,Hamburguesa Smart,Principal
T-12639,2024-07-23,Cena,P-13,4,Bacalao al Horno,Principal
T-11489,2024-10-26,Comida,P-21,4,Cafe Solo,Bebida
T-11722,2025-08-17,Cena,P-07,4,Pizza Margarita,Principal
T-14451,2025-05-26,Cena,P-05,1,Refresco Cola,Bebida
T-11844,2024-09-16,Comida,P-24,2,Nuggets de Pollo,Principal
T-12140,2024-02-28,Cena,P-11,2,Salmon a la Plancha,Principal
T-13698,2025-08-25,Cena,P-16,2,Agua Mineral,Bebida
T-10916,2025-02-28,Comida,P-05,4,Refresco Cola,Bebida
T-13796,2024-04-24,Cena,P-20,1,Paella de Marisco,Principal
T-17800,2025-01-18,Cena,P-14,3,Tortilla de Patatas,Entrante
T-17677,2025-12-09,Cena,P-19,4,Entrecot Ternera,Principal
T-13109,2024-02-21,Comida,P-19,3,Entrecot Ternera,Principal
T-14544,2024-04-22,Cena,P-17,2,Brownie con Helado,Postre
T-12290,2024-10-06,Cena,P-14,4,Tortilla de Patatas,Entrante
T-17578,2024-02-01,Cena,P-18,4,Ensaladilla Rusa,Entrante
T-16685,2025-09-16,Cena,P-09,4,Gazpacho Andaluz,Entrante
T-16304,2025-01-17,Cena,P-25,3,Canelones de Carne,Principal
T-12180,2025-05-04,Cena,P-03,3,Pasta Carbonara IA,Principal
T-14898,2024-12-05,Comida,P-06,1,Vino Tinto Copa,Bebida
T-14018,2024-04-21,Cena,P-25,3,Canelones de Carne,Principal
T-12221,2024-05-10,Cena,P-01,3,Hamburguesa Smart,Principal
T-11471,2024-12-16,Cena,P-23,2,Tiramisu de la Casa,Postre
T-15324,2025-06-09,Cena,P-11,4,Salmon a la Plancha,Principal
T-17168,2024-04-13,Comida,P-23,2,Tiramisu de la Casa,Postre
T-13939,2025-02-12,Cena,P-15,1,Cerveza Artesana,Bebida
T-10384,2024-07-13,Cena,P-02,3,Ensalada Cesar,Entrante
T-16377,2025-05-24,Cena,P-17,1,Brownie con Helado,Postre
T-11898,2024-12-06,Cena,P-11,3,Salmon a la Plancha,Principal
T-11744,2024-10-06,Cena,P-13,2,Bacalao al Horno,Principal
T-14219,2025-05-30,Cena,P-21,1,Cafe Solo,Bebida
T-17158,2025-02-01,Comida,P-24,3,Nuggets de Pollo,Principal
T-14277,2024-12-17,Comida,P-21,1,Cafe Solo,Bebida
T-16579,2024-06-30,Cena,P-17,3,Brownie con Helado,Postre
T-14735,2024-07-11,Cena,P-21,3,Cafe Solo,Bebida
T-12437,2024-08-26,Cena,P-22,1,Te Verde,Bebida
T-13629,2025-06-21,Cena,P-17,3,Brownie con Helado,Postre
T-10236,2024-05-19,Cena,P-12,4,Risotto de Setas,Principal
T-15672,2024-12-25,Cena,P-16,2,Agua Mineral,Bebida
T-16446,2024-08-18,Comida,P-07,3,Pizza Margarita,Principal
T-17093,2024-09-21,Cena,P-04,1,Tarta de Queso Casera,Postre
T-13841,2024-02-24,Comida,P-16,2,Agua Mineral,Bebida
T-11605,2024-12-23,Comida,P-18,3,Ensaladilla Rusa,Entrante
T-14852,2024-05-23,Cena,P-17,1,Brownie con Helado,Postre
T-14222,2025-05-06,Cena,P-17,4,Brownie con Helado,Postre
T-10554,2025-08-23,Cena,P-25,2,Canelones de Carne,Principal
T-17253,2025-04-25,Cena,P-21,2,Cafe Solo,Bebida
T-10342,2025-10-08,Cena,P-08,3,Croquetas de Jamon,Entrante
T-12129,2025-06-29,Cena,P-01,3,Hamburguesa Smart,Principal
T-11894,2025-05-09,Comida,P-11,2,Salmon a la Plancha,Principal
T-10097,2024-01-21,Comida,P-16,4,Agua Mineral,Bebida
T-10399,2025-03-10,Comida,P-17,3,Brownie con Helado,Postre
T-12945,2025-07-11,Cena,P-02,4,Ensalada Cesar,Entrante
T-13758,2024-02-28,Comida,P-21,1,Cafe Solo,Bebida
T-13347,2024-08-05,Cena,P-13,4,Bacalao al Horno,Principal
T-14335,2025-02-03,Cena,P-24,3,Nuggets de Pollo,Principal
T-12858,2025-06-05,Cena,P-01,1,Hamburguesa Smart,Principal
T-12175,2024-08-13,Cena,P-17,2,Brownie con Helado,Postre
T-11347,2024-11-02,Comida,P-24,4,Nuggets de Pollo,Principal
T-14901,2024-05-17,Cena,P-04,4,Tarta de Queso Casera,Postre
T-16038,2024-05-09,Comida,P-20,3,Paella de Marisco,Principal
T-10099,2024-12-21,Cena,P-08,4,Croquetas de Jamon,Entrante
T-14803,2024-10-24,Cena,P-24,2,Nuggets de Pollo,Principal
T-15197,2024-04-23,Comida,P-08,4,Croquetas de Jamon,Entrante
T-14222,2024-12-13,Cena,P-01,3,Hamburguesa Smart,Principal
T-11618,2024-10-14,Cena,P-02,2,Ensalada Cesar,Entrante
T-14329,2024-09-24,Comida,P-17,2,Brownie con Helado,Postre
T-12107,2025-04-15,Cena,P-15,1,Cerveza Artesana,Bebida
T-17467,2024-10-24,Cena,P-12,1,Risotto de Setas,Principal
T-13005,2025-12-23,Cena,P-14,4,Tortilla de Patatas,Entrante
T-11407,2024-04-09,Cena,P-06,2,Vino Tinto Copa,Bebida
T-14945,2024-04-27,Cena,P-11,3,Salmon a la Plancha,Principal
T-13769,2024-07-26,Comida,P-19,2,Entrecot Ternera,Principal
T-17293,2024-03-08,Cena,P-21,3,Cafe Solo,Bebida
T-10280,2024-07-15,Cena,P-25,1,Canelones de Carne,Principal
T-13382,2024-03-25,Comida,P-16,4,Agua Mineral,Bebida
T-13494,2025-12-22,Cena,P-06,4,Vino Tinto Copa,Bebida
T-14620,2025-02-27,Cena,P-15,1,Cerveza Artesana,Bebida
T-12728,2025-10-05,Comida,P-14,1,Tortilla de Patatas,Entrante
T-16389,2025-06-21,Cena,P-20,1,Paella de Marisco,Principal
T-14453,2025-05-15,Cena,P-23,2,Tiramisu de la Casa,Postre
T-16381,2024-08-09,Comida,P-01,3,Hamburguesa Smart,Principal
T-11729,2025-11-15,Cena,P-14,4,Tortilla de Patatas,Entrante
T-16940,2024-02-17,Cena,P-14,1,Tortilla de Patatas,Entrante
T-10266,2024-10-30,Cena,P-06,4,Vino Tinto Copa,Bebida
T-14035,2025-03-01,Comida,P-14,4,Tortilla de Patatas,Entrante
T-12137,2024-11-01,Cena,P-25,4,Canelones de Carne,Principal
T-11821,2024-03-08,Cena,P-16,3,Agua Mineral,Bebida
T-16643,2025-01-18,Cena,P-25,4,Canelones de Carne,Principal
T-14395,2024-03-10,Cena,P-21,1,Cafe Solo,Bebida
T-15628,2025-05-27,Cena,P-17,3,Brownie con Helado,Postre
T-10242,2024-09-09,Comida,P-07,1,Pizza Margarita,Principal
T-16638,2024-12-17,Comida,P-02,3,Ensalada Cesar,Entrante
T-13470,2024-11-01,Cena,P-25,4,Canelones de Carne,Principal
T-11561,2024-04-07,Comida,P-14,4,Tortilla de Patatas,Entrante
T-10917,2025-05-07,Cena,P-17,3,Brownie con Helado,Postre
T-14193,2024-10-07,Cena,P-15,3,Cerveza Artesana,Bebida
T-10514,2025-07-16,Comida,P-25,3,Canelones de Carne,Principal
T-15146,2024-01-01,Cena,P-04,4,Tarta de Queso Casera,Postre
T-10535,2025-12-10,Comida,P-10,3,Solomillo Iberico,Principal
T-10318,2024-06-12,Cena,P-03,4,Pasta Carbonara IA,Principal
T-15772,2024-02-20,Comida,P-10,2,Solomillo Iberico,Principal
T-16288,2024-04-08,Comida,P-17,4,Brownie con Helado,Postre
T-11781,2025-05-09,Cena,P-11,2,Salmon a la Plancha,Principal
T-16745,2024-02-20,Cena,P-10,4,Solomillo Iberico,Principal
T-12662,2025-04-05,Comida,P-08,4,Croquetas de Jamon,Entrante
T-16079,2024-08-07,Comida,P-09,2,Gazpacho Andaluz,Entrante
T-12780,2025-08-07,Cena,P-12,4,Risotto de Setas,Principal
T-17267,2024-07-29,Cena,P-25,1,Canelones de Carne,Principal
T-14924,2024-02-23,Comida,P-22,4,Te Verde,Bebida
T-10468,2024-12-07,Cena,P-10,3,Solomillo Iberico,Principal
T-17197,2025-05-22,Comida,P-17,3,Brownie con Helado,Postre
T-12715,2025-07-30,Cena,P-04,4,Tarta de Queso Casera,Postre
T-12350,2024-05-04,Cena,P-22,2,Te Verde,Bebida
T-14430,2025-06-27,Comida,P-10,1,Solomillo Iberico,Principal
T-10289,2025-06-13,Cena,P-19,3,Entrecot Ternera,Principal
T-16932,2024-11-29,Cena,P-24,3,Nuggets de Pollo,Principal
T-16681,2024-05-10,Comida,P-23,3,Tiramisu de la Casa,Postre
T-12074,2024-03-11,Cena,P-04,4,Tarta de Queso Casera,Postre
T-13963,2024-09-30,Cena,P-25,2,Canelones de Carne,Principal
T-14993,2024-12-30,Cena,P-12,1,Risotto de Setas,Principal
T-10408,2025-02-16,Comida,P-21,3,Cafe Solo,Bebida
T-16256,2024-09-04,Cena,P-20,3,Paella de Marisco,Principal
T-12557,2025-02-13,Cena,P-02,3,Ensalada Cesar,Entrante
T-13964,2025-03-12,Cena,P-04,4,Tarta de Queso Casera,Postre
T-12930,2025-02-20,Cena,P-16,1,Agua Mineral,Bebida
T-14584,2025-07-30,Cena,P-08,2,Croquetas de Jamon,Entrante
T-12646,2025-11-06,Comida,P-03,3,Pasta Carbonara IA,Principal
T-15040,2025-08-08,Cena,P-10,1,Solomillo Iberico,Principal
T-10342,2024-02-11,Comida,P-14,2,Tortilla de Patatas,Entrante
T-10613,2024-03-08,Comida,P-20,2,Paella de Marisco,Principal
T-10323,2025-04-21,Cena,P-01,4,Hamburguesa Smart,Principal
T-15476,2024-07-18,Cena,P-01,2,Hamburguesa Smart,Principal
T-10522,2025-03-04,Cena,P-13,3,Bacalao al Horno,Principal
T-10948,2025-05-11,Cena,P-02,2,Ensalada Cesar,Entrante
T-13457,2025-03-16,Cena,P-23,4,Tiramisu de la Casa,Postre
T-12173,2025-02-14,Cena,P-25,2,Canelones de Carne,Principal
T-13032,2025-08-15,Comida,P-03,2,Pasta Carbonara IA,Principal
T-15918,2024-02-14,Comida,P-09,1,Gazpacho Andaluz,Entrante
T-13800,2025-04-09,Cena,P-09,4,Gazpacho Andaluz,Entrante
T-11524,2024-12-11,Comida,P-13,3,Bacalao al Horno,Principal
T-12492,2024-02-18,Cena,P-23,4,Tiramisu de la Casa,Postre
T-15924,2024-02-15,Comida,P-01,2,Hamburguesa Smart,Principal
T-14353,2024-04-10,Cena,P-01,3,Hamburguesa Smart,Principal
T-14817,2024-10-06,Comida,P-20,3,Paella de Marisco,Principal
T-17621,2025-05-29,Comida,P-06,4,Vino Tinto Copa,Bebida
T-15785,2024-05-17,Cena,P-25,3,Canelones de Carne,Principal
T-10737,2024-03-30,Comida,P-21,1,Cafe Solo,Bebida
T-14608,2025-07-14,Cena,P-22,1,Te Verde,Bebida
T-16718,2024-08-22,Cena,P-03,4,Pasta Carbonara IA,Principal
T-13279,2024-01-24,Cena,P-16,1,Agua Mineral,Bebida
T-16989,2025-10-07,Comida,P-09,1,Gazpacho Andaluz,Entrante
T-15579,2025-07-15,Comida,P-13,1,Bacalao al Horno,Principal
T-12693,2024-03-07,Comida,P-15,1,Cerveza Artesana,Bebida
T-14032,2025-04-07,Comida,P-02,2,Ensalada Cesar,Entrante
T-12715,2024-07-18,Cena,P-01,3,Hamburguesa Smart,Principal
T-10935,2024-04-03,Comida,P-16,3,Agua Mineral,Bebida
T-17050,2025-06-16,Comida,P-12,1,Risotto de Setas,Principal
T-12140,2024-11-13,Cena,P-23,1,Tiramisu de la Casa,Postre
T-13186,2024-06-06,Cena,P-05,3,Refresco Cola,Bebida
T-12253,2025-01-29,Cena,P-10,2,Solomillo Iberico,Principal
T-11342,2025-05-02,Cena,P-06,3,Vino Tinto Copa,Bebida
T-14219,2025-02-02,Cena,P-07,4,Pizza Margarita,Principal
T-12672,2024-12-09,Cena,P-23,4,Tiramisu de la Casa,Postre
T-16249,2024-04-20,Cena,P-22,2,Te Verde,Bebida
T-12355,2025-10-12,Cena,P-18,4,Ensaladilla Rusa,Entrante
T-15787,2024-08-12,Cena,P-05,1,Refresco Cola,Bebida
T-17192,2025-07-30,Comida,P-12,3,Risotto de Setas,Principal
T-10161,2025-06-10,Cena,P-19,3,Entrecot Ternera,Principal
T-14021,2024-02-23,Comida,P-17,3,Brownie con Helado,Postre
T-16503,2025-01-13,Comida,P-11,1,Salmon a la Plancha,Principal
T-11818,2024-05-30,Cena,P-05,2,Refresco Cola,Bebida
T-13800,2025-04-09,Cena,P-14,2,Tortilla de Patatas,Entrante
T-14080,2025-07-30,Cena,P-07,1,Pizza Margarita,Principal
T-11859,2024-04-05,Cena,P-14,1,Tortilla de Patatas,Entrante
T-10410,2025-04-22,Cena,P-14,1,Tortilla de Patatas,Entrante
T-15908,2024-12-29,Comida,P-24,4,Nuggets de Pollo,Principal
T-10361,2025-04-08,Cena,P-05,3,Refresco Cola,Bebida
T-11608,2025-01-14,Comida,P-19,3,Entrecot Ternera,Principal
T-12812,2025-02-20,Cena,P-20,4,Paella de Marisco,Principal
T-10057,2025-01-19,Cena,P-08,2,Croquetas de Jamon,Entrante
T-15290,2025-05-07,Comida,P-04,1,Tarta de Queso Casera,Postre
T-16935,2024-01-18,Cena,P-04,3,Tarta de Queso Casera,Postre
T-10931,2025-12-22,Cena,P-25,1,Canelones de Carne,Principal
T-15370,2024-08-16,Comida,P-19,3,Entrecot Ternera,Principal
T-17411,2024-03-11,Cena,P-22,2,Te Verde,Bebida
T-14431,2024-03-26,Comida,P-16,2,Agua Mineral,Bebida
T-12469,2025-06-20,Comida,P-11,4,Salmon a la Plancha,Principal
T-10103,2025-08-30,Cena,P-22,4,Te Verde,Bebida
T-12682,2025-12-23,Comida,P-13,4,Bacalao al Horno,Principal
T-12399,2025-09-27,Cena,P-07,2,Pizza Margarita,Principal
T-13767,2024-05-26,Cena,P-24,3,Nuggets de Pollo,Principal
T-13595,2024-10-21,Cena,P-05,4,Refresco Cola,Bebida
T-10809,2025-04-10,Cena,P-04,1,Tarta de Queso Casera,Postre
T-13442,2025-06-07,Comida,P-06,4,Vino Tinto Copa,Bebida
T-10280,2024-10-10,Cena,P-02,2,Ensalada Cesar,Entrante
T-14418,2024-10-25,Cena,P-06,4,Vino Tinto Copa,Bebida
T-13404,2024-05-21,Comida,P-01,4,Hamburguesa Smart,Principal
T-11583,2025-01-07,Cena,P-09,3,Gazpacho Andaluz,Entrante
T-15856,2024-10-14,Cena,P-16,2,Agua Mineral,Bebida
T-17847,2024-10-28,Cena,P-03,3,Pasta Carbonara IA,Principal
T-13470,2025-06-04,Comida,P-19,4,Entrecot Ternera,Principal
T-15238,2024-10-11,Cena,P-08,1,Croquetas de Jamon,Entrante
T-13442,2024-03-28,Comida,P-21,1,Cafe Solo,Bebida
T-15353,2025-04-03,Cena,P-14,3,Tortilla de Patatas,Entrante
T-14621,2025-09-28,Comida,P-16,4,Agua Mineral,Bebida
T-12872,2025-11-17,Comida,P-11,2,Salmon a la Plancha,Principal
T-13262,2024-11-09,Comida,P-18,2,Ensaladilla Rusa,Entrante
T-11822,2025-03-20,Cena,P-10,2,Solomillo Iberico,Principal
T-13957,2025-07-19,Cena,P-12,1,Risotto de Setas,Principal
T-15475,2025-02-02,Cena,P-25,1,Canelones de Carne,Principal
T-17158,2025-11-03,Cena,P-18,2,Ensaladilla Rusa,Entrante
T-11033,2024-09-23,Comida,P-25,1,Canelones de Carne,Principal
T-16346,2025-02-12,Cena,P-12,4,Risotto de Setas,Principal
T-12118,2025-09-27,Cena,P-06,1,Vino Tinto Copa,Bebida
T-11469,2025-01-10,Cena,P-07,4,Pizza Margarita,Principal
T-14049,2024-10-29,Cena,P-17,1,Brownie con Helado,Postre
T-12376,2025-03-28,Cena,P-12,2,Risotto de Setas,Principal
T-17716,2025-06-12,Cena,P-10,1,Solomillo Iberico,Principal
T-11195,2025-07-02,Cena,P-12,1,Risotto de Setas,Principal
T-16016,2025-02-16,Cena,P-25,3,Canelones de Carne,Principal
T-17224,2025-03-11,Cena,P-07,1,Pizza Margarita,Principal
T-16282,2024-02-04,Cena,P-08,2,Croquetas de Jamon,Entrante
T-10235,2024-07-22,Comida,P-06,2,Vino Tinto Copa,Bebida
T-14332,2024-10-04,Comida,P-25,2,Canelones de Carne,Principal
T-13464,2025-12-01,Comida,P-20,1,Paella de Marisco,Principal
T-11212,2024-10-17,Comida,P-07,1,Pizza Margarita,Principal
T-12361,2025-02-26,Comida,P-07,2,Pizza Margarita,Principal
T-17859,2025-12-04,Comida,P-23,4,Tiramisu de la Casa,Postre
T-15418,2025-12-26,Cena,P-11,3,Salmon a la Plancha,Principal
T-11463,2025-09-28,Cena,P-01,1,Hamburguesa Smart,Principal
T-15604,2025-11-17,Comida,P-01,4,Hamburguesa Smart,Principal
T-13307,2024-05-07,Cena,P-05,1,Refresco Cola,Bebida
T-15918,2024-10-25,Comida,P-02,4,Ensalada Cesar,Entrante
T-14596,2024-06-13,Comida,P-14,4,Tortilla de Patatas,Entrante
T-13781,2024-11-26,Cena,P-18,4,Ensaladilla Rusa,Entrante
T-10816,2024-05-30,Cena,P-03,3,Pasta Carbonara IA,Principal
T-17713,2025-10-24,Cena,P-01,2,Hamburguesa Smart,Principal
T-17545,2025-06-29,Cena,P-13,1,Bacalao al Horno,Principal
T-15708,2024-05-01,Cena,P-02,1,Ensalada Cesar,Entrante
T-12440,2025-03-07,Comida,P-06,4,Vino Tinto Copa,Bebida
T-10301,2025-06-30,Comida,P-04,3,Tarta de Queso Casera,Postre
T-16911,2025-02-21,Cena,P-23,1,Tiramisu de la Casa,Postre
T-17888,2025-09-04,Cena,P-11,4,Salmon a la Plancha,Principal
T-14565,2024-11-16,Cena,P-23,2,Tiramisu de la Casa,Postre
T-10507,2025-10-31,Cena,P-14,2,Tortilla de Patatas,Entrante
T-17910,2024-02-24,Cena,P-13,1,Bacalao al Horno,Principal
T-14014,2024-08-09,Cena,P-14,2,Tortilla de Patatas,Entrante
T-12372,2025-01-19,Comida,P-16,3,Agua Mineral,Bebida
T-12502,2024-01-22,Comida,P-16,1,Agua Mineral,Bebida
T-13212,2025-06-28,Cena,P-19,4,Entrecot Ternera,Principal
T-16718,2024-03-06,Cena,P-20,1,Paella de Marisco,Principal
T-11346,2024-07-01,Comida,P-17,1,Brownie con Helado,Postre
T-13858,2024-12-08,Cena,P-11,1,Salmon a la Plancha,Principal
T-17461,2025-09-19,Cena,P-06,1,Vino Tinto Copa,Bebida
T-17578,2024-05-18,Cena,P-19,3,Entrecot Ternera,Principal
T-17658,2024-02-26,Comida,P-25,2,Canelones de Carne,Principal
T-17048,2025-10-10,Comida,P-09,4,Gazpacho Andaluz,Entrante
T-12231,2025-04-12,Comida,P-22,3,Te Verde,Bebida
T-17427,2025-07-18,Comida,P-20,3,Paella de Marisco,Principal
T-14687,2024-05-03,Comida,P-12,1,Risotto de Setas,Principal
T-17721,2024-07-13,Comida,P-13,3,Bacalao al Horno,Principal
T-16271,2025-04-07,Cena,P-23,2,Tiramisu de la Casa,Postre
T-16546,2025-07-27,Comida,P-18,2,Ensaladilla Rusa,Entrante
T-17826,2025-01-02,Comida,P-10,2,Solomillo Iberico,Principal
T-14646,2024-02-26,Comida,P-23,2,Tiramisu de la Casa,Postre
T-16024,2025-05-25,Cena,P-08,1,Croquetas de Jamon,Entrante
T-15610,2024-06-15,Cena,P-05,3,Refresco Cola,Bebida
T-17136,2024-12-19,Comida,P-10,3,Solomillo Iberico,Principal
T-12133,2024-01-28,Cena,P-02,4,Ensalada Cesar,Entrante
T-14549,2024-07-31,Cena,P-16,2,Agua Mineral,Bebida
T-16159,2025-11-24,Cena,P-12,2,Risotto de Setas,Principal
T-16225,2024-04-30,Cena,P-15,2,Cerveza Artesana,Bebida
T-11546,2025-07-13,Cena,P-03,2,Pasta Carbonara IA,Principal
T-14418,2024-04-07,Cena,P-09,2,Gazpacho Andaluz,Entrante
T-15767,2024-02-16,Comida,P-19,3,Entrecot Ternera,Principal
T-16596,2025-01-22,Comida,P-13,1,Bacalao al Horno,Principal
T-10468,2024-08-30,Cena,P-04,4,Tarta de Queso Casera,Postre
T-16254,2025-02-11,Comida,P-12,3,Risotto de Setas,Principal
T-15650,2025-10-08,Comida,P-13,1,Bacalao al Horno,Principal
T-15128,2025-03-29,Cena,P-06,3,Vino Tinto Copa,Bebida
T-14598,2024-07-15,Cena,P-19,2,Entrecot Ternera,Principal
T-13136,2024-03-06,Cena,P-10,1,Solomillo Iberico,Principal
T-14176,2024-12-20,Cena,P-11,2,Salmon a la Plancha,Principal
T-14145,2024-02-01,Cena,P-09,3,Gazpacho Andaluz,Entrante
T-10329,2025-10-11,Comida,P-10,4,Solomillo Iberico,Principal
T-10927,2024-10-03,Comida,P-12,1,Risotto de Setas,Principal
T-10238,2025-10-08,Comida,P-25,2,Canelones de Carne,Principal
T-13495,2024-11-08,Cena,P-21,2,Cafe Solo,Bebida
T-14411,2024-11-13,Comida,P-25,4,Canelones de Carne,Principal
T-13477,2025-09-05,Cena,P-20,2,Paella de Marisco,Principal
T-17278,2025-10-29,Comida,P-19,3,Entrecot Ternera,Principal
T-12190,2024-04-15,Cena,P-04,2,Tarta de Queso Casera,Postre
T-10756,2024-05-17,Cena,P-12,1,Risotto de Setas,Principal
T-11190,2025-01-18,Comida,P-07,4,Pizza Margarita,Principal
T-15524,2025-03-10,Cena,P-21,1,Cafe Solo,Bebida
T-13986,2024-08-30,Comida,P-01,4,Hamburguesa Smart,Principal
T-13860,2025-09-14,Cena,P-14,2,Tortilla de Patatas,Entrante
T-13884,2024-10-26,Comida,P-17,4,Brownie con Helado,Postre
T-11209,2025-11-22,Comida,P-15,2,Cerveza Artesana,Bebida
T-12768,2025-10-13,Comida,P-20,1,Paella de Marisco,Principal
T-11609,2024-09-22,Cena,P-23,1,Tiramisu de la Casa,Postre
T-13159,2025-01-24,Comida,P-11,1,Salmon a la Plancha,Principal
T-17778,2025-12-06,Comida,P-11,1,Salmon a la Plancha,Principal
T-15539,2024-10-28,Comida,P-21,3,Cafe Solo,Bebida
T-11417,2025-11-26,Cena,P-06,2,Vino Tinto Copa,Bebida
T-12285,2025-12-01,Comida,P-09,4,Gazpacho Andaluz,Entrante
T-14109,2024-07-23,Comida,P-11,3,Salmon a la Plancha,Principal
T-12624,2025-08-18,Comida,P-01,4,Hamburguesa Smart,Principal
T-14573,2025-05-06,Cena,P-02,1,Ensalada Cesar,Entrante
T-17867,2024-05-29,Comida,P-23,3,Tiramisu de la Casa,Postre
T-14827,2025-07-28,Comida,P-08,1,Croquetas de Jamon,Entrante
T-15240,2025-10-20,Cena,P-17,2,Brownie con Helado,Postre
T-10461,2024-09-02,Comida,P-07,3,Pizza Margarita,Principal
T-11144,2024-12-12,Cena,P-21,4,Cafe Solo,Bebida
T-13198,2024-05-04,Cena,P-03,4,Pasta Carbonara IA,Principal
T-13363,2024-09-20,Comida,P-21,4,Cafe Solo,Bebida
T-12117,2025-08-21,Cena,P-18,4,Ensaladilla Rusa,Entrante
T-12315,2025-05-07,Comida,P-18,4,Ensaladilla Rusa,Entrante
T-16596,2025-07-19,Cena,P-01,2,Hamburguesa Smart,Principal
T-13179,2025-05-14,Cena,P-21,2,Cafe Solo,Bebida
T-17337,2025-12-02,Cena,P-18,2,Ensaladilla Rusa,Entrante
T-13163,2025-10-11,Cena,P-07,2,Pizza Margarita,Principal
T-17545,2024-06-10,Cena,P-06,3,Vino Tinto Copa,Bebida
T-10730,2025-07-25,Cena,P-17,4,Brownie con Helado,Postre
T-10097,2024-03-28,Comida,P-22,3,Te Verde,Bebida
T-17410,2025-08-18,Comida,P-07,1,Pizza Margarita,Principal
T-11898,2024-11-13,Cena,P-11,4,Salmon a la Plancha,Principal
T-11705,2025-06-24,Cena,P-03,3,Pasta Carbonara IA,Principal
T-16642,2025-04-14,Comida,P-07,2,Pizza Margarita,Principal
T-10127,2024-06-01,Cena,P-24,4,Nuggets de Pollo,Principal
T-12514,2025-05-09,Cena,P-22,1,Te Verde,Bebida
T-16734,2025-09-30,Cena,P-22,1,Te Verde,Bebida
T-10430,2024-12-14,Cena,P-12,3,Risotto de Setas,Principal
T-13105,2024-04-29,Comida,P-22,3,Te Verde,Bebida
T-13713,2024-10-22,Cena,P-25,1,Canelones de Carne,Principal
T-14985,2025-08-24,Cena,P-21,3,Cafe Solo,Bebida
T-12287,2024-12-01,Cena,P-10,3,Solomillo Iberico,Principal
T-12467,2024-08-04,Comida,P-04,1,Tarta de Queso Casera,Postre
T-15496,2024-10-04,Comida,P-19,4,Entrecot Ternera,Principal
T-12361,2025-04-21,Comida,P-17,1,Brownie con Helado,Postre
T-10392,2025-02-04,Comida,P-04,2,Tarta de Queso Casera,Postre
T-14980,2025-01-29,Cena,P-10,3,Solomillo Iberico,Principal
T-17998,2024-08-20,Cena,P-08,1,Croquetas de Jamon,Entrante
T-11433,2025-08-08,Cena,P-25,4,Canelones de Carne,Principal
T-10433,2025-06-17,Cena,P-14,3,Tortilla de Patatas,Entrante
T-11468,2024-07-27,Comida,P-23,4,Tiramisu de la Casa,Postre
T-14696,2024-05-23,Cena,P-03,1,Pasta Carbonara IA,Principal
T-17206,2024-08-09,Comida,P-23,1,Tiramisu de la Casa,Postre
T-10395,2024-01-20,Cena,P-12,4,Risotto de Setas,Principal
T-16834,2025-08-14,Cena,P-05,2,Refresco Cola,Bebida
T-11872,2025-10-11,Cena,P-05,1,Refresco Cola,Bebida
T-14171,2025-06-13,Comida,P-04,1,Tarta de Queso Casera,Postre
T-14636,2025-04-10,Cena,P-22,3,Te Verde,Bebida
T-14271,2025-04-30,Comida,P-06,3,Vino Tinto Copa,Bebida
T-12662,2024-10-10,Comida,P-17,4,Brownie con Helado,Postre
T-11181,2024-04-11,Comida,P-08,1,Croquetas de Jamon,Entrante
T-15380,2025-05-09,Cena,P-13,4,Bacalao al Horno,Principal
T-15618,2025-05-25,Comida,P-25,1,Canelones de Carne,Principal
T-11472,2024-02-26,Comida,P-12,4,Risotto de Setas,Principal
T-17275,2025-03-12,Cena,P-18,4,Ensaladilla Rusa,Entrante
T-13934,2024-07-12,Cena,P-17,4,Brownie con Helado,Postre
T-12189,2025-04-05,Comida,P-08,3,Croquetas de Jamon,Entrante
T-17514,2025-11-03,Comida,P-08,1,Croquetas de Jamon,Entrante
T-14666,2025-06-17,Comida,P-20,4,Paella de Marisco,Principal
T-13388,2025-06-08,Cena,P-08,4,Croquetas de Jamon,Entrante
T-17688,2025-07-07,Cena,P-18,1,Ensaladilla Rusa,Entrante
T-13138,2024-11-15,Cena,P-05,4,Refresco Cola,Bebida
T-12912,2024-05-01,Cena,P-06,2,Vino Tinto Copa,Bebida
T-10248,2024-10-28,Cena,P-04,3,Tarta de Queso Casera,Postre
T-17504,2025-03-04,Cena,P-17,2,Brownie con Helado,Postre
T-16461,2024-04-11,Comida,P-13,2,Bacalao al Horno,Principal
T-16639,2024-07-27,Comida,P-12,4,Risotto de Setas,Principal
T-12127,2025-02-21,Comida,P-05,3,Refresco Cola,Bebida
T-12575,2025-05-13,Comida,P-19,1,Entrecot Ternera,Principal
T-12413,2024-09-15,Comida,P-23,3,Tiramisu de la Casa,Postre
T-16571,2025-12-07,Cena,P-16,1,Agua Mineral,Bebida
T-16591,2024-10-08,Cena,P-05,1,Refresco Cola,Bebida
T-17281,2024-01-05,Cena,P-18,1,Ensaladilla Rusa,Entrante
T-13044,2024-09-12,Comida,P-09,1,Gazpacho Andaluz,Entrante
T-12721,2025-07-03,Cena,P-04,3,Tarta de Queso Casera,Postre
T-10885,2024-01-22,Cena,P-06,1,Vino Tinto Copa,Bebida
T-11525,2024-08-04,Comida,P-17,4,Brownie con Helado,Postre
T-12844,2025-04-06,Cena,P-21,4,Cafe Solo,Bebida
T-15839,2025-07-06,Cena,P-01,2,Hamburguesa Smart,Principal
T-15475,2024-11-03,Cena,P-19,2,Entrecot Ternera,Principal
T-11929,2025-11-03,Comida,P-02,3,Ensalada Cesar,Entrante
T-11131,2024-02-22,Comida,P-03,3,Pasta Carbonara IA,Principal
T-16022,2024-01-26,Cena,P-13,2,Bacalao al Horno,Principal
T-12572,2025-07-11,Comida,P-11,1,Salmon a la Plancha,Principal
T-17278,2025-01-09,Comida,P-24,1,Nuggets de Pollo,Principal
T-15412,2025-12-08,Comida,P-09,1,Gazpacho Andaluz,Entrante
T-13045,2025-08-25,Comida,P-07,3,Pizza Margarita,Principal
T-15412,2024-08-03,Cena,P-11,1,Salmon a la Plancha,Principal
T-16145,2025-09-19,Cena,P-23,4,Tiramisu de la Casa,Postre
T-11980,2024-05-04,Comida,P-20,3,Paella de Marisco,Principal
T-11387,2025-04-22,Comida,P-14,2,Tortilla de Patatas,Entrante
T-11048,2025-01-14,Comida,P-19,3,Entrecot Ternera,Principal
T-11427,2024-09-22,Cena,P-22,1,Te Verde,Bebida
T-16718,2024-08-29,Cena,P-17,3,Brownie con Helado,Postre
T-16697,2024-02-26,Comida,P-05,4,Refresco Cola,Bebida
T-16686,2025-08-11,Comida,P-13,4,Bacalao al Horno,Principal
T-13132,2025-11-02,Comida,P-20,1,Paella de Marisco,Principal
T-17890,2025-05-10,Cena,P-21,3,Cafe Solo,Bebida
T-10373,2024-05-14,Cena,P-08,3,Croquetas de Jamon,Entrante
T-15988,2025-04-06,Cena,P-25,4,Canelones de Carne,Principal
T-15724,2025-03-14,Comida,P-24,3,Nuggets de Pollo,Principal
T-12527,2024-01-08,Cena,P-07,1,Pizza Margarita,Principal
T-14736,2024-08-12,Cena,P-17,4,Brownie con Helado,Postre
T-13608,2024-06-08,Comida,P-07,1,Pizza Margarita,Principal
T-14622,2024-12-19,Cena,P-25,1,Canelones de Carne,Principal
T-10898,2024-02-28,Cena,P-07,3,Pizza Margarita,Principal
T-17624,2025-04-29,Comida,P-07,1,Pizza Margarita,Principal
T-10223,2024-09-01,Cena,P-13,2,Bacalao al Horno,Principal
T-14214,2024-11-26,Cena,P-05,4,Refresco Cola,Bebida
T-13437,2024-09-09,Comida,P-20,1,Paella de Marisco,Principal
T-13218,2025-04-02,Cena,P-01,3,Hamburguesa Smart,Principal
T-12232,2025-01-31,Cena,P-10,3,Solomillo Iberico,Principal
T-15333,2025-01-22,Cena,P-21,4,Cafe Solo,Bebida
T-14282,2024-08-18,Cena,P-25,4,Canelones de Carne,Principal
T-13669,2025-02-23,Comida,P-19,2,Entrecot Ternera,Principal
T-14501,2025-02-10,Cena,P-07,4,Pizza Margarita,Principal
T-14179,2025-03-11,Comida,P-05,4,Refresco Cola,Bebida
T-11332,2025-01-18,Cena,P-06,3,Vino Tinto Copa,Bebida
T-17010,2025-04-19,Cena,P-19,3,Entrecot Ternera,Principal
T-11119,2024-02-16,Comida,P-02,2,Ensalada Cesar,Entrante
T-13265,2025-05-16,Comida,P-07,3,Pizza Margarita,Principal
T-11301,2025-05-13,Cena,P-07,2,Pizza Margarita,Principal
T-12984,2025-03-26,Cena,P-08,2,Croquetas de Jamon,Entrante
T-13739,2024-11-28,Comida,P-06,1,Vino Tinto Copa,Bebida
T-17025,2024-12-01,Comida,P-05,1,Refresco Cola,Bebida
T-14336,2025-12-10,Cena,P-22,4,Te Verde,Bebida
T-12143,2025-03-22,Cena,P-07,2,Pizza Margarita,Principal
T-13424,2025-07-11,Cena,P-10,2,Solomillo Iberico,Principal
T-12840,2025-04-10,Cena,P-15,3,Cerveza Artesana,Bebida
T-13187,2025-01-22,Comida,P-10,4,Solomillo Iberico,Principal
T-11153,2025-09-25,Comida,P-15,2,Cerveza Artesana,Bebida
T-13622,2024-11-19,Cena,P-15,3,Cerveza Artesana,Bebida
T-16966,2024-07-26,Cena,P-21,4,Cafe Solo,Bebida
T-17668,2025-12-13,Comida,P-01,3,Hamburguesa Smart,Principal
T-10396,2025-03-24,Comida,P-21,2,Cafe Solo,Bebida
T-13594,2025-03-03,Cena,P-02,1,Ensalada Cesar,Entrante
T-16282,2025-06-24,Cena,P-25,3,Canelones de Carne,Principal
T-10977,2025-09-15,Cena,P-06,1,Vino Tinto Copa,Bebida
T-10743,2024-07-28,Cena,P-06,2,Vino Tinto Copa,Bebida
T-17980,2025-09-11,Comida,P-11,2,Salmon a la Plancha,Principal
T-10354,2025-05-12,Comida,P-11,3,Salmon a la Plancha,Principal
T-17826,2025-04-10,Cena,P-11,4,Salmon a la Plancha,Principal
T-15569,2024-04-16,Comida,P-12,2,Risotto de Setas,Principal
T-12404,2025-08-11,Comida,P-14,4,Tortilla de Patatas,Entrante
T-15306,2025-03-27,Cena,P-15,4,Cerveza Artesana,Bebida
T-14933,2025-05-03,Comida,P-08,2,Croquetas de Jamon,Entrante
T-17215,2025-11-27,Comida,P-22,2,Te Verde,Bebida
T-16292,2024-12-01,Comida,P-04,2,Tarta de Queso Casera,Postre
T-14537,2024-02-23,Comida,P-13,1,Bacalao al Horno,Principal
T-12445,2024-04-08,Cena,P-13,2,Bacalao al Horno,Principal
T-15784,2025-03-10,Comida,P-24,2,Nuggets de Pollo,Principal
T-15249,2024-05-13,Cena,P-15,3,Cerveza Artesana,Bebida
T-15321,2025-11-03,Cena,P-21,2,Cafe Solo,Bebida
T-14559,2024-07-16,Cena,P-18,3,Ensaladilla Rusa,Entrante
T-16188,2024-05-21,Cena,P-11,1,Salmon a la Plancha,Principal
T-16959,2025-04-16,Comida,P-22,3,Te Verde,Bebida
T-17219,2024-04-26,Cena,P-20,3,Paella de Marisco,Principal
T-13785,2024-01-04,Comida,P-11,2,Salmon a la Plancha,Principal
T-13885,2025-06-05,Cena,P-23,1,Tiramisu de la Casa,Postre
T-10804,2024-12-12,Cena,P-21,4,Cafe Solo,Bebida
T-14677,2024-11-16,Comida,P-04,1,Tarta de Queso Casera,Postre
T-12566,2025-03-06,Comida,P-22,3,Te Verde,Bebida
T-12315,2024-05-08,Comida,P-23,2,Tiramisu de la Casa,Postre
T-17304,2025-09-18,Cena,P-05,2,Refresco Cola,Bebida
T-17755,2024-10-30,Cena,P-18,3,Ensaladilla Rusa,Entrante
T-11070,2024-07-16,Cena,P-01,2,Hamburguesa Smart,Principal
T-16277,2024-02-02,Comida,P-16,2,Agua Mineral,Bebida
T-12250,2024-03-12,Cena,P-09,2,Gazpacho Andaluz,Entrante
T-11447,2024-02-23,Comida,P-17,3,Brownie con Helado,Postre
T-12678,2025-11-20,Comida,P-16,4,Agua Mineral,Bebida
T-11162,2025-08-10,Cena,P-06,2,Vino Tinto Copa,Bebida
T-17141,2024-10-11,Cena,P-25,1,Canelones de Carne,Principal
T-11236,2024-10-27,Cena,P-04,3,Tarta de Queso Casera,Postre
T-12056,2024-12-26,Comida,P-12,3,Risotto de Setas,Principal
T-14104,2025-07-29,Cena,P-16,2,Agua Mineral,Bebida
T-11110,2025-12-29,Comida,P-19,1,Entrecot Ternera,Principal
T-10971,2025-05-22,Cena,P-07,3,Pizza Margarita,Principal
T-11523,2024-03-06,Cena,P-08,1,Croquetas de Jamon,Entrante
T-14910,2025-12-26,Comida,P-19,4,Entrecot Ternera,Principal
T-12018,2025-09-20,Cena,P-15,4,Cerveza Artesana,Bebida
T-12569,2025-03-01,Cena,P-01,1,Hamburguesa Smart,Principal
T-16664,2025-10-21,Cena,P-04,3,Tarta de Queso Casera,Postre
T-16101,2024-07-11,Comida,P-10,2,Solomillo Iberico,Principal
T-16463,2024-08-13,Cena,P-24,4,Nuggets de Pollo,Principal
T-15709,2024-07-09,Cena,P-07,3,Pizza Margarita,Principal
T-10051,2025-11-23,Cena,P-17,1,Brownie con Helado,Postre
T-15775,2025-11-10,Cena,P-18,2,Ensaladilla Rusa,Entrante
T-16253,2025-08-09,Comida,P-13,1,Bacalao al Horno,Principal
T-12090,2024-12-02,Cena,P-18,3,Ensaladilla Rusa,Entrante
T-15669,2025-06-24,Comida,P-10,4,Solomillo Iberico,Principal
T-10064,2025-10-19,Cena,P-10,2,Solomillo Iberico,Principal
T-12760,2025-09-11,Comida,P-24,1,Nuggets de Pollo,Principal
T-10447,2025-11-16,Comida,P-14,2,Tortilla de Patatas,Entrante
T-16300,2024-09-17,Comida,P-17,3,Brownie con Helado,Postre
T-15030,2025-05-30,Cena,P-09,1,Gazpacho Andaluz,Entrante
T-12095,2024-02-28,Cena,P-19,4,Entrecot Ternera,Principal
T-14435,2025-07-25,Cena,P-22,2,Te Verde,Bebida
T-12083,2025-07-31,Cena,P-15,4,Cerveza Artesana,Bebida
T-11841,2025-02-26,Comida,P-16,3,Agua Mineral,Bebida
T-13931,2025-04-18,Comida,P-07,3,Pizza Margarita,Principal
T-17906,2024-11-28,Cena,P-23,4,Tiramisu de la Casa,Postre
T-10340,2025-01-04,Cena,P-25,4,Canelones de Carne,Principal
T-16855,2025-12-24,Cena,P-05,2,Refresco Cola,Bebida
T-14114,2025-03-19,Comida,P-24,1,Nuggets de Pollo,Principal
T-16035,2024-10-29,Cena,P-02,2,Ensalada Cesar,Entrante
T-17214,2025-10-09,Cena,P-18,1,Ensaladilla Rusa,Entrante
T-15381,2025-04-11,Cena,P-03,1,Pasta Carbonara IA,Principal
T-17448,2024-12-21,Comida,P-25,2,Canelones de Carne,Principal
T-16686,2025-08-18,Comida,P-04,3,Tarta de Queso Casera,Postre
T-15979,2025-04-10,Cena,P-22,3,Te Verde,Bebida
T-17068,2025-04-19,Comida,P-04,3,Tarta de Queso Casera,Postre
T-10059,2025-02-09,Cena,P-22,3,Te Verde,Bebida
T-16244,2025-12-23,Cena,P-06,3,Vino Tinto Copa,Bebida
T-14139,2025-01-10,Cena,P-16,1,Agua Mineral,Bebida
T-17145,2025-12-19,Cena,P-14,3,Tortilla de Patatas,Entrante
T-11056,2025-04-26,Comida,P-14,2,Tortilla de Patatas,Entrante
T-14126,2024-06-16,Comida,P-15,2,Cerveza Artesana,Bebida
T-10161,2024-05-21,Cena,P-11,3,Salmon a la Plancha,Principal
T-11949,2025-03-23,Cena,P-05,3,Refresco Cola,Bebida
T-14252,2025-01-12,Cena,P-12,4,Risotto de Setas,Principal
T-12404,2025-11-08,Cena,P-14,2,Tortilla de Patatas,Entrante
T-13030,2025-12-12,Comida,P-08,4,Croquetas de Jamon,Entrante
T-11739,2025-06-08,Comida,P-24,2,Nuggets de Pollo,Principal
T-10400,2024-12-27,Cena,P-18,2,Ensaladilla Rusa,Entrante
T-13483,2025-04-19,Cena,P-01,3,Hamburguesa Smart,Principal
T-16016,2025-02-05,Cena,P-13,3,Bacalao al Horno,Principal
T-10766,2025-12-21,Cena,P-23,2,Tiramisu de la Casa,Postre
T-11839,2024-02-21,Cena,P-12,2,Risotto de Setas,Principal
T-11050,2025-10-16,Cena,P-08,1,Croquetas de Jamon,Entrante
T-17197,2025-10-01,Comida,P-07,1,Pizza Margarita,Principal
T-17458,2025-05-03,Comida,P-25,1,Canelones de Carne,Principal
T-13198,2024-11-28,Cena,P-16,3,Agua Mineral,Bebida
T-16515,2024-09-12,Cena,P-02,3,Ensalada Cesar,Entrante
T-17571,2025-05-20,Comida,P-16,1,Agua Mineral,Bebida
T-10991,2024-10-11,Cena,P-23,4,Tiramisu de la Casa,Postre
T-14149,2024-05-21,Cena,P-12,4,Risotto de Setas,Principal
T-10372,2024-09-30,Comida,P-17,1,Brownie con Helado,Postre
T-13749,2024-02-19,Cena,P-18,2,Ensaladilla Rusa,Entrante
T-16189,2024-03-13,Cena,P-10,2,Solomillo Iberico,Principal
T-16913,2025-06-28,Cena,P-10,3,Solomillo Iberico,Principal
T-16070,2025-06-01,Cena,P-18,4,Ensaladilla Rusa,Entrante
T-13355,2024-11-13,Comida,P-25,3,Canelones de Carne,Principal
T-14483,2025-08-08,Comida,P-08,4,Croquetas de Jamon,Entrante
T-17216,2025-11-03,Cena,P-24,2,Nuggets de Pollo,Principal
T-17202,2024-04-03,Comida,P-18,4,Ensaladilla Rusa,Entrante
T-10724,2024-05-20,Comida,P-05,2,Refresco Cola,Bebida
T-13706,2024-07-23,Comida,P-20,3,Paella de Marisco,Principal
T-17235,2025-09-06,Comida,P-19,2,Entrecot Ternera,Principal
T-16375,2024-07-28,Cena,P-08,2,Croquetas de Jamon,Entrante
T-12921,2025-06-16,Cena,P-11,2,Salmon a la Plancha,Principal
T-13853,2025-01-13,Comida,P-01,2,Hamburguesa Smart,Principal
T-14843,2024-09-23,Cena,P-02,2,Ensalada Cesar,Entrante
T-15660,2024-06-10,Cena,P-10,3,Solomillo Iberico,Principal
T-11848,2025-07-29,Cena,P-05,3,Refresco Cola,Bebida
T-13537,2025-10-02,Cena,P-17,1,Brownie con Helado,Postre
T-16328,2024-08-24,Comida,P-09,4,Gazpacho Andaluz,Entrante
T-16057,2025-11-15,Cena,P-17,1,Brownie con Helado,Postre
T-10302,2025-03-27,Comida,P-01,3,Hamburguesa Smart,Principal
T-16125,2024-06-06,Cena,P-02,3,Ensalada Cesar,Entrante
T-12888,2025-08-23,Cena,P-12,3,Risotto de Setas,Principal
T-16429,2024-04-28,Cena,P-24,1,Nuggets de Pollo,Principal
T-14761,2024-10-02,Cena,P-23,3,Tiramisu de la Casa,Postre
T-13082,2024-05-05,Cena,P-13,1,Bacalao al Horno,Principal
T-15821,2024-06-30,Comida,P-23,4,Tiramisu de la Casa,Postre
T-13119,2025-04-19,Comida,P-24,2,Nuggets de Pollo,Principal
T-16669,2025-09-08,Comida,P-03,4,Pasta Carbonara IA,Principal
T-13431,2025-02-27,Cena,P-01,3,Hamburguesa Smart,Principal
T-12453,2024-02-27,Comida,P-21,3,Cafe Solo,Bebida
T-13271,2025-11-04,Comida,P-18,4,Ensaladilla Rusa,Entrante
T-17188,2025-01-19,Cena,P-03,3,Pasta Carbonara IA,Principal
T-12128,2024-09-06,Cena,P-05,2,Refresco Cola,Bebida
T-17493,2024-10-18,Comida,P-01,4,Hamburguesa Smart,Principal
T-12877,2024-07-04,Cena,P-07,3,Pizza Margarita,Principal
T-15459,2025-04-10,Comida,P-07,4,Pizza Margarita,Principal
T-12689,2024-04-26,Cena,P-01,2,Hamburguesa Smart,Principal
T-14118,2025-02-13,Cena,P-18,4,Ensaladilla Rusa,Entrante
T-15581,2025-10-16,Comida,P-09,4,Gazpacho Andaluz,Entrante
T-15558,2025-08-18,Cena,P-13,1,Bacalao al Horno,Principal
T-16979,2024-03-20,Cena,P-06,1,Vino Tinto Copa,Bebida
T-15526,2025-11-20,Cena,P-02,2,Ensalada Cesar,Entrante
T-11663,2025-04-21,Cena,P-25,2,Canelones de Carne,Principal
T-13197,2025-10-05,Cena,P-07,3,Pizza Margarita,Principal
T-16578,2024-04-08,Comida,P-16,2,Agua Mineral,Bebida
T-17385,2024-05-27,Comida,P-16,3,Agua Mineral,Bebida
T-10556,2024-07-31,Comida,P-16,1,Agua Mineral,Bebida
T-17048,2025-12-23,Comida,P-13,3,Bacalao al Horno,Principal
T-15991,2024-11-08,Comida,P-02,2,Ensalada Cesar,Entrante
T-17818,2024-08-03,Cena,P-15,2,Cerveza Artesana,Bebida
T-14122,2025-03-28,Comida,P-23,1,Tiramisu de la Casa,Postre
T-13675,2025-01-24,Comida,P-09,3,Gazpacho Andaluz,Entrante
T-11580,2025-08-31,Cena,P-24,4,Nuggets de Pollo,Principal
T-17895,2024-09-26,Comida,P-10,2,Solomillo Iberico,Principal
T-14995,2024-06-07,Comida,P-06,3,Vino Tinto Copa,Bebida
T-15579,2025-05-13,Comida,P-18,1,Ensaladilla Rusa,Entrante
T-11539,2025-11-08,Comida,P-07,3,Pizza Margarita,Principal
T-15906,2025-10-08,Comida,P-15,2,Cerveza Artesana,Bebida
T-17997,2024-07-14,Cena,P-05,4,Refresco Cola,Bebida
T-13649,2024-09-13,Comida,P-24,1,Nuggets de Pollo,Principal
T-11651,2024-05-19,Cena,P-25,4,Canelones de Carne,Principal
T-10796,2024-07-29,Cena,P-21,2,Cafe Solo,Bebida
T-15128,2025-03-07,Cena,P-10,2,Solomillo Iberico,Principal
T-11241,2025-01-18,Cena,P-23,1,Tiramisu de la Casa,Postre
T-11336,2024-08-20,Cena,P-19,2,Entrecot Ternera,Principal
T-14212,2025-07-16,Cena,P-14,2,Tortilla de Patatas,Entrante
T-12780,2024-04-20,Comida,P-22,3,Te Verde,Bebida
T-12153,2024-01-29,Cena,P-24,1,Nuggets de Pollo,Principal
T-17091,2025-05-02,Cena,P-19,1,Entrecot Ternera,Principal
T-17891,2024-12-30,Cena,P-17,4,Brownie con Helado,Postre
T-17382,2025-01-25,Cena,P-05,3,Refresco Cola,Bebida
T-13511,2025-09-24,Comida,P-25,4,Canelones de Carne,Principal
T-10377,2024-11-19,Cena,P-14,4,Tortilla de Patatas,Entrante
T-11626,2025-04-19,Comida,P-12,2,Risotto de Setas,Principal
T-15637,2025-08-01,Comida,P-05,1,Refresco Cola,Bebida
T-13441,2024-11-12,Cena,P-20,2,Paella de Marisco,Principal
T-13970,2025-02-19,Comida,P-20,4,Paella de Marisco,Principal
T-12817,2024-03-26,Cena,P-25,3,Canelones de Carne,Principal
T-13048,2025-02-04,Cena,P-06,1,Vino Tinto Copa,Bebida
T-16699,2024-10-22,Cena,P-15,2,Cerveza Artesana,Bebida
T-13000,2025-10-05,Comida,P-07,2,Pizza Margarita,Principal
T-14532,2024-10-12,Cena,P-02,1,Ensalada Cesar,Entrante
T-12698,2024-08-04,Comida,P-23,2,Tiramisu de la Casa,Postre
T-13105,2025-06-30,Comida,P-21,1,Cafe Solo,Bebida
T-15109,2025-03-04,Cena,P-04,4,Tarta de Queso Casera,Postre
T-10105,2025-03-26,Cena,P-09,3,Gazpacho Andaluz,Entrante
T-11252,2024-12-07,Comida,P-17,4,Brownie con Helado,Postre
T-10436,2024-04-13,Cena,P-06,4,Vino Tinto Copa,Bebida
T-14275,2024-09-06,Cena,P-18,3,Ensaladilla Rusa,Entrante
T-13836,2025-03-08,Comida,P-05,3,Refresco Cola,Bebida
T-13759,2024-01-07,Cena,P-08,3,Croquetas de Jamon,Entrante
T-17525,2025-03-10,Cena,P-08,4,Croquetas de Jamon,Entrante
T-17067,2024-08-03,Comida,P-01,4,Hamburguesa Smart,Principal
T-16061,2025-08-22,Cena,P-05,3,Refresco Cola,Bebida
T-10989,2024-05-01,Cena,P-18,2,Ensaladilla Rusa,Entrante
T-11198,2024-12-17,Comida,P-07,1,Pizza Margarita,Principal
T-11092,2025-12-07,Comida,P-18,4,Ensaladilla Rusa,Entrante
T-14250,2025-12-19,Cena,P-16,4,Agua Mineral,Bebida
T-10984,2025-03-22,Comida,P-03,1,Pasta Carbonara IA,Principal
T-13521,2024-05-06,Cena,P-24,2,Nuggets de Pollo,Principal
T-13779,2024-05-23,Cena,P-15,2,Cerveza Artesana,Bebida
T-14346,2024-10-11,Cena,P-15,1,Cerveza Artesana,Bebida
T-17630,2024-11-06,Comida,P-17,3,Brownie con Helado,Postre
T-16097,2024-06-26,Cena,P-14,1,Tortilla de Patatas,Entrante
T-17547,2025-12-14,Cena,P-15,2,Cerveza Artesana,Bebida
T-14883,2025-01-11,Comida,P-25,1,Canelones de Carne,Principal
T-12844,2024-01-01,Comida,P-07,2,Pizza Margarita,Principal
T-13739,2025-06-16,Comida,P-05,4,Refresco Cola,Bebida
T-16655,2025-12-06,Comida,P-03,3,Pasta Carbonara IA,Principal
T-11191,2025-02-18,Cena,P-05,4,Refresco Cola,Bebida
T-17523,2024-06-22,Comida,P-24,4,Nuggets de Pollo,Principal
T-16826,2025-04-06,Cena,P-16,2,Agua Mineral,Bebida
T-12725,2025-06-16,Cena,P-23,4,Tiramisu de la Casa,Postre
T-13975,2025-02-20,Cena,P-13,4,Bacalao al Horno,Principal
T-11291,2024-03-02,Comida,P-18,4,Ensaladilla Rusa,Entrante
T-16256,2024-07-12,Cena,P-20,1,Paella de Marisco,Principal
T-16858,2025-02-13,Comida,P-11,2,Salmon a la Plancha,Principal
T-13918,2025-11-21,Comida,P-24,4,Nuggets de Pollo,Principal
T-15254,2024-08-02,Comida,P-10,4,Solomillo Iberico,Principal
T-14277,2025-01-29,Cena,P-23,3,Tiramisu de la Casa,Postre
T-14960,2024-07-25,Cena,P-04,2,Tarta de Queso Casera,Postre
T-15130,2025-09-04,Comida,P-22,1,Te Verde,Bebida
T-15974,2025-06-10,Cena,P-10,3,Solomillo Iberico,Principal
T-17302,2024-06-16,Comida,P-21,2,Cafe Solo,Bebida
T-12449,2025-01-05,Comida,P-20,3,Paella de Marisco,Principal
T-12671,2025-12-07,Cena,P-15,3,Cerveza Artesana,Bebida
T-17549,2024-08-21,Cena,P-24,4,Nuggets de Pollo,Principal
T-15329,2025-12-31,Cena,P-20,2,Paella de Marisco,Principal
T-14755,2025-02-02,Comida,P-14,2,Tortilla de Patatas,Entrante
T-15178,2024-07-10,Comida,P-25,3,Canelones de Carne,Principal
T-11504,2024-07-14,Cena,P-02,2,Ensalada Cesar,Entrante
T-10060,2025-02-07,Comida,P-13,2,Bacalao al Horno,Principal
T-14690,2025-06-18,Comida,P-17,2,Brownie con Helado,Postre
T-14669,2024-11-20,Comida,P-18,3,Ensaladilla Rusa,Entrante
T-13347,2025-01-17,Cena,P-18,2,Ensaladilla Rusa,Entrante
T-13322,2024-11-18,Cena,P-16,4,Agua Mineral,Bebida
T-14289,2024-06-13,Cena,P-20,3,Paella de Marisco,Principal
T-12780,2024-02-09,Cena,P-23,1,Tiramisu de la Casa,Postre
T-11844,2025-09-08,Cena,P-09,3,Gazpacho Andaluz,Entrante
T-11188,2025-01-03,Comida,P-12,2,Risotto de Setas,Principal
T-12974,2024-09-13,Cena,P-21,3,Cafe Solo,Bebida
T-16723,2024-08-25,Comida,P-08,1,Croquetas de Jamon,Entrante
T-17334,2025-06-22,Cena,P-20,4,Paella de Marisco,Principal
T-16280,2025-11-21,Comida,P-07,2,Pizza Margarita,Principal
T-16171,2025-03-08,Cena,P-07,2,Pizza Margarita,Principal
T-15874,2024-10-26,Cena,P-12,1,Risotto de Setas,Principal
T-15753,2024-05-11,Comida,P-05,3,Refresco Cola,Bebida
T-11229,2024-11-07,Comida,P-05,4,Refresco Cola,Bebida
T-17211,2024-10-29,Cena,P-12,4,Risotto de Setas,Principal
T-11936,2025-11-15,Cena,P-05,4,Refresco Cola,Bebida
T-13252,2025-03-26,Cena,P-24,3,Nuggets de Pollo,Principal
T-11551,2024-12-01,Comida,P-13,1,Bacalao al Horno,Principal
T-10457,2025-10-21,Comida,P-16,4,Agua Mineral,Bebida
T-16357,2024-02-15,Comida,P-19,4,Entrecot Ternera,Principal
T-13054,2024-05-15,Cena,P-03,4,Pasta Carbonara IA,Principal
T-13778,2025-05-28,Cena,P-02,3,Ensalada Cesar,Entrante
T-17973,2025-02-10,Cena,P-16,2,Agua Mineral,Bebida
T-11818,2025-10-29,Cena,P-22,2,Te Verde,Bebida
T-12657,2025-12-06,Comida,P-17,3,Brownie con Helado,Postre
T-16435,2024-08-11,Cena,P-02,4,Ensalada Cesar,Entrante
T-13513,2025-06-09,Comida,P-15,2,Cerveza Artesana,Bebida
T-11366,2025-01-28,Comida,P-25,4,Canelones de Carne,Principal
T-15133,2025-10-15,Comida,P-02,1,Ensalada Cesar,Entrante
T-12442,2024-05-21,Comida,P-11,3,Salmon a la Plancha,Principal
T-10089,2024-10-03,Cena,P-20,2,Paella de Marisco,Principal
T-10131,2024-07-11,Cena,P-08,4,Croquetas de Jamon,Entrante
T-15930,2025-03-04,Comida,P-13,4,Bacalao al Horno,Principal
T-13763,2025-09-29,Cena,P-03,1,Pasta Carbonara IA,Principal
T-16020,2024-03-11,Cena,P-16,3,Agua Mineral,Bebida
T-15170,2024-09-10,Cena,P-04,4,Tarta de Queso Casera,Postre
T-11782,2025-07-19,Cena,P-23,2,Tiramisu de la Casa,Postre
T-10279,2024-11-17,Comida,P-15,1,Cerveza Artesana,Bebida
T-13879,2025-05-05,Cena,P-01,2,Hamburguesa Smart,Principal
T-14176,2024-09-30,Cena,P-19,4,Entrecot Ternera,Principal
T-14520,2024-07-10,Cena,P-16,3,Agua Mineral,Bebida
T-16106,2025-01-08,Cena,P-12,4,Risotto de Setas,Principal
T-15047,2025-03-29,Cena,P-13,1,Bacalao al Horno,Principal
T-13549,2024-03-25,Cena,P-05,4,Refresco Cola,Bebida
T-10233,2025-01-10,Comida,P-06,1,Vino Tinto Copa,Bebida
T-12897,2024-11-13,Comida,P-16,1,Agua Mineral,Bebida
T-11471,2024-12-25,Comida,P-01,1,Hamburguesa Smart,Principal
T-12460,2025-03-11,Cena,P-07,3,Pizza Margarita,Principal
T-13524,2024-11-09,Cena,P-15,1,Cerveza Artesana,Bebida
T-17679,2025-05-15,Cena,P-06,2,Vino Tinto Copa,Bebida
T-14843,2024-08-28,Cena,P-16,1,Agua Mineral,Bebida
T-14976,2025-01-06,Cena,P-13,1,Bacalao al Horno,Principal
T-14578,2024-09-06,Cena,P-22,2,Te Verde,Bebida
T-15017,2025-12-13,Cena,P-05,3,Refresco Cola,Bebida
T-10887,2025-04-01,Cena,P-25,3,Canelones de Carne,Principal
T-10988,2025-06-20,Cena,P-14,3,Tortilla de Patatas,Entrante
T-17062,2024-04-28,Comida,P-03,4,Pasta Carbonara IA,Principal
T-12012,2025-10-08,Comida,P-01,2,Hamburguesa Smart,Principal
T-12189,2024-06-09,Comida,P-06,4,Vino Tinto Copa,Bebida
T-16143,2025-09-28,Cena,P-25,1,Canelones de Carne,Principal
T-11162,2025-06-13,Comida,P-18,4,Ensaladilla Rusa,Entrante
T-15366,2025-04-09,Comida,P-10,1,Solomillo Iberico,Principal
T-17057,2024-01-12,Cena,P-06,2,Vino Tinto Copa,Bebida
T-11532,2025-02-02,Cena,P-03,1,Pasta Carbonara IA,Principal
T-11361,2024-07-08,Comida,P-14,2,Tortilla de Patatas,Entrante
T-16644,2024-01-14,Comida,P-05,2,Refresco Cola,Bebida
T-13330,2024-12-23,Cena,P-04,4,Tarta de Queso Casera,Postre
T-11880,2025-09-04,Comida,P-20,4,Paella de Marisco,Principal
T-10946,2025-01-20,Cena,P-06,3,Vino Tinto Copa,Bebida
T-12986,2024-12-02,Comida,P-09,3,Gazpacho Andaluz,Entrante
T-13334,2025-10-21,Cena,P-18,2,Ensaladilla Rusa,Entrante
T-17882,2024-10-27,Comida,P-08,3,Croquetas de Jamon,Entrante
T-11589,2025-04-07,Comida,P-06,2,Vino Tinto Copa,Bebida
T-15214,2024-06-23,Comida,P-06,1,Vino Tinto Copa,Bebida
T-10529,2024-03-26,Comida,P-23,2,Tiramisu de la Casa,Postre
T-13790,2024-08-28,Cena,P-06,1,Vino Tinto Copa,Bebida
T-11841,2024-05-09,Cena,P-04,1,Tarta de Queso Casera,Postre
T-14910,2024-07-22,Cena,P-13,4,Bacalao al Horno,Principal
T-13630,2025-09-17,Comida,P-25,1,Canelones de Carne,Principal
T-12463,2024-04-17,Cena,P-13,4,Bacalao al Horno,Principal
T-17589,2025-03-07,Comida,P-19,3,Entrecot Ternera,Principal
T-16298,2024-05-27,Cena,P-07,2,Pizza Margarita,Principal
T-16754,2025-04-10,Cena,P-01,2,Hamburguesa Smart,Principal
T-11569,2024-09-30,Cena,P-22,1,Te Verde,Bebida
T-11881,2025-05-17,Cena,P-10,3,Solomillo Iberico,Principal
T-14435,2025-07-28,Cena,P-09,3,Gazpacho Andaluz,Entrante
T-11766,2024-12-31,Cena,P-06,2,Vino Tinto Copa,Bebida
T-13592,2025-04-07,Cena,P-22,2,Te Verde,Bebida
T-16633,2024-05-22,Cena,P-04,2,Tarta de Queso Casera,Postre
T-11390,2025-02-05,Comida,P-10,2,Solomillo Iberico,Principal
T-13886,2025-10-26,Cena,P-04,2,Tarta de Queso Casera,Postre
T-11960,2025-06-25,Cena,P-23,2,Tiramisu de la Casa,Postre
T-15475,2024-11-08,Cena,P-07,3,Pizza Margarita,Principal
T-11549,2024-10-22,Cena,P-24,4,Nuggets de Pollo,Principal
T-12884,2025-07-17,Cena,P-19,3,Entrecot Ternera,Principal
T-15350,2025-07-13,Comida,P-24,2,Nuggets de Pollo,Principal
T-12873,2025-12-25,Cena,P-13,3,Bacalao al Horno,Principal
T-11630,2024-06-19,Comida,P-06,2,Vino Tinto Copa,Bebida
T-13227,2024-10-11,Cena,P-16,1,Agua Mineral,Bebida
T-15144,2025-05-17,Comida,P-11,2,Salmon a la Plancha,Principal
T-10432,2024-08-10,Comida,P-12,1,Risotto de Setas,Principal
T-17617,2025-09-30,Comida,P-04,2,Tarta de Queso Casera,Postre
T-12501,2024-10-07,Cena,P-19,4,Entrecot Ternera,Principal
T-12366,2024-10-25,Comida,P-25,4,Canelones de Carne,Principal
T-16917,2025-07-24,Cena,P-17,4,Brownie con Helado,Postre
T-12301,2024-07-16,Cena,P-08,3,Croquetas de Jamon,Entrante
T-14217,2024-10-04,Comida,P-20,2,Paella de Marisco,Principal
T-13278,2025-05-20,Cena,P-25,4,Canelones de Carne,Principal
T-13019,2024-11-05,Cena,P-11,2,Salmon a la Plancha,Principal
T-14196,2025-03-01,Cena,P-06,2,Vino Tinto Copa,Bebida
T-10512,2024-06-08,Cena,P-11,1,Salmon a la Plancha,Principal
T-17380,2024-11-20,Cena,P-06,2,Vino Tinto Copa,Bebida
T-16585,2024-11-30,Comida,P-08,3,Croquetas de Jamon,Entrante
T-17663,2024-11-01,Cena,P-11,2,Salmon a la Plancha,Principal
T-13490,2025-08-14,Comida,P-05,3,Refresco Cola,Bebida
T-11333,2024-09-12,Cena,P-06,4,Vino Tinto Copa,Bebida
T-16848,2024-08-28,Comida,P-08,4,Croquetas de Jamon,Entrante
T-11894,2024-05-14,Comida,P-23,1,Tiramisu de la Casa,Postre
T-13443,2025-08-17,Cena,P-18,3,Ensaladilla Rusa,Entrante
T-10455,2025-03-08,Cena,P-25,2,Canelones de Carne,Principal
T-12832,2025-08-14,Cena,P-17,4,Brownie con Helado,Postre
T-12790,2025-07-12,Cena,P-10,4,Solomillo Iberico,Principal
T-14250,2024-01-27,Cena,P-19,1,Entrecot Ternera,Principal
T-12000,2025-10-23,Comida,P-06,1,Vino Tinto Copa,Bebida
T-13340,2024-08-28,Comida,P-19,1,Entrecot Ternera,Principal
T-15708,2025-07-26,Cena,P-10,3,Solomillo Iberico,Principal
T-10646,2024-04-30,Comida,P-15,1,Cerveza Artesana,Bebida
T-17125,2025-04-18,Cena,P-03,2,Pasta Carbonara IA,Principal
T-10105,2025-12-23,Cena,P-07,3,Pizza Margarita,Principal
T-10242,2024-03-09,Cena,P-24,3,Nuggets de Pollo,Principal
T-12036,2024-06-23,Cena,P-13,3,Bacalao al Horno,Principal
T-15842,2024-03-28,Cena,P-10,4,Solomillo Iberico,Principal
T-14699,2024-06-24,Cena,P-17,2,Brownie con Helado,Postre
T-10622,2025-09-09,Cena,P-11,2,Salmon a la Plancha,Principal
T-10597,2025-10-14,Comida,P-22,1,Te Verde,Bebida
T-10505,2024-06-02,Comida,P-09,3,Gazpacho Andaluz,Entrante
T-11533,2024-06-21,Cena,P-11,2,Salmon a la Plancha,Principal
T-10449,2025-02-12,Cena,P-22,1,Te Verde,Bebida
T-15617,2025-02-19,Comida,P-01,1,Hamburguesa Smart,Principal
T-10488,2025-03-28,Comida,P-02,3,Ensalada Cesar,Entrante
T-10076,2024-09-25,Comida,P-02,3,Ensalada Cesar,Entrante
T-14526,2024-01-13,Cena,P-09,3,Gazpacho Andaluz,Entrante
T-11393,2025-06-22,Cena,P-02,2,Ensalada Cesar,Entrante
T-15484,2025-02-17,Comida,P-24,2,Nuggets de Pollo,Principal
T-12669,2025-01-26,Cena,P-24,2,Nuggets de Pollo,Principal
T-17411,2025-08-28,Cena,P-04,2,Tarta de Queso Casera,Postre
T-11245,2024-04-27,Cena,P-22,4,Te Verde,Bebida
T-10627,2025-01-13,Comida,P-24,4,Nuggets de Pollo,Principal
T-13915,2024-11-04,Cena,P-11,4,Salmon a la Plancha,Principal
T-12230,2024-02-13,Comida,P-16,4,Agua Mineral,Bebida
T-17158,2025-05-20,Cena,P-19,1,Entrecot Ternera,Principal
T-15006,2025-12-16,Comida,P-01,4,Hamburguesa Smart,Principal
T-11208,2024-08-24,Comida,P-04,4,Tarta de Queso Casera,Postre
T-14679,2025-06-12,Cena,P-18,1,Ensaladilla Rusa,Entrante
T-17702,2025-05-19,Comida,P-15,4,Cerveza Artesana,Bebida
T-16123,2025-01-20,Cena,P-13,2,Bacalao al Horno,Principal
T-11728,2025-07-25,Cena,P-06,3,Vino Tinto Copa,Bebida
T-10798,2025-05-24,Cena,P-19,2,Entrecot Ternera,Principal
T-14473,2025-07-08,Cena,P-22,1,Te Verde,Bebida
T-17083,2024-08-03,Comida,P-15,1,Cerveza Artesana,Bebida
T-16034,2025-06-06,Comida,P-12,1,Risotto de Setas,Principal
T-11423,2024-07-30,Cena,P-23,4,Tiramisu de la Casa,Postre
T-17090,2024-10-27,Comida,P-20,1,Paella de Marisco,Principal
T-10971,2024-12-26,Cena,P-08,2,Croquetas de Jamon,Entrante
T-17467,2024-05-10,Comida,P-05,3,Refresco Cola,Bebida
T-15034,2024-09-25,Comida,P-06,3,Vino Tinto Copa,Bebida
T-17594,2025-07-29,Comida,P-19,4,Entrecot Ternera,Principal
T-13131,2024-09-09,Comida,P-04,2,Tarta de Queso Casera,Postre
T-12328,2024-07-27,Comida,P-15,3,Cerveza Artesana,Bebida
T-16494,2025-12-01,Cena,P-01,2,Hamburguesa Smart,Principal
T-10332,2024-02-07,Cena,P-24,2,Nuggets de Pollo,Principal
T-15031,2024-06-15,Cena,P-09,1,Gazpacho Andaluz,Entrante
T-17772,2024-03-25,Cena,P-14,4,Tortilla de Patatas,Entrante
T-11817,2025-06-23,Cena,P-21,4,Cafe Solo,Bebida
T-12374,2025-05-05,Comida,P-05,4,Refresco Cola,Bebida
T-14966,2024-07-09,Cena,P-09,4,Gazpacho Andaluz,Entrante
T-17081,2025-06-06,Comida,P-04,3,Tarta de Queso Casera,Postre
T-14974,2025-02-24,Cena,P-12,1,Risotto de Setas,Principal
T-16766,2024-01-02,Comida,P-07,4,Pizza Margarita,Principal
T-15614,2024-02-11,Cena,P-24,3,Nuggets de Pollo,Principal
T-13192,2025-08-16,Cena,P-07,4,Pizza Margarita,Principal
T-11623,2025-06-15,Cena,P-04,4,Tarta de Queso Casera,Postre
T-12916,2024-04-17,Cena,P-24,1,Nuggets de Pollo,Principal
T-16405,2024-06-20,Cena,P-14,3,Tortilla de Patatas,Entrante
T-15442,2025-06-06,Comida,P-20,4,Paella de Marisco,Principal
T-11130,2024-07-26,Cena,P-07,4,Pizza Margarita,Principal
T-16684,2025-02-10,Cena,P-13,4,Bacalao al Horno,Principal
T-13477,2024-08-29,Cena,P-10,4,Solomillo Iberico,Principal
T-17191,2024-08-04,Comida,P-23,4,Tiramisu de la Casa,Postre
T-17425,2024-07-11,Comida,P-14,2,Tortilla de Patatas,Entrante
T-14288,2025-08-04,Comida,P-08,3,Croquetas de Jamon,Entrante
T-14722,2025-12-05,Comida,P-05,2,Refresco Cola,Bebida
T-15835,2024-11-16,Cena,P-10,3,Solomillo Iberico,Principal
T-17588,2025-09-08,Cena,P-21,2,Cafe Solo,Bebida
T-10675,2024-11-30,Comida,P-13,2,Bacalao al Horno,Principal
T-14386,2025-07-04,Cena,P-12,3,Risotto de Setas,Principal
T-15394,2024-07-02,Comida,P-19,1,Entrecot Ternera,Principal
T-17831,2025-08-05,Comida,P-19,1,Entrecot Ternera,Principal
T-11632,2025-01-08,Cena,P-07,3,Pizza Margarita,Principal
T-15329,2025-09-06,Cena,P-05,2,Refresco Cola,Bebida
T-11951,2024-08-16,Comida,P-21,3,Cafe Solo,Bebida
T-15844,2024-02-22,Cena,P-23,1,Tiramisu de la Casa,Postre
T-16433,2024-08-22,Cena,P-03,1,Pasta Carbonara IA,Principal
T-12380,2025-02-06,Cena,P-15,3,Cerveza Artesana,Bebida
T-16116,2025-07-17,Comida,P-23,3,Tiramisu de la Casa,Postre
T-13777,2024-03-20,Cena,P-24,4,Nuggets de Pollo,Principal
T-14398,2025-03-10,Cena,P-13,4,Bacalao al Horno,Principal
T-16064,2024-02-24,Cena,P-19,1,Entrecot Ternera,Principal
T-10424,2024-01-31,Cena,P-02,2,Ensalada Cesar,Entrante
T-10008,2025-05-22,Cena,P-19,2,Entrecot Ternera,Principal
T-15146,2025-08-23,Cena,P-13,1,Bacalao al Horno,Principal
T-12501,2024-12-13,Comida,P-12,4,Risotto de Setas,Principal
T-15694,2025-09-12,Comida,P-17,3,Brownie con Helado,Postre
T-13481,2024-05-24,Comida,P-13,1,Bacalao al Horno,Principal
T-10569,2024-10-16,Cena,P-03,4,Pasta Carbonara IA,Principal
T-11892,2025-07-11,Cena,P-12,3,Risotto de Setas,Principal
T-12828,2024-09-03,Comida,P-03,4,Pasta Carbonara IA,Principal
T-11070,2025-07-01,Cena,P-24,1,Nuggets de Pollo,Principal
T-15887,2024-06-05,Cena,P-08,4,Croquetas de Jamon,Entrante
T-14040,2025-05-27,Cena,P-05,2,Refresco Cola,Bebida
T-12446,2024-12-21,Comida,P-15,1,Cerveza Artesana,Bebida
T-14679,2025-04-26,Cena,P-23,4,Tiramisu de la Casa,Postre
T-15689,2025-09-25,Cena,P-10,4,Solomillo Iberico,Principal
T-14514,2025-08-04,Cena,P-06,3,Vino Tinto Copa,Bebida
T-11906,2025-10-02,Comida,P-18,4,Ensaladilla Rusa,Entrante
T-14122,2024-05-26,Comida,P-12,2,Risotto de Setas,Principal
T-10541,2025-09-21,Comida,P-07,3,Pizza Margarita,Principal
T-17378,2024-06-22,Cena,P-01,4,Hamburguesa Smart,Principal
T-17936,2024-10-04,Cena,P-06,1,Vino Tinto Copa,Bebida
T-10337,2024-10-23,Comida,P-06,3,Vino Tinto Copa,Bebida
T-11266,2024-10-26,Cena,P-11,2,Salmon a la Plancha,Principal
T-13292,2025-06-23,Cena,P-14,3,Tortilla de Patatas,Entrante
T-16087,2025-12-14,Cena,P-19,4,Entrecot Ternera,Principal
T-12006,2025-03-12,Comida,P-21,1,Cafe Solo,Bebida
T-17317,2025-05-21,Cena,P-01,4,Hamburguesa Smart,Principal
T-11788,2024-09-08,Cena,P-14,1,Tortilla de Patatas,Entrante
T-17792,2025-04-19,Comida,P-24,1,Nuggets de Pollo,Principal
T-16622,2024-12-05,Cena,P-23,1,Tiramisu de la Casa,Postre
T-11191,2024-01-15,Comida,P-01,3,Hamburguesa Smart,Principal
T-10247,2024-04-30,Cena,P-24,2,Nuggets de Pollo,Principal
T-17328,2024-06-22,Comida,P-14,1,Tortilla de Patatas,Entrante
T-12487,2025-05-22,Comida,P-17,4,Brownie con Helado,Postre
T-14989,2024-09-10,Cena,P-11,2,Salmon a la Plancha,Principal
T-17673,2024-08-17,Cena,P-01,2,Hamburguesa Smart,Principal
T-13124,2024-01-01,Cena,P-05,3,Refresco Cola,Bebida
T-14385,2025-07-21,Comida,P-19,1,Entrecot Ternera,Principal
T-15148,2025-07-19,Cena,P-23,3,Tiramisu de la Casa,Postre
T-11290,2024-12-20,Comida,P-11,2,Salmon a la Plancha,Principal
T-10914,2024-04-05,Cena,P-22,2,Te Verde,Bebida
T-12921,2025-07-27,Cena,P-15,4,Cerveza Artesana,Bebida
T-10039,2024-03-12,Cena,P-08,3,Croquetas de Jamon,Entrante
T-11670,2025-01-16,Comida,P-17,3,Brownie con Helado,Postre
T-13747,2024-03-19,Comida,P-19,4,Entrecot Ternera,Principal
T-16140,2024-11-22,Cena,P-11,2,Salmon a la Plancha,Principal
T-15691,2025-11-25,Comida,P-07,2,Pizza Margarita,Principal
T-13325,2025-04-09,Cena,P-19,4,Entrecot Ternera,Principal
T-13815,2025-01-14,Comida,P-25,1,Canelones de Carne,Principal
T-11288,2025-08-26,Cena,P-13,1,Bacalao al Horno,Principal
T-13526,2024-09-21,Cena,P-02,3,Ensalada Cesar,Entrante
T-12574,2024-12-27,Comida,P-03,1,Pasta Carbonara IA,Principal
T-11144,2024-04-29,Comida,P-21,4,Cafe Solo,Bebida
T-15656,2024-04-07,Cena,P-12,2,Risotto de Setas,Principal
T-12389,2024-01-07,Cena,P-06,4,Vino Tinto Copa,Bebida
T-14716,2024-03-14,Comida,P-09,3,Gazpacho Andaluz,Entrante
T-10418,2024-02-25,Cena,P-21,2,Cafe Solo,Bebida
T-11117,2025-06-12,Cena,P-22,1,Te Verde,Bebida
T-15354,2024-11-20,Cena,P-15,1,Cerveza Artesana,Bebida
T-16442,2024-12-06,Comida,P-14,4,Tortilla de Patatas,Entrante
T-11107,2024-08-17,Comida,P-05,2,Refresco Cola,Bebida
T-16220,2025-06-20,Cena,P-13,4,Bacalao al Horno,Principal
T-17089,2025-07-08,Cena,P-02,4,Ensalada Cesar,Entrante
T-12173,2025-01-10,Comida,P-09,4,Gazpacho Andaluz,Entrante
T-16488,2024-09-22,Comida,P-11,2,Salmon a la Plancha,Principal
T-14043,2024-12-18,Cena,P-20,1,Paella de Marisco,Principal
T-17530,2024-11-25,Cena,P-12,4,Risotto de Setas,Principal
T-10077,2024-10-19,Comida,P-12,2,Risotto de Setas,Principal
T-13423,2025-02-10,Comida,P-13,2,Bacalao al Horno,Principal
T-12712,2025-01-05,Cena,P-11,2,Salmon a la Plancha,Principal
T-16976,2024-12-06,Comida,P-22,3,Te Verde,Bebida
T-17518,2025-02-25,Cena,P-24,3,Nuggets de Pollo,Principal
T-13500,2024-01-17,Cena,P-25,2,Canelones de Carne,Principal
T-15047,2025-04-19,Cena,P-06,2,Vino Tinto Copa,Bebida
T-16858,2025-10-16,Cena,P-20,3,Paella de Marisco,Principal
T-13205,2025-03-01,Cena,P-10,1,Solomillo Iberico,Principal
T-15650,2025-03-21,Comida,P-21,4,Cafe Solo,Bebida
T-13431,2024-01-12,Cena,P-20,2,Paella de Marisco,Principal
T-16253,2025-02-04,Comida,P-24,2,Nuggets de Pollo,Principal
T-12687,2024-04-23,Cena,P-09,1,Gazpacho Andaluz,Entrante
T-15525,2024-01-23,Comida,P-25,3,Canelones de Carne,Principal
T-17352,2024-06-08,Comida,P-07,3,Pizza Margarita,Principal
T-13753,2024-01-27,Cena,P-25,2,Canelones de Carne,Principal
T-13291,2024-08-03,Cena,P-18,4,Ensaladilla Rusa,Entrante
T-10659,2024-08-27,Comida,P-15,4,Cerveza Artesana,Bebida
T-14588,2025-07-01,Comida,P-19,2,Entrecot Ternera,Principal
T-12514,2025-10-08,Cena,P-09,2,Gazpacho Andaluz,Entrante
T-11249,2024-09-10,Cena,P-11,3,Salmon a la Plancha,Principal
T-12739,2025-08-17,Comida,P-02,4,Ensalada Cesar,Entrante
T-11124,2025-01-20,Comida,P-01,1,Hamburguesa Smart,Principal
T-11708,2024-09-19,Comida,P-05,2,Refresco Cola,Bebida
T-16193,2024-07-03,Comida,P-20,1,Paella de Marisco,Principal
T-15303,2024-03-04,Cena,P-20,1,Paella de Marisco,Principal
T-13387,2025-07-31,Comida,P-21,3,Cafe Solo,Bebida
T-16951,2025-05-23,Comida,P-12,3,Risotto de Setas,Principal
T-14012,2025-01-04,Comida,P-01,2,Hamburguesa Smart,Principal
T-17796,2025-04-11,Cena,P-16,1,Agua Mineral,Bebida
T-17735,2024-05-16,Comida,P-14,3,Tortilla de Patatas,Entrante
T-13354,2024-09-30,Cena,P-12,4,Risotto de Setas,Principal
T-10813,2025-07-23,Cena,P-07,4,Pizza Margarita,Principal
T-11280,2024-03-11,Comida,P-05,1,Refresco Cola,Bebida
T-15200,2025-08-25,Cena,P-10,1,Solomillo Iberico,Principal
T-17531,2025-10-10,Cena,P-17,1,Brownie con Helado,Postre
T-17829,2024-08-05,Cena,P-02,3,Ensalada Cesar,Entrante
T-15143,2024-11-30,Comida,P-09,1,Gazpacho Andaluz,Entrante
T-16027,2024-05-15,Cena,P-08,1,Croquetas de Jamon,Entrante
T-11210,2024-08-28,Cena,P-10,1,Solomillo Iberico,Principal
T-14479,2025-08-16,Cena,P-01,3,Hamburguesa Smart,Principal
T-10819,2024-01-11,Cena,P-01,2,Hamburguesa Smart,Principal
T-15087,2025-11-14,Comida,P-23,3,Tiramisu de la Casa,Postre
T-12516,2024-03-03,Cena,P-18,4,Ensaladilla Rusa,Entrante
T-14017,2024-12-04,Cena,P-06,1,Vino Tinto Copa,Bebida
T-14437,2024-05-31,Comida,P-09,1,Gazpacho Andaluz,Entrante
T-15658,2025-07-31,Cena,P-15,4,Cerveza Artesana,Bebida
T-11312,2025-03-02,Cena,P-25,1,Canelones de Carne,Principal
T-13191,2025-09-15,Cena,P-16,2,Agua Mineral,Bebida
T-15838,2024-04-28,Comida,P-07,2,Pizza Margarita,Principal
T-13840,2024-08-02,Comida,P-11,2,Salmon a la Plancha,Principal
T-10229,2025-04-02,Comida,P-07,3,Pizza Margarita,Principal
T-12255,2025-10-05,Cena,P-19,2,Entrecot Ternera,Principal
T-17808,2025-04-25,Cena,P-02,3,Ensalada Cesar,Entrante
T-11609,2025-08-04,Cena,P-06,4,Vino Tinto Copa,Bebida
T-12877,2025-06-15,Cena,P-16,2,Agua Mineral,Bebida
T-13262,2024-06-11,Comida,P-07,2,Pizza Margarita,Principal
T-13660,2025-11-17,Comida,P-19,2,Entrecot Ternera,Principal
T-17076,2024-01-07,Comida,P-13,3,Bacalao al Horno,Principal
T-17159,2024-12-23,Cena,P-12,4,Risotto de Setas,Principal
T-12873,2024-12-06,Comida,P-15,1,Cerveza Artesana,Bebida
T-14033,2025-12-17,Comida,P-11,1,Salmon a la Plancha,Principal
T-10918,2024-05-25,Cena,P-11,2,Salmon a la Plancha,Principal
T-15489,2025-12-30,Comida,P-09,3,Gazpacho Andaluz,Entrante
T-14113,2024-07-19,Cena,P-13,2,Bacalao al Horno,Principal
T-11334,2025-02-12,Cena,P-04,2,Tarta de Queso Casera,Postre
T-14372,2024-05-08,Cena,P-10,1,Solomillo Iberico,Principal
T-13528,2024-01-05,Cena,P-07,4,Pizza Margarita,Principal
T-11375,2025-03-18,Cena,P-20,2,Paella de Marisco,Principal
T-13583,2025-12-08,Comida,P-08,2,Croquetas de Jamon,Entrante
T-11028,2024-01-25,Comida,P-09,3,Gazpacho Andaluz,Entrante
T-14598,2024-01-12,Cena,P-03,3,Pasta Carbonara IA,Principal
T-13029,2024-06-08,Comida,P-20,4,Paella de Marisco,Principal
T-17858,2025-04-06,Cena,P-07,2,Pizza Margarita,Principal
T-12531,2025-04-09,Comida,P-02,3,Ensalada Cesar,Entrante
T-12889,2024-12-09,Comida,P-20,2,Paella de Marisco,Principal
T-15376,2024-05-24,Comida,P-03,2,Pasta Carbonara IA,Principal
T-11890,2025-11-24,Comida,P-11,2,Salmon a la Plancha,Principal
T-13131,2025-03-17,Cena,P-13,2,Bacalao al Horno,Principal
T-16816,2024-07-08,Cena,P-17,4,Brownie con Helado,Postre
T-12405,2025-06-13,Cena,P-17,1,Brownie con Helado,Postre
T-14038,2024-02-10,Comida,P-18,2,Ensaladilla Rusa,Entrante
T-17330,2025-03-10,Cena,P-23,2,Tiramisu de la Casa,Postre
T-13524,2025-04-11,Comida,P-01,2,Hamburguesa Smart,Principal
T-10006,2024-06-10,Cena,P-23,1,Tiramisu de la Casa,Postre
T-16134,2024-07-05,Cena,P-24,3,Nuggets de Pollo,Principal
T-12040,2025-10-17,Comida,P-08,4,Croquetas de Jamon,Entrante
T-10782,2024-10-18,Comida,P-21,1,Cafe Solo,Bebida
T-16474,2025-05-11,Comida,P-14,3,Tortilla de Patatas,Entrante
T-15570,2025-10-04,Comida,P-04,2,Tarta de Queso Casera,Postre
T-11847,2025-05-27,Cena,P-05,3,Refresco Cola,Bebida
T-17864,2024-11-27,Cena,P-14,1,Tortilla de Patatas,Entrante
T-13074,2025-04-22,Comida,P-23,1,Tiramisu de la Casa,Postre
T-14919,2024-09-29,Cena,P-21,2,Cafe Solo,Bebida
T-12526,2025-01-25,Cena,P-05,1,Refresco Cola,Bebida
T-13223,2024-10-13,Cena,P-08,2,Croquetas de Jamon,Entrante
T-16424,2024-08-03,Cena,P-16,1,Agua Mineral,Bebida
T-15921,2025-08-25,Cena,P-08,3,Croquetas de Jamon,Entrante
T-16049,2025-12-17,Cena,P-05,4,Refresco Cola,Bebida
T-10208,2025-03-26,Cena,P-05,1,Refresco Cola,Bebida
T-10898,2025-01-29,Cena,P-19,3,Entrecot Ternera,Principal
T-15551,2024-01-19,Comida,P-14,3,Tortilla de Patatas,Entrante
T-14680,2024-05-17,Comida,P-17,3,Brownie con Helado,Postre
T-12629,2025-04-06,Cena,P-04,3,Tarta de Queso Casera,Postre
T-16041,2024-05-04,Comida,P-02,4,Ensalada Cesar,Entrante
T-11210,2025-08-17,Cena,P-23,3,Tiramisu de la Casa,Postre
T-13085,2025-04-21,Cena,P-12,3,Risotto de Setas,Principal
T-17414,2025-08-10,Comida,P-22,3,Te Verde,Bebida
T-15958,2025-01-01,Cena,P-17,4,Brownie con Helado,Postre
T-17295,2024-09-23,Comida,P-11,1,Salmon a la Plancha,Principal
T-15856,2024-09-15,Cena,P-21,4,Cafe Solo,Bebida
T-11891,2025-03-12,Comida,P-22,1,Te Verde,Bebida
T-10559,2024-08-24,Cena,P-18,2,Ensaladilla Rusa,Entrante
T-14172,2024-04-16,Comida,P-04,4,Tarta de Queso Casera,Postre
T-10442,2025-08-21,Comida,P-06,2,Vino Tinto Copa,Bebida
T-12394,2024-09-22,Comida,P-11,3,Salmon a la Plancha,Principal
T-15595,2025-04-18,Cena,P-03,1,Pasta Carbonara IA,Principal
T-12095,2024-09-06,Cena,P-04,4,Tarta de Queso Casera,Postre
T-12981,2025-03-20,Comida,P-16,1,Agua Mineral,Bebida
T-14580,2025-10-22,Cena,P-21,2,Cafe Solo,Bebida
T-10254,2025-02-12,Cena,P-06,2,Vino Tinto Copa,Bebida
T-14223,2024-01-17,Comida,P-16,2,Agua Mineral,Bebida
T-15588,2024-02-29,Cena,P-20,2,Paella de Marisco,Principal
T-14863,2025-02-07,Comida,P-19,2,Entrecot Ternera,Principal
T-14147,2024-07-01,Comida,P-11,2,Salmon a la Plancha,Principal
T-12186,2024-11-21,Cena,P-20,2,Paella de Marisco,Principal
T-11807,2025-02-18,Comida,P-14,1,Tortilla de Patatas,Entrante
T-14582,2025-06-27,Cena,P-15,2,Cerveza Artesana,Bebida
T-13701,2025-06-08,Cena,P-01,2,Hamburguesa Smart,Principal
T-14739,2025-01-06,Cena,P-06,3,Vino Tinto Copa,Bebida
T-15668,2024-05-23,Cena,P-11,2,Salmon a la Plancha,Principal
T-13706,2025-09-09,Comida,P-06,2,Vino Tinto Copa,Bebida
T-15178,2025-09-21,Cena,P-21,1,Cafe Solo,Bebida
T-16842,2025-03-05,Cena,P-18,1,Ensaladilla Rusa,Entrante
T-17244,2025-12-31,Comida,P-08,1,Croquetas de Jamon,Entrante
T-12439,2025-05-05,Cena,P-05,4,Refresco Cola,Bebida
T-16547,2024-10-18,Comida,P-07,4,Pizza Margarita,Principal
T-10800,2024-06-07,Cena,P-10,3,Solomillo Iberico,Principal
T-12424,2025-02-05,Cena,P-24,2,Nuggets de Pollo,Principal
T-10132,2025-01-21,Cena,P-23,1,Tiramisu de la Casa,Postre
T-12265,2024-02-24,Comida,P-24,3,Nuggets de Pollo,Principal
T-11727,2024-12-21,Cena,P-08,1,Croquetas de Jamon,Entrante
T-11210,2025-05-28,Cena,P-25,3,Canelones de Carne,Principal
T-13320,2024-10-28,Cena,P-21,2,Cafe Solo,Bebida
T-10600,2024-04-07,Cena,P-14,3,Tortilla de Patatas,Entrante
T-12091,2024-05-16,Cena,P-07,1,Pizza Margarita,Principal
T-10451,2025-07-18,Cena,P-21,2,Cafe Solo,Bebida
T-10716,2024-03-01,Comida,P-09,3,Gazpacho Andaluz,Entrante
T-15968,2025-09-24,Cena,P-19,4,Entrecot Ternera,Principal
T-13787,2024-09-10,Cena,P-08,3,Croquetas de Jamon,Entrante
T-10351,2024-09-29,Comida,P-04,4,Tarta de Queso Casera,Postre
T-11133,2024-07-18,Comida,P-10,4,Solomillo Iberico,Principal
T-11420,2024-09-08,Comida,P-22,4,Te Verde,Bebida
T-12855,2025-06-27,Comida,P-08,1,Croquetas de Jamon,Entrante
T-17371,2025-04-08,Cena,P-04,2,Tarta de Queso Casera,Postre
T-11538,2024-04-22,Cena,P-01,3,Hamburguesa Smart,Principal
T-10410,2025-07-01,Cena,P-22,4,Te Verde,Bebida
T-13147,2024-12-29,Comida,P-18,3,Ensaladilla Rusa,Entrante
T-15851,2025-10-02,Cena,P-10,1,Solomillo Iberico,Principal
T-13188,2024-02-12,Comida,P-17,4,Brownie con Helado,Postre
T-10182,2025-04-26,Cena,P-01,4,Hamburguesa Smart,Principal
T-16228,2025-07-20,Cena,P-05,4,Refresco Cola,Bebida
T-17803,2025-10-12,Cena,P-22,2,Te Verde,Bebida
T-16844,2025-06-07,Cena,P-11,3,Salmon a la Plancha,Principal
T-12808,2025-01-03,Comida,P-16,3,Agua Mineral,Bebida
T-14758,2024-04-24,Cena,P-09,1,Gazpacho Andaluz,Entrante
T-10542,2024-12-10,Comida,P-07,2,Pizza Margarita,Principal
T-16706,2025-05-04,Comida,P-08,4,Croquetas de Jamon,Entrante
T-13248,2025-02-26,Cena,P-24,2,Nuggets de Pollo,Principal
T-13362,2025-09-03,Cena,P-04,4,Tarta de Queso Casera,Postre
T-13274,2024-04-23,Comida,P-10,4,Solomillo Iberico,Principal
T-12519,2024-03-06,Comida,P-03,4,Pasta Carbonara IA,Principal
T-13828,2024-01-17,Cena,P-05,4,Refresco Cola,Bebida
T-16934,2025-12-02,Cena,P-24,4,Nuggets de Pollo,Principal
T-17046,2024-12-25,Comida,P-04,3,Tarta de Queso Casera,Postre
T-15627,2024-05-03,Cena,P-21,2,Cafe Solo,Bebida
T-13823,2025-07-31,Comida,P-05,1,Refresco Cola,Bebida
T-16134,2024-04-21,Cena,P-17,2,Brownie con Helado,Postre
T-12914,2024-05-23,Cena,P-21,3,Cafe Solo,Bebida
T-16220,2024-03-20,Cena,P-22,3,Te Verde,Bebida
T-15486,2024-02-13,Cena,P-17,2,Brownie con Helado,Postre
T-12388,2025-07-09,Comida,P-18,4,Ensaladilla Rusa,Entrante
T-17471,2025-01-29,Comida,P-14,1,Tortilla de Patatas,Entrante
T-13576,2025-05-22,Cena,P-22,1,Te Verde,Bebida
T-10772,2024-07-10,Cena,P-25,2,Canelones de Carne,Principal
T-17135,2025-12-09,Comida,P-20,3,Paella de Marisco,Principal
T-11977,2025-03-08,Cena,P-21,4,Cafe Solo,Bebida
T-13838,2024-04-23,Cena,P-04,3,Tarta de Queso Casera,Postre
T-16266,2025-09-06,Cena,P-08,1,Croquetas de Jamon,Entrante
T-17687,2025-05-31,Cena,P-25,2,Canelones de Carne,Principal
T-15006,2025-10-15,Comida,P-02,2,Ensalada Cesar,Entrante
T-11755,2025-03-14,Comida,P-10,4,Solomillo Iberico,Principal
T-10992,2024-10-22,Comida,P-16,3,Agua Mineral,Bebida
T-16558,2025-09-28,Comida,P-22,3,Te Verde,Bebida
T-15308,2025-11-03,Cena,P-10,3,Solomillo Iberico,Principal
T-12723,2024-04-25,Cena,P-02,4,Ensalada Cesar,Entrante
T-10464,2025-07-17,Cena,P-01,3,Hamburguesa Smart,Principal
T-15591,2025-07-24,Cena,P-07,3,Pizza Margarita,Principal
T-17636,2025-10-26,Comida,P-23,2,Tiramisu de la Casa,Postre
T-15393,2025-12-05,Cena,P-02,1,Ensalada Cesar,Entrante
T-17943,2025-01-07,Cena,P-01,4,Hamburguesa Smart,Principal
T-14052,2025-11-14,Comida,P-21,2,Cafe Solo,Bebida
T-14401,2025-01-21,Comida,P-24,1,Nuggets de Pollo,Principal
T-13409,2025-03-28,Comida,P-12,1,Risotto de Setas,Principal
T-10461,2025-12-18,Comida,P-16,4,Agua Mineral,Bebida
T-15006,2025-12-10,Comida,P-02,3,Ensalada Cesar,Entrante
T-13924,2025-11-13,Cena,P-06,3,Vino Tinto Copa,Bebida
T-16292,2024-10-15,Comida,P-24,4,Nuggets de Pollo,Principal
T-12076,2025-01-31,Cena,P-07,3,Pizza Margarita,Principal
T-12159,2025-12-13,Cena,P-10,1,Solomillo Iberico,Principal
T-17819,2024-10-23,Cena,P-20,2,Paella de Marisco,Principal
T-11136,2025-06-28,Cena,P-23,1,Tiramisu de la Casa,Postre
T-12341,2024-05-09,Cena,P-17,1,Brownie con Helado,Postre
T-16367,2025-01-19,Comida,P-21,4,Cafe Solo,Bebida
T-14041,2024-04-21,Cena,P-11,4,Salmon a la Plancha,Principal
T-17425,2024-08-31,Comida,P-01,3,Hamburguesa Smart,Principal
T-17005,2025-03-07,Cena,P-11,1,Salmon a la Plancha,Principal
T-10031,2025-05-31,Comida,P-07,4,Pizza Margarita,Principal
T-17704,2024-12-22,Cena,P-08,2,Croquetas de Jamon,Entrante
T-14372,2025-04-07,Cena,P-25,1,Canelones de Carne,Principal
T-12084,2024-04-03,Cena,P-08,2,Croquetas de Jamon,Entrante
T-16977,2025-04-04,Cena,P-18,4,Ensaladilla Rusa,Entrante
T-16476,2024-05-06,Comida,P-16,4,Agua Mineral,Bebida
T-13490,2025-08-20,Cena,P-22,4,Te Verde,Bebida
T-15436,2025-03-29,Cena,P-09,2,Gazpacho Andaluz,Entrante
T-16242,2024-08-08,Cena,P-18,4,Ensaladilla Rusa,Entrante
T-14659,2025-04-03,Comida,P-07,3,Pizza Margarita,Principal
T-12006,2024-08-26,Comida,P-21,4,Cafe Solo,Bebida
T-11904,2024-12-28,Cena,P-19,3,Entrecot Ternera,Principal
T-11370,2024-06-18,Comida,P-17,1,Brownie con Helado,Postre
T-11366,2024-08-20,Comida,P-10,3,Solomillo Iberico,Principal
T-16067,2025-02-06,Cena,P-06,2,Vino Tinto Copa,Bebida
T-16738,2025-01-26,Cena,P-08,4,Croquetas de Jamon,Entrante
T-11667,2025-03-06,Comida,P-19,1,Entrecot Ternera,Principal
T-13815,2024-05-14,Comida,P-21,4,Cafe Solo,Bebida
T-13112,2024-07-16,Cena,P-23,4,Tiramisu de la Casa,Postre
T-16553,2024-08-14,Comida,P-08,1,Croquetas de Jamon,Entrante
T-12394,2025-05-16,Comida,P-21,1,Cafe Solo,Bebida
T-15773,2024-06-03,Comida,P-14,3,Tortilla de Patatas,Entrante
T-16455,2024-04-28,Comida,P-17,3,Brownie con Helado,Postre
T-15839,2024-01-12,Cena,P-06,1,Vino Tinto Copa,Bebida
T-11416,2024-11-10,Cena,P-22,1,Te Verde,Bebida
T-16770,2025-08-09,Cena,P-05,2,Refresco Cola,Bebida
T-14585,2024-07-20,Comida,P-02,4,Ensalada Cesar,Entrante
T-17348,2025-04-12,Comida,P-25,4,Canelones de Carne,Principal
T-14173,2025-01-31,Cena,P-12,3,Risotto de Setas,Principal
T-15074,2025-10-07,Cena,P-20,3,Paella de Marisco,Principal
T-14646,2024-04-11,Cena,P-18,4,Ensaladilla Rusa,Entrante
T-13897,2024-08-28,Cena,P-06,2,Vino Tinto Copa,Bebida
T-15959,2025-06-27,Cena,P-01,2,Hamburguesa Smart,Principal
T-16927,2024-07-08,Comida,P-06,3,Vino Tinto Copa,Bebida
T-11344,2025-07-22,Comida,P-18,4,Ensaladilla Rusa,Entrante
T-16807,2024-07-27,Cena,P-12,1,Risotto de Setas,Principal
T-11437,2024-07-13,Comida,P-21,4,Cafe Solo,Bebida
T-15247,2024-12-03,Cena,P-02,4,Ensalada Cesar,Entrante
T-17981,2025-12-26,Cena,P-04,4,Tarta de Queso Casera,Postre
T-11207,2025-12-17,Cena,P-14,3,Tortilla de Patatas,Entrante
T-13822,2024-12-09,Cena,P-16,3,Agua Mineral,Bebida
T-11601,2025-11-23,Comida,P-19,1,Entrecot Ternera,Principal
T-14588,2025-04-16,Cena,P-15,4,Cerveza Artesana,Bebida
T-15408,2025-02-15,Cena,P-23,4,Tiramisu de la Casa,Postre
T-17937,2025-03-16,Cena,P-22,2,Te Verde,Bebida
T-12078,2025-10-13,Cena,P-07,1,Pizza Margarita,Principal
T-14941,2024-05-25,Cena,P-20,1,Paella de Marisco,Principal
T-11151,2024-09-28,Cena,P-23,1,Tiramisu de la Casa,Postre
T-10069,2024-06-22,Cena,P-19,2,Entrecot Ternera,Principal
T-14238,2024-11-16,Comida,P-13,4,Bacalao al Horno,Principal
T-15288,2024-11-03,Cena,P-12,3,Risotto de Setas,Principal
T-12623,2024-05-03,Cena,P-12,4,Risotto de Setas,Principal
T-14892,2024-07-06,Cena,P-04,1,Tarta de Queso Casera,Postre
T-16143,2024-07-18,Cena,P-10,4,Solomillo Iberico,Principal
T-17125,2025-08-17,Comida,P-24,3,Nuggets de Pollo,Principal
T-11594,2024-02-11,Cena,P-02,2,Ensalada Cesar,Entrante
T-16187,2024-10-24,Cena,P-16,3,Agua Mineral,Bebida
T-11700,2024-05-19,Cena,P-14,3,Tortilla de Patatas,Entrante
T-17568,2025-03-29,Cena,P-16,4,Agua Mineral,Bebida
T-13463,2025-05-11,Comida,P-24,4,Nuggets de Pollo,Principal
T-12137,2025-10-16,Cena,P-25,3,Canelones de Carne,Principal
T-17580,2025-10-10,Comida,P-23,4,Tiramisu de la Casa,Postre
T-11892,2025-03-27,Comida,P-10,1,Solomillo Iberico,Principal
T-16656,2025-11-27,Comida,P-14,3,Tortilla de Patatas,Entrante
T-11364,2025-03-14,Cena,P-25,3,Canelones de Carne,Principal
T-11382,2024-10-20,Comida,P-01,3,Hamburguesa Smart,Principal
T-14282,2025-04-05,Comida,P-21,1,Cafe Solo,Bebida
T-13906,2025-06-04,Cena,P-24,4,Nuggets de Pollo,Principal
T-16171,2025-02-06,Cena,P-22,1,Te Verde,Bebida
T-16368,2024-05-11,Comida,P-08,1,Croquetas de Jamon,Entrante
T-12201,2024-05-29,Cena,P-05,1,Refresco Cola,Bebida
T-15197,2024-06-30,Cena,P-09,4,Gazpacho Andaluz,Entrante
T-13621,2024-10-06,Cena,P-01,1,Hamburguesa Smart,Principal
T-14648,2025-09-16,Cena,P-08,1,Croquetas de Jamon,Entrante
T-14750,2025-10-01,Cena,P-09,1,Gazpacho Andaluz,Entrante
T-17109,2024-10-18,Cena,P-25,2,Canelones de Carne,Principal
T-11692,2025-05-12,Comida,P-09,3,Gazpacho Andaluz,Entrante
T-16120,2025-09-11,Cena,P-12,2,Risotto de Setas,Principal
T-17969,2025-03-18,Cena,P-07,2,Pizza Margarita,Principal
T-10829,2025-05-06,Cena,P-21,3,Cafe Solo,Bebida
T-11042,2025-01-06,Cena,P-18,1,Ensaladilla Rusa,Entrante
T-10267,2025-05-05,Cena,P-12,2,Risotto de Setas,Principal
T-10083,2024-02-24,Cena,P-17,4,Brownie con Helado,Postre
T-13275,2025-08-16,Comida,P-24,3,Nuggets de Pollo,Principal
T-11197,2025-03-15,Comida,P-21,2,Cafe Solo,Bebida
T-17848,2025-11-08,Cena,P-19,4,Entrecot Ternera,Principal
T-17042,2024-04-12,Comida,P-11,2,Salmon a la Plancha,Principal
T-12221,2024-02-06,Comida,P-04,2,Tarta de Queso Casera,Postre
T-15821,2024-03-12,Cena,P-22,4,Te Verde,Bebida
T-15831,2025-04-10,Cena,P-12,4,Risotto de Setas,Principal
T-16305,2025-03-05,Comida,P-24,4,Nuggets de Pollo,Principal
T-10432,2024-01-31,Comida,P-16,3,Agua Mineral,Bebida
T-16559,2024-07-30,Cena,P-09,3,Gazpacho Andaluz,Entrante
T-12308,2024-07-28,Cena,P-01,2,Hamburguesa Smart,Principal
T-10778,2025-08-08,Comida,P-22,1,Te Verde,Bebida
T-10422,2025-12-10,Cena,P-08,4,Croquetas de Jamon,Entrante
T-15952,2025-10-13,Cena,P-16,3,Agua Mineral,Bebida
T-10515,2025-11-10,Cena,P-13,4,Bacalao al Horno,Principal
T-14327,2024-10-06,Comida,P-04,2,Tarta de Queso Casera,Postre
T-17073,2024-03-22,Cena,P-19,2,Entrecot Ternera,Principal
T-15025,2024-06-24,Comida,P-09,4,Gazpacho Andaluz,Entrante
T-15236,2024-03-07,Cena,P-03,1,Pasta Carbonara IA,Principal
T-11405,2025-12-17,Cena,P-25,4,Canelones de Carne,Principal
T-16661,2025-03-22,Cena,P-17,2,Brownie con Helado,Postre
T-17534,2024-10-14,Cena,P-15,2,Cerveza Artesana,Bebida
T-10354,2025-12-04,Comida,P-13,2,Bacalao al Horno,Principal
T-16403,2024-02-18,Cena,P-24,2,Nuggets de Pollo,Principal
T-12762,2024-05-08,Cena,P-19,2,Entrecot Ternera,Principal
T-10266,2024-10-29,Cena,P-18,1,Ensaladilla Rusa,Entrante
T-15498,2024-07-10,Comida,P-04,1,Tarta de Queso Casera,Postre
T-15654,2025-10-03,Cena,P-01,1,Hamburguesa Smart,Principal
T-13632,2024-02-08,Comida,P-04,4,Tarta de Queso Casera,Postre
T-12213,2024-11-21,Comida,P-13,4,Bacalao al Horno,Principal
T-11046,2025-03-24,Comida,P-06,1,Vino Tinto Copa,Bebida
T-17788,2025-07-03,Cena,P-24,3,Nuggets de Pollo,Principal
T-14170,2025-05-26,Cena,P-20,1,Paella de Marisco,Principal
T-15625,2024-04-23,Comida,P-03,2,Pasta Carbonara IA,Principal
T-13367,2025-07-10,Cena,P-21,4,Cafe Solo,Bebida
T-10967,2025-02-02,Cena,P-01,2,Hamburguesa Smart,Principal
T-12996,2024-01-04,Comida,P-16,1,Agua Mineral,Bebida
T-11545,2024-10-10,Comida,P-11,4,Salmon a la Plancha,Principal
T-10220,2024-05-23,Cena,P-15,2,Cerveza Artesana,Bebida
T-11781,2025-11-01,Cena,P-06,2,Vino Tinto Copa,Bebida
T-17753,2025-10-23,Cena,P-20,4,Paella de Marisco,Principal
T-13229,2025-12-21,Comida,P-04,3,Tarta de Queso Casera,Postre
T-15224,2024-07-30,Cena,P-18,4,Ensaladilla Rusa,Entrante
T-11532,2025-03-09,Cena,P-07,1,Pizza Margarita,Principal
T-14408,2025-01-04,Cena,P-07,2,Pizza Margarita,Principal
T-10421,2025-09-10,Cena,P-14,2,Tortilla de Patatas,Entrante
T-17354,2025-08-17,Cena,P-22,3,Te Verde,Bebida
T-10977,2024-08-06,Comida,P-20,3,Paella de Marisco,Principal
T-15653,2024-07-06,Cena,P-18,1,Ensaladilla Rusa,Entrante
T-11333,2024-12-17,Comida,P-13,3,Bacalao al Horno,Principal
T-12311,2024-04-19,Comida,P-22,4,Te Verde,Bebida
T-10945,2024-09-18,Cena,P-24,4,Nuggets de Pollo,Principal
T-12239,2024-11-14,Comida,P-15,3,Cerveza Artesana,Bebida
T-16236,2024-08-02,Comida,P-21,1,Cafe Solo,Bebida
T-10226,2025-03-15,Cena,P-18,4,Ensaladilla Rusa,Entrante
T-13427,2024-06-26,Cena,P-05,1,Refresco Cola,Bebida
T-14029,2024-09-04,Comida,P-10,3,Solomillo Iberico,Principal
T-15109,2024-07-31,Comida,P-20,2,Paella de Marisco,Principal
T-13839,2025-08-11,Cena,P-09,4,Gazpacho Andaluz,Entrante
T-16181,2024-11-13,Cena,P-11,2,Salmon a la Plancha,Principal
T-11830,2025-03-23,Cena,P-05,1,Refresco Cola,Bebida
T-15031,2024-03-31,Cena,P-05,2,Refresco Cola,Bebida
T-10614,2025-10-07,Comida,P-24,4,Nuggets de Pollo,Principal
T-11711,2024-10-17,Cena,P-16,1,Agua Mineral,Bebida
T-11245,2024-12-14,Cena,P-01,3,Hamburguesa Smart,Principal
T-11577,2024-09-17,Comida,P-01,2,Hamburguesa Smart,Principal
T-13045,2025-08-17,Comida,P-20,3,Paella de Marisco,Principal
T-10044,2025-04-20,Cena,P-25,4,Canelones de Carne,Principal
T-11629,2024-03-26,Comida,P-20,1,Paella de Marisco,Principal
T-12585,2025-09-28,Cena,P-10,1,Solomillo Iberico,Principal
T-11878,2024-08-11,Comida,P-25,3,Canelones de Carne,Principal
T-11484,2025-05-08,Comida,P-17,2,Brownie con Helado,Postre
T-14358,2024-03-11,Comida,P-03,1,Pasta Carbonara IA,Principal
T-17403,2024-07-19,Comida,P-06,3,Vino Tinto Copa,Bebida
T-14311,2024-06-19,Cena,P-20,1,Paella de Marisco,Principal
T-11916,2025-04-22,Comida,P-12,1,Risotto de Setas,Principal
T-16798,2025-07-13,Cena,P-14,1,Tortilla de Patatas,Entrante
T-11016,2024-11-15,Cena,P-09,3,Gazpacho Andaluz,Entrante
T-12930,2024-01-25,Cena,P-11,1,Salmon a la Plancha,Principal
T-11243,2025-10-07,Cena,P-02,2,Ensalada Cesar,Entrante
T-10348,2025-11-12,Cena,P-13,4,Bacalao al Horno,Principal
T-13183,2025-05-31,Comida,P-10,4,Solomillo Iberico,Principal
T-12100,2024-06-10,Cena,P-10,2,Solomillo Iberico,Principal
T-11795,2024-10-28,Comida,P-05,1,Refresco Cola,Bebida
T-16347,2024-03-02,Comida,P-13,1,Bacalao al Horno,Principal
T-15830,2025-06-27,Cena,P-12,4,Risotto de Setas,Principal
T-12009,2024-09-12,Comida,P-09,2,Gazpacho Andaluz,Entrante
T-12810,2025-02-28,Comida,P-08,4,Croquetas de Jamon,Entrante
T-10601,2025-01-22,Cena,P-06,2,Vino Tinto Copa,Bebida
T-10908,2024-08-23,Cena,P-05,3,Refresco Cola,Bebida
T-10991,2025-01-30,Cena,P-12,3,Risotto de Setas,Principal
T-16941,2025-02-27,Comida,P-06,2,Vino Tinto Copa,Bebida
T-14911,2025-10-28,Cena,P-04,1,Tarta de Queso Casera,Postre
T-10530,2024-06-28,Comida,P-04,3,Tarta de Queso Casera,Postre
T-12867,2025-09-12,Cena,P-04,2,Tarta de Queso Casera,Postre
T-11921,2024-10-29,Comida,P-24,3,Nuggets de Pollo,Principal
T-17712,2024-02-27,Cena,P-20,4,Paella de Marisco,Principal
T-10350,2024-11-11,Cena,P-10,4,Solomillo Iberico,Principal
T-12675,2025-08-30,Comida,P-10,4,Solomillo Iberico,Principal
T-17653,2025-10-17,Comida,P-25,1,Canelones de Carne,Principal
T-10532,2025-12-18,Cena,P-25,3,Canelones de Carne,Principal
T-14889,2024-11-05,Cena,P-11,3,Salmon a la Plancha,Principal
T-13117,2024-10-24,Cena,P-09,2,Gazpacho Andaluz,Entrante
T-15221,2025-08-09,Cena,P-06,2,Vino Tinto Copa,Bebida
T-17631,2025-10-01,Cena,P-19,1,Entrecot Ternera,Principal
T-14580,2024-09-21,Cena,P-18,1,Ensaladilla Rusa,Entrante
T-13133,2024-12-16,Cena,P-25,4,Canelones de Carne,Principal
T-10890,2024-07-13,Cena,P-01,1,Hamburguesa Smart,Principal
T-12840,2024-09-14,Comida,P-08,3,Croquetas de Jamon,Entrante
T-10554,2024-10-21,Cena,P-14,3,Tortilla de Patatas,Entrante
T-16858,2025-09-23,Cena,P-22,2,Te Verde,Bebida
T-10097,2024-09-05,Cena,P-21,4,Cafe Solo,Bebida
T-16751,2024-11-03,Cena,P-07,3,Pizza Margarita,Principal
T-10430,2025-10-26,Comida,P-20,3,Paella de Marisco,Principal
T-14039,2024-06-29,Cena,P-08,2,Croquetas de Jamon,Entrante
T-14283,2024-05-30,Cena,P-02,1,Ensalada Cesar,Entrante
T-14103,2024-12-21,Cena,P-21,4,Cafe Solo,Bebida
T-14474,2025-10-25,Comida,P-08,2,Croquetas de Jamon,Entrante
T-10037,2024-07-27,Comida,P-07,1,Pizza Margarita,Principal
T-13126,2025-05-11,Cena,P-22,2,Te Verde,Bebida
T-16484,2024-02-17,Cena,P-02,2,Ensalada Cesar,Entrante
T-12792,2024-09-22,Comida,P-20,3,Paella de Marisco,Principal
T-15224,2025-05-06,Cena,P-18,2,Ensaladilla Rusa,Entrante
T-12029,2025-08-09,Comida,P-03,4,Pasta Carbonara IA,Principal
T-13025,2025-05-10,Comida,P-10,4,Solomillo Iberico,Principal
T-16642,2025-11-16,Comida,P-24,4,Nuggets de Pollo,Principal
T-13874,2025-10-20,Cena,P-10,2,Solomillo Iberico,Principal
T-16569,2025-03-21,Cena,P-21,3,Cafe Solo,Bebida
T-12526,2024-01-10,Cena,P-24,4,Nuggets de Pollo,Principal
T-14820,2025-01-21,Comida,P-15,2,Cerveza Artesana,Bebida
T-13096,2024-12-24,Cena,P-23,3,Tiramisu de la Casa,Postre
T-16863,2025-06-10,Cena,P-23,1,Tiramisu de la Casa,Postre
T-11680,2024-11-12,Cena,P-05,4,Refresco Cola,Bebida
T-13525,2025-02-21,Comida,P-25,4,Canelones de Carne,Principal
T-17200,2025-01-21,Comida,P-25,2,Canelones de Carne,Principal
T-15740,2024-06-12,Cena,P-13,4,Bacalao al Horno,Principal
T-12371,2025-09-29,Cena,P-18,1,Ensaladilla Rusa,Entrante
T-15676,2024-02-02,Cena,P-15,3,Cerveza Artesana,Bebida
T-15518,2024-08-20,Cena,P-14,4,Tortilla de Patatas,Entrante
T-17407,2025-06-20,Comida,P-06,3,Vino Tinto Copa,Bebida
T-12362,2025-11-28,Comida,P-08,1,Croquetas de Jamon,Entrante
T-13881,2025-06-27,Comida,P-06,3,Vino Tinto Copa,Bebida
T-10174,2024-02-07,Comida,P-05,3,Refresco Cola,Bebida
T-16602,2025-03-28,Cena,P-20,2,Paella de Marisco,Principal
T-14906,2025-06-29,Cena,P-24,4,Nuggets de Pollo,Principal
T-14940,2025-05-18,Cena,P-02,3,Ensalada Cesar,Entrante
T-11531,2024-11-08,Cena,P-05,3,Refresco Cola,Bebida
T-17411,2024-03-25,Comida,P-22,2,Te Verde,Bebida
T-14975,2025-01-11,Cena,P-25,1,Canelones de Carne,Principal
T-16572,2024-12-17,Comida,P-11,3,Salmon a la Plancha,Principal
T-10933,2024-11-29,Comida,P-14,4,Tortilla de Patatas,Entrante
T-17407,2025-07-05,Comida,P-09,4,Gazpacho Andaluz,Entrante
T-15732,2025-01-30,Cena,P-06,1,Vino Tinto Copa,Bebida
T-17422,2025-01-21,Comida,P-20,1,Paella de Marisco,Principal
T-12255,2024-05-15,Cena,P-14,3,Tortilla de Patatas,Entrante
T-13297,2025-10-26,Cena,P-04,4,Tarta de Queso Casera,Postre
T-14181,2024-01-01,Cena,P-07,1,Pizza Margarita,Principal
T-11408,2024-02-23,Cena,P-06,3,Vino Tinto Copa,Bebida
T-16584,2025-05-06,Comida,P-04,2,Tarta de Queso Casera,Postre
T-15393,2025-01-03,Comida,P-09,4,Gazpacho Andaluz,Entrante
T-16989,2025-05-14,Comida,P-04,2,Tarta de Queso Casera,Postre
T-16705,2025-01-07,Comida,P-13,1,Bacalao al Horno,Principal
T-10027,2024-05-05,Comida,P-19,1,Entrecot Ternera,Principal
T-13066,2024-11-15,Cena,P-03,3,Pasta Carbonara IA,Principal
T-13491,2024-09-13,Cena,P-14,1,Tortilla de Patatas,Entrante
T-11088,2024-03-17,Comida,P-05,1,Refresco Cola,Bebida
T-15634,2024-07-06,Comida,P-08,1,Croquetas de Jamon,Entrante
T-10554,2024-03-11,Comida,P-18,1,Ensaladilla Rusa,Entrante
T-10419,2024-09-06,Comida,P-25,2,Canelones de Carne,Principal
T-14053,2024-03-30,Cena,P-01,1,Hamburguesa Smart,Principal
T-11959,2025-08-09,Cena,P-01,4,Hamburguesa Smart,Principal
T-16220,2024-11-27,Cena,P-12,1,Risotto de Setas,Principal
T-17035,2025-01-12,Comida,P-20,1,Paella de Marisco,Principal
T-15041,2025-07-09,Comida,P-02,4,Ensalada Cesar,Entrante
T-10256,2025-08-26,Comida,P-06,2,Vino Tinto Copa,Bebida
T-16794,2025-09-06,Cena,P-25,1,Canelones de Carne,Principal
T-17078,2024-01-25,Cena,P-21,4,Cafe Solo,Bebida
T-16838,2024-04-23,Cena,P-20,3,Paella de Marisco,Principal
T-12895,2024-06-16,Comida,P-06,2,Vino Tinto Copa,Bebida
T-16452,2025-11-02,Cena,P-04,3,Tarta de Queso Casera,Postre
T-17587,2024-11-01,Cena,P-03,2,Pasta Carbonara IA,Principal
T-10828,2025-10-07,Cena,P-23,2,Tiramisu de la Casa,Postre
T-15216,2025-08-17,Cena,P-01,3,Hamburguesa Smart,Principal
T-10408,2025-07-06,Comida,P-05,4,Refresco Cola,Bebida
T-17161,2025-04-28,Cena,P-05,4,Refresco Cola,Bebida
T-16316,2025-05-04,Cena,P-09,1,Gazpacho Andaluz,Entrante
T-15221,2024-11-29,Cena,P-10,3,Solomillo Iberico,Principal
T-12176,2025-08-11,Comida,P-04,2,Tarta de Queso Casera,Postre
T-12933,2025-08-04,Comida,P-05,3,Refresco Cola,Bebida
T-12503,2025-11-13,Cena,P-12,3,Risotto de Setas,Principal
T-13160,2025-12-27,Cena,P-06,4,Vino Tinto Copa,Bebida
T-11687,2025-07-06,Comida,P-07,1,Pizza Margarita,Principal
T-14305,2025-01-25,Cena,P-08,1,Croquetas de Jamon,Entrante
T-17882,2024-02-10,Comida,P-21,2,Cafe Solo,Bebida
T-10667,2025-01-31,Cena,P-03,2,Pasta Carbonara IA,Principal
T-10722,2025-01-27,Comida,P-01,1,Hamburguesa Smart,Principal
T-13077,2024-05-06,Comida,P-06,1,Vino Tinto Copa,Bebida
T-14737,2025-06-26,Cena,P-18,1,Ensaladilla Rusa,Entrante
T-12708,2025-08-24,Comida,P-25,4,Canelones de Carne,Principal
T-10232,2025-12-14,Cena,P-23,4,Tiramisu de la Casa,Postre
T-11194,2025-10-06,Cena,P-10,2,Solomillo Iberico,Principal
T-15549,2024-01-07,Cena,P-16,3,Agua Mineral,Bebida
T-15702,2024-07-17,Comida,P-23,3,Tiramisu de la Casa,Postre
T-16535,2025-08-12,Comida,P-01,1,Hamburguesa Smart,Principal
T-14773,2025-12-24,Cena,P-20,4,Paella de Marisco,Principal
T-14941,2024-01-03,Cena,P-09,2,Gazpacho Andaluz,Entrante
T-10246,2025-09-21,Comida,P-01,4,Hamburguesa Smart,Principal
T-12009,2025-11-02,Comida,P-04,3,Tarta de Queso Casera,Postre
T-10991,2024-05-08,Comida,P-10,3,Solomillo Iberico,Principal
T-12800,2024-06-30,Comida,P-24,2,Nuggets de Pollo,Principal
T-14148,2025-11-09,Cena,P-23,2,Tiramisu de la Casa,Postre
T-14113,2024-07-12,Comida,P-14,1,Tortilla de Patatas,Entrante
T-12485,2024-01-21,Cena,P-12,2,Risotto de Setas,Principal
T-16889,2024-11-12,Cena,P-13,1,Bacalao al Horno,Principal
T-11564,2025-10-09,Comida,P-19,1,Entrecot Ternera,Principal
T-16334,2024-04-27,Cena,P-14,1,Tortilla de Patatas,Entrante
T-16286,2025-11-26,Cena,P-22,1,Te Verde,Bebida
T-13058,2025-04-27,Cena,P-19,3,Entrecot Ternera,Principal
T-16628,2025-04-26,Cena,P-07,2,Pizza Margarita,Principal
T-10380,2025-09-04,Cena,P-03,2,Pasta Carbonara IA,Principal
T-10885,2024-10-12,Cena,P-03,1,Pasta Carbonara IA,Principal
T-12571,2024-03-14,Comida,P-22,3,Te Verde,Bebida
T-13261,2025-05-02,Comida,P-15,2,Cerveza Artesana,Bebida
T-15817,2024-08-07,Cena,P-23,4,Tiramisu de la Casa,Postre
T-11764,2025-09-11,Cena,P-22,1,Te Verde,Bebida
T-12499,2025-10-09,Cena,P-18,1,Ensaladilla Rusa,Entrante
T-11485,2024-09-01,Cena,P-04,3,Tarta de Queso Casera,Postre
T-11566,2024-10-29,Comida,P-14,4,Tortilla de Patatas,Entrante
T-14246,2024-06-10,Cena,P-13,2,Bacalao al Horno,Principal
T-10828,2025-06-10,Cena,P-25,4,Canelones de Carne,Principal
T-16362,2025-11-20,Cena,P-18,4,Ensaladilla Rusa,Entrante
T-15947,2025-11-26,Cena,P-24,3,Nuggets de Pollo,Principal
T-16349,2024-04-05,Cena,P-11,1,Salmon a la Plancha,Principal
T-11255,2025-09-08,Comida,P-12,3,Risotto de Setas,Principal
T-14319,2025-08-18,Comida,P-02,1,Ensalada Cesar,Entrante
T-12172,2025-01-15,Cena,P-04,1,Tarta de Queso Casera,Postre
T-10719,2024-08-07,Comida,P-02,3,Ensalada Cesar,Entrante
T-14495,2024-06-15,Comida,P-20,4,Paella de Marisco,Principal
T-12593,2025-10-19,Cena,P-20,1,Paella de Marisco,Principal
T-14214,2025-03-22,Cena,P-20,2,Paella de Marisco,Principal
T-17331,2024-02-22,Cena,P-19,1,Entrecot Ternera,Principal
T-12192,2024-03-07,Comida,P-21,2,Cafe Solo,Bebida
T-12505,2024-01-10,Cena,P-17,4,Brownie con Helado,Postre
T-16929,2024-12-19,Comida,P-21,2,Cafe Solo,Bebida
T-17940,2025-05-29,Cena,P-19,2,Entrecot Ternera,Principal
T-17744,2025-02-10,Cena,P-20,2,Paella de Marisco,Principal
T-13366,2025-03-25,Cena,P-17,3,Brownie con Helado,Postre
T-16644,2025-05-23,Comida,P-21,2,Cafe Solo,Bebida
T-15775,2024-12-26,Cena,P-18,4,Ensaladilla Rusa,Entrante
T-16958,2024-07-06,Comida,P-25,4,Canelones de Carne,Principal
T-15845,2025-09-21,Cena,P-04,2,Tarta de Queso Casera,Postre
T-12714,2024-06-02,Cena,P-09,3,Gazpacho Andaluz,Entrante
T-13779,2025-05-31,Comida,P-18,2,Ensaladilla Rusa,Entrante
T-14498,2025-07-03,Cena,P-05,2,Refresco Cola,Bebida
T-14001,2024-09-04,Comida,P-24,4,Nuggets de Pollo,Principal
T-12610,2024-04-14,Comida,P-21,4,Cafe Solo,Bebida
T-14443,2024-09-05,Comida,P-16,3,Agua Mineral,Bebida
T-10727,2025-06-11,Cena,P-22,2,Te Verde,Bebida
T-15146,2025-09-19,Cena,P-02,3,Ensalada Cesar,Entrante
T-12894,2024-04-17,Cena,P-03,2,Pasta Carbonara IA,Principal
T-15506,2025-11-04,Comida,P-16,4,Agua Mineral,Bebida
T-14016,2024-05-21,Cena,P-20,2,Paella de Marisco,Principal
T-13791,2025-09-13,Cena,P-16,3,Agua Mineral,Bebida
T-13702,2024-09-29,Cena,P-18,3,Ensaladilla Rusa,Entrante
T-15205,2024-07-28,Comida,P-20,3,Paella de Marisco,Principal
T-16439,2024-09-11,Comida,P-06,3,Vino Tinto Copa,Bebida
T-14974,2025-10-02,Cena,P-09,1,Gazpacho Andaluz,Entrante
T-11685,2025-01-24,Cena,P-19,4,Entrecot Ternera,Principal
T-15908,2024-09-07,Comida,P-15,1,Cerveza Artesana,Bebida
T-16479,2024-05-18,Comida,P-10,1,Solomillo Iberico,Principal
T-15276,2025-04-16,Cena,P-11,3,Salmon a la Plancha,Principal
T-17623,2025-05-12,Cena,P-23,4,Tiramisu de la Casa,Postre
T-13744,2025-07-29,Cena,P-23,3,Tiramisu de la Casa,Postre
T-17178,2024-08-14,Cena,P-22,2,Te Verde,Bebida
T-11629,2025-02-26,Comida,P-10,3,Solomillo Iberico,Principal
T-12805,2025-01-16,Cena,P-10,3,Solomillo Iberico,Principal
T-17389,2025-08-29,Cena,P-10,1,Solomillo Iberico,Principal
T-12143,2024-05-10,Cena,P-12,4,Risotto de Setas,Principal
T-10948,2025-03-18,Cena,P-15,4,Cerveza Artesana,Bebida
T-12900,2024-07-03,Cena,P-13,1,Bacalao al Horno,Principal
T-12739,2024-05-20,Cena,P-08,1,Croquetas de Jamon,Entrante
T-14490,2024-06-21,Comida,P-19,4,Entrecot Ternera,Principal
T-13200,2024-04-08,Cena,P-11,1,Salmon a la Plancha,Principal
T-12609,2025-09-12,Cena,P-19,1,Entrecot Ternera,Principal
T-17744,2025-01-30,Cena,P-19,1,Entrecot Ternera,Principal
T-12429,2025-06-04,Cena,P-16,3,Agua Mineral,Bebida
T-12912,2024-03-11,Cena,P-14,3,Tortilla de Patatas,Entrante
T-11615,2024-09-06,Cena,P-04,1,Tarta de Queso Casera,Postre
T-12530,2024-05-26,Cena,P-13,1,Bacalao al Horno,Principal
T-10213,2024-06-25,Comida,P-17,1,Brownie con Helado,Postre
T-15978,2024-10-04,Comida,P-08,1,Croquetas de Jamon,Entrante
T-16809,2024-05-06,Comida,P-16,3,Agua Mineral,Bebida
T-12019,2024-07-25,Cena,P-16,2,Agua Mineral,Bebida
T-16578,2025-12-03,Comida,P-24,4,Nuggets de Pollo,Principal
T-10087,2024-03-24,Cena,P-09,1,Gazpacho Andaluz,Entrante
T-11819,2025-02-06,Comida,P-16,4,Agua Mineral,Bebida
T-17505,2024-01-06,Cena,P-11,4,Salmon a la Plancha,Principal
T-15368,2024-01-29,Cena,P-17,4,Brownie con Helado,Postre
T-12347,2024-09-24,Cena,P-06,1,Vino Tinto Copa,Bebida
T-12262,2025-07-22,Cena,P-18,2,Ensaladilla Rusa,Entrante
T-10993,2024-01-11,Comida,P-22,2,Te Verde,Bebida
T-15917,2025-06-12,Cena,P-13,4,Bacalao al Horno,Principal
T-10538,2025-07-18,Comida,P-07,1,Pizza Margarita,Principal
T-12746,2025-03-25,Cena,P-11,1,Salmon a la Plancha,Principal
T-13129,2024-08-17,Cena,P-02,4,Ensalada Cesar,Entrante
T-16968,2025-06-21,Comida,P-06,1,Vino Tinto Copa,Bebida
T-12541,2025-08-01,Cena,P-20,4,Paella de Marisco,Principal
T-16830,2025-07-27,Cena,P-14,2,Tortilla de Patatas,Entrante
T-12905,2024-11-01,Cena,P-09,1,Gazpacho Andaluz,Entrante
T-12761,2025-11-03,Comida,P-12,3,Risotto de Setas,Principal
T-13188,2024-04-10,Comida,P-05,4,Refresco Cola,Bebida
T-11726,2025-11-29,Cena,P-08,3,Croquetas de Jamon,Entrante
T-14660,2024-02-27,Comida,P-12,2,Risotto de Setas,Principal
T-16994,2024-08-16,Cena,P-16,2,Agua Mineral,Bebida
T-12911,2024-01-24,Comida,P-20,4,Paella de Marisco,Principal
T-10280,2024-05-10,Cena,P-10,1,Solomillo Iberico,Principal
T-15902,2024-09-17,Cena,P-23,4,Tiramisu de la Casa,Postre
T-12894,2024-03-07,Cena,P-19,3,Entrecot Ternera,Principal
T-16816,2025-03-15,Cena,P-17,1,Brownie con Helado,Postre
T-15700,2025-07-23,Cena,P-09,2,Gazpacho Andaluz,Entrante
T-15508,2025-12-28,Cena,P-17,1,Brownie con Helado,Postre
T-10212,2024-02-25,Cena,P-03,3,Pasta Carbonara IA,Principal
T-16133,2025-01-30,Cena,P-20,1,Paella de Marisco,Principal
T-11765,2024-12-30,Cena,P-11,4,Salmon a la Plancha,Principal
T-10810,2024-10-05,Cena,P-20,2,Paella de Marisco,Principal
T-14882,2025-09-12,Cena,P-01,3,Hamburguesa Smart,Principal
T-15432,2024-10-12,Cena,P-09,3,Gazpacho Andaluz,Entrante
T-13964,2024-02-18,Cena,P-03,1,Pasta Carbonara IA,Principal
T-13246,2025-07-11,Cena,P-25,3,Canelones de Carne,Principal
T-10702,2024-11-27,Comida,P-16,1,Agua Mineral,Bebida
T-16347,2025-11-28,Comida,P-20,3,Paella de Marisco,Principal
T-15116,2024-03-05,Cena,P-17,2,Brownie con Helado,Postre
T-11763,2025-10-09,Cena,P-10,3,Solomillo Iberico,Principal
T-11368,2024-01-22,Comida,P-20,3,Paella de Marisco,Principal
T-12880,2024-04-05,Cena,P-23,3,Tiramisu de la Casa,Postre
T-10759,2025-11-30,Cena,P-06,3,Vino Tinto Copa,Bebida
T-13719,2025-11-27,Comida,P-09,3,Gazpacho Andaluz,Entrante
T-14158,2024-09-07,Comida,P-23,2,Tiramisu de la Casa,Postre
T-15542,2024-12-11,Cena,P-06,3,Vino Tinto Copa,Bebida
T-17902,2024-09-24,Comida,P-04,2,Tarta de Queso Casera,Postre
T-16179,2024-09-04,Comida,P-09,4,Gazpacho Andaluz,Entrante
T-11290,2024-07-22,Comida,P-03,2,Pasta Carbonara IA,Principal
T-15635,2024-10-09,Comida,P-20,3,Paella de Marisco,Principal
T-13467,2024-12-24,Cena,P-10,3,Solomillo Iberico,Principal
T-17905,2024-02-04,Cena,P-25,2,Canelones de Carne,Principal
T-14740,2025-10-16,Comida,P-21,4,Cafe Solo,Bebida
T-10786,2025-04-28,Cena,P-14,4,Tortilla de Patatas,Entrante
T-11347,2025-09-30,Comida,P-24,4,Nuggets de Pollo,Principal
T-11156,2024-01-19,Cena,P-05,2,Refresco Cola,Bebida
T-12679,2025-01-13,Cena,P-23,1,Tiramisu de la Casa,Postre
T-15992,2025-07-29,Comida,P-03,1,Pasta Carbonara IA,Principal
T-12490,2024-06-26,Cena,P-06,4,Vino Tinto Copa,Bebida
T-14799,2024-10-24,Cena,P-03,4,Pasta Carbonara IA,Principal
T-10702,2024-09-27,Comida,P-03,4,Pasta Carbonara IA,Principal
T-15466,2025-09-17,Comida,P-08,2,Croquetas de Jamon,Entrante
T-14847,2024-02-14,Comida,P-06,4,Vino Tinto Copa,Bebida
T-15702,2025-06-19,Comida,P-24,2,Nuggets de Pollo,Principal
T-11587,2024-09-10,Cena,P-05,2,Refresco Cola,Bebida
T-10195,2024-08-27,Comida,P-18,3,Ensaladilla Rusa,Entrante
T-15357,2024-06-26,Cena,P-09,4,Gazpacho Andaluz,Entrante
T-15610,2024-01-24,Cena,P-08,1,Croquetas de Jamon,Entrante
T-10176,2024-03-17,Comida,P-20,2,Paella de Marisco,Principal
T-15003,2024-08-15,Cena,P-07,1,Pizza Margarita,Principal
T-17485,2024-07-23,Cena,P-07,1,Pizza Margarita,Principal
T-16293,2024-09-24,Comida,P-25,1,Canelones de Carne,Principal
T-14842,2025-08-26,Comida,P-08,4,Croquetas de Jamon,Entrante
T-13219,2024-03-27,Cena,P-11,2,Salmon a la Plancha,Principal
T-17403,2024-12-06,Comida,P-09,4,Gazpacho Andaluz,Entrante
T-16187,2025-12-06,Cena,P-09,1,Gazpacho Andaluz,Entrante
T-17978,2025-10-15,Cena,P-01,2,Hamburguesa Smart,Principal
T-15560,2025-09-22,Comida,P-04,3,Tarta de Queso Casera,Postre
T-12166,2025-03-14,Comida,P-12,1,Risotto de Setas,Principal
T-15552,2024-12-19,Comida,P-05,4,Refresco Cola,Bebida
T-16697,2024-11-23,Comida,P-24,1,Nuggets de Pollo,Principal
T-17711,2024-08-23,Cena,P-19,1,Entrecot Ternera,Principal
T-17385,2024-01-09,Cena,P-09,2,Gazpacho Andaluz,Entrante
T-11793,2024-04-06,Comida,P-21,2,Cafe Solo,Bebida
T-12993,2025-04-09,Cena,P-11,2,Salmon a la Plancha,Principal
T-13423,2025-09-25,Comida,P-06,1,Vino Tinto Copa,Bebida
T-15186,2024-04-02,Cena,P-20,3,Paella de Marisco,Principal
T-16981,2025-05-01,Cena,P-18,1,Ensaladilla Rusa,Entrante
T-17953,2025-07-29,Comida,P-11,3,Salmon a la Plancha,Principal
T-15262,2025-06-18,Cena,P-08,3,Croquetas de Jamon,Entrante
T-15530,2025-01-08,Cena,P-18,3,Ensaladilla Rusa,Entrante
T-11134,2024-09-28,Comida,P-21,4,Cafe Solo,Bebida
T-14535,2024-07-01,Cena,P-16,1,Agua Mineral,Bebida
T-14180,2025-06-10,Cena,P-18,3,Ensaladilla Rusa,Entrante
T-14013,2024-06-10,Comida,P-02,2,Ensalada Cesar,Entrante
T-16319,2024-03-13,Cena,P-18,2,Ensaladilla Rusa,Entrante
T-11346,2024-01-23,Comida,P-02,1,Ensalada Cesar,Entrante
T-16930,2025-09-13,Comida,P-08,3,Croquetas de Jamon,Entrante
T-14986,2024-07-08,Cena,P-13,2,Bacalao al Horno,Principal
T-11990,2025-10-17,Cena,P-12,4,Risotto de Setas,Principal
T-10588,2025-01-09,Cena,P-10,1,Solomillo Iberico,Principal
T-11448,2025-01-27,Cena,P-19,2,Entrecot Ternera,Principal
T-13696,2025-12-17,Comida,P-04,4,Tarta de Queso Casera,Postre
T-15339,2024-10-02,Cena,P-17,1,Brownie con Helado,Postre
T-16789,2024-08-17,Cena,P-03,4,Pasta Carbonara IA,Principal
T-11236,2025-10-28,Cena,P-18,1,Ensaladilla Rusa,Entrante
T-13109,2025-01-11,Comida,P-08,3,Croquetas de Jamon,Entrante
T-17963,2025-12-25,Comida,P-20,3,Paella de Marisco,Principal
T-10963,2024-03-15,Comida,P-21,2,Cafe Solo,Bebida
T-16614,2025-03-14,Cena,P-16,4,Agua Mineral,Bebida
T-17736,2025-02-01,Comida,P-09,2,Gazpacho Andaluz,Entrante
T-10055,2024-07-30,Cena,P-22,4,Te Verde,Bebida
T-10614,2025-05-07,Cena,P-16,4,Agua Mineral,Bebida
T-14818,2025-12-10,Comida,P-11,4,Salmon a la Plancha,Principal
T-10323,2024-11-28,Comida,P-23,3,Tiramisu de la Casa,Postre
T-10062,2025-11-26,Cena,P-20,3,Paella de Marisco,Principal
T-11551,2024-04-09,Comida,P-03,4,Pasta Carbonara IA,Principal
T-10311,2024-10-03,Cena,P-22,4,Te Verde,Bebida
T-17607,2025-04-16,Cena,P-15,2,Cerveza Artesana,Bebida
T-14716,2025-12-30,Cena,P-12,3,Risotto de Setas,Principal
T-11593,2024-03-29,Comida,P-03,2,Pasta Carbonara IA,Principal
T-11025,2024-09-16,Comida,P-19,3,Entrecot Ternera,Principal
T-11130,2025-10-06,Comida,P-24,3,Nuggets de Pollo,Principal
T-17485,2025-04-23,Comida,P-14,4,Tortilla de Patatas,Entrante
T-15082,2024-11-22,Comida,P-02,4,Ensalada Cesar,Entrante
T-16191,2025-07-13,Comida,P-23,1,Tiramisu de la Casa,Postre
T-13092,2025-08-26,Comida,P-15,2,Cerveza Artesana,Bebida
T-13629,2025-10-07,Cena,P-12,3,Risotto de Setas,Principal
T-11700,2025-02-04,Comida,P-20,2,Paella de Marisco,Principal
T-10639,2025-05-29,Cena,P-12,2,Risotto de Setas,Principal
T-14940,2025-11-09,Cena,P-22,3,Te Verde,Bebida
T-15977,2025-02-05,Comida,P-05,2,Refresco Cola,Bebida
T-13990,2024-10-31,Cena,P-15,3,Cerveza Artesana,Bebida
T-12157,2025-12-26,Cena,P-11,4,Salmon a la Plancha,Principal
T-11914,2024-08-10,Comida,P-14,4,Tortilla de Patatas,Entrante
T-15353,2025-06-20,Cena,P-14,3,Tortilla de Patatas,Entrante
T-17125,2025-02-14,Comida,P-20,1,Paella de Marisco,Principal
T-17288,2025-09-11,Comida,P-11,2,Salmon a la Plancha,Principal
T-14792,2024-07-25,Cena,P-16,2,Agua Mineral,Bebida
T-11630,2024-10-25,Cena,P-09,1,Gazpacho Andaluz,Entrante
T-15484,2024-06-17,Comida,P-22,4,Te Verde,Bebida
T-11288,2025-02-15,Comida,P-21,1,Cafe Solo,Bebida
T-12881,2025-03-11,Cena,P-21,1,Cafe Solo,Bebida
T-12485,2025-09-06,Cena,P-21,4,Cafe Solo,Bebida
T-14128,2025-06-24,Comida,P-23,2,Tiramisu de la Casa,Postre
T-12168,2024-11-09,Cena,P-06,3,Vino Tinto Copa,Bebida
T-16950,2024-10-25,Cena,P-19,1,Entrecot Ternera,Principal
T-11359,2024-05-25,Comida,P-20,2,Paella de Marisco,Principal
T-15969,2024-07-26,Cena,P-08,2,Croquetas de Jamon,Entrante
T-12274,2024-02-21,Cena,P-21,1,Cafe Solo,Bebida
T-14573,2024-01-01,Cena,P-18,3,Ensaladilla Rusa,Entrante
T-10737,2024-10-30,Cena,P-08,1,Croquetas de Jamon,Entrante
T-17156,2025-08-20,Cena,P-09,1,Gazpacho Andaluz,Entrante
T-16294,2025-06-17,Cena,P-20,1,Paella de Marisco,Principal
T-10224,2025-09-24,Comida,P-01,3,Hamburguesa Smart,Principal
T-14285,2024-12-06,Cena,P-24,2,Nuggets de Pollo,Principal
T-11745,2024-08-19,Comida,P-16,3,Agua Mineral,Bebida
T-10852,2024-04-29,Comida,P-25,2,Canelones de Carne,Principal
T-11509,2024-02-17,Cena,P-13,1,Bacalao al Horno,Principal
T-14770,2024-09-01,Cena,P-03,3,Pasta Carbonara IA,Principal
T-10019,2024-12-25,Cena,P-15,3,Cerveza Artesana,Bebida
T-10481,2024-12-21,Cena,P-07,3,Pizza Margarita,Principal
T-11738,2025-11-05,Cena,P-04,2,Tarta de Queso Casera,Postre
T-14595,2024-10-02,Cena,P-09,1,Gazpacho Andaluz,Entrante
T-15006,2024-07-29,Comida,P-09,3,Gazpacho Andaluz,Entrante
T-14867,2025-09-26,Cena,P-25,3,Canelones de Carne,Principal
T-15957,2025-01-09,Comida,P-12,2,Risotto de Setas,Principal
T-15051,2024-12-26,Comida,P-03,1,Pasta Carbonara IA,Principal
T-11458,2024-05-27,Cena,P-22,3,Te Verde,Bebida
T-12429,2024-09-10,Comida,P-06,4,Vino Tinto Copa,Bebida
T-11895,2024-08-20,Comida,P-11,4,Salmon a la Plancha,Principal
T-15560,2025-04-21,Comida,P-24,2,Nuggets de Pollo,Principal
T-12496,2024-10-06,Comida,P-19,2,Entrecot Ternera,Principal
T-10064,2025-08-11,Cena,P-22,2,Te Verde,Bebida
T-16740,2025-08-18,Comida,P-23,1,Tiramisu de la Casa,Postre
T-10682,2024-07-29,Comida,P-12,3,Risotto de Setas,Principal
T-16483,2025-11-03,Cena,P-03,2,Pasta Carbonara IA,Principal
T-14625,2024-08-11,Cena,P-10,4,Solomillo Iberico,Principal
T-10544,2025-10-17,Cena,P-10,2,Solomillo Iberico,Principal
T-14891,2024-07-21,Cena,P-06,3,Vino Tinto Copa,Bebida
T-15429,2025-05-14,Cena,P-08,1,Croquetas de Jamon,Entrante
T-13121,2025-06-04,Cena,P-12,4,Risotto de Setas,Principal
T-14666,2024-09-15,Comida,P-24,4,Nuggets de Pollo,Principal
T-15114,2024-07-13,Comida,P-13,3,Bacalao al Horno,Principal
T-15221,2025-09-12,Cena,P-19,2,Entrecot Ternera,Principal
T-13855,2024-08-22,Comida,P-07,4,Pizza Margarita,Principal
T-11768,2024-11-09,Comida,P-04,4,Tarta de Queso Casera,Postre
T-13196,2025-09-04,Cena,P-01,4,Hamburguesa Smart,Principal
T-12205,2025-11-04,Cena,P-15,2,Cerveza Artesana,Bebida
T-17795,2025-09-12,Comida,P-25,3,Canelones de Carne,Principal
T-15152,2025-11-17,Cena,P-23,4,Tiramisu de la Casa,Postre
T-15916,2024-08-20,Cena,P-19,4,Entrecot Ternera,Principal
T-11549,2025-06-26,Cena,P-16,2,Agua Mineral,Bebida
T-16213,2025-10-27,Cena,P-04,1,Tarta de Queso Casera,Postre
T-13521,2024-05-11,Cena,P-06,4,Vino Tinto Copa,Bebida
T-11229,2024-12-02,Comida,P-17,3,Brownie con Helado,Postre
T-12415,2025-04-25,Comida,P-10,3,Solomillo Iberico,Principal
T-11869,2025-08-04,Cena,P-10,4,Solomillo Iberico,Principal
T-17675,2024-02-17,Comida,P-15,3,Cerveza Artesana,Bebida
T-13543,2024-06-13,Cena,P-19,2,Entrecot Ternera,Principal
T-12201,2024-06-04,Comida,P-22,1,Te Verde,Bebida
T-14303,2024-05-02,Cena,P-12,1,Risotto de Setas,Principal
T-12109,2025-03-18,Comida,P-08,1,Croquetas de Jamon,Entrante
T-13322,2024-09-05,Comida,P-13,1,Bacalao al Horno,Principal
T-13523,2024-11-28,Comida,P-16,3,Agua Mineral,Bebida
T-10180,2024-01-04,Comida,P-17,2,Brownie con Helado,Postre
T-14335,2024-01-27,Cena,P-11,4,Salmon a la Plancha,Principal
T-13602,2024-06-22,Cena,P-10,2,Solomillo Iberico,Principal
T-11585,2024-05-12,Comida,P-19,1,Entrecot Ternera,Principal
T-12965,2024-08-10,Comida,P-07,1,Pizza Margarita,Principal
T-10802,2025-08-11,Comida,P-17,3,Brownie con Helado,Postre
T-12964,2025-05-26,Comida,P-22,3,Te Verde,Bebida
T-13902,2024-05-21,Cena,P-03,3,Pasta Carbonara IA,Principal
T-11665,2024-04-20,Cena,P-25,3,Canelones de Carne,Principal
T-17791,2024-03-16,Cena,P-04,2,Tarta de Queso Casera,Postre
T-13443,2024-03-18,Cena,P-06,1,Vino Tinto Copa,Bebida
T-10798,2025-12-14,Comida,P-02,1,Ensalada Cesar,Entrante
T-12162,2025-07-11,Cena,P-19,3,Entrecot Ternera,Principal
T-15657,2024-04-26,Comida,P-18,3,Ensaladilla Rusa,Entrante
T-10151,2025-08-02,Comida,P-09,2,Gazpacho Andaluz,Entrante
T-14942,2025-07-31,Cena,P-01,3,Hamburguesa Smart,Principal
T-16089,2024-09-26,Cena,P-17,1,Brownie con Helado,Postre
T-11578,2024-07-22,Cena,P-17,1,Brownie con Helado,Postre
T-14753,2025-08-23,Comida,P-05,2,Refresco Cola,Bebida
T-15407,2025-10-02,Cena,P-14,1,Tortilla de Patatas,Entrante
T-17488,2025-05-30,Cena,P-23,1,Tiramisu de la Casa,Postre
T-12548,2025-03-29,Cena,P-07,3,Pizza Margarita,Principal
T-16031,2025-12-30,Cena,P-13,2,Bacalao al Horno,Principal
T-14726,2025-04-05,Cena,P-07,2,Pizza Margarita,Principal
T-13062,2024-05-24,Comida,P-17,1,Brownie con Helado,Postre
T-11226,2024-01-17,Cena,P-15,4,Cerveza Artesana,Bebida
T-16066,2025-04-23,Comida,P-10,4,Solomillo Iberico,Principal
T-13423,2025-08-12,Comida,P-16,1,Agua Mineral,Bebida
T-10710,2025-12-19,Comida,P-01,2,Hamburguesa Smart,Principal
T-10747,2024-08-23,Comida,P-20,4,Paella de Marisco,Principal
T-17863,2025-11-13,Cena,P-14,4,Tortilla de Patatas,Entrante
T-12630,2024-06-25,Comida,P-13,1,Bacalao al Horno,Principal
T-12993,2025-10-02,Comida,P-02,1,Ensalada Cesar,Entrante
T-16711,2025-11-04,Cena,P-17,1,Brownie con Helado,Postre
T-15766,2024-03-07,Cena,P-13,4,Bacalao al Horno,Principal
T-12464,2024-08-19,Cena,P-20,1,Paella de Marisco,Principal
T-12718,2025-04-16,Cena,P-08,2,Croquetas de Jamon,Entrante
T-11593,2024-10-29,Comida,P-13,2,Bacalao al Horno,Principal
T-10155,2024-11-23,Comida,P-24,2,Nuggets de Pollo,Principal
T-16428,2025-06-16,Cena,P-07,3,Pizza Margarita,Principal
T-11149,2024-09-12,Comida,P-10,2,Solomillo Iberico,Principal
T-16913,2025-08-16,Comida,P-15,4,Cerveza Artesana,Bebida
T-11281,2025-03-15,Comida,P-13,4,Bacalao al Horno,Principal
T-15835,2025-01-06,Cena,P-15,2,Cerveza Artesana,Bebida
T-15725,2025-11-09,Comida,P-23,1,Tiramisu de la Casa,Postre
T-10026,2024-01-01,Cena,P-18,2,Ensaladilla Rusa,Entrante
T-11484,2025-11-28,Cena,P-01,1,Hamburguesa Smart,Principal
T-13130,2024-10-30,Comida,P-23,3,Tiramisu de la Casa,Postre
T-17412,2025-05-31,Comida,P-19,4,Entrecot Ternera,Principal
T-14050,2025-05-03,Cena,P-09,2,Gazpacho Andaluz,Entrante
T-10508,2024-02-04,Cena,P-13,4,Bacalao al Horno,Principal
T-13386,2024-01-14,Cena,P-21,3,Cafe Solo,Bebida
T-16137,2024-04-12,Cena,P-23,4,Tiramisu de la Casa,Postre
T-16108,2025-10-02,Cena,P-22,2,Te Verde,Bebida
T-12473,2024-08-12,Comida,P-08,3,Croquetas de Jamon,Entrante
T-11861,2025-12-11,Cena,P-01,2,Hamburguesa Smart,Principal
T-17655,2025-07-07,Comida,P-24,2,Nuggets de Pollo,Principal
T-14637,2025-07-08,Cena,P-11,4,Salmon a la Plancha,Principal
T-16065,2024-06-04,Cena,P-14,3,Tortilla de Patatas,Entrante
T-17494,2025-10-02,Comida,P-05,3,Refresco Cola,Bebida
T-16289,2025-06-19,Comida,P-09,2,Gazpacho Andaluz,Entrante
T-15333,2025-12-03,Cena,P-03,2,Pasta Carbonara IA,Principal
T-15575,2024-03-16,Comida,P-03,3,Pasta Carbonara IA,Principal
T-16018,2025-08-15,Cena,P-07,4,Pizza Margarita,Principal
T-13966,2025-11-25,Comida,P-09,2,Gazpacho Andaluz,Entrante
T-11829,2025-04-01,Cena,P-12,2,Risotto de Setas,Principal
T-17870,2025-11-25,Cena,P-20,1,Paella de Marisco,Principal
T-11318,2025-09-03,Cena,P-18,4,Ensaladilla Rusa,Entrante
T-13946,2025-04-25,Cena,P-19,1,Entrecot Ternera,Principal
T-14247,2025-06-21,Cena,P-09,3,Gazpacho Andaluz,Entrante
T-12197,2024-02-26,Cena,P-04,2,Tarta de Queso Casera,Postre
T-10562,2024-12-18,Cena,P-25,1,Canelones de Carne,Principal
T-14707,2024-06-06,Comida,P-22,3,Te Verde,Bebida
T-11539,2025-05-17,Comida,P-05,3,Refresco Cola,Bebida
T-13391,2025-02-24,Comida,P-21,4,Cafe Solo,Bebida
T-16240,2024-10-31,Cena,P-22,3,Te Verde,Bebida
T-10073,2024-04-14,Cena,P-19,4,Entrecot Ternera,Principal
T-17910,2025-09-12,Comida,P-05,2,Refresco Cola,Bebida
T-15457,2025-01-15,Cena,P-11,2,Salmon a la Plancha,Principal
T-11362,2025-10-24,Comida,P-04,4,Tarta de Queso Casera,Postre
T-13204,2024-04-19,Comida,P-23,1,Tiramisu de la Casa,Postre
T-16428,2025-10-04,Cena,P-23,2,Tiramisu de la Casa,Postre
T-13625,2025-09-17,Cena,P-18,1,Ensaladilla Rusa,Entrante
T-17170,2025-10-23,Cena,P-20,4,Paella de Marisco,Principal
T-17941,2025-10-11,Comida,P-08,2,Croquetas de Jamon,Entrante
T-14737,2025-03-03,Cena,P-13,3,Bacalao al Horno,Principal
T-13622,2025-02-01,Cena,P-18,4,Ensaladilla Rusa,Entrante
T-11714,2025-12-10,Cena,P-09,4,Gazpacho Andaluz,Entrante
T-16298,2025-11-20,Cena,P-09,2,Gazpacho Andaluz,Entrante
T-17803,2025-12-20,Cena,P-14,2,Tortilla de Patatas,Entrante
T-16901,2025-01-14,Cena,P-03,4,Pasta Carbonara IA,Principal
T-10132,2024-06-21,Cena,P-08,4,Croquetas de Jamon,Entrante
T-16675,2024-03-24,Cena,P-14,2,Tortilla de Patatas,Entrante
T-13100,2025-05-13,Comida,P-24,4,Nuggets de Pollo,Principal
T-14219,2024-04-23,Comida,P-14,4,Tortilla de Patatas,Entrante
T-17941,2025-08-27,Comida,P-01,3,Hamburguesa Smart,Principal
T-12221,2025-08-08,Comida,P-15,1,Cerveza Artesana,Bebida
T-16492,2024-05-28,Cena,P-21,2,Cafe Solo,Bebida
T-15591,2024-04-09,Cena,P-06,2,Vino Tinto Copa,Bebida
T-17088,2025-09-04,Cena,P-25,1,Canelones de Carne,Principal
T-12610,2025-03-22,Cena,P-24,2,Nuggets de Pollo,Principal
T-13156,2024-11-10,Cena,P-09,4,Gazpacho Andaluz,Entrante
T-14877,2024-04-23,Cena,P-02,4,Ensalada Cesar,Entrante
T-14660,2025-03-18,Cena,P-11,1,Salmon a la Plancha,Principal
T-12103,2024-10-27,Cena,P-14,4,Tortilla de Patatas,Entrante
T-11025,2024-02-22,Comida,P-06,3,Vino Tinto Copa,Bebida
T-12725,2025-10-20,Cena,P-11,4,Salmon a la Plancha,Principal
T-10293,2025-05-18,Cena,P-04,4,Tarta de Queso Casera,Postre
T-11590,2025-11-12,Cena,P-13,2,Bacalao al Horno,Principal
T-10480,2025-07-08,Cena,P-25,1,Canelones de Carne,Principal
T-16814,2025-01-19,Cena,P-16,1,Agua Mineral,Bebida
T-11929,2024-04-24,Comida,P-04,2,Tarta de Queso Casera,Postre
T-17620,2025-10-15,Cena,P-10,2,Solomillo Iberico,Principal
T-15653,2025-09-13,Cena,P-07,2,Pizza Margarita,Principal
T-10061,2025-12-03,Cena,P-01,1,Hamburguesa Smart,Principal
T-11454,2025-09-18,Comida,P-24,4,Nuggets de Pollo,Principal
T-16986,2024-11-11,Comida,P-16,3,Agua Mineral,Bebida
T-10440,2025-02-24,Comida,P-12,4,Risotto de Setas,Principal
T-14308,2024-12-02,Comida,P-17,2,Brownie con Helado,Postre
T-14412,2024-08-26,Cena,P-18,2,Ensaladilla Rusa,Entrante
T-10719,2025-06-18,Cena,P-06,2,Vino Tinto Copa,Bebida
T-11270,2024-02-23,Cena,P-15,1,Cerveza Artesana,Bebida
T-11899,2025-08-29,Comida,P-12,2,Risotto de Setas,Principal
T-10033,2024-05-02,Comida,P-12,2,Risotto de Setas,Principal
T-17888,2024-09-04,Cena,P-01,1,Hamburguesa Smart,Principal
T-10629,2024-02-18,Comida,P-01,1,Hamburguesa Smart,Principal
T-10076,2025-10-06,Comida,P-10,4,Solomillo Iberico,Principal
T-11660,2024-06-24,Cena,P-10,2,Solomillo Iberico,Principal
T-13330,2024-08-25,Cena,P-17,4,Brownie con Helado,Postre
T-17886,2024-08-24,Cena,P-02,1,Ensalada Cesar,Entrante
T-16846,2024-12-03,Cena,P-18,2,Ensaladilla Rusa,Entrante
T-17585,2025-07-30,Cena,P-23,3,Tiramisu de la Casa,Postre
T-16420,2025-01-28,Cena,P-15,3,Cerveza Artesana,Bebida
T-11840,2024-03-01,Cena,P-05,4,Refresco Cola,Bebida
T-16401,2024-05-03,Comida,P-05,3,Refresco Cola,Bebida
T-13578,2025-02-19,Comida,P-18,1,Ensaladilla Rusa,Entrante
T-10133,2024-04-18,Cena,P-16,4,Agua Mineral,Bebida
T-13307,2024-07-01,Comida,P-06,2,Vino Tinto Copa,Bebida
T-12727,2025-08-08,Comida,P-24,1,Nuggets de Pollo,Principal
T-10537,2025-07-24,Cena,P-15,4,Cerveza Artesana,Bebida
T-17076,2025-02-19,Comida,P-25,3,Canelones de Carne,Principal
T-16326,2025-07-17,Cena,P-03,2,Pasta Carbonara IA,Principal
T-10460,2025-09-11,Comida,P-05,2,Refresco Cola,Bebida
T-10806,2025-07-14,Cena,P-23,3,Tiramisu de la Casa,Postre
T-11577,2024-07-16,Comida,P-23,2,Tiramisu de la Casa,Postre
T-12171,2024-12-07,Comida,P-17,1,Brownie con Helado,Postre
T-13205,2025-01-12,Cena,P-03,4,Pasta Carbonara IA,Principal
T-15675,2025-05-03,Cena,P-09,4,Gazpacho Andaluz,Entrante
T-14456,2024-07-18,Cena,P-21,4,Cafe Solo,Bebida
T-12477,2024-05-17,Comida,P-18,3,Ensaladilla Rusa,Entrante
T-16453,2025-05-07,Cena,P-20,2,Paella de Marisco,Principal
T-10480,2024-10-12,Cena,P-18,4,Ensaladilla Rusa,Entrante
T-11872,2024-09-14,Comida,P-15,4,Cerveza Artesana,Bebida
T-12122,2024-06-16,Cena,P-22,3,Te Verde,Bebida
T-17196,2025-06-17,Cena,P-05,4,Refresco Cola,Bebida
T-15632,2025-08-19,Comida,P-24,1,Nuggets de Pollo,Principal
T-14805,2025-07-02,Cena,P-23,1,Tiramisu de la Casa,Postre
T-13398,2025-12-24,Comida,P-13,2,Bacalao al Horno,Principal
T-10331,2025-04-02,Cena,P-14,3,Tortilla de Patatas,Entrante
T-16019,2025-08-13,Cena,P-08,1,Croquetas de Jamon,Entrante
T-17902,2025-08-02,Cena,P-12,4,Risotto de Setas,Principal
T-15244,2024-08-07,Cena,P-11,1,Salmon a la Plancha,Principal
T-14778,2024-06-30,Cena,P-02,4,Ensalada Cesar,Entrante
T-15899,2025-06-25,Cena,P-10,3,Solomillo Iberico,Principal
T-11807,2025-10-12,Cena,P-03,1,Pasta Carbonara IA,Principal
T-12420,2025-04-18,Comida,P-20,4,Paella de Marisco,Principal
T-17042,2024-04-17,Comida,P-20,3,Paella de Marisco,Principal
T-10779,2025-06-04,Comida,P-02,4,Ensalada Cesar,Entrante
T-15314,2024-10-08,Cena,P-24,3,Nuggets de Pollo,Principal
T-16823,2024-05-27,Cena,P-25,3,Canelones de Carne,Principal
T-13861,2025-05-07,Cena,P-08,1,Croquetas de Jamon,Entrante
T-14263,2024-05-10,Cena,P-20,1,Paella de Marisco,Principal
T-15174,2024-09-26,Cena,P-23,4,Tiramisu de la Casa,Postre
T-13166,2024-08-30,Comida,P-15,1,Cerveza Artesana,Bebida
T-17829,2024-01-18,Comida,P-17,3,Brownie con Helado,Postre
T-14558,2025-02-28,Cena,P-05,2,Refresco Cola,Bebida
T-13732,2025-06-30,Comida,P-10,3,Solomillo Iberico,Principal
T-17523,2025-06-15,Comida,P-12,4,Risotto de Setas,Principal
T-16550,2024-09-07,Comida,P-01,4,Hamburguesa Smart,Principal
T-13715,2024-09-06,Comida,P-07,4,Pizza Margarita,Principal
T-11227,2024-09-18,Comida,P-19,3,Entrecot Ternera,Principal
T-10227,2025-11-01,Comida,P-11,1,Salmon a la Plancha,Principal
T-10097,2024-08-15,Cena,P-19,4,Entrecot Ternera,Principal
T-10405,2024-12-11,Cena,P-24,2,Nuggets de Pollo,Principal
T-12207,2025-07-15,Cena,P-05,3,Refresco Cola,Bebida
T-15352,2025-01-14,Cena,P-15,1,Cerveza Artesana,Bebida
T-11723,2025-08-03,Cena,P-19,4,Entrecot Ternera,Principal
T-12818,2024-07-24,Comida,P-14,2,Tortilla de Patatas,Entrante
T-17870,2025-10-10,Comida,P-09,4,Gazpacho Andaluz,Entrante
T-13406,2024-10-14,Cena,P-01,4,Hamburguesa Smart,Principal
T-15665,2025-06-10,Comida,P-22,3,Te Verde,Bebida
T-14718,2025-06-12,Cena,P-25,1,Canelones de Carne,Principal
T-12629,2025-08-15,Cena,P-07,3,Pizza Margarita,Principal
T-13976,2024-09-17,Cena,P-16,1,Agua Mineral,Bebida
T-10973,2024-11-19,Cena,P-20,2,Paella de Marisco,Principal
T-16275,2025-04-18,Comida,P-19,1,Entrecot Ternera,Principal
T-12556,2024-04-27,Comida,P-04,2,Tarta de Queso Casera,Postre
T-14678,2024-08-16,Cena,P-04,4,Tarta de Queso Casera,Postre
T-14583,2024-01-23,Cena,P-17,2,Brownie con Helado,Postre
T-16695,2025-04-01,Cena,P-18,4,Ensaladilla Rusa,Entrante
T-16006,2025-04-03,Cena,P-21,2,Cafe Solo,Bebida
T-11549,2024-04-17,Comida,P-04,3,Tarta de Queso Casera,Postre
T-16389,2025-01-27,Cena,P-22,1,Te Verde,Bebida
T-17444,2024-10-08,Comida,P-04,1,Tarta de Queso Casera,Postre
T-15140,2025-12-26,Cena,P-07,1,Pizza Margarita,Principal
T-14199,2025-01-16,Cena,P-20,4,Paella de Marisco,Principal
T-10548,2025-12-11,Cena,P-24,2,Nuggets de Pollo,Principal
T-17697,2024-08-16,Cena,P-04,2,Tarta de Queso Casera,Postre
T-17998,2025-03-22,Cena,P-09,1,Gazpacho Andaluz,Entrante
T-13637,2025-04-22,Cena,P-05,3,Refresco Cola,Bebida
T-10539,2025-10-24,Cena,P-12,4,Risotto de Setas,Principal
T-14575,2024-03-20,Cena,P-18,3,Ensaladilla Rusa,Entrante
T-16827,2024-02-23,Cena,P-25,2,Canelones de Carne,Principal
T-14405,2025-09-19,Cena,P-08,2,Croquetas de Jamon,Entrante
T-11151,2025-11-17,Cena,P-04,1,Tarta de Queso Casera,Postre
T-16455,2024-05-31,Comida,P-03,3,Pasta Carbonara IA,Principal
T-13366,2024-02-13,Cena,P-12,4,Risotto de Setas,Principal
T-17413,2024-02-11,Cena,P-17,4,Brownie con Helado,Postre
T-10313,2024-08-12,Comida,P-24,4,Nuggets de Pollo,Principal
T-13155,2025-03-19,Cena,P-09,4,Gazpacho Andaluz,Entrante
T-16255,2025-11-23,Comida,P-09,3,Gazpacho Andaluz,Entrante
T-15079,2025-08-09,Comida,P-09,4,Gazpacho Andaluz,Entrante
T-17447,2024-09-08,Comida,P-10,4,Solomillo Iberico,Principal
T-17531,2025-02-07,Cena,P-23,1,Tiramisu de la Casa,Postre
T-11874,2025-03-12,Comida,P-22,4,Te Verde,Bebida
T-13952,2025-02-04,Comida,P-23,1,Tiramisu de la Casa,Postre
T-16636,2025-01-07,Comida,P-20,4,Paella de Marisco,Principal
T-15085,2025-02-22,Cena,P-20,1,Paella de Marisco,Principal
T-15649,2024-03-21,Comida,P-17,2,Brownie con Helado,Postre
T-10331,2025-01-02,Cena,P-15,3,Cerveza Artesana,Bebida
T-14851,2024-03-08,Cena,P-01,3,Hamburguesa Smart,Principal
T-13915,2024-08-30,Comida,P-12,3,Risotto de Setas,Principal
T-14699,2025-09-05,Cena,P-17,1,Brownie con Helado,Postre
T-16770,2024-04-11,Cena,P-17,1,Brownie con Helado,Postre
T-12008,2024-10-12,Comida,P-17,2,Brownie con Helado,Postre
T-15485,2024-11-23,Cena,P-01,4,Hamburguesa Smart,Principal
T-16295,2025-10-17,Cena,P-19,2,Entrecot Ternera,Principal
T-13203,2024-10-03,Cena,P-15,2,Cerveza Artesana,Bebida
T-14227,2025-10-23,Comida,P-14,2,Tortilla de Patatas,Entrante
T-15380,2025-12-14,Comida,P-04,2,Tarta de Queso Casera,Postre
T-13350,2025-11-24,Cena,P-07,4,Pizza Margarita,Principal
T-11444,2024-12-28,Cena,P-25,4,Canelones de Carne,Principal
T-15721,2025-12-27,Cena,P-14,1,Tortilla de Patatas,Entrante
T-12206,2025-07-17,Comida,P-19,3,Entrecot Ternera,Principal
T-12537,2025-12-13,Comida,P-17,4,Brownie con Helado,Postre
T-10326,2025-12-12,Cena,P-08,4,Croquetas de Jamon,Entrante
T-17502,2025-10-13,Cena,P-07,4,Pizza Margarita,Principal
T-12267,2025-08-28,Comida,P-23,2,Tiramisu de la Casa,Postre
T-10957,2025-07-11,Cena,P-01,2,Hamburguesa Smart,Principal
T-12878,2024-02-21,Cena,P-16,1,Agua Mineral,Bebida
T-10356,2024-09-01,Cena,P-07,2,Pizza Margarita,Principal
T-10583,2025-05-21,Comida,P-06,3,Vino Tinto Copa,Bebida
T-10238,2024-08-11,Comida,P-01,4,Hamburguesa Smart,Principal
T-15795,2024-09-24,Cena,P-19,2,Entrecot Ternera,Principal
T-10523,2024-12-27,Cena,P-02,2,Ensalada Cesar,Entrante
T-16260,2025-03-16,Cena,P-20,4,Paella de Marisco,Principal
T-13367,2024-12-02,Cena,P-08,4,Croquetas de Jamon,Entrante
T-12237,2025-07-09,Comida,P-21,2,Cafe Solo,Bebida
T-14059,2024-03-08,Comida,P-06,4,Vino Tinto Copa,Bebida
T-12122,2025-09-14,Cena,P-25,3,Canelones de Carne,Principal
T-13910,2025-04-03,Cena,P-21,3,Cafe Solo,Bebida
T-17826,2025-05-04,Cena,P-17,1,Brownie con Helado,Postre
T-15263,2024-01-26,Comida,P-06,3,Vino Tinto Copa,Bebida
T-16192,2024-08-19,Comida,P-09,2,Gazpacho Andaluz,Entrante
T-16723,2024-06-07,Comida,P-05,2,Refresco Cola,Bebida
T-16240,2024-03-17,Cena,P-21,3,Cafe Solo,Bebida
T-17347,2024-04-07,Comida,P-06,4,Vino Tinto Copa,Bebida
T-15957,2024-09-01,Comida,P-18,1,Ensaladilla Rusa,Entrante
T-14247,2024-06-06,Cena,P-20,1,Paella de Marisco,Principal
T-15982,2025-02-27,Cena,P-16,2,Agua Mineral,Bebida
T-11235,2024-08-22,Cena,P-14,1,Tortilla de Patatas,Entrante
T-10732,2025-03-21,Cena,P-05,4,Refresco Cola,Bebida
T-14263,2025-04-18,Cena,P-03,2,Pasta Carbonara IA,Principal
T-13331,2025-06-13,Cena,P-23,1,Tiramisu de la Casa,Postre
T-16334,2025-06-19,Cena,P-04,3,Tarta de Queso Casera,Postre
T-15602,2025-07-30,Comida,P-10,4,Solomillo Iberico,Principal
T-10153,2025-06-21,Comida,P-17,4,Brownie con Helado,Postre
T-13818,2025-01-27,Comida,P-11,1,Salmon a la Plancha,Principal
T-15006,2025-01-11,Comida,P-20,3,Paella de Marisco,Principal
T-12177,2025-04-29,Comida,P-03,4,Pasta Carbonara IA,Principal
T-11916,2025-08-14,Cena,P-13,2,Bacalao al Horno,Principal
T-14009,2025-12-13,Cena,P-19,2,Entrecot Ternera,Principal
T-12453,2024-08-27,Comida,P-18,4,Ensaladilla Rusa,Entrante
T-14396,2025-07-06,Cena,P-10,2,Solomillo Iberico,Principal
T-16882,2024-11-09,Cena,P-16,2,Agua Mineral,Bebida
T-14701,2025-12-12,Cena,P-18,1,Ensaladilla Rusa,Entrante
T-17456,2024-08-27,Cena,P-19,3,Entrecot Ternera,Principal
T-10627,2025-09-16,Comida,P-04,2,Tarta de Queso Casera,Postre
T-13961,2025-07-31,Comida,P-22,2,Te Verde,Bebida
T-14818,2024-12-06,Comida,P-06,4,Vino Tinto Copa,Bebida
T-14811,2024-02-04,Cena,P-02,4,Ensalada Cesar,Entrante
T-13792,2024-02-24,Comida,P-18,2,Ensaladilla Rusa,Entrante
T-16705,2025-04-10,Comida,P-08,2,Croquetas de Jamon,Entrante
T-12703,2025-10-17,Cena,P-11,1,Salmon a la Plancha,Principal
T-10054,2024-12-31,Comida,P-04,2,Tarta de Queso Casera,Postre
T-12285,2025-07-30,Cena,P-22,3,Te Verde,Bebida
T-17092,2025-10-14,Comida,P-10,2,Solomillo Iberico,Principal
T-11252,2025-07-19,Comida,P-12,4,Risotto de Setas,Principal
T-14322,2025-09-27,Cena,P-20,2,Paella de Marisco,Principal
T-13219,2024-10-02,Cena,P-24,3,Nuggets de Pollo,Principal
T-16749,2024-01-26,Cena,P-05,1,Refresco Cola,Bebida
T-12506,2024-01-25,Cena,P-10,2,Solomillo Iberico,Principal
T-15174,2025-02-23,Cena,P-05,4,Refresco Cola,Bebida
T-13628,2024-04-30,Comida,P-14,4,Tortilla de Patatas,Entrante
T-11330,2024-06-30,Comida,P-09,4,Gazpacho Andaluz,Entrante
T-11822,2024-01-30,Cena,P-04,3,Tarta de Queso Casera,Postre
T-13380,2025-08-28,Comida,P-17,2,Brownie con Helado,Postre
T-15223,2024-04-04,Cena,P-09,2,Gazpacho Andaluz,Entrante
T-13279,2025-01-31,Cena,P-11,4,Salmon a la Plancha,Principal
T-17578,2024-03-30,Comida,P-22,4,Te Verde,Bebida
T-13693,2024-03-10,Cena,P-12,1,Risotto de Setas,Principal
T-15074,2024-11-18,Cena,P-13,3,Bacalao al Horno,Principal
T-16798,2025-02-16,Cena,P-14,4,Tortilla de Patatas,Entrante
T-12238,2025-11-25,Comida,P-07,3,Pizza Margarita,Principal
T-14016,2024-03-05,Cena,P-04,1,Tarta de Queso Casera,Postre
T-16042,2024-06-04,Cena,P-10,1,Solomillo Iberico,Principal
T-11255,2025-01-03,Cena,P-18,1,Ensaladilla Rusa,Entrante
T-13719,2025-12-17,Cena,P-13,1,Bacalao al Horno,Principal
T-17854,2025-07-15,Cena,P-14,2,Tortilla de Patatas,Entrante
T-10034,2025-11-24,Comida,P-12,4,Risotto de Setas,Principal
T-10559,2024-06-02,Cena,P-13,2,Bacalao al Horno,Principal
T-11245,2024-12-05,Cena,P-05,3,Refresco Cola,Bebida
T-17705,2025-09-22,Comida,P-19,2,Entrecot Ternera,Principal
T-12047,2025-07-06,Comida,P-08,2,Croquetas de Jamon,Entrante
T-14888,2024-02-02,Cena,P-07,2,Pizza Margarita,Principal
T-10854,2024-05-05,Cena,P-02,2,Ensalada Cesar,Entrante
T-17222,2025-10-16,Cena,P-19,2,Entrecot Ternera,Principal
T-16694,2024-06-05,Cena,P-13,3,Bacalao al Horno,Principal
T-11300,2024-12-29,Cena,P-10,4,Solomillo Iberico,Principal
T-16495,2025-09-23,Cena,P-02,3,Ensalada Cesar,Entrante
T-17979,2024-03-21,Cena,P-03,2,Pasta Carbonara IA,Principal
T-17345,2025-07-13,Cena,P-23,2,Tiramisu de la Casa,Postre
T-16144,2024-09-28,Cena,P-13,4,Bacalao al Horno,Principal
T-15745,2025-05-07,Comida,P-24,3,Nuggets de Pollo,Principal
T-15533,2025-02-15,Cena,P-18,4,Ensaladilla Rusa,Entrante
T-13411,2025-10-04,Comida,P-14,4,Tortilla de Patatas,Entrante
T-13443,2024-08-31,Cena,P-23,3,Tiramisu de la Casa,Postre
T-13985,2024-07-31,Cena,P-22,3,Te Verde,Bebida
T-14157,2025-11-03,Cena,P-22,2,Te Verde,Bebida
T-10479,2024-10-27,Cena,P-15,3,Cerveza Artesana,Bebida
T-14132,2024-03-21,Cena,P-09,3,Gazpacho Andaluz,Entrante
T-12784,2024-02-07,Cena,P-08,4,Croquetas de Jamon,Entrante
T-17491,2025-05-02,Comida,P-12,3,Risotto de Setas,Principal
T-10977,2025-07-26,Cena,P-11,1,Salmon a la Plancha,Principal
T-11299,2025-02-05,Cena,P-09,2,Gazpacho Andaluz,Entrante
T-17602,2025-06-21,Cena,P-24,3,Nuggets de Pollo,Principal
T-13053,2025-04-10,Comida,P-07,3,Pizza Margarita,Principal
T-11694,2025-10-21,Cena,P-14,4,Tortilla de Patatas,Entrante
T-15130,2025-04-30,Comida,P-23,4,Tiramisu de la Casa,Postre
T-12211,2025-06-13,Cena,P-17,2,Brownie con Helado,Postre
T-12142,2024-01-13,Cena,P-04,3,Tarta de Queso Casera,Postre
T-11236,2025-07-06,Cena,P-12,1,Risotto de Setas,Principal
T-15318,2024-08-04,Cena,P-07,4,Pizza Margarita,Principal
T-13031,2024-01-06,Comida,P-10,3,Solomillo Iberico,Principal
T-16822,2024-05-07,Cena,P-24,1,Nuggets de Pollo,Principal
T-17290,2025-02-22,Comida,P-04,3,Tarta de Queso Casera,Postre
T-12134,2024-06-29,Comida,P-07,3,Pizza Margarita,Principal
T-11305,2024-11-18,Comida,P-04,4,Tarta de Queso Casera,Postre
T-15952,2025-05-23,Comida,P-07,4,Pizza Margarita,Principal
T-14903,2024-07-18,Comida,P-01,3,Hamburguesa Smart,Principal
T-14157,2024-05-22,Cena,P-22,2,Te Verde,Bebida
T-12689,2025-05-19,Cena,P-05,4,Refresco Cola,Bebida
T-12135,2025-07-17,Cena,P-24,3,Nuggets de Pollo,Principal
T-12610,2024-12-05,Comida,P-08,1,Croquetas de Jamon,Entrante
T-13838,2024-08-21,Cena,P-02,2,Ensalada Cesar,Entrante
T-14472,2024-04-23,Cena,P-10,1,Solomillo Iberico,Principal
T-10865,2025-04-11,Cena,P-25,3,Canelones de Carne,Principal
T-16146,2025-09-30,Comida,P-12,4,Risotto de Setas,Principal
T-12876,2025-04-07,Cena,P-17,4,Brownie con Helado,Postre
T-11027,2025-07-29,Comida,P-10,1,Solomillo Iberico,Principal
T-10464,2024-02-09,Comida,P-10,2,Solomillo Iberico,Principal
T-14340,2025-01-18,Cena,P-15,4,Cerveza Artesana,Bebida
T-14700,2025-01-21,Comida,P-14,1,Tortilla de Patatas,Entrante
T-11487,2025-02-24,Cena,P-06,3,Vino Tinto Copa,Bebida
T-16401,2025-02-27,Cena,P-16,3,Agua Mineral,Bebida
T-13257,2025-12-29,Cena,P-04,4,Tarta de Queso Casera,Postre
T-11488,2025-09-06,Comida,P-21,4,Cafe Solo,Bebida
T-16222,2025-05-31,Cena,P-17,1,Brownie con Helado,Postre
T-15581,2025-09-24,Comida,P-16,4,Agua Mineral,Bebida
T-13946,2024-07-30,Cena,P-16,1,Agua Mineral,Bebida
T-16306,2025-12-31,Comida,P-23,4,Tiramisu de la Casa,Postre
T-11801,2025-08-06,Comida,P-03,1,Pasta Carbonara IA,Principal
T-12596,2025-12-12,Cena,P-01,4,Hamburguesa Smart,Principal
T-17521,2024-10-22,Comida,P-04,3,Tarta de Queso Casera,Postre
T-14337,2024-11-30,Cena,P-18,3,Ensaladilla Rusa,Entrante
T-14007,2024-12-25,Cena,P-04,1,Tarta de Queso Casera,Postre
T-16702,2025-12-13,Comida,P-25,4,Canelones de Carne,Principal
T-13219,2024-11-25,Cena,P-03,1,Pasta Carbonara IA,Principal
T-17035,2024-12-12,Comida,P-15,3,Cerveza Artesana,Bebida
T-17514,2024-12-28,Cena,P-15,2,Cerveza Artesana,Bebida
T-12641,2024-08-07,Comida,P-22,4,Te Verde,Bebida
T-16032,2025-12-21,Cena,P-24,4,Nuggets de Pollo,Principal
T-12263,2024-08-02,Cena,P-15,4,Cerveza Artesana,Bebida
T-11289,2025-12-19,Comida,P-07,2,Pizza Margarita,Principal
T-10520,2024-04-05,Cena,P-24,2,Nuggets de Pollo,Principal
T-16426,2024-04-06,Cena,P-24,1,Nuggets de Pollo,Principal
T-10337,2025-10-18,Cena,P-11,2,Salmon a la Plancha,Principal
T-14291,2024-10-06,Comida,P-12,3,Risotto de Setas,Principal
T-16313,2025-01-02,Cena,P-25,2,Canelones de Carne,Principal
T-17618,2024-04-20,Comida,P-14,4,Tortilla de Patatas,Entrante
T-16583,2024-07-16,Cena,P-19,4,Entrecot Ternera,Principal
T-15978,2024-04-02,Cena,P-16,1,Agua Mineral,Bebida
T-12671,2025-09-21,Cena,P-25,1,Canelones de Carne,Principal
T-15527,2025-07-19,Cena,P-08,1,Croquetas de Jamon,Entrante
T-17459,2025-09-25,Cena,P-06,4,Vino Tinto Copa,Bebida
T-13102,2025-04-04,Cena,P-25,2,Canelones de Carne,Principal
T-11976,2025-01-31,Comida,P-21,1,Cafe Solo,Bebida
T-11369,2025-05-04,Cena,P-11,1,Salmon a la Plancha,Principal
T-10756,2025-01-24,Comida,P-13,1,Bacalao al Horno,Principal
T-11682,2024-03-24,Comida,P-07,2,Pizza Margarita,Principal
T-15893,2024-12-08,Cena,P-04,1,Tarta de Queso Casera,Postre
T-10268,2024-03-19,Comida,P-08,2,Croquetas de Jamon,Entrante
T-11609,2025-08-07,Cena,P-22,4,Te Verde,Bebida
T-15019,2024-08-15,Cena,P-02,2,Ensalada Cesar,Entrante
T-10583,2025-09-08,Comida,P-01,4,Hamburguesa Smart,Principal
T-11552,2024-02-22,Cena,P-15,3,Cerveza Artesana,Bebida
T-11356,2024-11-29,Cena,P-23,3,Tiramisu de la Casa,Postre
T-16483,2025-01-30,Cena,P-22,4,Te Verde,Bebida
T-15902,2024-07-04,Cena,P-16,4,Agua Mineral,Bebida
T-15634,2024-05-03,Comida,P-06,2,Vino Tinto Copa,Bebida
T-12801,2024-02-04,Cena,P-05,3,Refresco Cola,Bebida
T-11298,2024-02-22,Cena,P-01,4,Hamburguesa Smart,Principal
T-15827,2024-03-20,Comida,P-17,4,Brownie con Helado,Postre
T-13294,2025-07-31,Cena,P-08,4,Croquetas de Jamon,Entrante
T-10802,2025-04-26,Comida,P-03,2,Pasta Carbonara IA,Principal
T-16677,2025-09-02,Cena,P-05,2,Refresco Cola,Bebida
T-11236,2024-08-04,Cena,P-04,1,Tarta de Queso Casera,Postre
T-11130,2025-02-01,Cena,P-06,4,Vino Tinto Copa,Bebida
T-13155,2024-08-18,Cena,P-25,4,Canelones de Carne,Principal
T-10229,2025-11-16,Comida,P-10,1,Solomillo Iberico,Principal
T-15859,2025-02-05,Comida,P-23,3,Tiramisu de la Casa,Postre
T-10471,2025-02-25,Comida,P-11,1,Salmon a la Plancha,Principal
T-17612,2025-01-18,Comida,P-11,4,Salmon a la Plancha,Principal
T-14785,2024-07-30,Comida,P-12,2,Risotto de Setas,Principal
T-17490,2025-11-28,Comida,P-09,4,Gazpacho Andaluz,Entrante
T-13297,2024-03-30,Comida,P-19,4,Entrecot Ternera,Principal
T-15197,2024-06-14,Cena,P-11,4,Salmon a la Plancha,Principal
T-12566,2025-10-22,Cena,P-23,1,Tiramisu de la Casa,Postre
T-13674,2024-04-29,Cena,P-23,2,Tiramisu de la Casa,Postre
T-10413,2025-11-01,Cena,P-01,4,Hamburguesa Smart,Principal
T-15735,2024-06-26,Comida,P-01,4,Hamburguesa Smart,Principal
T-11396,2025-12-10,Comida,P-24,4,Nuggets de Pollo,Principal
T-14790,2024-12-31,Comida,P-15,2,Cerveza Artesana,Bebida
T-11942,2024-05-09,Cena,P-22,4,Te Verde,Bebida
T-17753,2024-11-19,Comida,P-14,3,Tortilla de Patatas,Entrante
T-10060,2024-04-15,Comida,P-25,4,Canelones de Carne,Principal
T-14098,2024-09-02,Comida,P-02,3,Ensalada Cesar,Entrante
T-10028,2024-06-13,Comida,P-05,1,Refresco Cola,Bebida
T-16487,2024-08-09,Comida,P-16,1,Agua Mineral,Bebida
T-11416,2024-05-13,Cena,P-13,4,Bacalao al Horno,Principal
T-16461,2024-05-07,Cena,P-01,2,Hamburguesa Smart,Principal
T-12200,2025-03-02,Cena,P-03,1,Pasta Carbonara IA,Principal
T-15020,2025-01-22,Cena,P-05,1,Refresco Cola,Bebida
T-15983,2025-06-24,Comida,P-04,2,Tarta de Queso Casera,Postre
T-17555,2025-05-10,Cena,P-05,3,Refresco Cola,Bebida
T-11275,2025-01-30,Comida,P-01,3,Hamburguesa Smart,Principal
T-14526,2024-04-26,Cena,P-08,1,Croquetas de Jamon,Entrante
T-16039,2025-05-24,Comida,P-17,3,Brownie con Helado,Postre
T-12578,2025-07-11,Cena,P-10,2,Solomillo Iberico,Principal
T-16295,2025-05-18,Cena,P-13,4,Bacalao al Horno,Principal
T-17249,2025-09-11,Cena,P-02,2,Ensalada Cesar,Entrante
T-10719,2025-02-10,Cena,P-12,2,Risotto de Setas,Principal
T-10628,2025-03-03,Comida,P-20,1,Paella de Marisco,Principal
T-10107,2025-03-05,Cena,P-16,2,Agua Mineral,Bebida
T-13628,2024-10-05,Cena,P-08,2,Croquetas de Jamon,Entrante
T-15923,2025-08-07,Cena,P-01,2,Hamburguesa Smart,Principal
T-15242,2025-04-30,Cena,P-23,1,Tiramisu de la Casa,Postre
T-17589,2024-12-06,Cena,P-11,4,Salmon a la Plancha,Principal
T-16778,2025-02-10,Cena,P-01,1,Hamburguesa Smart,Principal
T-17208,2024-10-06,Comida,P-24,2,Nuggets de Pollo,Principal
T-16627,2024-09-23,Cena,P-24,1,Nuggets de Pollo,Principal
T-12885,2024-11-15,Cena,P-09,3,Gazpacho Andaluz,Entrante
T-17948,2024-12-21,Cena,P-07,2,Pizza Margarita,Principal
T-15784,2024-04-05,Comida,P-16,2,Agua Mineral,Bebida
T-16720,2025-09-01,Cena,P-12,3,Risotto de Setas,Principal
T-12360,2025-09-18,Cena,P-04,2,Tarta de Queso Casera,Postre
T-11410,2024-01-20,Cena,P-20,4,Paella de Marisco,Principal
T-16453,2024-01-02,Cena,P-02,1,Ensalada Cesar,Entrante
T-13539,2025-03-10,Comida,P-08,2,Croquetas de Jamon,Entrante
T-15621,2025-09-27,Cena,P-24,4,Nuggets de Pollo,Principal
T-13512,2024-07-02,Cena,P-13,1,Bacalao al Horno,Principal
T-13214,2024-01-22,Cena,P-17,3,Brownie con Helado,Postre
T-12389,2024-03-03,Cena,P-07,3,Pizza Margarita,Principal
T-12922,2025-04-06,Cena,P-21,2,Cafe Solo,Bebida
T-16733,2024-11-09,Cena,P-17,3,Brownie con Helado,Postre
T-16174,2025-08-24,Comida,P-12,4,Risotto de Setas,Principal
T-11757,2025-01-09,Cena,P-01,3,Hamburguesa Smart,Principal
T-12231,2025-10-07,Comida,P-19,2,Entrecot Ternera,Principal
T-13945,2025-10-12,Comida,P-21,4,Cafe Solo,Bebida
T-11227,2024-06-13,Comida,P-17,2,Brownie con Helado,Postre
T-13529,2025-05-01,Cena,P-24,3,Nuggets de Pollo,Principal
T-16186,2024-02-12,Cena,P-21,1,Cafe Solo,Bebida
T-16187,2025-12-29,Cena,P-23,4,Tiramisu de la Casa,Postre
T-17600,2025-10-05,Cena,P-04,4,Tarta de Queso Casera,Postre
T-13306,2024-12-09,Cena,P-17,4,Brownie con Helado,Postre
T-10452,2024-11-27,Cena,P-09,4,Gazpacho Andaluz,Entrante
T-12511,2025-07-26,Cena,P-04,4,Tarta de Queso Casera,Postre
T-10995,2024-10-05,Cena,P-23,2,Tiramisu de la Casa,Postre
T-14911,2025-05-06,Cena,P-25,4,Canelones de Carne,Principal
T-13351,2024-01-14,Cena,P-20,3,Paella de Marisco,Principal
T-15763,2025-02-14,Cena,P-24,1,Nuggets de Pollo,Principal
T-10363,2025-11-11,Cena,P-12,1,Risotto de Setas,Principal
T-15502,2024-10-30,Cena,P-17,1,Brownie con Helado,Postre
T-11793,2025-05-09,Comida,P-08,2,Croquetas de Jamon,Entrante
T-11986,2024-01-27,Comida,P-03,4,Pasta Carbonara IA,Principal
T-14475,2024-08-25,Cena,P-01,1,Hamburguesa Smart,Principal
T-14608,2025-02-04,Cena,P-24,1,Nuggets de Pollo,Principal
T-10713,2024-08-11,Cena,P-23,4,Tiramisu de la Casa,Postre
T-11953,2024-12-06,Cena,P-11,1,Salmon a la Plancha,Principal
T-15071,2025-05-10,Cena,P-10,3,Solomillo Iberico,Principal
T-17984,2024-02-02,Cena,P-22,1,Te Verde,Bebida
T-16759,2024-04-15,Comida,P-18,2,Ensaladilla Rusa,Entrante
T-13047,2025-01-05,Comida,P-18,1,Ensaladilla Rusa,Entrante
T-15735,2025-05-02,Comida,P-17,2,Brownie con Helado,Postre
T-15643,2024-05-12,Cena,P-12,1,Risotto de Setas,Principal
T-10114,2025-11-18,Comida,P-20,3,Paella de Marisco,Principal
T-14722,2025-02-23,Comida,P-09,1,Gazpacho Andaluz,Entrante
T-15546,2025-07-30,Comida,P-07,1,Pizza Margarita,Principal
T-12872,2024-10-24,Comida,P-18,2,Ensaladilla Rusa,Entrante
T-15529,2024-06-13,Comida,P-25,4,Canelones de Carne,Principal
T-10090,2025-12-20,Comida,P-05,2,Refresco Cola,Bebida
T-12724,2024-11-17,Comida,P-09,4,Gazpacho Andaluz,Entrante
T-15626,2024-07-24,Comida,P-06,2,Vino Tinto Copa,Bebida
T-13983,2025-10-21,Comida,P-03,2,Pasta Carbonara IA,Principal
T-16302,2025-06-25,Comida,P-18,4,Ensaladilla Rusa,Entrante
T-12252,2024-02-13,Cena,P-11,1,Salmon a la Plancha,Principal
T-14901,2025-07-08,Cena,P-05,4,Refresco Cola,Bebida
T-16900,2025-07-15,Comida,P-23,2,Tiramisu de la Casa,Postre
T-14945,2024-05-10,Comida,P-23,4,Tiramisu de la Casa,Postre
T-17631,2024-02-18,Cena,P-08,1,Croquetas de Jamon,Entrante
T-15466,2025-03-20,Comida,P-01,3,Hamburguesa Smart,Principal
T-11928,2025-11-15,Comida,P-15,1,Cerveza Artesana,Bebida
T-14388,2024-04-07,Cena,P-24,1,Nuggets de Pollo,Principal
T-17478,2024-09-08,Cena,P-19,2,Entrecot Ternera,Principal
T-14940,2025-01-24,Cena,P-16,4,Agua Mineral,Bebida
T-17648,2024-03-31,Cena,P-23,2,Tiramisu de la Casa,Postre
T-10551,2024-10-24,Cena,P-14,3,Tortilla de Patatas,Entrante
T-12183,2024-03-07,Comida,P-13,4,Bacalao al Horno,Principal
T-14924,2024-03-28,Cena,P-04,2,Tarta de Queso Casera,Postre
T-14559,2025-10-21,Cena,P-04,3,Tarta de Queso Casera,Postre
T-11565,2024-05-06,Cena,P-02,3,Ensalada Cesar,Entrante
T-11154,2025-05-03,Cena,P-02,3,Ensalada Cesar,Entrante
T-10477,2024-02-09,Cena,P-11,1,Salmon a la Plancha,Principal
T-11420,2025-05-10,Comida,P-09,4,Gazpacho Andaluz,Entrante
T-12583,2025-09-08,Cena,P-11,2,Salmon a la Plancha,Principal
T-14983,2024-09-20,Cena,P-18,3,Ensaladilla Rusa,Entrante
T-12491,2025-07-11,Cena,P-05,3,Refresco Cola,Bebida
T-15379,2024-09-11,Comida,P-05,2,Refresco Cola,Bebida
T-16586,2024-08-10,Cena,P-13,2,Bacalao al Horno,Principal
T-16150,2025-06-13,Comida,P-12,3,Risotto de Setas,Principal
T-12970,2025-03-29,Comida,P-02,2,Ensalada Cesar,Entrante
T-17140,2025-02-06,Comida,P-21,4,Cafe Solo,Bebida
T-13497,2025-01-18,Cena,P-20,4,Paella de Marisco,Principal
T-16503,2024-05-28,Comida,P-15,1,Cerveza Artesana,Bebida
T-14686,2025-04-14,Cena,P-22,1,Te Verde,Bebida
T-17502,2024-02-03,Comida,P-19,1,Entrecot Ternera,Principal
T-17114,2025-03-15,Comida,P-23,2,Tiramisu de la Casa,Postre
T-11023,2024-07-20,Cena,P-23,1,Tiramisu de la Casa,Postre
T-15394,2025-07-07,Comida,P-14,3,Tortilla de Patatas,Entrante
T-13813,2024-04-20,Cena,P-20,1,Paella de Marisco,Principal
T-10918,2025-01-28,Cena,P-16,4,Agua Mineral,Bebida
T-16097,2024-04-26,Cena,P-21,3,Cafe Solo,Bebida
T-10756,2025-01-24,Comida,P-15,1,Cerveza Artesana,Bebida
T-13913,2024-11-07,Cena,P-12,4,Risotto de Setas,Principal
T-12621,2024-05-23,Comida,P-13,4,Bacalao al Horno,Principal
T-15233,2024-04-17,Cena,P-20,2,Paella de Marisco,Principal
T-15390,2025-10-17,Comida,P-22,3,Te Verde,Bebida
T-12566,2024-05-29,Cena,P-08,1,Croquetas de Jamon,Entrante
T-16728,2025-11-09,Cena,P-03,3,Pasta Carbonara IA,Principal
T-12100,2024-03-06,Cena,P-10,3,Solomillo Iberico,Principal
T-10457,2025-02-16,Cena,P-07,2,Pizza Margarita,Principal
T-15818,2025-04-03,Comida,P-25,3,Canelones de Carne,Principal
T-17380,2024-10-31,Cena,P-14,1,Tortilla de Patatas,Entrante
T-11862,2024-08-29,Cena,P-20,1,Paella de Marisco,Principal
T-17199,2025-01-23,Cena,P-24,1,Nuggets de Pollo,Principal
T-12040,2025-09-09,Comida,P-04,2,Tarta de Queso Casera,Postre
T-11141,2025-10-20,Comida,P-06,2,Vino Tinto Copa,Bebida
T-11971,2025-09-20,Comida,P-21,3,Cafe Solo,Bebida
T-10093,2024-06-24,Comida,P-08,1,Croquetas de Jamon,Entrante
T-10241,2025-12-19,Cena,P-13,4,Bacalao al Horno,Principal
T-16243,2024-01-24,Cena,P-01,3,Hamburguesa Smart,Principal
T-11408,2025-12-29,Cena,P-11,4,Salmon a la Plancha,Principal
T-12832,2025-12-10,Cena,P-18,4,Ensaladilla Rusa,Entrante
T-12805,2025-05-14,Cena,P-18,2,Ensaladilla Rusa,Entrante
T-11649,2024-05-31,Cena,P-12,2,Risotto de Setas,Principal
T-13286,2025-07-30,Cena,P-09,4,Gazpacho Andaluz,Entrante
T-11133,2025-07-16,Comida,P-12,3,Risotto de Setas,Principal
T-12067,2024-02-24,Cena,P-03,1,Pasta Carbonara IA,Principal
T-16942,2024-12-07,Comida,P-08,2,Croquetas de Jamon,Entrante
T-14899,2024-12-06,Comida,P-02,4,Ensalada Cesar,Entrante
T-12483,2024-12-12,Cena,P-09,3,Gazpacho Andaluz,Entrante
T-15474,2024-07-08,Comida,P-13,1,Bacalao al Horno,Principal
T-14742,2025-05-22,Cena,P-23,2,Tiramisu de la Casa,Postre
T-12608,2024-03-13,Cena,P-17,2,Brownie con Helado,Postre
T-15377,2025-08-12,Comida,P-04,4,Tarta de Queso Casera,Postre
T-17623,2024-05-20,Cena,P-06,4,Vino Tinto Copa,Bebida
T-13654,2024-01-03,Cena,P-08,3,Croquetas de Jamon,Entrante
T-16201,2024-09-13,Comida,P-07,1,Pizza Margarita,Principal
T-15131,2025-02-15,Comida,P-06,3,Vino Tinto Copa,Bebida
T-17041,2025-09-05,Comida,P-21,1,Cafe Solo,Bebida
T-13687,2025-12-14,Cena,P-11,2,Salmon a la Plancha,Principal
T-13169,2025-04-17,Cena,P-15,3,Cerveza Artesana,Bebida
T-11248,2024-03-29,Comida,P-22,3,Te Verde,Bebida
T-11768,2025-09-24,Comida,P-18,2,Ensaladilla Rusa,Entrante
T-13520,2024-01-03,Comida,P-17,2,Brownie con Helado,Postre
T-14726,2025-07-21,Cena,P-24,3,Nuggets de Pollo,Principal
T-10868,2024-10-28,Cena,P-24,1,Nuggets de Pollo,Principal
T-17086,2024-03-14,Cena,P-17,3,Brownie con Helado,Postre
T-10226,2025-12-15,Cena,P-25,2,Canelones de Carne,Principal
T-14017,2025-11-05,Cena,P-24,2,Nuggets de Pollo,Principal
T-17523,2024-12-26,Cena,P-01,1,Hamburguesa Smart,Principal
T-11387,2024-07-31,Comida,P-18,2,Ensaladilla Rusa,Entrante
T-11138,2025-06-28,Cena,P-01,2,Hamburguesa Smart,Principal
T-13753,2024-04-23,Comida,P-19,2,Entrecot Ternera,Principal
T-16499,2024-12-18,Cena,P-14,3,Tortilla de Patatas,Entrante
T-11881,2024-06-30,Cena,P-05,2,Refresco Cola,Bebida
T-15101,2025-01-19,Cena,P-15,1,Cerveza Artesana,Bebida
T-16740,2025-06-08,Comida,P-02,4,Ensalada Cesar,Entrante
T-15077,2025-12-16,Comida,P-13,1,Bacalao al Horno,Principal
T-15830,2024-09-26,Cena,P-23,1,Tiramisu de la Casa,Postre
T-11307,2024-09-21,Cena,P-16,1,Agua Mineral,Bebida
T-10584,2024-07-17,Comida,P-17,1,Brownie con Helado,Postre
T-16186,2024-04-05,Comida,P-21,3,Cafe Solo,Bebida
T-17531,2024-06-16,Comida,P-21,1,Cafe Solo,Bebida
T-17715,2025-10-18,Cena,P-11,4,Salmon a la Plancha,Principal
T-10008,2024-12-04,Cena,P-17,2,Brownie con Helado,Postre
T-13355,2024-12-11,Comida,P-19,3,Entrecot Ternera,Principal
T-13574,2024-08-20,Cena,P-13,3,Bacalao al Horno,Principal
T-16386,2025-02-22,Cena,P-23,1,Tiramisu de la Casa,Postre
T-14203,2024-01-17,Cena,P-25,3,Canelones de Carne,Principal
T-10300,2024-10-27,Comida,P-22,1,Te Verde,Bebida
T-13248,2025-03-16,Cena,P-11,3,Salmon a la Plancha,Principal
T-16666,2024-12-29,Comida,P-13,2,Bacalao al Horno,Principal
T-14942,2024-10-12,Cena,P-08,3,Croquetas de Jamon,Entrante
T-14922,2024-12-15,Cena,P-20,2,Paella de Marisco,Principal
T-14492,2024-06-16,Cena,P-15,4,Cerveza Artesana,Bebida
T-15539,2025-10-07,Comida,P-02,1,Ensalada Cesar,Entrante
T-15316,2025-01-23,Comida,P-19,3,Entrecot Ternera,Principal
T-10530,2024-01-21,Comida,P-25,1,Canelones de Carne,Principal
T-15318,2025-06-02,Cena,P-01,4,Hamburguesa Smart,Principal
T-13673,2025-11-14,Cena,P-02,1,Ensalada Cesar,Entrante
T-12015,2025-12-14,Comida,P-16,3,Agua Mineral,Bebida
T-11538,2025-07-25,Cena,P-02,3,Ensalada Cesar,Entrante
T-10448,2025-01-19,Cena,P-12,1,Risotto de Setas,Principal
T-12086,2024-10-17,Cena,P-03,2,Pasta Carbonara IA,Principal
T-16611,2025-06-06,Comida,P-23,4,Tiramisu de la Casa,Postre
T-15305,2024-12-15,Comida,P-15,2,Cerveza Artesana,Bebida
T-17498,2024-04-24,Comida,P-20,2,Paella de Marisco,Principal
T-11120,2024-04-14,Cena,P-24,1,Nuggets de Pollo,Principal
T-17094,2024-09-08,Comida,P-16,4,Agua Mineral,Bebida
T-13524,2025-04-16,Cena,P-24,4,Nuggets de Pollo,Principal
T-14431,2025-05-19,Comida,P-08,4,Croquetas de Jamon,Entrante
T-12887,2024-06-08,Cena,P-12,3,Risotto de Setas,Principal
T-14399,2025-08-02,Cena,P-01,1,Hamburguesa Smart,Principal
T-14504,2025-01-14,Comida,P-21,3,Cafe Solo,Bebida
T-16731,2025-11-30,Cena,P-18,1,Ensaladilla Rusa,Entrante
T-13097,2025-02-26,Cena,P-23,3,Tiramisu de la Casa,Postre
T-11639,2024-11-18,Cena,P-04,3,Tarta de Queso Casera,Postre
T-17275,2024-09-15,Cena,P-24,3,Nuggets de Pollo,Principal
T-11000,2024-07-18,Cena,P-13,2,Bacalao al Horno,Principal
T-13387,2025-01-31,Comida,P-02,4,Ensalada Cesar,Entrante
T-16278,2024-05-06,Cena,P-14,1,Tortilla de Patatas,Entrante
T-15202,2024-03-26,Comida,P-15,1,Cerveza Artesana,Bebida
T-14685,2025-12-31,Cena,P-16,1,Agua Mineral,Bebida
T-15125,2024-02-26,Cena,P-08,4,Croquetas de Jamon,Entrante
T-17876,2025-06-25,Comida,P-14,2,Tortilla de Patatas,Entrante
T-17572,2025-01-29,Cena,P-24,3,Nuggets de Pollo,Principal
T-12931,2025-08-24,Cena,P-17,1,Brownie con Helado,Postre
T-13997,2025-05-02,Comida,P-01,4,Hamburguesa Smart,Principal
T-15928,2025-01-28,Cena,P-12,2,Risotto de Setas,Principal
T-12081,2024-12-09,Comida,P-03,2,Pasta Carbonara IA,Principal
T-10422,2024-04-11,Cena,P-17,1,Brownie con Helado,Postre
T-10067,2025-06-27,Cena,P-14,3,Tortilla de Patatas,Entrante
T-17907,2024-05-10,Cena,P-07,4,Pizza Margarita,Principal
T-10473,2024-11-12,Comida,P-08,4,Croquetas de Jamon,Entrante
T-15299,2024-03-24,Cena,P-20,3,Paella de Marisco,Principal
T-12387,2025-01-26,Cena,P-09,2,Gazpacho Andaluz,Entrante
T-16624,2024-12-26,Comida,P-23,2,Tiramisu de la Casa,Postre
T-12754,2025-05-16,Comida,P-19,4,Entrecot Ternera,Principal
T-14674,2025-03-03,Cena,P-24,1,Nuggets de Pollo,Principal
T-15046,2025-04-11,Cena,P-22,4,Te Verde,Bebida
T-16631,2024-09-09,Cena,P-12,3,Risotto de Setas,Principal
T-12974,2025-03-16,Comida,P-16,1,Agua Mineral,Bebida
T-11293,2024-10-23,Comida,P-12,3,Risotto de Setas,Principal
T-14320,2024-03-05,Comida,P-09,4,Gazpacho Andaluz,Entrante
T-11487,2024-02-19,Cena,P-17,2,Brownie con Helado,Postre
T-16991,2024-10-24,Comida,P-07,3,Pizza Margarita,Principal
T-13970,2024-06-04,Comida,P-15,1,Cerveza Artesana,Bebida
T-10662,2025-10-04,Cena,P-12,4,Risotto de Setas,Principal
T-12360,2024-10-12,Cena,P-18,2,Ensaladilla Rusa,Entrante
T-13889,2024-03-24,Cena,P-20,2,Paella de Marisco,Principal
T-11441,2025-12-19,Cena,P-02,4,Ensalada Cesar,Entrante
T-16102,2024-10-10,Cena,P-01,1,Hamburguesa Smart,Principal
T-17938,2025-07-31,Comida,P-15,4,Cerveza Artesana,Bebida
T-14652,2025-06-05,Comida,P-13,4,Bacalao al Horno,Principal
T-15910,2024-12-13,Cena,P-05,3,Refresco Cola,Bebida
T-12403,2025-05-22,Cena,P-01,2,Hamburguesa Smart,Principal
T-12600,2024-04-22,Cena,P-10,2,Solomillo Iberico,Principal
T-10986,2024-05-19,Cena,P-04,2,Tarta de Queso Casera,Postre
T-16159,2025-03-27,Cena,P-07,4,Pizza Margarita,Principal
T-17375,2025-04-03,Comida,P-22,2,Te Verde,Bebida
T-16618,2025-04-01,Comida,P-05,4,Refresco Cola,Bebida
T-15158,2024-06-26,Cena,P-07,2,Pizza Margarita,Principal
T-13431,2024-01-08,Cena,P-11,4,Salmon a la Plancha,Principal
T-14393,2025-07-30,Cena,P-19,1,Entrecot Ternera,Principal
T-17306,2024-10-08,Comida,P-16,4,Agua Mineral,Bebida
T-16690,2024-04-18,Comida,P-19,2,Entrecot Ternera,Principal
T-13146,2025-08-28,Comida,P-18,3,Ensaladilla Rusa,Entrante
T-14320,2024-01-03,Cena,P-15,1,Cerveza Artesana,Bebida
T-17626,2024-05-22,Comida,P-03,2,Pasta Carbonara IA,Principal
T-16981,2024-10-13,Comida,P-24,1,Nuggets de Pollo,Principal
T-12892,2024-01-19,Cena,P-01,2,Hamburguesa Smart,Principal
T-16717,2025-12-16,Comida,P-15,1,Cerveza Artesana,Bebida
T-11123,2024-04-18,Comida,P-14,3,Tortilla de Patatas,Entrante
T-14887,2025-06-01,Cena,P-23,3,Tiramisu de la Casa,Postre
T-16181,2024-05-31,Cena,P-03,2,Pasta Carbonara IA,Principal
T-10013,2024-03-18,Cena,P-25,3,Canelones de Carne,Principal
T-11925,2025-03-06,Comida,P-10,2,Solomillo Iberico,Principal
T-14068,2024-11-29,Comida,P-14,2,Tortilla de Patatas,Entrante
T-10866,2025-05-16,Comida,P-22,3,Te Verde,Bebida
T-16171,2025-11-11,Cena,P-01,4,Hamburguesa Smart,Principal
T-10607,2024-10-28,Cena,P-02,1,Ensalada Cesar,Entrante
T-14679,2024-03-21,Cena,P-10,1,Solomillo Iberico,Principal
T-10425,2025-01-22,Comida,P-05,1,Refresco Cola,Bebida
T-13626,2024-02-19,Cena,P-10,3,Solomillo Iberico,Principal
T-14149,2024-06-09,Comida,P-06,3,Vino Tinto Copa,Bebida
T-17404,2024-01-21,Comida,P-03,2,Pasta Carbonara IA,Principal
T-16181,2024-07-19,Cena,P-10,1,Solomillo Iberico,Principal
T-17155,2025-04-07,Cena,P-17,3,Brownie con Helado,Postre
T-10976,2025-06-17,Cena,P-02,4,Ensalada Cesar,Entrante
T-11900,2025-04-14,Cena,P-08,4,Croquetas de Jamon,Entrante
T-16484,2025-08-09,Cena,P-19,2,Entrecot Ternera,Principal
T-12369,2025-06-22,Comida,P-02,3,Ensalada Cesar,Entrante
T-13045,2025-04-16,Cena,P-04,3,Tarta de Queso Casera,Postre
T-10696,2024-01-15,Cena,P-12,4,Risotto de Setas,Principal
T-16967,2025-03-05,Cena,P-09,1,Gazpacho Andaluz,Entrante
T-16692,2025-11-09,Cena,P-21,1,Cafe Solo,Bebida
T-10810,2025-08-24,Cena,P-06,3,Vino Tinto Copa,Bebida
T-14941,2025-08-26,Cena,P-25,4,Canelones de Carne,Principal
T-11424,2024-08-09,Cena,P-15,2,Cerveza Artesana,Bebida
T-16247,2025-02-10,Comida,P-09,2,Gazpacho Andaluz,Entrante
T-15633,2024-10-24,Comida,P-08,4,Croquetas de Jamon,Entrante
T-15343,2024-02-25,Cena,P-19,2,Entrecot Ternera,Principal
T-17957,2024-03-25,Comida,P-11,3,Salmon a la Plancha,Principal
T-15608,2025-12-03,Cena,P-19,3,Entrecot Ternera,Principal
T-13312,2025-11-10,Comida,P-08,2,Croquetas de Jamon,Entrante
T-11747,2025-07-27,Cena,P-18,3,Ensaladilla Rusa,Entrante
T-15111,2024-03-03,Cena,P-23,3,Tiramisu de la Casa,Postre
T-15586,2024-11-05,Cena,P-18,1,Ensaladilla Rusa,Entrante
T-10231,2025-12-12,Cena,P-24,2,Nuggets de Pollo,Principal
T-12382,2025-05-01,Comida,P-02,3,Ensalada Cesar,Entrante
T-13104,2024-03-29,Cena,P-05,4,Refresco Cola,Bebida
T-12824,2025-12-06,Cena,P-01,2,Hamburguesa Smart,Principal
T-11977,2025-01-05,Cena,P-12,4,Risotto de Setas,Principal
T-12846,2025-08-08,Cena,P-23,2,Tiramisu de la Casa,Postre
T-15675,2024-09-08,Cena,P-25,2,Canelones de Carne,Principal
T-16444,2025-11-17,Cena,P-19,1,Entrecot Ternera,Principal
T-17362,2025-08-12,Comida,P-06,1,Vino Tinto Copa,Bebida
T-12230,2025-05-25,Comida,P-21,4,Cafe Solo,Bebida
T-12937,2025-01-24,Cena,P-20,1,Paella de Marisco,Principal
T-15010,2024-08-23,Cena,P-18,4,Ensaladilla Rusa,Entrante
T-17864,2024-01-10,Comida,P-13,4,Bacalao al Horno,Principal
T-14158,2024-09-12,Cena,P-24,4,Nuggets de Pollo,Principal
T-10267,2025-12-20,Cena,P-19,1,Entrecot Ternera,Principal
T-14788,2025-10-19,Comida,P-25,3,Canelones de Carne,Principal
T-12859,2025-05-15,Comida,P-03,2,Pasta Carbonara IA,Principal
T-10780,2025-02-02,Comida,P-02,4,Ensalada Cesar,Entrante
T-11963,2025-09-09,Comida,P-02,2,Ensalada Cesar,Entrante
T-13447,2025-11-03,Cena,P-11,3,Salmon a la Plancha,Principal
T-16429,2025-04-03,Comida,P-18,3,Ensaladilla Rusa,Entrante
T-10896,2024-03-06,Cena,P-18,1,Ensaladilla Rusa,Entrante
T-13410,2024-09-01,Comida,P-22,1,Te Verde,Bebida
T-10734,2024-11-25,Comida,P-22,3,Te Verde,Bebida
T-14849,2025-01-07,Comida,P-21,4,Cafe Solo,Bebida
T-13019,2025-10-16,Cena,P-16,4,Agua Mineral,Bebida
T-13348,2024-02-04,Cena,P-18,2,Ensaladilla Rusa,Entrante
T-17472,2024-06-23,Comida,P-09,1,Gazpacho Andaluz,Entrante
T-17668,2024-11-08,Cena,P-07,2,Pizza Margarita,Principal
T-16895,2025-09-29,Comida,P-06,3,Vino Tinto Copa,Bebida
T-15006,2024-07-17,Cena,P-08,1,Croquetas de Jamon,Entrante
T-17912,2024-11-24,Comida,P-22,4,Te Verde,Bebida
T-13837,2025-11-21,Cena,P-05,1,Refresco Cola,Bebida
T-12407,2024-02-06,Cena,P-05,1,Refresco Cola,Bebida
T-15073,2025-12-23,Comida,P-20,2,Paella de Marisco,Principal
T-17339,2025-09-15,Cena,P-10,4,Solomillo Iberico,Principal
T-11395,2024-06-28,Cena,P-03,4,Pasta Carbonara IA,Principal
T-12084,2024-07-13,Cena,P-20,4,Paella de Marisco,Principal
T-10548,2024-06-19,Comida,P-24,3,Nuggets de Pollo,Principal
T-12974,2025-03-03,Comida,P-10,1,Solomillo Iberico,Principal
T-13341,2025-01-13,Cena,P-17,3,Brownie con Helado,Postre
T-17819,2024-02-08,Cena,P-02,2,Ensalada Cesar,Entrante
T-17881,2025-03-08,Comida,P-22,3,Te Verde,Bebida
T-11976,2024-05-17,Cena,P-12,2,Risotto de Setas,Principal
T-14053,2025-11-13,Comida,P-11,3,Salmon a la Plancha,Principal
T-16130,2024-04-12,Comida,P-17,3,Brownie con Helado,Postre
T-11942,2025-12-20,Cena,P-25,4,Canelones de Carne,Principal
T-17486,2024-08-17,Cena,P-06,1,Vino Tinto Copa,Bebida
T-15809,2025-09-27,Comida,P-14,2,Tortilla de Patatas,Entrante
T-13100,2025-05-09,Comida,P-21,2,Cafe Solo,Bebida
T-10705,2025-04-15,Cena,P-18,2,Ensaladilla Rusa,Entrante
T-17261,2025-07-30,Comida,P-11,2,Salmon a la Plancha,Principal
T-13810,2025-09-20,Cena,P-04,4,Tarta de Queso Casera,Postre
T-17581,2025-04-26,Comida,P-20,3,Paella de Marisco,Principal
T-17323,2024-09-15,Comida,P-25,2,Canelones de Carne,Principal
T-11837,2024-10-25,Cena,P-13,2,Bacalao al Horno,Principal
T-12009,2024-10-09,Cena,P-16,1,Agua Mineral,Bebida
T-16278,2025-12-17,Comida,P-17,4,Brownie con Helado,Postre
T-13907,2025-07-24,Cena,P-14,4,Tortilla de Patatas,Entrante
T-15165,2025-07-01,Comida,P-20,3,Paella de Marisco,Principal
T-16885,2024-01-05,Comida,P-17,2,Brownie con Helado,Postre
T-16677,2024-02-17,Cena,P-13,1,Bacalao al Horno,Principal
T-15278,2024-09-15,Comida,P-12,4,Risotto de Setas,Principal
T-14883,2025-07-18,Comida,P-10,3,Solomillo Iberico,Principal
T-10510,2024-09-10,Cena,P-05,4,Refresco Cola,Bebida
T-14150,2025-10-17,Cena,P-17,4,Brownie con Helado,Postre
T-17373,2024-09-26,Comida,P-22,2,Te Verde,Bebida
T-15720,2025-10-06,Comida,P-08,1,Croquetas de Jamon,Entrante
T-12716,2025-10-21,Cena,P-10,2,Solomillo Iberico,Principal
T-13460,2024-11-30,Cena,P-06,3,Vino Tinto Copa,Bebida
T-13866,2024-07-03,Cena,P-23,3,Tiramisu de la Casa,Postre
T-10404,2025-03-04,Comida,P-02,3,Ensalada Cesar,Entrante
T-13937,2025-03-22,Comida,P-05,1,Refresco Cola,Bebida
T-12538,2024-07-01,Cena,P-24,1,Nuggets de Pollo,Principal
T-13396,2025-02-01,Comida,P-04,4,Tarta de Queso Casera,Postre
T-13878,2025-10-01,Comida,P-12,1,Risotto de Setas,Principal
T-10296,2025-04-18,Cena,P-25,2,Canelones de Carne,Principal
T-11862,2025-07-05,Comida,P-24,4,Nuggets de Pollo,Principal
T-13076,2025-01-27,Cena,P-19,3,Entrecot Ternera,Principal
T-16397,2025-05-04,Cena,P-05,3,Refresco Cola,Bebida
T-10431,2024-04-07,Cena,P-18,3,Ensaladilla Rusa,Entrante
T-16487,2024-03-10,Cena,P-23,3,Tiramisu de la Casa,Postre
T-12493,2024-03-21,Cena,P-20,1,Paella de Marisco,Principal
T-17842,2025-10-06,Comida,P-01,2,Hamburguesa Smart,Principal
T-11489,2025-03-13,Comida,P-01,4,Hamburguesa Smart,Principal
T-13880,2024-12-09,Comida,P-03,1,Pasta Carbonara IA,Principal
T-10360,2024-02-15,Comida,P-16,2,Agua Mineral,Bebida
T-12965,2024-11-18,Comida,P-14,3,Tortilla de Patatas,Entrante
T-14492,2024-07-22,Cena,P-11,3,Salmon a la Plancha,Principal
T-14093,2025-08-26,Cena,P-08,1,Croquetas de Jamon,Entrante
T-14355,2025-12-04,Comida,P-10,3,Solomillo Iberico,Principal
T-15720,2025-10-16,Comida,P-15,3,Cerveza Artesana,Bebida
T-15053,2025-05-11,Cena,P-19,2,Entrecot Ternera,Principal
T-11094,2025-11-08,Cena,P-05,3,Refresco Cola,Bebida
T-13065,2024-10-04,Comida,P-11,2,Salmon a la Plancha,Principal
T-11275,2025-05-27,Cena,P-01,2,Hamburguesa Smart,Principal
T-15343,2025-08-30,Comida,P-01,2,Hamburguesa Smart,Principal
T-14726,2025-07-16,Cena,P-14,3,Tortilla de Patatas,Entrante
T-11016,2025-06-05,Cena,P-18,2,Ensaladilla Rusa,Entrante
T-10135,2024-07-31,Cena,P-08,2,Croquetas de Jamon,Entrante
T-14953,2024-05-25,Comida,P-02,1,Ensalada Cesar,Entrante
T-11687,2025-09-15,Comida,P-07,4,Pizza Margarita,Principal
T-10043,2024-09-07,Comida,P-12,3,Risotto de Setas,Principal
T-16353,2024-06-05,Cena,P-19,3,Entrecot Ternera,Principal
T-15850,2024-08-05,Comida,P-11,2,Salmon a la Plancha,Principal
T-14666,2024-09-28,Comida,P-07,3,Pizza Margarita,Principal
T-15065,2024-04-20,Cena,P-04,3,Tarta de Queso Casera,Postre
T-10090,2025-10-13,Comida,P-02,4,Ensalada Cesar,Entrante
T-17688,2024-05-19,Comida,P-09,4,Gazpacho Andaluz,Entrante
T-10402,2025-01-09,Comida,P-03,1,Pasta Carbonara IA,Principal
T-15765,2025-12-08,Cena,P-08,1,Croquetas de Jamon,Entrante
T-13073,2025-08-19,Cena,P-23,1,Tiramisu de la Casa,Postre
T-13911,2024-04-15,Cena,P-03,2,Pasta Carbonara IA,Principal
T-14102,2024-04-05,Cena,P-15,1,Cerveza Artesana,Bebida
T-16265,2024-12-14,Comida,P-20,4,Paella de Marisco,Principal
T-14553,2025-02-14,Cena,P-05,3,Refresco Cola,Bebida
T-10508,2024-11-25,Cena,P-22,4,Te Verde,Bebida
T-11271,2025-01-31,Cena,P-20,2,Paella de Marisco,Principal
T-11531,2024-04-17,Cena,P-16,2,Agua Mineral,Bebida
T-13377,2025-05-25,Cena,P-18,1,Ensaladilla Rusa,Entrante
T-17380,2024-12-21,Cena,P-20,4,Paella de Marisco,Principal
T-14637,2025-08-28,Cena,P-03,2,Pasta Carbonara IA,Principal
T-13747,2024-05-27,Comida,P-03,4,Pasta Carbonara IA,Principal
T-17089,2025-01-06,Cena,P-04,2,Tarta de Queso Casera,Postre
T-15747,2024-07-07,Cena,P-24,3,Nuggets de Pollo,Principal
T-16135,2025-05-07,Cena,P-22,3,Te Verde,Bebida
T-15483,2025-04-27,Cena,P-13,1,Bacalao al Horno,Principal
T-17908,2024-07-24,Comida,P-19,4,Entrecot Ternera,Principal
T-11087,2025-05-27,Cena,P-19,3,Entrecot Ternera,Principal
T-12353,2024-07-27,Cena,P-04,3,Tarta de Queso Casera,Postre
T-15730,2025-11-29,Cena,P-01,3,Hamburguesa Smart,Principal
T-12587,2024-10-08,Comida,P-23,4,Tiramisu de la Casa,Postre
T-17996,2025-10-29,Cena,P-16,3,Agua Mineral,Bebida
T-12177,2025-08-31,Comida,P-23,4,Tiramisu de la Casa,Postre
T-16638,2024-02-16,Comida,P-06,3,Vino Tinto Copa,Bebida
T-11167,2025-11-28,Cena,P-08,4,Croquetas de Jamon,Entrante
T-16744,2025-10-18,Comida,P-09,3,Gazpacho Andaluz,Entrante
T-12175,2025-06-02,Cena,P-15,3,Cerveza Artesana,Bebida
T-11076,2025-06-25,Comida,P-14,1,Tortilla de Patatas,Entrante
T-14607,2025-03-16,Comida,P-13,4,Bacalao al Horno,Principal
T-15302,2025-09-08,Comida,P-16,1,Agua Mineral,Bebida
T-14209,2025-09-25,Cena,P-06,2,Vino Tinto Copa,Bebida
T-10049,2024-02-13,Cena,P-01,2,Hamburguesa Smart,Principal
T-10135,2025-02-07,Comida,P-13,3,Bacalao al Horno,Principal
T-11262,2025-03-29,Cena,P-06,4,Vino Tinto Copa,Bebida
T-10620,2025-06-01,Cena,P-14,3,Tortilla de Patatas,Entrante
T-14045,2024-11-24,Comida,P-22,2,Te Verde,Bebida
T-15159,2025-09-13,Comida,P-17,4,Brownie con Helado,Postre
T-12587,2024-03-30,Cena,P-25,4,Canelones de Carne,Principal
T-12222,2025-06-26,Comida,P-24,1,Nuggets de Pollo,Principal
T-11631,2024-01-13,Cena,P-01,3,Hamburguesa Smart,Principal
T-10525,2025-12-19,Cena,P-02,3,Ensalada Cesar,Entrante
T-14699,2024-04-29,Cena,P-17,3,Brownie con Helado,Postre
T-10259,2024-04-23,Cena,P-23,3,Tiramisu de la Casa,Postre
T-16778,2024-09-27,Cena,P-24,3,Nuggets de Pollo,Principal
T-11073,2025-09-10,Cena,P-21,3,Cafe Solo,Bebida
T-13363,2024-03-09,Cena,P-25,4,Canelones de Carne,Principal
T-10914,2024-07-18,Comida,P-02,4,Ensalada Cesar,Entrante
T-10785,2024-10-05,Cena,P-11,3,Salmon a la Plancha,Principal
T-15423,2024-10-27,Cena,P-24,1,Nuggets de Pollo,Principal
T-14172,2024-02-14,Comida,P-06,4,Vino Tinto Copa,Bebida
T-10542,2025-07-02,Comida,P-17,2,Brownie con Helado,Postre
T-15579,2025-02-04,Cena,P-05,2,Refresco Cola,Bebida
T-16563,2024-06-13,Cena,P-24,2,Nuggets de Pollo,Principal
T-16245,2024-10-11,Cena,P-24,4,Nuggets de Pollo,Principal
T-16339,2025-06-10,Comida,P-21,1,Cafe Solo,Bebida
T-15765,2025-04-09,Cena,P-23,1,Tiramisu de la Casa,Postre
T-12498,2024-07-27,Cena,P-04,4,Tarta de Queso Casera,Postre
T-16212,2025-09-22,Cena,P-25,2,Canelones de Carne,Principal
T-14275,2024-11-07,Comida,P-24,2,Nuggets de Pollo,Principal
T-11270,2024-07-24,Cena,P-21,4,Cafe Solo,Bebida
T-16528,2024-01-21,Cena,P-14,2,Tortilla de Patatas,Entrante
T-16280,2025-05-31,Cena,P-06,1,Vino Tinto Copa,Bebida
T-14149,2025-06-10,Comida,P-10,3,Solomillo Iberico,Principal
T-16009,2025-09-22,Comida,P-10,4,Solomillo Iberico,Principal
T-17040,2024-06-25,Comida,P-16,4,Agua Mineral,Bebida
T-15653,2025-01-20,Cena,P-13,4,Bacalao al Horno,Principal
T-14705,2024-01-14,Comida,P-09,4,Gazpacho Andaluz,Entrante
T-12010,2024-07-14,Comida,P-01,3,Hamburguesa Smart,Principal
T-12522,2025-01-13,Cena,P-24,2,Nuggets de Pollo,Principal
T-12434,2025-02-06,Comida,P-10,1,Solomillo Iberico,Principal
T-13112,2025-04-25,Cena,P-01,4,Hamburguesa Smart,Principal
T-14541,2024-07-07,Cena,P-06,1,Vino Tinto Copa,Bebida
T-17245,2025-01-18,Cena,P-04,1,Tarta de Queso Casera,Postre
T-13236,2024-08-26,Comida,P-25,1,Canelones de Carne,Principal
T-10127,2025-12-03,Cena,P-20,3,Paella de Marisco,Principal
T-16111,2024-04-08,Comida,P-18,2,Ensaladilla Rusa,Entrante
T-17900,2024-06-03,Cena,P-24,3,Nuggets de Pollo,Principal
T-17885,2024-03-17,Comida,P-19,2,Entrecot Ternera,Principal
T-16741,2025-08-19,Comida,P-14,4,Tortilla de Patatas,Entrante
T-10456,2024-04-29,Cena,P-07,4,Pizza Margarita,Principal
T-16649,2025-04-19,Cena,P-19,2,Entrecot Ternera,Principal
T-16476,2025-11-16,Comida,P-07,1,Pizza Margarita,Principal
T-17600,2024-04-14,Cena,P-07,2,Pizza Margarita,Principal
T-11650,2025-11-12,Cena,P-07,2,Pizza Margarita,Principal
T-14532,2025-07-16,Cena,P-09,4,Gazpacho Andaluz,Entrante
T-17784,2025-10-21,Cena,P-23,2,Tiramisu de la Casa,Postre
T-12092,2025-08-27,Comida,P-23,2,Tiramisu de la Casa,Postre
T-13072,2025-09-08,Cena,P-11,3,Salmon a la Plancha,Principal
T-16101,2025-03-06,Comida,P-17,4,Brownie con Helado,Postre
T-16293,2024-01-22,Comida,P-23,1,Tiramisu de la Casa,Postre
T-11765,2025-04-24,Cena,P-08,2,Croquetas de Jamon,Entrante
T-11006,2025-01-19,Cena,P-07,4,Pizza Margarita,Principal
T-11110,2024-11-05,Comida,P-20,4,Paella de Marisco,Principal
T-12859,2024-07-25,Cena,P-23,1,Tiramisu de la Casa,Postre
T-17260,2024-12-25,Comida,P-05,4,Refresco Cola,Bebida
T-13791,2025-09-19,Cena,P-13,1,Bacalao al Horno,Principal
T-12791,2025-05-10,Cena,P-09,4,Gazpacho Andaluz,Entrante
T-13168,2025-12-22,Cena,P-04,1,Tarta de Queso Casera,Postre
T-13944,2024-09-29,Cena,P-19,3,Entrecot Ternera,Principal
T-10540,2025-10-07,Cena,P-19,4,Entrecot Ternera,Principal
T-10624,2024-09-17,Comida,P-21,2,Cafe Solo,Bebida
T-14383,2025-06-11,Cena,P-03,2,Pasta Carbonara IA,Principal
T-14838,2024-03-13,Comida,P-05,1,Refresco Cola,Bebida
T-17209,2024-08-16,Cena,P-16,2,Agua Mineral,Bebida
T-16127,2025-04-24,Comida,P-03,2,Pasta Carbonara IA,Principal
T-12151,2024-09-06,Comida,P-18,3,Ensaladilla Rusa,Entrante
T-12550,2024-09-25,Cena,P-21,3,Cafe Solo,Bebida
T-10479,2024-01-11,Cena,P-01,1,Hamburguesa Smart,Principal
T-17373,2024-10-28,Cena,P-19,3,Entrecot Ternera,Principal
T-15354,2025-11-25,Comida,P-11,2,Salmon a la Plancha,Principal
T-15514,2025-09-29,Cena,P-10,4,Solomillo Iberico,Principal
T-10248,2024-06-01,Cena,P-03,2,Pasta Carbonara IA,Principal
T-11237,2024-09-03,Comida,P-23,3,Tiramisu de la Casa,Postre
T-15768,2024-04-22,Cena,P-21,1,Cafe Solo,Bebida
T-14403,2025-12-29,Cena,P-15,2,Cerveza Artesana,Bebida
T-11266,2024-02-15,Cena,P-22,2,Te Verde,Bebida
T-14372,2024-04-13,Cena,P-12,4,Risotto de Setas,Principal
T-14740,2024-10-15,Comida,P-18,3,Ensaladilla Rusa,Entrante
T-14231,2025-08-04,Cena,P-14,1,Tortilla de Patatas,Entrante
T-16317,2025-01-28,Comida,P-16,2,Agua Mineral,Bebida
T-13805,2025-01-31,Cena,P-13,4,Bacalao al Horno,Principal
T-16591,2024-06-27,Cena,P-05,2,Refresco Cola,Bebida
T-15626,2025-03-28,Comida,P-11,1,Salmon a la Plancha,Principal
T-15652,2025-05-19,Comida,P-13,2,Bacalao al Horno,Principal
T-10575,2025-02-18,Cena,P-24,4,Nuggets de Pollo,Principal
T-14529,2024-03-24,Cena,P-01,3,Hamburguesa Smart,Principal
T-16648,2024-06-17,Cena,P-13,1,Bacalao al Horno,Principal
T-13554,2025-07-07,Cena,P-17,2,Brownie con Helado,Postre
T-16424,2024-08-25,Comida,P-04,2,Tarta de Queso Casera,Postre
T-17759,2024-04-29,Cena,P-14,2,Tortilla de Patatas,Entrante
T-14678,2025-04-04,Cena,P-21,2,Cafe Solo,Bebida
T-14516,2024-02-29,Cena,P-11,3,Salmon a la Plancha,Principal
T-12262,2025-07-30,Cena,P-07,2,Pizza Margarita,Principal
T-11581,2025-10-17,Cena,P-02,4,Ensalada Cesar,Entrante
T-11282,2025-05-13,Comida,P-03,3,Pasta Carbonara IA,Principal
T-12406,2025-07-12,Cena,P-16,4,Agua Mineral,Bebida
T-12124,2025-05-30,Cena,P-15,1,Cerveza Artesana,Bebida
T-13059,2024-06-21,Cena,P-13,4,Bacalao al Horno,Principal
T-16811,2024-01-23,Comida,P-09,1,Gazpacho Andaluz,Entrante
T-12012,2024-11-15,Cena,P-09,3,Gazpacho Andaluz,Entrante
T-12387,2024-10-07,Cena,P-24,1,Nuggets de Pollo,Principal
T-17455,2024-05-22,Cena,P-21,4,Cafe Solo,Bebida
T-15099,2024-04-13,Comida,P-16,1,Agua Mineral,Bebida
T-17452,2024-06-25,Comida,P-10,4,Solomillo Iberico,Principal
T-14438,2025-08-29,Cena,P-04,4,Tarta de Queso Casera,Postre
T-17140,2025-08-14,Comida,P-21,2,Cafe Solo,Bebida
T-16846,2025-11-28,Cena,P-12,3,Risotto de Setas,Principal
T-15592,2025-03-01,Cena,P-24,4,Nuggets de Pollo,Principal
T-12248,2025-12-30,Comida,P-21,4,Cafe Solo,Bebida
T-10143,2025-03-06,Comida,P-18,3,Ensaladilla Rusa,Entrante
T-16914,2025-08-02,Comida,P-09,1,Gazpacho Andaluz,Entrante
T-13438,2025-08-24,Comida,P-18,3,Ensaladilla Rusa,Entrante
T-13687,2024-05-05,Cena,P-14,3,Tortilla de Patatas,Entrante
T-10760,2024-12-21,Cena,P-17,4,Brownie con Helado,Postre
T-14147,2024-05-04,Cena,P-19,2,Entrecot Ternera,Principal
T-15104,2025-12-06,Comida,P-01,4,Hamburguesa Smart,Principal
T-11515,2024-04-27,Comida,P-06,4,Vino Tinto Copa,Bebida
T-12294,2024-12-08,Cena,P-15,4,Cerveza Artesana,Bebida
T-17125,2024-02-04,Cena,P-18,3,Ensaladilla Rusa,Entrante
T-13980,2025-11-11,Comida,P-17,1,Brownie con Helado,Postre
T-14434,2025-09-06,Comida,P-21,2,Cafe Solo,Bebida
T-12997,2024-02-08,Cena,P-10,3,Solomillo Iberico,Principal
T-15745,2024-09-29,Cena,P-18,4,Ensaladilla Rusa,Entrante
T-11277,2024-02-29,Cena,P-16,2,Agua Mineral,Bebida
T-16253,2025-05-25,Cena,P-04,4,Tarta de Queso Casera,Postre
T-11019,2025-06-03,Comida,P-25,2,Canelones de Carne,Principal
T-17478,2025-03-29,Cena,P-21,4,Cafe Solo,Bebida
T-13388,2024-05-09,Cena,P-20,3,Paella de Marisco,Principal
T-11458,2025-02-07,Comida,P-02,1,Ensalada Cesar,Entrante
T-16389,2025-09-04,Cena,P-09,4,Gazpacho Andaluz,Entrante
T-17162,2024-12-27,Cena,P-21,4,Cafe Solo,Bebida
T-15807,2025-11-04,Comida,P-01,2,Hamburguesa Smart,Principal
T-12890,2025-06-10,Comida,P-20,1,Paella de Marisco,Principal
T-12502,2025-04-05,Comida,P-06,2,Vino Tinto Copa,Bebida
T-10547,2024-05-09,Cena,P-11,1,Salmon a la Plancha,Principal
T-14385,2025-04-23,Cena,P-01,4,Hamburguesa Smart,Principal
T-16710,2024-10-16,Cena,P-03,4,Pasta Carbonara IA,Principal
T-11033,2025-10-02,Comida,P-02,1,Ensalada Cesar,Entrante
T-11512,2025-08-07,Cena,P-07,2,Pizza Margarita,Principal
T-13374,2025-02-21,Comida,P-25,1,Canelones de Carne,Principal
T-13403,2025-08-13,Cena,P-21,2,Cafe Solo,Bebida
T-13534,2025-10-30,Cena,P-10,2,Solomillo Iberico,Principal
T-10977,2024-10-22,Cena,P-05,2,Refresco Cola,Bebida
T-11576,2024-02-02,Comida,P-04,4,Tarta de Queso Casera,Postre
T-10533,2024-03-26,Comida,P-14,4,Tortilla de Patatas,Entrante
T-15936,2024-02-19,Comida,P-11,3,Salmon a la Plancha,Principal
T-17184,2024-04-24,Comida,P-11,4,Salmon a la Plancha,Principal
T-15242,2025-07-05,Cena,P-10,2,Solomillo Iberico,Principal
T-12121,2025-05-09,Cena,P-25,2,Canelones de Carne,Principal
T-12746,2024-07-13,Cena,P-10,4,Solomillo Iberico,Principal
T-14098,2024-09-14,Cena,P-20,3,Paella de Marisco,Principal
T-10532,2025-12-05,Cena,P-23,4,Tiramisu de la Casa,Postre
T-10587,2024-08-11,Cena,P-09,3,Gazpacho Andaluz,Entrante
T-13384,2025-09-29,Cena,P-18,3,Ensaladilla Rusa,Entrante
T-14600,2025-06-15,Cena,P-16,2,Agua Mineral,Bebida
T-15862,2025-04-28,Comida,P-10,4,Solomillo Iberico,Principal
T-10809,2024-04-26,Cena,P-01,1,Hamburguesa Smart,Principal
T-16156,2025-12-10,Comida,P-21,4,Cafe Solo,Bebida
T-14390,2024-05-02,Cena,P-10,1,Solomillo Iberico,Principal
T-11224,2025-02-08,Cena,P-25,3,Canelones de Carne,Principal
T-17713,2025-07-24,Cena,P-12,2,Risotto de Setas,Principal
T-16509,2025-08-27,Cena,P-01,4,Hamburguesa Smart,Principal
T-16344,2024-09-11,Cena,P-16,3,Agua Mineral,Bebida
T-11732,2024-03-19,Cena,P-23,3,Tiramisu de la Casa,Postre
T-12738,2025-10-08,Comida,P-08,3,Croquetas de Jamon,Entrante
T-10446,2025-12-09,Cena,P-25,3,Canelones de Carne,Principal
T-12809,2024-03-16,Cena,P-08,3,Croquetas de Jamon,Entrante
T-10238,2024-07-27,Comida,P-15,4,Cerveza Artesana,Bebida
T-15204,2025-10-05,Cena,P-22,3,Te Verde,Bebida
T-10183,2025-10-26,Comida,P-03,3,Pasta Carbonara IA,Principal
T-15796,2025-09-20,Comida,P-22,1,Te Verde,Bebida
T-14543,2024-10-12,Cena,P-14,4,Tortilla de Patatas,Entrante
T-12533,2025-09-14,Comida,P-10,4,Solomillo Iberico,Principal
T-12725,2025-10-20,Cena,P-13,4,Bacalao al Horno,Principal
T-11317,2024-01-08,Comida,P-19,1,Entrecot Ternera,Principal
T-16024,2024-06-20,Comida,P-02,3,Ensalada Cesar,Entrante
T-11797,2025-10-31,Cena,P-20,3,Paella de Marisco,Principal
T-15858,2024-01-10,Cena,P-04,2,Tarta de Queso Casera,Postre
T-14119,2024-06-18,Comida,P-17,4,Brownie con Helado,Postre
T-15943,2024-08-08,Comida,P-07,3,Pizza Margarita,Principal
T-15007,2024-01-04,Cena,P-09,1,Gazpacho Andaluz,Entrante
T-13033,2024-10-29,Cena,P-04,3,Tarta de Queso Casera,Postre
T-17245,2025-11-22,Cena,P-10,2,Solomillo Iberico,Principal
T-16945,2025-09-04,Cena,P-09,1,Gazpacho Andaluz,Entrante
T-10834,2024-04-11,Cena,P-20,3,Paella de Marisco,Principal
T-13276,2024-06-07,Comida,P-13,2,Bacalao al Horno,Principal
T-16020,2025-09-27,Cena,P-11,2,Salmon a la Plancha,Principal
T-11134,2024-04-20,Comida,P-11,1,Salmon a la Plancha,Principal
T-14308,2024-12-05,Comida,P-06,4,Vino Tinto Copa,Bebida
T-17741,2025-08-08,Cena,P-15,4,Cerveza Artesana,Bebida
T-12462,2025-11-03,Comida,P-06,1,Vino Tinto Copa,Bebida
T-11354,2025-04-17,Cena,P-24,3,Nuggets de Pollo,Principal
T-17102,2025-07-24,Cena,P-04,2,Tarta de Queso Casera,Postre
T-12368,2025-12-10,Cena,P-18,3,Ensaladilla Rusa,Entrante
T-17829,2025-03-23,Comida,P-04,2,Tarta de Queso Casera,Postre
T-13351,2025-08-18,Cena,P-20,2,Paella de Marisco,Principal
T-16175,2024-02-22,Comida,P-18,1,Ensaladilla Rusa,Entrante
T-17111,2024-08-31,Cena,P-03,2,Pasta Carbonara IA,Principal
T-17581,2024-02-05,Comida,P-11,2,Salmon a la Plancha,Principal
T-16829,2025-06-04,Comida,P-19,2,Entrecot Ternera,Principal
T-16215,2024-05-28,Comida,P-18,1,Ensaladilla Rusa,Entrante
T-12770,2025-09-18,Cena,P-22,1,Te Verde,Bebida
T-11125,2024-05-10,Comida,P-23,1,Tiramisu de la Casa,Postre
T-12392,2024-05-02,Cena,P-14,1,Tortilla de Patatas,Entrante
T-17319,2025-02-03,Cena,P-11,1,Salmon a la Plancha,Principal
T-10880,2024-09-29,Comida,P-04,2,Tarta de Queso Casera,Postre
T-16849,2024-11-14,Cena,P-25,4,Canelones de Carne,Principal
T-15972,2025-02-11,Comida,P-16,2,Agua Mineral,Bebida
T-15327,2024-05-04,Cena,P-05,1,Refresco Cola,Bebida
T-12205,2024-07-24,Cena,P-04,2,Tarta de Queso Casera,Postre
T-13375,2025-11-10,Cena,P-06,1,Vino Tinto Copa,Bebida
T-16410,2025-08-13,Comida,P-20,2,Paella de Marisco,Principal
T-14451,2024-12-06,Cena,P-09,3,Gazpacho Andaluz,Entrante
T-10111,2024-09-21,Cena,P-17,2,Brownie con Helado,Postre
T-12964,2024-04-04,Cena,P-12,1,Risotto de Setas,Principal
T-17108,2024-10-25,Comida,P-09,2,Gazpacho Andaluz,Entrante
T-17736,2024-12-28,Comida,P-04,2,Tarta de Queso Casera,Postre
T-14863,2024-10-12,Comida,P-24,3,Nuggets de Pollo,Principal
T-10558,2025-10-27,Cena,P-23,3,Tiramisu de la Casa,Postre
T-15734,2024-05-20,Comida,P-06,3,Vino Tinto Copa,Bebida
T-14069,2024-05-18,Cena,P-07,4,Pizza Margarita,Principal
T-13782,2024-11-27,Cena,P-01,2,Hamburguesa Smart,Principal
T-14656,2024-04-04,Comida,P-25,1,Canelones de Carne,Principal
T-10313,2025-03-29,Comida,P-25,1,Canelones de Carne,Principal
T-14460,2025-06-23,Comida,P-09,4,Gazpacho Andaluz,Entrante
T-10098,2024-06-15,Cena,P-07,3,Pizza Margarita,Principal
T-12394,2024-11-21,Comida,P-05,3,Refresco Cola,Bebida
T-17451,2024-11-14,Cena,P-10,1,Solomillo Iberico,Principal
T-16583,2024-04-06,Cena,P-13,1,Bacalao al Horno,Principal
T-14090,2025-02-19,Cena,P-05,1,Refresco Cola,Bebida
T-10511,2024-06-08,Cena,P-09,1,Gazpacho Andaluz,Entrante
T-14048,2025-05-20,Comida,P-01,1,Hamburguesa Smart,Principal
T-14458,2024-08-18,Cena,P-14,3,Tortilla de Patatas,Entrante
T-13022,2025-08-08,Cena,P-23,3,Tiramisu de la Casa,Postre
T-10809,2025-04-29,Cena,P-03,2,Pasta Carbonara IA,Principal
T-15140,2024-04-20,Cena,P-06,1,Vino Tinto Copa,Bebida
T-16656,2025-06-17,Comida,P-25,2,Canelones de Carne,Principal
T-17072,2024-07-14,Cena,P-04,2,Tarta de Queso Casera,Postre
T-15511,2025-11-05,Cena,P-10,4,Solomillo Iberico,Principal
T-15792,2024-08-15,Cena,P-05,3,Refresco Cola,Bebida
T-16497,2024-10-20,Comida,P-12,4,Risotto de Setas,Principal
T-17963,2024-12-01,Comida,P-13,3,Bacalao al Horno,Principal
T-13859,2024-07-10,Cena,P-24,2,Nuggets de Pollo,Principal
T-14796,2025-01-09,Comida,P-01,4,Hamburguesa Smart,Principal
T-11238,2024-04-01,Comida,P-22,1,Te Verde,Bebida
T-11867,2024-05-25,Cena,P-10,2,Solomillo Iberico,Principal
T-15223,2024-12-30,Cena,P-01,2,Hamburguesa Smart,Principal
T-10567,2025-01-28,Cena,P-06,1,Vino Tinto Copa,Bebida
T-15813,2025-04-14,Cena,P-10,2,Solomillo Iberico,Principal
T-14012,2024-07-14,Comida,P-02,1,Ensalada Cesar,Entrante
T-10928,2024-03-30,Comida,P-03,3,Pasta Carbonara IA,Principal
T-17754,2025-11-08,Cena,P-19,2,Entrecot Ternera,Principal
T-13692,2025-04-13,Cena,P-13,2,Bacalao al Horno,Principal
T-13859,2025-08-19,Cena,P-24,1,Nuggets de Pollo,Principal
T-12489,2025-05-18,Comida,P-17,1,Brownie con Helado,Postre
T-14072,2024-06-20,Cena,P-04,2,Tarta de Queso Casera,Postre
T-15516,2025-04-30,Cena,P-25,2,Canelones de Carne,Principal
T-15018,2024-12-25,Comida,P-23,4,Tiramisu de la Casa,Postre
T-11936,2024-04-12,Cena,P-02,1,Ensalada Cesar,Entrante
T-11630,2024-02-28,Cena,P-06,2,Vino Tinto Copa,Bebida
T-15366,2024-09-30,Comida,P-18,4,Ensaladilla Rusa,Entrante
T-13636,2025-11-29,Cena,P-04,4,Tarta de Queso Casera,Postre
T-16894,2025-01-23,Comida,P-18,1,Ensaladilla Rusa,Entrante
T-13606,2024-03-05,Cena,P-17,2,Brownie con Helado,Postre
T-13574,2025-09-26,Comida,P-12,4,Risotto de Setas,Principal
T-14991,2025-05-19,Cena,P-07,2,Pizza Margarita,Principal
T-10934,2024-07-27,Comida,P-24,3,Nuggets de Pollo,Principal
T-15770,2024-01-02,Comida,P-21,1,Cafe Solo,Bebida
T-17824,2024-12-06,Cena,P-06,3,Vino Tinto Copa,Bebida
T-11269,2025-01-12,Cena,P-25,3,Canelones de Carne,Principal
T-11266,2025-09-22,Cena,P-15,3,Cerveza Artesana,Bebida
T-13991,2024-04-29,Comida,P-16,3,Agua Mineral,Bebida
T-10583,2024-11-02,Comida,P-05,4,Refresco Cola,Bebida
T-13173,2025-12-27,Cena,P-12,2,Risotto de Setas,Principal
T-11106,2024-03-24,Cena,P-17,1,Brownie con Helado,Postre
T-17418,2025-11-26,Comida,P-25,1,Canelones de Carne,Principal
T-15032,2024-06-01,Cena,P-06,4,Vino Tinto Copa,Bebida
T-10436,2025-07-26,Cena,P-22,2,Te Verde,Bebida
T-11759,2024-01-05,Cena,P-22,2,Te Verde,Bebida
T-14659,2025-06-30,Comida,P-01,1,Hamburguesa Smart,Principal
T-16115,2024-12-12,Comida,P-13,1,Bacalao al Horno,Principal
T-14235,2024-04-01,Cena,P-15,4,Cerveza Artesana,Bebida
T-13453,2024-04-30,Cena,P-19,3,Entrecot Ternera,Principal
T-11757,2024-07-05,Cena,P-14,4,Tortilla de Patatas,Entrante
T-10933,2025-05-20,Cena,P-24,3,Nuggets de Pollo,Principal
T-12336,2024-05-30,Cena,P-04,1,Tarta de Queso Casera,Postre
T-17733,2025-12-19,Cena,P-17,2,Brownie con Helado,Postre
T-10222,2024-01-17,Cena,P-09,1,Gazpacho Andaluz,Entrante
T-14169,2024-08-13,Cena,P-06,1,Vino Tinto Copa,Bebida
T-15525,2025-08-05,Cena,P-13,4,Bacalao al Horno,Principal
T-14967,2025-11-04,Cena,P-03,1,Pasta Carbonara IA,Principal
T-14868,2024-05-12,Cena,P-24,3,Nuggets de Pollo,Principal
T-12575,2025-04-04,Comida,P-17,1,Brownie con Helado,Postre
T-12971,2025-10-10,Cena,P-03,3,Pasta Carbonara IA,Principal
T-16992,2025-09-02,Cena,P-24,3,Nuggets de Pollo,Principal
T-16497,2024-07-28,Comida,P-08,2,Croquetas de Jamon,Entrante
T-17306,2024-12-17,Comida,P-15,2,Cerveza Artesana,Bebida
T-17398,2024-04-23,Cena,P-11,4,Salmon a la Plancha,Principal
T-12948,2025-10-22,Cena,P-06,1,Vino Tinto Copa,Bebida
T-14899,2025-06-07,Comida,P-15,4,Cerveza Artesana,Bebida
T-10083,2025-02-28,Cena,P-25,4,Canelones de Carne,Principal
T-11117,2024-06-20,Cena,P-11,1,Salmon a la Plancha,Principal
T-12292,2025-12-12,Cena,P-06,4,Vino Tinto Copa,Bebida
T-17359,2024-01-10,Comida,P-02,2,Ensalada Cesar,Entrante
T-17541,2024-10-26,Cena,P-01,4,Hamburguesa Smart,Principal
T-12093,2025-05-12,Comida,P-21,2,Cafe Solo,Bebida
T-16603,2024-01-27,Cena,P-03,1,Pasta Carbonara IA,Principal
T-17408,2024-05-04,Cena,P-22,3,Te Verde,Bebida
T-13957,2024-06-24,Cena,P-08,4,Croquetas de Jamon,Entrante
T-10888,2024-08-20,Comida,P-07,2,Pizza Margarita,Principal
T-10654,2024-10-10,Comida,P-17,2,Brownie con Helado,Postre
T-14093,2025-11-14,Cena,P-10,2,Solomillo Iberico,Principal
T-10666,2025-07-22,Comida,P-04,4,Tarta de Queso Casera,Postre
T-14241,2025-12-01,Comida,P-19,4,Entrecot Ternera,Principal
T-13459,2024-11-07,Comida,P-19,2,Entrecot Ternera,Principal
T-12140,2025-04-20,Comida,P-13,2,Bacalao al Horno,Principal
T-13558,2024-02-14,Cena,P-16,1,Agua Mineral,Bebida
T-10752,2025-04-01,Cena,P-06,4,Vino Tinto Copa,Bebida
T-14122,2024-08-10,Comida,P-14,2,Tortilla de Patatas,Entrante
T-13803,2025-06-17,Comida,P-24,2,Nuggets de Pollo,Principal
T-11831,2025-10-13,Cena,P-15,4,Cerveza Artesana,Bebida
T-17632,2024-03-16,Comida,P-14,1,Tortilla de Patatas,Entrante
T-11023,2024-03-16,Cena,P-04,2,Tarta de Queso Casera,Postre
T-10044,2024-03-01,Cena,P-19,2,Entrecot Ternera,Principal
T-12930,2025-08-02,Cena,P-11,1,Salmon a la Plancha,Principal
T-11969,2024-01-25,Comida,P-15,1,Cerveza Artesana,Bebida
T-11022,2024-03-30,Cena,P-06,2,Vino Tinto Copa,Bebida
T-13578,2024-11-19,Cena,P-03,2,Pasta Carbonara IA,Principal
T-15264,2025-01-25,Comida,P-20,3,Paella de Marisco,Principal
T-11085,2024-08-01,Cena,P-08,2,Croquetas de Jamon,Entrante
T-16668,2024-09-28,Comida,P-05,2,Refresco Cola,Bebida
T-13962,2025-06-21,Comida,P-18,1,Ensaladilla Rusa,Entrante
T-11663,2025-09-18,Cena,P-16,3,Agua Mineral,Bebida
T-17073,2025-10-24,Cena,P-01,4,Hamburguesa Smart,Principal
T-14758,2025-05-27,Comida,P-15,3,Cerveza Artesana,Bebida
T-16468,2025-07-31,Cena,P-06,1,Vino Tinto Copa,Bebida
T-13173,2025-03-06,Cena,P-11,4,Salmon a la Plancha,Principal
T-13213,2025-02-15,Cena,P-18,4,Ensaladilla Rusa,Entrante
T-14298,2024-03-02,Cena,P-22,1,Te Verde,Bebida
T-10430,2025-07-20,Comida,P-19,4,Entrecot Ternera,Principal
T-12625,2024-07-15,Comida,P-13,4,Bacalao al Horno,Principal
T-13957,2025-07-01,Cena,P-02,3,Ensalada Cesar,Entrante
T-10318,2024-11-04,Cena,P-12,4,Risotto de Setas,Principal
T-13291,2025-11-14,Cena,P-07,1,Pizza Margarita,Principal
T-16569,2025-04-24,Cena,P-15,1,Cerveza Artesana,Bebida
T-10094,2024-05-04,Comida,P-04,3,Tarta de Queso Casera,Postre
T-12998,2025-01-06,Cena,P-21,3,Cafe Solo,Bebida
T-12954,2024-04-23,Comida,P-02,1,Ensalada Cesar,Entrante
T-17946,2025-04-18,Cena,P-07,4,Pizza Margarita,Principal
T-16311,2025-02-24,Cena,P-18,4,Ensaladilla Rusa,Entrante
T-14565,2024-08-10,Cena,P-23,3,Tiramisu de la Casa,Postre
T-16261,2025-03-29,Cena,P-20,2,Paella de Marisco,Principal
T-14231,2025-06-22,Comida,P-12,4,Risotto de Setas,Principal
T-13650,2025-12-04,Cena,P-20,4,Paella de Marisco,Principal
T-12380,2025-02-18,Cena,P-25,2,Canelones de Carne,Principal
T-14757,2024-03-05,Cena,P-12,2,Risotto de Setas,Principal
T-12995,2024-01-31,Cena,P-10,3,Solomillo Iberico,Principal
T-16532,2024-05-20,Cena,P-01,2,Hamburguesa Smart,Principal
T-15143,2024-05-06,Comida,P-09,4,Gazpacho Andaluz,Entrante
T-14294,2024-09-14,Cena,P-16,1,Agua Mineral,Bebida
T-17146,2025-09-14,Comida,P-06,3,Vino Tinto Copa,Bebida
T-13956,2024-07-12,Comida,P-14,2,Tortilla de Patatas,Entrante
T-17836,2024-01-05,Cena,P-13,2,Bacalao al Horno,Principal
T-16702,2024-12-25,Comida,P-04,3,Tarta de Queso Casera,Postre
T-10572,2024-06-08,Comida,P-12,2,Risotto de Setas,Principal
T-13404,2024-01-14,Comida,P-09,2,Gazpacho Andaluz,Entrante
T-11774,2024-08-07,Cena,P-14,3,Tortilla de Patatas,Entrante
T-15386,2025-01-04,Comida,P-14,4,Tortilla de Patatas,Entrante
T-14050,2025-01-02,Cena,P-10,1,Solomillo Iberico,Principal
T-14190,2025-04-24,Cena,P-05,1,Refresco Cola,Bebida
T-14837,2024-11-14,Cena,P-05,4,Refresco Cola,Bebida
T-12414,2025-02-22,Comida,P-15,4,Cerveza Artesana,Bebida
T-13411,2025-07-03,Cena,P-02,3,Ensalada Cesar,Entrante
T-16415,2025-01-13,Cena,P-12,2,Risotto de Setas,Principal
T-16105,2024-06-21,Cena,P-05,3,Refresco Cola,Bebida
T-12866,2024-10-10,Cena,P-01,3,Hamburguesa Smart,Principal
T-14940,2025-07-15,Cena,P-13,1,Bacalao al Horno,Principal
T-13748,2024-12-29,Cena,P-06,1,Vino Tinto Copa,Bebida
T-14725,2024-04-14,Comida,P-20,2,Paella de Marisco,Principal
T-10143,2024-09-07,Comida,P-18,3,Ensaladilla Rusa,Entrante
T-14772,2025-12-18,Cena,P-07,1,Pizza Margarita,Principal
T-15396,2024-05-27,Comida,P-06,1,Vino Tinto Copa,Bebida
T-14039,2025-05-21,Comida,P-19,4,Entrecot Ternera,Principal
T-17221,2024-11-16,Cena,P-04,2,Tarta de Queso Casera,Postre
T-16657,2025-01-18,Cena,P-04,2,Tarta de Queso Casera,Postre
T-14768,2024-11-15,Comida,P-21,4,Cafe Solo,Bebida
T-14242,2024-09-08,Cena,P-13,3,Bacalao al Horno,Principal
T-10968,2024-07-04,Cena,P-22,2,Te Verde,Bebida
T-16663,2025-03-24,Cena,P-03,4,Pasta Carbonara IA,Principal
T-16070,2024-01-24,Cena,P-10,1,Solomillo Iberico,Principal
T-17944,2024-02-23,Cena,P-21,1,Cafe Solo,Bebida
T-12864,2025-06-04,Comida,P-23,1,Tiramisu de la Casa,Postre
T-17353,2025-06-03,Comida,P-22,1,Te Verde,Bebida
T-16726,2024-08-25,Cena,P-18,3,Ensaladilla Rusa,Entrante
T-13756,2025-04-26,Cena,P-13,4,Bacalao al Horno,Principal
T-12195,2024-10-08,Cena,P-23,4,Tiramisu de la Casa,Postre
T-10144,2024-03-24,Comida,P-23,3,Tiramisu de la Casa,Postre
T-12223,2025-12-14,Cena,P-10,2,Solomillo Iberico,Principal
T-16658,2024-01-28,Cena,P-04,2,Tarta de Queso Casera,Postre
T-15933,2024-09-22,Cena,P-13,3,Bacalao al Horno,Principal
T-15292,2025-08-25,Comida,P-17,4,Brownie con Helado,Postre
T-10974,2024-09-23,Cena,P-17,1,Brownie con Helado,Postre
T-13303,2025-12-22,Cena,P-18,2,Ensaladilla Rusa,Entrante
T-16401,2025-01-17,Cena,P-18,2,Ensaladilla Rusa,Entrante
T-14095,2025-07-20,Comida,P-06,3,Vino Tinto Copa,Bebida
T-10067,2024-11-30,Cena,P-21,4,Cafe Solo,Bebida
T-13917,2025-05-26,Comida,P-12,3,Risotto de Setas,Principal
T-15068,2024-06-24,Cena,P-20,3,Paella de Marisco,Principal
T-16807,2024-03-30,Comida,P-15,3,Cerveza Artesana,Bebida
T-17823,2024-09-27,Cena,P-23,3,Tiramisu de la Casa,Postre
T-10459,2025-12-31,Comida,P-18,3,Ensaladilla Rusa,Entrante
T-10495,2024-06-15,Comida,P-06,3,Vino Tinto Copa,Bebida
T-12128,2024-01-23,Cena,P-08,1,Croquetas de Jamon,Entrante
T-12237,2024-09-09,Comida,P-25,4,Canelones de Carne,Principal
T-10034,2024-09-03,Comida,P-21,1,Cafe Solo,Bebida
T-17076,2025-12-03,Comida,P-14,1,Tortilla de Patatas,Entrante
T-10003,2025-11-09,Comida,P-12,3,Risotto de Setas,Principal
T-14413,2024-03-29,Comida,P-16,1,Agua Mineral,Bebida
T-10020,2025-12-20,Comida,P-10,2,Solomillo Iberico,Principal
T-11582,2025-09-10,Cena,P-19,4,Entrecot Ternera,Principal
T-11022,2025-02-01,Comida,P-17,3,Brownie con Helado,Postre
T-14534,2024-12-17,Cena,P-19,1,Entrecot Ternera,Principal
T-16772,2024-03-21,Cena,P-11,1,Salmon a la Plancha,Principal
T-10036,2024-01-11,Cena,P-14,3,Tortilla de Patatas,Entrante
T-13437,2024-10-13,Comida,P-09,2,Gazpacho Andaluz,Entrante
T-11135,2024-10-10,Cena,P-11,1,Salmon a la Plancha,Principal
T-12228,2024-02-12,Comida,P-02,3,Ensalada Cesar,Entrante
T-15820,2024-05-16,Cena,P-18,4,Ensaladilla Rusa,Entrante
T-14269,2024-08-05,Cena,P-07,4,Pizza Margarita,Principal
T-13983,2025-09-15,Comida,P-07,4,Pizza Margarita,Principal
T-15963,2024-10-30,Comida,P-14,2,Tortilla de Patatas,Entrante
T-11058,2024-12-12,Cena,P-03,3,Pasta Carbonara IA,Principal
T-10155,2025-02-27,Cena,P-24,1,Nuggets de Pollo,Principal
T-12721,2025-03-17,Cena,P-04,4,Tarta de Queso Casera,Postre
T-10356,2024-12-13,Comida,P-25,2,Canelones de Carne,Principal
T-10199,2025-02-26,Cena,P-05,1,Refresco Cola,Bebida
T-11843,2025-01-29,Comida,P-14,1,Tortilla de Patatas,Entrante
T-11445,2025-10-09,Cena,P-09,2,Gazpacho Andaluz,Entrante
T-14428,2025-06-24,Comida,P-03,4,Pasta Carbonara IA,Principal
T-17893,2024-05-29,Comida,P-18,3,Ensaladilla Rusa,Entrante
T-13326,2025-12-29,Cena,P-21,4,Cafe Solo,Bebida
T-16273,2025-03-19,Cena,P-20,3,Paella de Marisco,Principal
T-16431,2025-07-13,Cena,P-20,4,Paella de Marisco,Principal
T-15797,2024-04-04,Comida,P-19,3,Entrecot Ternera,Principal
T-13884,2025-10-09,Comida,P-01,4,Hamburguesa Smart,Principal
T-13611,2025-02-27,Cena,P-08,4,Croquetas de Jamon,Entrante
T-13917,2025-02-05,Cena,P-10,2,Solomillo Iberico,Principal
T-10542,2024-12-31,Comida,P-02,3,Ensalada Cesar,Entrante
T-11038,2024-03-07,Comida,P-16,1,Agua Mineral,Bebida
T-14251,2025-05-25,Cena,P-06,4,Vino Tinto Copa,Bebida
T-10878,2024-02-08,Comida,P-02,3,Ensalada Cesar,Entrante
T-15430,2024-01-09,Cena,P-19,1,Entrecot Ternera,Principal
T-15209,2024-12-03,Cena,P-15,2,Cerveza Artesana,Bebida
T-14657,2024-12-29,Cena,P-23,1,Tiramisu de la Casa,Postre
T-13120,2024-02-23,Cena,P-22,2,Te Verde,Bebida
T-16835,2025-06-02,Cena,P-03,2,Pasta Carbonara IA,Principal
T-11374,2025-12-19,Comida,P-14,1,Tortilla de Patatas,Entrante
T-17558,2025-07-15,Comida,P-15,2,Cerveza Artesana,Bebida
T-15654,2024-06-27,Comida,P-04,1,Tarta de Queso Casera,Postre
T-10789,2024-11-17,Comida,P-14,3,Tortilla de Patatas,Entrante
T-17289,2024-04-15,Comida,P-10,4,Solomillo Iberico,Principal
T-10635,2024-12-13,Cena,P-24,3,Nuggets de Pollo,Principal
T-16842,2024-05-06,Cena,P-13,1,Bacalao al Horno,Principal
T-10693,2025-04-21,Comida,P-08,1,Croquetas de Jamon,Entrante
T-16348,2024-09-06,Cena,P-10,4,Solomillo Iberico,Principal
T-14934,2024-04-19,Comida,P-14,1,Tortilla de Patatas,Entrante
T-12307,2024-11-01,Cena,P-09,2,Gazpacho Andaluz,Entrante
T-13623,2024-05-06,Comida,P-01,2,Hamburguesa Smart,Principal
T-15794,2025-11-25,Cena,P-08,4,Croquetas de Jamon,Entrante
T-12156,2024-10-22,Cena,P-03,2,Pasta Carbonara IA,Principal
T-17792,2024-10-28,Comida,P-06,4,Vino Tinto Copa,Bebida
T-16711,2024-12-11,Cena,P-18,4,Ensaladilla Rusa,Entrante
T-16334,2024-01-13,Cena,P-14,1,Tortilla de Patatas,Entrante
T-10436,2024-09-10,Cena,P-23,4,Tiramisu de la Casa,Postre
T-14188,2024-02-18,Cena,P-17,1,Brownie con Helado,Postre
T-12998,2024-06-09,Cena,P-08,1,Croquetas de Jamon,Entrante
T-16722,2024-06-21,Comida,P-10,4,Solomillo Iberico,Principal
T-15410,2024-10-19,Cena,P-09,4,Gazpacho Andaluz,Entrante
T-17862,2024-09-19,Cena,P-13,1,Bacalao al Horno,Principal
T-13952,2024-11-26,Comida,P-05,4,Refresco Cola,Bebida
T-11270,2025-08-14,Cena,P-23,2,Tiramisu de la Casa,Postre
T-11738,2024-04-23,Cena,P-12,1,Risotto de Setas,Principal
T-11203,2025-05-10,Comida,P-12,3,Risotto de Setas,Principal
T-16891,2025-04-14,Cena,P-15,1,Cerveza Artesana,Bebida
T-15576,2025-03-13,Cena,P-12,2,Risotto de Setas,Principal
T-12772,2024-03-27,Cena,P-11,3,Salmon a la Plancha,Principal
T-16336,2025-09-23,Comida,P-16,4,Agua Mineral,Bebida
T-11564,2024-11-29,Cena,P-25,4,Canelones de Carne,Principal
T-14991,2024-11-27,Comida,P-10,3,Solomillo Iberico,Principal
T-10271,2025-01-15,Comida,P-17,2,Brownie con Helado,Postre
T-11359,2025-01-14,Comida,P-21,2,Cafe Solo,Bebida
T-11822,2025-12-07,Cena,P-19,4,Entrecot Ternera,Principal
T-11331,2024-07-25,Comida,P-05,3,Refresco Cola,Bebida
T-12575,2025-08-17,Cena,P-20,1,Paella de Marisco,Principal
T-13713,2024-02-21,Comida,P-10,3,Solomillo Iberico,Principal
T-13680,2025-01-29,Cena,P-22,1,Te Verde,Bebida
T-13083,2025-08-09,Cena,P-02,4,Ensalada Cesar,Entrante
T-14457,2025-10-09,Comida,P-23,2,Tiramisu de la Casa,Postre
T-11801,2024-11-26,Comida,P-18,4,Ensaladilla Rusa,Entrante
T-12956,2024-09-16,Comida,P-11,3,Salmon a la Plancha,Principal
T-17101,2025-08-04,Cena,P-25,4,Canelones de Carne,Principal
T-14350,2025-03-31,Comida,P-13,2,Bacalao al Horno,Principal
T-14627,2025-10-24,Comida,P-20,1,Paella de Marisco,Principal
T-10048,2024-02-23,Cena,P-08,3,Croquetas de Jamon,Entrante
T-16568,2024-10-24,Comida,P-19,2,Entrecot Ternera,Principal
T-13336,2025-12-09,Cena,P-04,3,Tarta de Queso Casera,Postre
T-15860,2025-10-16,Cena,P-14,2,Tortilla de Patatas,Entrante
T-12770,2025-08-31,Cena,P-19,3,Entrecot Ternera,Principal
T-16611,2025-04-04,Comida,P-12,4,Risotto de Setas,Principal
T-10019,2025-04-11,Cena,P-11,1,Salmon a la Plancha,Principal
T-12494,2025-06-03,Cena,P-07,2,Pizza Margarita,Principal
T-12135,2025-06-01,Cena,P-10,1,Solomillo Iberico,Principal
T-13176,2025-11-08,Cena,P-04,1,Tarta de Queso Casera,Postre
T-11312,2024-06-07,Cena,P-17,3,Brownie con Helado,Postre
T-13768,2024-08-15,Cena,P-14,3,Tortilla de Patatas,Entrante
T-17156,2024-05-31,Cena,P-04,3,Tarta de Queso Casera,Postre
T-11815,2024-01-14,Comida,P-02,3,Ensalada Cesar,Entrante
T-17081,2025-06-01,Comida,P-03,4,Pasta Carbonara IA,Principal
T-10629,2025-12-12,Comida,P-19,4,Entrecot Ternera,Principal
T-16249,2025-03-09,Cena,P-25,4,Canelones de Carne,Principal
T-15491,2025-01-24,Comida,P-01,2,Hamburguesa Smart,Principal
T-14759,2024-07-08,Comida,P-19,2,Entrecot Ternera,Principal
T-14896,2025-01-16,Cena,P-05,4,Refresco Cola,Bebida
T-14578,2025-03-31,Comida,P-06,4,Vino Tinto Copa,Bebida
T-14473,2025-09-08,Comida,P-13,2,Bacalao al Horno,Principal
T-10047,2025-01-07,Comida,P-20,2,Paella de Marisco,Principal
T-16447,2025-10-20,Comida,P-12,4,Risotto de Setas,Principal
T-16723,2025-08-29,Comida,P-18,1,Ensaladilla Rusa,Entrante
T-17509,2025-05-19,Cena,P-01,1,Hamburguesa Smart,Principal
T-17306,2024-08-08,Comida,P-25,4,Canelones de Carne,Principal
T-16463,2024-12-17,Comida,P-18,4,Ensaladilla Rusa,Entrante
T-17907,2024-03-01,Cena,P-15,3,Cerveza Artesana,Bebida
T-17797,2025-09-13,Cena,P-05,4,Refresco Cola,Bebida
T-11598,2024-05-01,Cena,P-19,1,Entrecot Ternera,Principal
T-15516,2024-05-13,Cena,P-25,1,Canelones de Carne,Principal
T-17066,2024-06-05,Comida,P-20,3,Paella de Marisco,Principal
T-15348,2025-01-22,Cena,P-17,2,Brownie con Helado,Postre
T-17959,2024-06-04,Cena,P-15,4,Cerveza Artesana,Bebida
T-16443,2025-02-11,Comida,P-07,3,Pizza Margarita,Principal
T-15000,2025-06-07,Cena,P-09,4,Gazpacho Andaluz,Entrante
T-11790,2024-12-07,Comida,P-07,2,Pizza Margarita,Principal
T-16060,2025-09-05,Comida,P-23,3,Tiramisu de la Casa,Postre
T-10556,2025-12-20,Cena,P-10,4,Solomillo Iberico,Principal
T-16618,2024-02-25,Comida,P-25,4,Canelones de Carne,Principal
T-12106,2024-06-15,Cena,P-06,4,Vino Tinto Copa,Bebida
T-16465,2025-02-21,Cena,P-07,1,Pizza Margarita,Principal
T-13992,2024-08-18,Cena,P-23,1,Tiramisu de la Casa,Postre
T-15972,2024-09-19,Comida,P-14,1,Tortilla de Patatas,Entrante
T-14920,2025-12-25,Cena,P-02,1,Ensalada Cesar,Entrante
T-13024,2025-03-23,Cena,P-16,3,Agua Mineral,Bebida
T-15686,2024-10-24,Cena,P-07,4,Pizza Margarita,Principal
T-12668,2025-12-26,Comida,P-06,2,Vino Tinto Copa,Bebida
T-14425,2025-10-05,Cena,P-25,3,Canelones de Carne,Principal
T-13334,2024-07-05,Cena,P-10,4,Solomillo Iberico,Principal
T-13407,2024-06-11,Cena,P-09,2,Gazpacho Andaluz,Entrante
T-13808,2025-09-09,Comida,P-12,3,Risotto de Setas,Principal
T-17916,2024-12-05,Cena,P-13,3,Bacalao al Horno,Principal
T-14491,2024-06-16,Cena,P-14,4,Tortilla de Patatas,Entrante
T-15459,2024-10-23,Cena,P-25,3,Canelones de Carne,Principal
T-14622,2025-11-30,Cena,P-14,1,Tortilla de Patatas,Entrante
T-17854,2025-08-27,Comida,P-14,3,Tortilla de Patatas,Entrante
T-11782,2025-10-05,Cena,P-10,2,Solomillo Iberico,Principal
T-13179,2025-05-20,Cena,P-02,1,Ensalada Cesar,Entrante
T-11813,2024-04-01,Comida,P-05,3,Refresco Cola,Bebida
T-11318,2024-12-20,Cena,P-20,4,Paella de Marisco,Principal
T-17846,2024-10-16,Comida,P-19,2,Entrecot Ternera,Principal
T-13407,2024-06-30,Comida,P-07,3,Pizza Margarita,Principal
T-12848,2025-09-12,Cena,P-10,1,Solomillo Iberico,Principal
T-13433,2025-01-06,Comida,P-13,2,Bacalao al Horno,Principal
T-11270,2025-03-25,Cena,P-07,3,Pizza Margarita,Principal
T-11813,2025-04-04,Comida,P-24,3,Nuggets de Pollo,Principal
T-17667,2025-01-24,Comida,P-23,1,Tiramisu de la Casa,Postre
T-16463,2025-10-03,Cena,P-23,3,Tiramisu de la Casa,Postre
T-13109,2025-03-04,Comida,P-03,3,Pasta Carbonara IA,Principal
T-16361,2024-03-29,Cena,P-03,3,Pasta Carbonara IA,Principal
T-10974,2024-02-08,Cena,P-04,4,Tarta de Queso Casera,Postre
T-14105,2024-11-06,Cena,P-10,2,Solomillo Iberico,Principal
T-12111,2024-09-06,Cena,P-09,4,Gazpacho Andaluz,Entrante
T-17897,2025-01-07,Cena,P-08,1,Croquetas de Jamon,Entrante
T-10207,2024-11-18,Comida,P-25,1,Canelones de Carne,Principal
T-15048,2024-10-15,Comida,P-23,1,Tiramisu de la Casa,Postre
T-10703,2025-07-09,Comida,P-23,4,Tiramisu de la Casa,Postre
T-12854,2024-09-27,Cena,P-06,3,Vino Tinto Copa,Bebida
T-17120,2024-07-16,Cena,P-23,1,Tiramisu de la Casa,Postre
T-14953,2024-09-11,Cena,P-07,1,Pizza Margarita,Principal
T-11076,2024-10-14,Comida,P-04,4,Tarta de Queso Casera,Postre
T-15025,2025-09-13,Cena,P-24,1,Nuggets de Pollo,Principal
T-13846,2024-04-02,Comida,P-14,1,Tortilla de Patatas,Entrante
T-16710,2025-04-28,Cena,P-06,3,Vino Tinto Copa,Bebida
T-12754,2024-04-27,Comida,P-25,2,Canelones de Carne,Principal
T-17493,2025-11-04,Comida,P-21,4,Cafe Solo,Bebida
T-13752,2025-11-23,Cena,P-24,1,Nuggets de Pollo,Principal
T-11031,2024-12-02,Comida,P-13,1,Bacalao al Horno,Principal
T-11778,2025-04-20,Comida,P-14,4,Tortilla de Patatas,Entrante
T-17312,2025-08-23,Comida,P-03,3,Pasta Carbonara IA,Principal
T-12476,2024-04-17,Cena,P-19,3,Entrecot Ternera,Principal
T-17191,2024-04-02,Comida,P-07,3,Pizza Margarita,Principal
T-11605,2025-05-23,Comida,P-11,1,Salmon a la Plancha,Principal
T-17516,2024-03-07,Cena,P-11,1,Salmon a la Plancha,Principal
T-16789,2024-03-26,Comida,P-06,1,Vino Tinto Copa,Bebida
T-11677,2024-07-28,Comida,P-25,2,Canelones de Carne,Principal
T-15897,2024-12-30,Cena,P-23,3,Tiramisu de la Casa,Postre
T-16413,2025-06-20,Cena,P-24,4,Nuggets de Pollo,Principal
T-16803,2025-02-19,Comida,P-07,4,Pizza Margarita,Principal
T-16075,2025-05-09,Comida,P-05,2,Refresco Cola,Bebida
T-17281,2025-04-11,Cena,P-14,4,Tortilla de Patatas,Entrante
T-15098,2025-02-01,Comida,P-10,3,Solomillo Iberico,Principal
T-16967,2025-03-26,Cena,P-19,2,Entrecot Ternera,Principal
T-10197,2024-10-07,Cena,P-21,2,Cafe Solo,Bebida
T-10320,2024-03-13,Cena,P-23,3,Tiramisu de la Casa,Postre
T-10890,2025-10-04,Cena,P-04,2,Tarta de Queso Casera,Postre
T-15070,2025-05-07,Cena,P-23,2,Tiramisu de la Casa,Postre
T-17649,2024-04-08,Comida,P-01,4,Hamburguesa Smart,Principal
T-10859,2024-07-12,Cena,P-13,4,Bacalao al Horno,Principal
T-13242,2024-07-13,Comida,P-25,4,Canelones de Carne,Principal
T-14069,2025-08-12,Cena,P-14,2,Tortilla de Patatas,Entrante
T-10275,2025-01-28,Cena,P-11,4,Salmon a la Plancha,Principal
T-15986,2024-04-05,Comida,P-25,1,Canelones de Carne,Principal
T-12420,2024-06-03,Comida,P-02,2,Ensalada Cesar,Entrante
T-13215,2025-08-25,Comida,P-01,4,Hamburguesa Smart,Principal
T-16503,2025-01-07,Comida,P-08,3,Croquetas de Jamon,Entrante
T-16280,2025-09-06,Cena,P-01,4,Hamburguesa Smart,Principal
T-10392,2024-06-11,Comida,P-24,1,Nuggets de Pollo,Principal
T-13322,2025-05-09,Comida,P-11,2,Salmon a la Plancha,Principal
T-15783,2024-09-21,Cena,P-07,4,Pizza Margarita,Principal
T-16325,2024-10-05,Comida,P-23,4,Tiramisu de la Casa,Postre
T-10344,2025-04-02,Comida,P-10,2,Solomillo Iberico,Principal
T-17532,2024-09-01,Cena,P-06,1,Vino Tinto Copa,Bebida
T-16228,2025-02-25,Cena,P-18,3,Ensaladilla Rusa,Entrante
T-12219,2024-09-22,Cena,P-21,1,Cafe Solo,Bebida
T-13290,2024-09-11,Cena,P-12,1,Risotto de Setas,Principal
T-11366,2025-07-09,Comida,P-15,3,Cerveza Artesana,Bebida
T-16052,2024-06-24,Comida,P-16,1,Agua Mineral,Bebida
T-14689,2025-07-23,Cena,P-08,1,Croquetas de Jamon,Entrante
T-14178,2024-01-10,Cena,P-03,2,Pasta Carbonara IA,Principal
T-16783,2024-10-28,Cena,P-21,1,Cafe Solo,Bebida
T-16586,2025-10-30,Comida,P-13,2,Bacalao al Horno,Principal
T-16422,2025-04-14,Cena,P-21,2,Cafe Solo,Bebida
T-14505,2025-03-17,Comida,P-20,4,Paella de Marisco,Principal
T-17429,2025-11-29,Comida,P-18,4,Ensaladilla Rusa,Entrante
T-11495,2024-07-17,Comida,P-18,3,Ensaladilla Rusa,Entrante
T-15967,2024-07-28,Cena,P-05,2,Refresco Cola,Bebida
T-14683,2025-06-13,Comida,P-05,4,Refresco Cola,Bebida
T-13853,2025-09-23,Comida,P-19,1,Entrecot Ternera,Principal
T-16304,2024-01-07,Cena,P-13,3,Bacalao al Horno,Principal
T-11617,2024-01-27,Comida,P-20,4,Paella de Marisco,Principal
T-12013,2025-05-14,Cena,P-03,3,Pasta Carbonara IA,Principal
T-15559,2024-07-13,Comida,P-23,1,Tiramisu de la Casa,Postre
T-10819,2025-04-17,Cena,P-16,3,Agua Mineral,Bebida
T-10959,2024-05-24,Comida,P-07,3,Pizza Margarita,Principal
T-15248,2025-06-17,Comida,P-23,4,Tiramisu de la Casa,Postre
T-11677,2024-03-15,Comida,P-16,3,Agua Mineral,Bebida
T-14183,2024-01-07,Comida,P-18,4,Ensaladilla Rusa,Entrante
T-10381,2025-07-29,Cena,P-17,4,Brownie con Helado,Postre
T-17688,2025-04-22,Comida,P-23,1,Tiramisu de la Casa,Postre
T-17203,2024-06-16,Comida,P-08,4,Croquetas de Jamon,Entrante
T-10670,2025-07-05,Comida,P-02,3,Ensalada Cesar,Entrante
T-12925,2024-04-23,Comida,P-02,2,Ensalada Cesar,Entrante
T-16248,2025-02-16,Cena,P-06,2,Vino Tinto Copa,Bebida
T-10161,2025-07-23,Cena,P-18,4,Ensaladilla Rusa,Entrante
T-13229,2025-01-18,Cena,P-19,2,Entrecot Ternera,Principal
T-14807,2025-09-23,Cena,P-11,2,Salmon a la Plancha,Principal
T-16889,2024-09-04,Cena,P-19,1,Entrecot Ternera,Principal
T-14975,2024-09-21,Comida,P-05,4,Refresco Cola,Bebida
T-12020,2025-10-11,Cena,P-07,2,Pizza Margarita,Principal
T-15783,2024-08-21,Cena,P-14,4,Tortilla de Patatas,Entrante
T-15416,2025-05-22,Cena,P-03,4,Pasta Carbonara IA,Principal
T-17473,2025-01-02,Cena,P-22,1,Te Verde,Bebida
T-15204,2024-10-23,Cena,P-24,1,Nuggets de Pollo,Principal
T-12854,2024-06-07,Cena,P-21,4,Cafe Solo,Bebida
T-17155,2025-01-08,Comida,P-10,4,Solomillo Iberico,Principal
T-13041,2025-03-06,Comida,P-14,1,Tortilla de Patatas,Entrante
T-17764,2024-11-08,Comida,P-24,2,Nuggets de Pollo,Principal
T-11560,2024-12-24,Cena,P-25,1,Canelones de Carne,Principal
T-11765,2024-07-02,Cena,P-17,2,Brownie con Helado,Postre
T-14823,2024-08-07,Comida,P-24,4,Nuggets de Pollo,Principal
T-15110,2024-11-08,Comida,P-06,1,Vino Tinto Copa,Bebida
T-17877,2025-02-11,Comida,P-01,3,Hamburguesa Smart,Principal
T-16966,2025-05-07,Cena,P-09,4,Gazpacho Andaluz,Entrante
T-10217,2025-03-16,Comida,P-17,3,Brownie con Helado,Postre
T-13059,2025-02-21,Cena,P-18,3,Ensaladilla Rusa,Entrante
T-11367,2024-12-29,Cena,P-10,4,Solomillo Iberico,Principal
T-10266,2024-09-09,Cena,P-04,2,Tarta de Queso Casera,Postre
T-13487,2025-12-08,Cena,P-14,4,Tortilla de Patatas,Entrante
T-13625,2024-04-09,Comida,P-09,3,Gazpacho Andaluz,Entrante
T-15360,2025-04-09,Comida,P-03,2,Pasta Carbonara IA,Principal
T-13526,2025-05-22,Cena,P-25,1,Canelones de Carne,Principal
T-10774,2025-04-15,Cena,P-14,1,Tortilla de Patatas,Entrante
T-16986,2024-02-29,Cena,P-12,4,Risotto de Setas,Principal
T-10805,2025-12-17,Cena,P-05,3,Refresco Cola,Bebida
T-16955,2024-01-17,Comida,P-06,1,Vino Tinto Copa,Bebida
T-11579,2025-02-28,Comida,P-02,2,Ensalada Cesar,Entrante
T-11192,2025-11-15,Cena,P-11,1,Salmon a la Plancha,Principal
T-13811,2025-12-20,Cena,P-22,4,Te Verde,Bebida
T-10763,2025-08-09,Cena,P-02,4,Ensalada Cesar,Entrante
T-17108,2025-03-03,Cena,P-12,1,Risotto de Setas,Principal
T-15420,2025-10-06,Comida,P-23,1,Tiramisu de la Casa,Postre
T-13032,2025-03-29,Comida,P-13,3,Bacalao al Horno,Principal
T-17975,2025-10-19,Comida,P-20,2,Paella de Marisco,Principal
T-10264,2025-11-12,Cena,P-03,3,Pasta Carbonara IA,Principal
T-10313,2024-03-04,Comida,P-18,1,Ensaladilla Rusa,Entrante
T-16298,2025-06-02,Comida,P-17,3,Brownie con Helado,Postre
T-16740,2024-10-09,Comida,P-02,3,Ensalada Cesar,Entrante
T-12409,2025-10-09,Cena,P-11,3,Salmon a la Plancha,Principal
T-12838,2024-05-23,Comida,P-24,1,Nuggets de Pollo,Principal
T-15051,2025-12-11,Cena,P-08,2,Croquetas de Jamon,Entrante
T-12930,2024-07-16,Cena,P-13,4,Bacalao al Horno,Principal
T-12531,2024-07-05,Comida,P-18,1,Ensaladilla Rusa,Entrante
T-11641,2024-07-18,Comida,P-21,4,Cafe Solo,Bebida
T-10860,2024-03-13,Cena,P-21,2,Cafe Solo,Bebida
T-15085,2024-04-23,Cena,P-04,2,Tarta de Queso Casera,Postre
T-16968,2025-04-22,Comida,P-10,4,Solomillo Iberico,Principal
T-15648,2024-08-16,Comida,P-12,2,Risotto de Setas,Principal
T-10333,2024-05-06,Cena,P-20,4,Paella de Marisco,Principal
T-10240,2024-10-22,Comida,P-06,1,Vino Tinto Copa,Bebida
T-10304,2024-12-25,Cena,P-08,2,Croquetas de Jamon,Entrante
T-11654,2024-03-18,Cena,P-03,1,Pasta Carbonara IA,Principal
T-16548,2024-11-30,Cena,P-18,4,Ensaladilla Rusa,Entrante
T-16407,2025-03-25,Comida,P-09,4,Gazpacho Andaluz,Entrante
T-11484,2025-06-18,Cena,P-09,1,Gazpacho Andaluz,Entrante
T-10533,2025-11-11,Comida,P-14,2,Tortilla de Patatas,Entrante
T-11589,2024-03-17,Comida,P-16,4,Agua Mineral,Bebida
T-17108,2024-12-04,Comida,P-21,1,Cafe Solo,Bebida
T-15219,2024-08-25,Cena,P-09,1,Gazpacho Andaluz,Entrante
T-16433,2024-09-08,Cena,P-23,2,Tiramisu de la Casa,Postre
T-10343,2025-02-06,Cena,P-11,1,Salmon a la Plancha,Principal
T-10805,2025-09-12,Cena,P-15,4,Cerveza Artesana,Bebida
T-10762,2024-07-21,Cena,P-10,3,Solomillo Iberico,Principal
T-10581,2024-05-17,Comida,P-04,2,Tarta de Queso Casera,Postre
T-13626,2025-04-09,Cena,P-17,1,Brownie con Helado,Postre
T-16421,2025-10-08,Cena,P-05,4,Refresco Cola,Bebida
T-11515,2025-12-30,Comida,P-25,3,Canelones de Carne,Principal
T-12710,2024-10-29,Cena,P-03,3,Pasta Carbonara IA,Principal
T-13825,2025-06-03,Comida,P-11,3,Salmon a la Plancha,Principal
T-11664,2025-09-20,Comida,P-10,3,Solomillo Iberico,Principal
T-13296,2025-06-06,Comida,P-03,2,Pasta Carbonara IA,Principal
T-14690,2025-10-07,Comida,P-03,3,Pasta Carbonara IA,Principal
T-17023,2024-08-11,Comida,P-11,1,Salmon a la Plancha,Principal
T-17091,2025-03-20,Comida,P-06,4,Vino Tinto Copa,Bebida
T-17030,2025-09-23,Cena,P-11,4,Salmon a la Plancha,Principal
T-16499,2024-10-05,Comida,P-06,3,Vino Tinto Copa,Bebida
T-15345,2025-10-15,Cena,P-07,4,Pizza Margarita,Principal
T-13319,2024-05-01,Comida,P-09,4,Gazpacho Andaluz,Entrante
T-15313,2024-02-18,Comida,P-12,3,Risotto de Setas,Principal
T-15274,2024-03-22,Comida,P-24,1,Nuggets de Pollo,Principal
T-13070,2024-06-02,Comida,P-02,2,Ensalada Cesar,Entrante
T-15145,2024-03-03,Cena,P-16,2,Agua Mineral,Bebida
T-11502,2024-02-21,Comida,P-13,1,Bacalao al Horno,Principal
T-11685,2024-07-27,Cena,P-19,3,Entrecot Ternera,Principal
T-14678,2025-09-26,Cena,P-05,2,Refresco Cola,Bebida
T-15647,2024-07-08,Cena,P-22,1,Te Verde,Bebida
T-11016,2025-04-21,Cena,P-13,2,Bacalao al Horno,Principal
T-13179,2025-01-24,Comida,P-01,4,Hamburguesa Smart,Principal
T-16165,2024-05-28,Comida,P-25,2,Canelones de Carne,Principal
T-11192,2025-06-14,Cena,P-15,3,Cerveza Artesana,Bebida
T-16497,2025-02-11,Comida,P-10,2,Solomillo Iberico,Principal
T-15684,2025-04-06,Comida,P-09,1,Gazpacho Andaluz,Entrante
T-11872,2024-03-29,Comida,P-06,3,Vino Tinto Copa,Bebida
T-13463,2024-03-27,Comida,P-18,1,Ensaladilla Rusa,Entrante
T-17658,2024-06-10,Comida,P-15,1,Cerveza Artesana,Bebida
T-14240,2025-09-17,Cena,P-07,3,Pizza Margarita,Principal
T-16340,2024-11-21,Comida,P-22,4,Te Verde,Bebida
T-12661,2025-01-20,Cena,P-24,2,Nuggets de Pollo,Principal
T-16737,2024-07-12,Cena,P-12,2,Risotto de Setas,Principal
T-13599,2025-02-09,Cena,P-19,3,Entrecot Ternera,Principal
T-13563,2025-01-19,Cena,P-12,3,Risotto de Setas,Principal
T-14177,2025-06-13,Cena,P-10,3,Solomillo Iberico,Principal
T-10236,2025-05-20,Cena,P-19,2,Entrecot Ternera,Principal
T-13391,2024-12-06,Cena,P-20,4,Paella de Marisco,Principal
T-11741,2024-09-26,Comida,P-19,3,Entrecot Ternera,Principal
T-14877,2025-04-28,Cena,P-07,4,Pizza Margarita,Principal
T-14623,2024-09-03,Comida,P-25,3,Canelones de Carne,Principal
T-15262,2025-02-11,Cena,P-11,2,Salmon a la Plancha,Principal
T-13479,2025-10-20,Cena,P-19,2,Entrecot Ternera,Principal
T-15611,2025-10-09,Comida,P-19,1,Entrecot Ternera,Principal
T-12165,2024-02-18,Comida,P-02,4,Ensalada Cesar,Entrante
T-14815,2025-07-02,Comida,P-16,2,Agua Mineral,Bebida
T-17788,2025-01-07,Cena,P-01,3,Hamburguesa Smart,Principal
T-10360,2025-05-28,Comida,P-24,4,Nuggets de Pollo,Principal
T-17825,2024-09-22,Comida,P-22,4,Te Verde,Bebida
T-12147,2024-03-31,Comida,P-17,1,Brownie con Helado,Postre
T-13145,2024-12-06,Cena,P-12,4,Risotto de Setas,Principal
T-14561,2025-09-09,Cena,P-21,2,Cafe Solo,Bebida
T-16917,2024-06-29,Comida,P-19,1,Entrecot Ternera,Principal
T-15143,2025-08-20,Comida,P-11,3,Salmon a la Plancha,Principal
T-16253,2024-01-08,Cena,P-06,4,Vino Tinto Copa,Bebida
T-12673,2024-02-29,Comida,P-07,4,Pizza Margarita,Principal
T-12380,2024-09-20,Cena,P-03,2,Pasta Carbonara IA,Principal
T-11338,2025-02-04,Cena,P-03,3,Pasta Carbonara IA,Principal
T-13681,2025-11-16,Comida,P-19,2,Entrecot Ternera,Principal
T-15635,2024-10-07,Cena,P-02,3,Ensalada Cesar,Entrante
T-13529,2024-11-05,Cena,P-21,4,Cafe Solo,Bebida
T-15645,2025-01-15,Cena,P-23,2,Tiramisu de la Casa,Postre
T-17254,2025-10-26,Comida,P-10,2,Solomillo Iberico,Principal
T-17785,2024-04-23,Cena,P-03,4,Pasta Carbonara IA,Principal
T-16527,2025-04-28,Cena,P-11,2,Salmon a la Plancha,Principal
T-14089,2024-08-04,Cena,P-02,3,Ensalada Cesar,Entrante
T-14761,2025-09-24,Comida,P-09,4,Gazpacho Andaluz,Entrante
T-17840,2025-10-08,Comida,P-18,4,Ensaladilla Rusa,Entrante
T-10805,2025-11-28,Cena,P-03,1,Pasta Carbonara IA,Principal
T-14152,2025-01-07,Cena,P-21,2,Cafe Solo,Bebida
T-13521,2024-12-30,Cena,P-10,3,Solomillo Iberico,Principal
T-12200,2024-09-21,Cena,P-23,4,Tiramisu de la Casa,Postre
T-17690,2025-09-06,Cena,P-24,3,Nuggets de Pollo,Principal
T-10994,2025-08-05,Comida,P-12,1,Risotto de Setas,Principal
T-14461,2024-11-07,Cena,P-18,2,Ensaladilla Rusa,Entrante
T-12302,2024-11-14,Cena,P-01,1,Hamburguesa Smart,Principal
T-15152,2025-01-07,Cena,P-24,3,Nuggets de Pollo,Principal
T-11696,2025-12-01,Comida,P-13,4,Bacalao al Horno,Principal
T-11144,2025-12-14,Comida,P-13,1,Bacalao al Horno,Principal
T-17674,2024-10-13,Cena,P-03,1,Pasta Carbonara IA,Principal
T-15644,2025-09-05,Cena,P-03,2,Pasta Carbonara IA,Principal
T-13922,2025-05-08,Cena,P-18,4,Ensaladilla Rusa,Entrante
T-17914,2024-03-01,Cena,P-20,2,Paella de Marisco,Principal
T-11664,2024-04-28,Cena,P-16,2,Agua Mineral,Bebida
T-14213,2025-03-23,Cena,P-17,2,Brownie con Helado,Postre
T-12336,2025-06-19,Cena,P-25,4,Canelones de Carne,Principal
T-17072,2025-04-09,Cena,P-25,2,Canelones de Carne,Principal
T-12719,2025-07-12,Comida,P-21,1,Cafe Solo,Bebida
T-17979,2025-09-23,Cena,P-10,2,Solomillo Iberico,Principal
T-14693,2024-08-19,Cena,P-22,2,Te Verde,Bebida
T-10244,2024-02-15,Cena,P-25,1,Canelones de Carne,Principal
T-12878,2024-08-05,Comida,P-25,3,Canelones de Carne,Principal
T-14868,2025-11-12,Cena,P-17,2,Brownie con Helado,Postre
T-15018,2024-06-19,Comida,P-21,4,Cafe Solo,Bebida
T-12489,2024-11-13,Cena,P-18,2,Ensaladilla Rusa,Entrante
T-13219,2024-07-11,Cena,P-12,2,Risotto de Setas,Principal
T-16168,2024-01-02,Comida,P-03,3,Pasta Carbonara IA,Principal
T-11195,2024-05-22,Comida,P-09,3,Gazpacho Andaluz,Entrante
T-17854,2024-06-28,Comida,P-16,4,Agua Mineral,Bebida
T-14336,2025-08-23,Cena,P-18,2,Ensaladilla Rusa,Entrante
T-12921,2024-05-18,Cena,P-05,1,Refresco Cola,Bebida
T-15791,2024-05-11,Comida,P-05,2,Refresco Cola,Bebida
T-17979,2025-08-31,Cena,P-09,3,Gazpacho Andaluz,Entrante
T-12810,2024-11-20,Comida,P-15,2,Cerveza Artesana,Bebida
T-13316,2024-03-22,Cena,P-06,1,Vino Tinto Copa,Bebida
T-15076,2025-07-15,Cena,P-24,4,Nuggets de Pollo,Principal
T-10089,2025-05-22,Cena,P-07,1,Pizza Margarita,Principal
T-15832,2025-06-02,Cena,P-20,3,Paella de Marisco,Principal
T-16051,2024-01-01,Cena,P-21,4,Cafe Solo,Bebida
T-17932,2024-01-14,Cena,P-17,1,Brownie con Helado,Postre
T-15688,2025-05-13,Comida,P-02,1,Ensalada Cesar,Entrante
T-15101,2024-08-22,Cena,P-14,3,Tortilla de Patatas,Entrante
T-11273,2024-11-18,Cena,P-18,3,Ensaladilla Rusa,Entrante
T-12322,2024-11-25,Comida,P-05,2,Refresco Cola,Bebida
T-12894,2025-06-01,Cena,P-23,3,Tiramisu de la Casa,Postre
T-16695,2024-10-21,Cena,P-19,4,Entrecot Ternera,Principal
T-15755,2024-09-14,Cena,P-13,4,Bacalao al Horno,Principal
T-10558,2025-11-10,Cena,P-21,3,Cafe Solo,Bebida
T-12871,2025-11-20,Cena,P-24,1,Nuggets de Pollo,Principal
T-10918,2025-08-19,Cena,P-03,4,Pasta Carbonara IA,Principal
T-11744,2025-05-27,Cena,P-21,3,Cafe Solo,Bebida
T-12123,2025-03-15,Cena,P-24,1,Nuggets de Pollo,Principal
T-14031,2024-01-26,Cena,P-17,2,Brownie con Helado,Postre
T-13761,2025-06-16,Comida,P-09,3,Gazpacho Andaluz,Entrante
T-13024,2024-05-10,Cena,P-05,1,Refresco Cola,Bebida
T-16147,2024-01-30,Cena,P-10,1,Solomillo Iberico,Principal
T-14984,2024-04-04,Comida,P-11,2,Salmon a la Plancha,Principal
T-17229,2024-03-27,Cena,P-02,1,Ensalada Cesar,Entrante
T-12013,2025-12-12,Comida,P-17,3,Brownie con Helado,Postre
T-14170,2024-11-11,Cena,P-22,4,Te Verde,Bebida
T-15369,2024-05-16,Comida,P-16,4,Agua Mineral,Bebida
T-10844,2024-04-29,Cena,P-07,4,Pizza Margarita,Principal
T-17099,2024-05-18,Cena,P-02,4,Ensalada Cesar,Entrante
T-12778,2025-05-09,Cena,P-21,4,Cafe Solo,Bebida
T-13595,2024-07-05,Cena,P-10,3,Solomillo Iberico,Principal
T-16523,2024-10-03,Cena,P-11,2,Salmon a la Plancha,Principal
T-14414,2025-12-10,Cena,P-02,3,Ensalada Cesar,Entrante
T-16919,2025-06-03,Comida,P-08,4,Croquetas de Jamon,Entrante
T-10330,2024-03-07,Cena,P-17,4,Brownie con Helado,Postre
T-11852,2025-10-22,Cena,P-04,2,Tarta de Queso Casera,Postre
T-14882,2024-10-11,Comida,P-03,2,Pasta Carbonara IA,Principal
T-17885,2024-04-17,Cena,P-01,4,Hamburguesa Smart,Principal
T-16418,2024-09-15,Comida,P-16,3,Agua Mineral,Bebida
T-14049,2025-05-20,Cena,P-20,4,Paella de Marisco,Principal
T-13608,2024-09-17,Cena,P-08,4,Croquetas de Jamon,Entrante
T-11461,2025-12-30,Comida,P-06,4,Vino Tinto Copa,Bebida
T-13129,2024-02-03,Comida,P-03,2,Pasta Carbonara IA,Principal
T-12352,2024-08-18,Comida,P-02,4,Ensalada Cesar,Entrante
T-11691,2024-02-24,Comida,P-07,2,Pizza Margarita,Principal
T-14984,2025-02-08,Comida,P-02,3,Ensalada Cesar,Entrante
T-11237,2025-12-01,Comida,P-14,1,Tortilla de Patatas,Entrante
T-13174,2025-03-10,Comida,P-06,2,Vino Tinto Copa,Bebida
T-15597,2025-11-21,Cena,P-10,2,Solomillo Iberico,Principal
T-13373,2024-11-04,Comida,P-05,1,Refresco Cola,Bebida
T-14045,2024-07-30,Comida,P-08,1,Croquetas de Jamon,Entrante
T-13867,2025-01-02,Comida,P-05,3,Refresco Cola,Bebida
T-10196,2025-10-26,Comida,P-19,2,Entrecot Ternera,Principal
T-13596,2025-05-25,Comida,P-24,4,Nuggets de Pollo,Principal
T-12594,2025-09-17,Cena,P-08,4,Croquetas de Jamon,Entrante
T-12745,2024-12-16,Comida,P-17,1,Brownie con Helado,Postre
T-16967,2025-12-11,Cena,P-05,4,Refresco Cola,Bebida
T-12610,2025-10-03,Cena,P-18,4,Ensaladilla Rusa,Entrante
T-12526,2025-01-27,Cena,P-09,2,Gazpacho Andaluz,Entrante
T-14370,2025-11-04,Cena,P-03,1,Pasta Carbonara IA,Principal
T-10037,2024-12-01,Comida,P-12,3,Risotto de Setas,Principal
T-17039,2025-04-28,Cena,P-17,2,Brownie con Helado,Postre
T-10799,2025-10-13,Cena,P-17,4,Brownie con Helado,Postre
T-10326,2024-02-03,Cena,P-10,4,Solomillo Iberico,Principal
T-16040,2024-12-15,Cena,P-22,4,Te Verde,Bebida
T-11696,2025-03-22,Comida,P-13,3,Bacalao al Horno,Principal
T-13315,2025-07-27,Cena,P-23,1,Tiramisu de la Casa,Postre
T-17686,2025-10-22,Comida,P-14,2,Tortilla de Patatas,Entrante
T-10038,2025-07-29,Cena,P-08,4,Croquetas de Jamon,Entrante
T-14910,2024-07-02,Cena,P-20,3,Paella de Marisco,Principal
T-15459,2025-12-18,Cena,P-20,4,Paella de Marisco,Principal
T-16021,2024-10-09,Cena,P-06,2,Vino Tinto Copa,Bebida
T-17611,2025-02-18,Cena,P-04,4,Tarta de Queso Casera,Postre
T-12095,2024-09-11,Comida,P-12,2,Risotto de Setas,Principal
T-11166,2024-04-23,Comida,P-22,2,Te Verde,Bebida
T-11344,2024-10-31,Cena,P-25,2,Canelones de Carne,Principal
T-14893,2025-09-22,Comida,P-12,3,Risotto de Setas,Principal
T-17924,2025-08-17,Comida,P-04,2,Tarta de Queso Casera,Postre
T-11899,2025-07-02,Comida,P-18,4,Ensaladilla Rusa,Entrante
T-12393,2024-05-14,Cena,P-17,2,Brownie con Helado,Postre
T-13714,2025-08-29,Cena,P-21,4,Cafe Solo,Bebida
T-16331,2024-12-03,Comida,P-05,4,Refresco Cola,Bebida
T-13986,2024-04-18,Cena,P-06,4,Vino Tinto Copa,Bebida
T-17620,2025-05-24,Comida,P-24,2,Nuggets de Pollo,Principal
T-11226,2024-05-29,Comida,P-09,4,Gazpacho Andaluz,Entrante
T-10401,2025-03-22,Comida,P-12,1,Risotto de Setas,Principal
T-12821,2025-04-30,Cena,P-13,2,Bacalao al Horno,Principal
T-10215,2025-05-08,Comida,P-20,4,Paella de Marisco,Principal
T-11146,2025-04-15,Cena,P-10,2,Solomillo Iberico,Principal
T-10041,2024-02-16,Cena,P-12,4,Risotto de Setas,Principal
T-12093,2025-03-18,Cena,P-22,4,Te Verde,Bebida
T-12584,2024-07-01,Cena,P-03,2,Pasta Carbonara IA,Principal
T-13537,2024-03-27,Comida,P-01,3,Hamburguesa Smart,Principal
T-13695,2024-08-26,Comida,P-03,2,Pasta Carbonara IA,Principal
T-14756,2024-09-30,Comida,P-06,4,Vino Tinto Copa,Bebida
T-13038,2025-02-15,Cena,P-19,3,Entrecot Ternera,Principal
T-12369,2024-07-07,Comida,P-09,2,Gazpacho Andaluz,Entrante
T-10708,2024-09-09,Comida,P-24,2,Nuggets de Pollo,Principal
T-12601,2025-10-26,Cena,P-13,2,Bacalao al Horno,Principal
T-10275,2024-01-31,Cena,P-09,4,Gazpacho Andaluz,Entrante
T-14537,2025-05-09,Comida,P-09,3,Gazpacho Andaluz,Entrante
T-14216,2025-01-05,Cena,P-22,2,Te Verde,Bebida
T-17411,2025-04-03,Comida,P-10,3,Solomillo Iberico,Principal
T-12643,2025-12-19,Comida,P-22,4,Te Verde,Bebida
T-10778,2024-05-07,Comida,P-05,1,Refresco Cola,Bebida
T-14530,2025-08-12,Cena,P-18,3,Ensaladilla Rusa,Entrante
T-17246,2024-08-15,Comida,P-22,1,Te Verde,Bebida
T-14367,2025-08-12,Comida,P-19,3,Entrecot Ternera,Principal
T-17292,2025-06-27,Comida,P-03,2,Pasta Carbonara IA,Principal
T-11891,2025-01-09,Comida,P-24,2,Nuggets de Pollo,Principal
T-17410,2025-04-09,Comida,P-09,4,Gazpacho Andaluz,Entrante
T-15034,2025-01-22,Comida,P-23,3,Tiramisu de la Casa,Postre
T-14190,2024-08-18,Cena,P-05,2,Refresco Cola,Bebida
T-16421,2024-10-22,Cena,P-24,3,Nuggets de Pollo,Principal
T-17578,2025-04-30,Comida,P-08,1,Croquetas de Jamon,Entrante
T-17272,2024-11-01,Cena,P-13,1,Bacalao al Horno,Principal
T-12325,2024-12-30,Cena,P-09,3,Gazpacho Andaluz,Entrante
T-17857,2025-07-09,Cena,P-19,4,Entrecot Ternera,Principal
T-14676,2024-07-12,Comida,P-07,1,Pizza Margarita,Principal
T-12811,2025-03-05,Cena,P-19,1,Entrecot Ternera,Principal
T-17251,2024-02-19,Cena,P-23,4,Tiramisu de la Casa,Postre
T-15624,2025-12-07,Cena,P-17,2,Brownie con Helado,Postre
T-10972,2025-09-20,Cena,P-24,1,Nuggets de Pollo,Principal
T-16934,2024-12-25,Comida,P-12,1,Risotto de Setas,Principal
T-11184,2025-03-05,Comida,P-18,4,Ensaladilla Rusa,Entrante
T-10207,2024-09-27,Comida,P-11,1,Salmon a la Plancha,Principal
T-16991,2024-10-29,Comida,P-11,1,Salmon a la Plancha,Principal
T-12409,2025-07-04,Cena,P-24,4,Nuggets de Pollo,Principal
T-11755,2024-10-25,Comida,P-24,2,Nuggets de Pollo,Principal
T-14070,2025-04-24,Comida,P-19,1,Entrecot Ternera,Principal
T-13192,2024-01-07,Comida,P-07,3,Pizza Margarita,Principal
T-12455,2024-12-26,Comida,P-11,1,Salmon a la Plancha,Principal
T-11005,2025-09-25,Comida,P-17,3,Brownie con Helado,Postre
T-16888,2024-11-25,Cena,P-01,2,Hamburguesa Smart,Principal
T-16910,2025-04-10,Comida,P-05,3,Refresco Cola,Bebida
T-15021,2025-02-01,Cena,P-15,4,Cerveza Artesana,Bebida
T-11921,2025-05-03,Comida,P-15,3,Cerveza Artesana,Bebida
T-11634,2025-08-23,Cena,P-24,4,Nuggets de Pollo,Principal
T-12958,2024-07-02,Comida,P-16,1,Agua Mineral,Bebida
T-14532,2024-07-22,Cena,P-03,3,Pasta Carbonara IA,Principal
T-10239,2025-12-26,Cena,P-12,2,Risotto de Setas,Principal
T-16240,2024-06-22,Cena,P-13,4,Bacalao al Horno,Principal
T-14461,2024-05-06,Cena,P-02,3,Ensalada Cesar,Entrante
T-11938,2025-06-04,Comida,P-25,3,Canelones de Carne,Principal
T-17727,2025-04-13,Comida,P-10,3,Solomillo Iberico,Principal
T-10352,2025-10-18,Cena,P-14,4,Tortilla de Patatas,Entrante
T-13852,2025-06-18,Cena,P-13,2,Bacalao al Horno,Principal
T-11124,2024-08-27,Comida,P-01,3,Hamburguesa Smart,Principal
T-13353,2025-08-18,Comida,P-24,1,Nuggets de Pollo,Principal
T-13276,2024-01-11,Comida,P-15,1,Cerveza Artesana,Bebida
T-15502,2025-09-29,Cena,P-09,1,Gazpacho Andaluz,Entrante
T-15203,2025-05-23,Cena,P-12,2,Risotto de Setas,Principal
T-12092,2025-06-03,Comida,P-17,1,Brownie con Helado,Postre
T-12382,2025-06-20,Comida,P-08,4,Croquetas de Jamon,Entrante
T-10133,2025-06-21,Cena,P-09,1,Gazpacho Andaluz,Entrante
T-16963,2024-02-17,Cena,P-18,1,Ensaladilla Rusa,Entrante
T-12803,2024-03-13,Comida,P-02,3,Ensalada Cesar,Entrante
T-14622,2024-03-25,Comida,P-08,3,Croquetas de Jamon,Entrante
T-13696,2025-02-26,Cena,P-22,1,Te Verde,Bebida
T-17988,2024-05-30,Cena,P-23,2,Tiramisu de la Casa,Postre
T-17580,2025-07-07,Comida,P-12,2,Risotto de Setas,Principal
T-13862,2025-02-09,Cena,P-25,2,Canelones de Carne,Principal
T-15923,2025-08-13,Cena,P-24,1,Nuggets de Pollo,Principal
T-16323,2024-11-15,Comida,P-14,4,Tortilla de Patatas,Entrante
T-12716,2024-12-10,Cena,P-10,1,Solomillo Iberico,Principal
T-15018,2025-10-28,Cena,P-10,4,Solomillo Iberico,Principal
T-15723,2024-12-23,Cena,P-17,1,Brownie con Helado,Postre
T-12054,2025-09-24,Cena,P-02,4,Ensalada Cesar,Entrante
T-10830,2024-10-25,Cena,P-05,4,Refresco Cola,Bebida
T-10396,2024-09-06,Comida,P-08,1,Croquetas de Jamon,Entrante
T-14305,2025-11-05,Cena,P-23,4,Tiramisu de la Casa,Postre
T-16295,2025-06-24,Cena,P-07,1,Pizza Margarita,Principal
T-15587,2024-05-31,Comida,P-17,3,Brownie con Helado,Postre
T-17067,2024-11-06,Comida,P-12,4,Risotto de Setas,Principal
T-10682,2025-05-16,Comida,P-23,1,Tiramisu de la Casa,Postre
T-12159,2024-09-18,Cena,P-20,3,Paella de Marisco,Principal
T-10350,2025-08-19,Cena,P-07,1,Pizza Margarita,Principal
T-16210,2025-07-17,Comida,P-01,2,Hamburguesa Smart,Principal
T-12181,2025-05-16,Comida,P-13,2,Bacalao al Horno,Principal
T-13228,2025-06-08,Cena,P-06,4,Vino Tinto Copa,Bebida
T-15822,2025-09-22,Comida,P-12,2,Risotto de Setas,Principal
T-17620,2025-04-06,Comida,P-11,2,Salmon a la Plancha,Principal
T-13427,2024-06-21,Cena,P-15,1,Cerveza Artesana,Bebida
T-10924,2024-10-07,Comida,P-24,3,Nuggets de Pollo,Principal
T-16200,2025-03-19,Cena,P-18,1,Ensaladilla Rusa,Entrante
T-12974,2024-08-15,Comida,P-25,3,Canelones de Carne,Principal
T-16443,2024-09-23,Cena,P-18,2,Ensaladilla Rusa,Entrante
T-15630,2025-03-11,Cena,P-13,3,Bacalao al Horno,Principal
T-12598,2024-08-12,Cena,P-05,4,Refresco Cola,Bebida
T-13178,2025-12-24,Cena,P-06,2,Vino Tinto Copa,Bebida
T-17762,2025-02-14,Cena,P-22,2,Te Verde,Bebida
T-12710,2024-12-06,Comida,P-06,4,Vino Tinto Copa,Bebida
T-11687,2025-05-10,Comida,P-12,3,Risotto de Setas,Principal
T-12548,2025-05-21,Cena,P-18,2,Ensaladilla Rusa,Entrante
T-11172,2024-01-01,Cena,P-01,2,Hamburguesa Smart,Principal
T-10852,2024-03-27,Comida,P-17,4,Brownie con Helado,Postre
T-13623,2024-03-28,Cena,P-24,3,Nuggets de Pollo,Principal
T-12413,2024-05-21,Comida,P-12,1,Risotto de Setas,Principal
T-16913,2025-05-10,Cena,P-17,1,Brownie con Helado,Postre
T-12170,2025-09-01,Comida,P-03,1,Pasta Carbonara IA,Principal
T-17734,2025-05-29,Cena,P-09,3,Gazpacho Andaluz,Entrante
T-13191,2024-08-27,Cena,P-14,1,Tortilla de Patatas,Entrante
T-14204,2025-05-31,Cena,P-24,3,Nuggets de Pollo,Principal
T-14820,2024-03-21,Cena,P-05,3,Refresco Cola,Bebida
T-11606,2024-09-23,Cena,P-16,3,Agua Mineral,Bebida
T-16250,2024-04-04,Comida,P-03,1,Pasta Carbonara IA,Principal
T-17309,2024-03-25,Cena,P-15,2,Cerveza Artesana,Bebida
T-12021,2024-07-22,Cena,P-16,2,Agua Mineral,Bebida
T-10404,2025-11-13,Cena,P-23,1,Tiramisu de la Casa,Postre
T-13657,2024-05-09,Comida,P-16,3,Agua Mineral,Bebida
T-10772,2024-05-09,Cena,P-17,4,Brownie con Helado,Postre
T-14644,2024-12-27,Comida,P-12,4,Risotto de Setas,Principal
T-14021,2025-01-03,Comida,P-13,3,Bacalao al Horno,Principal
T-15491,2024-11-21,Cena,P-21,4,Cafe Solo,Bebida
T-15971,2024-11-23,Comida,P-12,4,Risotto de Setas,Principal
T-17959,2025-02-23,Cena,P-06,1,Vino Tinto Copa,Bebida
T-11724,2025-05-02,Comida,P-23,2,Tiramisu de la Casa,Postre
T-14207,2024-11-30,Comida,P-12,2,Risotto de Setas,Principal
T-10939,2024-04-21,Cena,P-16,4,Agua Mineral,Bebida
T-14374,2024-12-05,Comida,P-04,4,Tarta de Queso Casera,Postre
T-11800,2025-12-11,Cena,P-02,1,Ensalada Cesar,Entrante
T-10479,2025-05-21,Cena,P-22,3,Te Verde,Bebida
T-13786,2025-07-04,Comida,P-24,3,Nuggets de Pollo,Principal
T-15626,2025-12-25,Cena,P-25,4,Canelones de Carne,Principal
T-14759,2025-03-11,Cena,P-11,4,Salmon a la Plancha,Principal
T-12305,2025-05-15,Comida,P-17,3,Brownie con Helado,Postre
T-10423,2024-12-22,Cena,P-03,2,Pasta Carbonara IA,Principal
T-14984,2025-11-24,Cena,P-23,2,Tiramisu de la Casa,Postre
T-10581,2025-08-03,Comida,P-17,1,Brownie con Helado,Postre
T-12165,2025-12-14,Cena,P-03,2,Pasta Carbonara IA,Principal
T-13240,2025-08-26,Comida,P-16,2,Agua Mineral,Bebida
T-13527,2025-08-03,Cena,P-02,1,Ensalada Cesar,Entrante
T-13069,2025-12-02,Comida,P-04,3,Tarta de Queso Casera,Postre
T-10379,2025-09-24,Comida,P-09,4,Gazpacho Andaluz,Entrante
T-17823,2025-03-05,Cena,P-09,1,Gazpacho Andaluz,Entrante
T-11022,2024-08-16,Comida,P-02,4,Ensalada Cesar,Entrante
T-10627,2024-07-10,Cena,P-05,3,Refresco Cola,Bebida
T-15160,2024-05-07,Comida,P-23,1,Tiramisu de la Casa,Postre
T-11016,2024-03-05,Cena,P-01,3,Hamburguesa Smart,Principal
T-14915,2025-07-20,Cena,P-03,3,Pasta Carbonara IA,Principal
T-16476,2025-11-18,Comida,P-14,4,Tortilla de Patatas,Entrante
T-15765,2024-11-11,Cena,P-18,2,Ensaladilla Rusa,Entrante
T-10170,2025-04-07,Cena,P-06,3,Vino Tinto Copa,Bebida
T-11840,2025-02-06,Comida,P-03,3,Pasta Carbonara IA,Principal
T-11854,2025-02-12,Cena,P-20,2,Paella de Marisco,Principal
T-10202,2024-07-20,Cena,P-01,2,Hamburguesa Smart,Principal
T-14936,2025-01-05,Cena,P-24,3,Nuggets de Pollo,Principal
T-14976,2024-12-17,Cena,P-08,1,Croquetas de Jamon,Entrante
T-13085,2024-07-29,Comida,P-22,1,Te Verde,Bebida
T-10649,2025-04-29,Comida,P-06,1,Vino Tinto Copa,Bebida
T-13735,2025-07-28,Cena,P-05,2,Refresco Cola,Bebida
T-16139,2024-10-01,Comida,P-11,1,Salmon a la Plancha,Principal
T-10515,2024-10-18,Cena,P-10,3,Solomillo Iberico,Principal
T-16422,2025-09-12,Cena,P-07,1,Pizza Margarita,Principal
T-13644,2025-04-09,Comida,P-12,2,Risotto de Setas,Principal
T-14006,2025-12-15,Cena,P-21,2,Cafe Solo,Bebida
T-12917,2025-11-15,Cena,P-22,4,Te Verde,Bebida
T-13700,2025-06-16,Cena,P-06,3,Vino Tinto Copa,Bebida
T-17673,2025-01-25,Cena,P-07,3,Pizza Margarita,Principal
T-13293,2025-12-19,Cena,P-20,4,Paella de Marisco,Principal
T-12359,2025-02-17,Comida,P-16,1,Agua Mineral,Bebida
T-16982,2025-07-18,Cena,P-14,3,Tortilla de Patatas,Entrante
T-15423,2024-12-26,Cena,P-04,1,Tarta de Queso Casera,Postre
T-13677,2025-06-27,Cena,P-23,2,Tiramisu de la Casa,Postre
T-12274,2024-07-11,Comida,P-24,4,Nuggets de Pollo,Principal
T-12069,2025-06-13,Comida,P-18,4,Ensaladilla Rusa,Entrante
T-10510,2024-10-19,Cena,P-18,4,Ensaladilla Rusa,Entrante
T-17162,2024-12-24,Cena,P-14,1,Tortilla de Patatas,Entrante
T-11444,2024-08-05,Cena,P-03,2,Pasta Carbonara IA,Principal
T-17988,2025-07-30,Cena,P-06,1,Vino Tinto Copa,Bebida
T-15281,2025-01-23,Cena,P-22,2,Te Verde,Bebida
T-10041,2025-12-07,Cena,P-19,3,Entrecot Ternera,Principal
T-15919,2025-10-13,Cena,P-07,2,Pizza Margarita,Principal
T-16414,2024-10-17,Cena,P-01,1,Hamburguesa Smart,Principal
T-12133,2025-08-08,Cena,P-16,3,Agua Mineral,Bebida
T-13635,2024-04-08,Comida,P-23,1,Tiramisu de la Casa,Postre
T-17357,2025-01-14,Comida,P-15,4,Cerveza Artesana,Bebida
T-16253,2025-06-19,Comida,P-04,3,Tarta de Queso Casera,Postre
T-17551,2025-12-27,Cena,P-19,2,Entrecot Ternera,Principal
T-14598,2025-02-10,Cena,P-05,4,Refresco Cola,Bebida
T-14592,2025-10-21,Cena,P-19,2,Entrecot Ternera,Principal
T-17003,2024-05-02,Cena,P-11,1,Salmon a la Plancha,Principal
T-15425,2025-02-26,Cena,P-15,4,Cerveza Artesana,Bebida
T-15051,2025-04-28,Comida,P-02,1,Ensalada Cesar,Entrante
T-16365,2025-10-26,Comida,P-14,2,Tortilla de Patatas,Entrante
T-13097,2024-03-22,Cena,P-19,1,Entrecot Ternera,Principal
T-12993,2024-08-04,Cena,P-10,4,Solomillo Iberico,Principal
T-11524,2024-12-31,Comida,P-02,1,Ensalada Cesar,Entrante
T-14800,2025-05-06,Cena,P-12,2,Risotto de Setas,Principal
T-14217,2024-10-20,Cena,P-10,4,Solomillo Iberico,Principal
T-11009,2025-06-30,Comida,P-14,2,Tortilla de Patatas,Entrante
T-14613,2025-08-04,Cena,P-01,2,Hamburguesa Smart,Principal
T-11993,2024-11-08,Comida,P-03,3,Pasta Carbonara IA,Principal
T-16599,2025-10-22,Cena,P-11,1,Salmon a la Plancha,Principal
T-12323,2024-12-10,Cena,P-12,2,Risotto de Setas,Principal
T-15129,2024-06-18,Comida,P-12,4,Risotto de Setas,Principal
T-13318,2024-09-07,Cena,P-07,1,Pizza Margarita,Principal
T-12860,2025-12-25,Cena,P-07,2,Pizza Margarita,Principal
T-11134,2025-11-23,Cena,P-10,3,Solomillo Iberico,Principal
T-16009,2025-02-09,Cena,P-21,4,Cafe Solo,Bebida
T-17350,2024-05-30,Cena,P-20,3,Paella de Marisco,Principal
T-11619,2025-04-29,Cena,P-01,2,Hamburguesa Smart,Principal
T-11028,2025-02-09,Comida,P-03,2,Pasta Carbonara IA,Principal
T-10558,2025-06-23,Cena,P-04,2,Tarta de Queso Casera,Postre
T-11388,2025-12-20,Comida,P-10,4,Solomillo Iberico,Principal
T-16485,2024-05-23,Cena,P-22,3,Te Verde,Bebida
T-10255,2025-10-16,Cena,P-11,2,Salmon a la Plancha,Principal
T-11164,2024-08-08,Comida,P-13,4,Bacalao al Horno,Principal
T-16899,2025-09-01,Cena,P-05,1,Refresco Cola,Bebida
T-11758,2025-01-31,Comida,P-15,2,Cerveza Artesana,Bebida
T-11096,2024-04-08,Comida,P-20,1,Paella de Marisco,Principal
T-14577,2025-09-15,Cena,P-09,1,Gazpacho Andaluz,Entrante
T-17975,2024-06-07,Cena,P-22,4,Te Verde,Bebida
T-16133,2025-04-07,Cena,P-09,2,Gazpacho Andaluz,Entrante
T-14628,2024-04-05,Comida,P-19,4,Entrecot Ternera,Principal
T-17610,2025-07-31,Cena,P-08,2,Croquetas de Jamon,Entrante
T-13615,2025-12-15,Comida,P-01,3,Hamburguesa Smart,Principal
T-12171,2025-05-18,Comida,P-05,2,Refresco Cola,Bebida
T-13366,2024-09-26,Cena,P-20,4,Paella de Marisco,Principal
T-15575,2025-03-13,Comida,P-03,3,Pasta Carbonara IA,Principal
T-12160,2025-03-29,Comida,P-14,4,Tortilla de Patatas,Entrante
T-12046,2024-08-02,Comida,P-05,1,Refresco Cola,Bebida
T-12169,2025-12-24,Cena,P-09,1,Gazpacho Andaluz,Entrante
T-10118,2024-12-08,Cena,P-10,1,Solomillo Iberico,Principal
T-15105,2025-03-13,Comida,P-25,3,Canelones de Carne,Principal
T-16093,2025-05-25,Cena,P-25,2,Canelones de Carne,Principal
T-13811,2025-09-05,Cena,P-07,1,Pizza Margarita,Principal
T-14995,2025-08-18,Cena,P-04,4,Tarta de Queso Casera,Postre
T-14588,2024-09-28,Cena,P-07,2,Pizza Margarita,Principal
T-17447,2025-10-30,Cena,P-19,3,Entrecot Ternera,Principal
T-15252,2025-04-05,Cena,P-22,1,Te Verde,Bebida
T-15930,2024-04-11,Cena,P-05,4,Refresco Cola,Bebida
T-12832,2025-05-24,Cena,P-01,1,Hamburguesa Smart,Principal
T-11970,2024-10-12,Cena,P-11,3,Salmon a la Plancha,Principal
T-17051,2025-03-20,Comida,P-16,2,Agua Mineral,Bebida
T-14926,2024-10-01,Comida,P-22,4,Te Verde,Bebida
T-10823,2024-12-25,Cena,P-09,4,Gazpacho Andaluz,Entrante
T-12474,2025-08-08,Comida,P-20,4,Paella de Marisco,Principal
T-12992,2025-04-29,Comida,P-25,4,Canelones de Carne,Principal
T-14258,2024-02-22,Cena,P-06,4,Vino Tinto Copa,Bebida
T-10630,2025-12-13,Cena,P-08,3,Croquetas de Jamon,Entrante
T-17962,2025-03-07,Cena,P-16,1,Agua Mineral,Bebida
T-12641,2025-12-04,Comida,P-07,4,Pizza Margarita,Principal
T-14090,2025-08-05,Comida,P-09,3,Gazpacho Andaluz,Entrante
T-12037,2025-05-20,Cena,P-04,2,Tarta de Queso Casera,Postre
T-16716,2025-08-10,Comida,P-05,1,Refresco Cola,Bebida
T-12593,2024-04-02,Comida,P-18,1,Ensaladilla Rusa,Entrante
T-16715,2025-11-25,Comida,P-10,1,Solomillo Iberico,Principal
T-11437,2024-12-30,Comida,P-11,1,Salmon a la Plancha,Principal
T-16251,2024-04-17,Cena,P-23,1,Tiramisu de la Casa,Postre
T-14792,2025-11-28,Cena,P-15,4,Cerveza Artesana,Bebida
T-15236,2025-04-26,Cena,P-08,2,Croquetas de Jamon,Entrante
T-13597,2025-11-09,Comida,P-01,1,Hamburguesa Smart,Principal
T-15115,2025-07-07,Cena,P-19,4,Entrecot Ternera,Principal
T-10964,2025-02-05,Comida,P-07,4,Pizza Margarita,Principal
T-16095,2025-09-22,Cena,P-17,4,Brownie con Helado,Postre
T-16572,2025-09-28,Comida,P-06,1,Vino Tinto Copa,Bebida
T-14216,2025-12-14,Comida,P-09,2,Gazpacho Andaluz,Entrante
T-17481,2024-11-03,Comida,P-23,1,Tiramisu de la Casa,Postre
T-11554,2024-10-19,Comida,P-23,3,Tiramisu de la Casa,Postre
T-15350,2024-05-22,Comida,P-12,1,Risotto de Setas,Principal
T-14011,2024-08-23,Comida,P-10,4,Solomillo Iberico,Principal
T-17805,2025-08-26,Comida,P-13,4,Bacalao al Horno,Principal
T-14589,2025-08-12,Comida,P-15,4,Cerveza Artesana,Bebida
T-10870,2025-10-11,Cena,P-07,4,Pizza Margarita,Principal
T-16526,2025-11-03,Cena,P-17,1,Brownie con Helado,Postre
T-12287,2025-06-11,Cena,P-01,4,Hamburguesa Smart,Principal
T-17614,2024-05-30,Cena,P-11,3,Salmon a la Plancha,Principal
T-14267,2025-05-15,Comida,P-01,3,Hamburguesa Smart,Principal
T-16775,2024-03-07,Cena,P-25,1,Canelones de Carne,Principal
T-10567,2024-06-29,Cena,P-02,1,Ensalada Cesar,Entrante
T-12558,2025-12-15,Comida,P-07,2,Pizza Margarita,Principal
T-11525,2024-04-30,Cena,P-01,3,Hamburguesa Smart,Principal
T-10996,2024-08-01,Cena,P-24,4,Nuggets de Pollo,Principal
T-11797,2025-08-21,Comida,P-16,1,Agua Mineral,Bebida
T-12431,2024-07-27,Comida,P-20,4,Paella de Marisco,Principal
T-12476,2024-01-14,Cena,P-12,2,Risotto de Setas,Principal
T-17176,2024-08-04,Comida,P-12,4,Risotto de Setas,Principal
T-15405,2024-12-20,Cena,P-04,3,Tarta de Queso Casera,Postre
T-16629,2025-01-27,Comida,P-10,1,Solomillo Iberico,Principal
T-16403,2024-01-27,Comida,P-01,4,Hamburguesa Smart,Principal
T-14514,2024-03-19,Cena,P-02,4,Ensalada Cesar,Entrante
T-16585,2024-08-13,Comida,P-04,2,Tarta de Queso Casera,Postre
T-11486,2024-12-29,Cena,P-16,3,Agua Mineral,Bebida
T-15930,2025-10-17,Cena,P-18,3,Ensaladilla Rusa,Entrante
T-11330,2025-11-20,Comida,P-04,2,Tarta de Queso Casera,Postre
T-11963,2024-04-03,Cena,P-05,3,Refresco Cola,Bebida
T-10262,2024-08-30,Cena,P-02,1,Ensalada Cesar,Entrante
T-14682,2025-06-13,Cena,P-20,2,Paella de Marisco,Principal
T-10622,2024-03-14,Comida,P-09,1,Gazpacho Andaluz,Entrante
T-11994,2024-02-27,Cena,P-13,2,Bacalao al Horno,Principal
T-16459,2025-12-11,Cena,P-10,2,Solomillo Iberico,Principal
T-10641,2024-06-22,Cena,P-09,3,Gazpacho Andaluz,Entrante
T-15260,2025-10-11,Cena,P-16,3,Agua Mineral,Bebida
T-10044,2025-09-04,Cena,P-06,4,Vino Tinto Copa,Bebida
T-14868,2025-09-01,Cena,P-13,4,Bacalao al Horno,Principal
T-17965,2025-05-04,Comida,P-09,3,Gazpacho Andaluz,Entrante
T-16486,2024-06-13,Cena,P-18,3,Ensaladilla Rusa,Entrante
T-17753,2025-10-27,Cena,P-05,4,Refresco Cola,Bebida
T-11469,2025-11-09,Cena,P-15,3,Cerveza Artesana,Bebida
T-12083,2025-09-27,Cena,P-07,2,Pizza Margarita,Principal
T-17689,2024-03-05,Cena,P-07,2,Pizza Margarita,Principal
T-11650,2024-05-14,Cena,P-23,2,Tiramisu de la Casa,Postre
T-13077,2024-08-05,Comida,P-19,4,Entrecot Ternera,Principal
T-13142,2024-12-09,Comida,P-04,4,Tarta de Queso Casera,Postre
T-12830,2024-07-18,Comida,P-02,4,Ensalada Cesar,Entrante
T-12296,2025-02-16,Cena,P-17,3,Brownie con Helado,Postre
T-16239,2024-12-29,Cena,P-16,4,Agua Mineral,Bebida
T-10346,2025-01-26,Comida,P-25,3,Canelones de Carne,Principal
T-16815,2025-10-07,Cena,P-01,4,Hamburguesa Smart,Principal
T-14671,2025-10-31,Comida,P-09,4,Gazpacho Andaluz,Entrante
T-13043,2024-09-12,Cena,P-04,2,Tarta de Queso Casera,Postre
T-13544,2025-02-24,Cena,P-23,4,Tiramisu de la Casa,Postre
T-13334,2024-01-07,Cena,P-19,3,Entrecot Ternera,Principal
T-17115,2025-08-21,Cena,P-15,3,Cerveza Artesana,Bebida
T-12717,2025-03-09,Comida,P-07,4,Pizza Margarita,Principal
T-13768,2024-07-02,Cena,P-03,2,Pasta Carbonara IA,Principal
T-17244,2024-12-08,Comida,P-12,3,Risotto de Setas,Principal
T-13201,2024-09-28,Cena,P-04,3,Tarta de Queso Casera,Postre
T-14757,2024-05-30,Cena,P-08,4,Croquetas de Jamon,Entrante
T-17495,2024-04-30,Comida,P-01,3,Hamburguesa Smart,Principal
T-15974,2025-08-22,Cena,P-11,2,Salmon a la Plancha,Principal
T-16495,2024-12-12,Cena,P-17,4,Brownie con Helado,Postre
T-17635,2025-12-26,Cena,P-09,1,Gazpacho Andaluz,Entrante
T-12095,2024-05-10,Comida,P-21,1,Cafe Solo,Bebida
T-13046,2025-06-19,Cena,P-10,2,Solomillo Iberico,Principal
T-17729,2024-04-23,Comida,P-12,3,Risotto de Setas,Principal
T-11180,2025-12-07,Comida,P-12,2,Risotto de Setas,Principal
T-16308,2024-07-15,Comida,P-04,3,Tarta de Queso Casera,Postre
T-12876,2025-05-02,Comida,P-09,1,Gazpacho Andaluz,Entrante
T-10588,2024-11-21,Cena,P-07,2,Pizza Margarita,Principal
T-13061,2025-02-19,Comida,P-20,1,Paella de Marisco,Principal
T-16137,2024-12-20,Cena,P-03,3,Pasta Carbonara IA,Principal
T-10677,2025-11-25,Cena,P-01,4,Hamburguesa Smart,Principal
T-10030,2025-03-11,Cena,P-15,4,Cerveza Artesana,Bebida
T-15182,2025-09-01,Cena,P-05,2,Refresco Cola,Bebida
T-10808,2025-09-09,Cena,P-05,1,Refresco Cola,Bebida
T-11443,2024-11-07,Cena,P-09,2,Gazpacho Andaluz,Entrante
T-11700,2024-10-06,Comida,P-24,1,Nuggets de Pollo,Principal
T-17168,2024-02-24,Cena,P-09,4,Gazpacho Andaluz,Entrante
T-14954,2025-06-05,Cena,P-05,4,Refresco Cola,Bebida
T-15677,2024-05-05,Comida,P-06,3,Vino Tinto Copa,Bebida
T-10826,2025-02-23,Comida,P-11,3,Salmon a la Plancha,Principal
T-16502,2024-10-04,Comida,P-05,4,Refresco Cola,Bebida
T-11861,2025-03-12,Comida,P-05,1,Refresco Cola,Bebida
T-13942,2025-01-01,Cena,P-17,3,Brownie con Helado,Postre
T-13551,2025-10-21,Comida,P-07,1,Pizza Margarita,Principal
T-16319,2024-06-10,Cena,P-18,1,Ensaladilla Rusa,Entrante
T-11940,2024-06-06,Cena,P-04,4,Tarta de Queso Casera,Postre
T-16811,2024-01-14,Cena,P-16,3,Agua Mineral,Bebida
T-11864,2025-07-26,Cena,P-21,1,Cafe Solo,Bebida
T-14934,2025-10-12,Cena,P-25,3,Canelones de Carne,Principal
T-12199,2025-06-12,Cena,P-14,3,Tortilla de Patatas,Entrante
T-16234,2025-11-11,Comida,P-08,2,Croquetas de Jamon,Entrante
T-15389,2025-01-27,Comida,P-08,3,Croquetas de Jamon,Entrante
T-17786,2025-11-12,Cena,P-24,3,Nuggets de Pollo,Principal
T-14846,2025-01-16,Cena,P-19,2,Entrecot Ternera,Principal
T-13869,2024-12-21,Cena,P-02,3,Ensalada Cesar,Entrante
T-16091,2024-06-01,Comida,P-20,3,Paella de Marisco,Principal
T-14372,2025-10-02,Cena,P-07,2,Pizza Margarita,Principal
T-14430,2024-12-29,Cena,P-07,1,Pizza Margarita,Principal
T-16970,2025-01-08,Comida,P-14,4,Tortilla de Patatas,Entrante
T-12983,2024-04-16,Comida,P-19,1,Entrecot Ternera,Principal
T-16148,2025-05-25,Cena,P-07,1,Pizza Margarita,Principal
T-13769,2024-10-09,Comida,P-03,4,Pasta Carbonara IA,Principal
T-12115,2024-06-12,Comida,P-18,2,Ensaladilla Rusa,Entrante
T-12924,2025-03-15,Cena,P-03,3,Pasta Carbonara IA,Principal
T-16462,2025-09-21,Comida,P-12,3,Risotto de Setas,Principal
T-11290,2024-06-28,Cena,P-06,2,Vino Tinto Copa,Bebida
T-17416,2024-12-12,Cena,P-25,1,Canelones de Carne,Principal
T-16866,2024-05-25,Comida,P-07,3,Pizza Margarita,Principal
T-17081,2025-03-15,Comida,P-22,4,Te Verde,Bebida
T-10922,2025-02-27,Comida,P-23,1,Tiramisu de la Casa,Postre
T-13320,2025-11-04,Comida,P-13,3,Bacalao al Horno,Principal
T-16464,2024-03-03,Cena,P-25,4,Canelones de Carne,Principal
T-10331,2024-08-31,Comida,P-11,2,Salmon a la Plancha,Principal
T-10830,2024-03-04,Comida,P-18,3,Ensaladilla Rusa,Entrante
T-12584,2024-03-27,Cena,P-17,4,Brownie con Helado,Postre
T-10964,2025-08-23,Comida,P-12,1,Risotto de Setas,Principal
T-17794,2025-08-05,Cena,P-22,3,Te Verde,Bebida
T-13590,2025-10-26,Comida,P-01,3,Hamburguesa Smart,Principal
T-11315,2025-12-14,Comida,P-21,1,Cafe Solo,Bebida
T-12208,2025-05-01,Cena,P-10,2,Solomillo Iberico,Principal
T-10607,2025-12-07,Cena,P-13,1,Bacalao al Horno,Principal
T-16381,2024-10-12,Comida,P-19,3,Entrecot Ternera,Principal
T-15197,2025-02-22,Cena,P-12,3,Risotto de Setas,Principal
T-15160,2025-07-11,Comida,P-16,4,Agua Mineral,Bebida
T-12194,2025-03-31,Cena,P-24,2,Nuggets de Pollo,Principal
T-15203,2025-08-29,Cena,P-14,1,Tortilla de Patatas,Entrante
T-14208,2024-12-28,Comida,P-16,1,Agua Mineral,Bebida
T-13606,2024-10-29,Cena,P-09,2,Gazpacho Andaluz,Entrante
T-15174,2025-02-20,Cena,P-09,3,Gazpacho Andaluz,Entrante
T-15541,2025-12-18,Comida,P-22,4,Te Verde,Bebida
T-14171,2024-09-03,Cena,P-04,2,Tarta de Queso Casera,Postre
T-16208,2025-03-20,Cena,P-23,1,Tiramisu de la Casa,Postre
T-14723,2025-08-05,Comida,P-02,1,Ensalada Cesar,Entrante
T-12049,2024-08-26,Cena,P-10,2,Solomillo Iberico,Principal
T-11634,2024-08-23,Comida,P-24,4,Nuggets de Pollo,Principal
T-15260,2025-05-17,Cena,P-21,3,Cafe Solo,Bebida
T-11862,2024-07-08,Cena,P-14,2,Tortilla de Patatas,Entrante
T-17488,2025-03-20,Cena,P-07,2,Pizza Margarita,Principal
T-15262,2025-02-20,Comida,P-05,2,Refresco Cola,Bebida
T-13983,2024-09-07,Comida,P-04,3,Tarta de Queso Casera,Postre
T-12943,2024-02-08,Cena,P-05,3,Refresco Cola,Bebida
T-17383,2024-10-02,Comida,P-11,1,Salmon a la Plancha,Principal
T-10606,2025-01-10,Cena,P-10,4,Solomillo Iberico,Principal
T-14109,2025-11-02,Comida,P-04,4,Tarta de Queso Casera,Postre
T-15046,2024-10-16,Cena,P-14,2,Tortilla de Patatas,Entrante
T-14336,2025-07-26,Cena,P-24,4,Nuggets de Pollo,Principal
T-16468,2024-01-08,Cena,P-05,2,Refresco Cola,Bebida
T-10242,2024-08-31,Cena,P-09,1,Gazpacho Andaluz,Entrante
T-15003,2024-10-23,Cena,P-06,1,Vino Tinto Copa,Bebida
T-10994,2025-01-13,Comida,P-13,2,Bacalao al Horno,Principal
T-13330,2024-08-20,Comida,P-02,2,Ensalada Cesar,Entrante
T-14883,2025-10-10,Comida,P-08,4,Croquetas de Jamon,Entrante
T-16720,2025-05-13,Cena,P-21,4,Cafe Solo,Bebida
T-13008,2024-01-20,Comida,P-19,1,Entrecot Ternera,Principal
T-13315,2024-09-25,Comida,P-23,4,Tiramisu de la Casa,Postre
T-12858,2025-04-16,Cena,P-17,3,Brownie con Helado,Postre
T-13940,2025-01-05,Comida,P-24,3,Nuggets de Pollo,Principal
T-16008,2025-07-13,Cena,P-16,1,Agua Mineral,Bebida
T-16803,2025-09-07,Comida,P-24,3,Nuggets de Pollo,Principal
T-11197,2024-09-14,Cena,P-15,2,Cerveza Artesana,Bebida
T-13511,2024-04-13,Comida,P-15,1,Cerveza Artesana,Bebida
T-15369,2024-04-10,Cena,P-24,3,Nuggets de Pollo,Principal
T-17358,2025-04-19,Comida,P-19,4,Entrecot Ternera,Principal
T-13283,2025-03-22,Cena,P-08,1,Croquetas de Jamon,Entrante
T-12669,2025-09-28,Cena,P-15,1,Cerveza Artesana,Bebida
T-17002,2025-05-23,Cena,P-16,3,Agua Mineral,Bebida
T-17846,2024-10-12,Cena,P-20,3,Paella de Marisco,Principal
T-14032,2025-07-22,Cena,P-11,3,Salmon a la Plancha,Principal
T-15613,2024-09-26,Comida,P-05,3,Refresco Cola,Bebida
T-12039,2024-11-17,Cena,P-02,4,Ensalada Cesar,Entrante
T-12192,2025-09-21,Cena,P-20,3,Paella de Marisco,Principal
T-12774,2024-10-08,Cena,P-22,4,Te Verde,Bebida
T-13397,2024-01-10,Comida,P-05,2,Refresco Cola,Bebida
T-14853,2025-09-30,Comida,P-23,4,Tiramisu de la Casa,Postre
T-15461,2025-09-04,Cena,P-07,4,Pizza Margarita,Principal
T-13893,2025-09-09,Cena,P-13,2,Bacalao al Horno,Principal
T-17381,2025-07-16,Cena,P-15,1,Cerveza Artesana,Bebida
T-17999,2025-10-24,Cena,P-08,3,Croquetas de Jamon,Entrante
T-11109,2025-01-02,Cena,P-04,4,Tarta de Queso Casera,Postre
T-13432,2024-08-20,Cena,P-25,3,Canelones de Carne,Principal
T-17151,2025-06-03,Cena,P-20,3,Paella de Marisco,Principal
T-16483,2024-04-03,Comida,P-19,3,Entrecot Ternera,Principal
T-17667,2024-06-22,Cena,P-22,1,Te Verde,Bebida
T-11323,2024-10-15,Cena,P-09,4,Gazpacho Andaluz,Entrante
T-15119,2025-02-15,Cena,P-16,4,Agua Mineral,Bebida
T-17206,2025-02-01,Comida,P-17,1,Brownie con Helado,Postre
T-16336,2024-11-04,Comida,P-07,4,Pizza Margarita,Principal
T-15160,2025-05-25,Cena,P-16,4,Agua Mineral,Bebida
T-13119,2024-01-18,Comida,P-01,3,Hamburguesa Smart,Principal
T-12636,2024-05-04,Comida,P-02,2,Ensalada Cesar,Entrante
T-11635,2025-11-12,Cena,P-03,4,Pasta Carbonara IA,Principal
T-11643,2024-03-30,Cena,P-16,2,Agua Mineral,Bebida
T-13275,2025-05-13,Comida,P-23,4,Tiramisu de la Casa,Postre
T-13488,2025-04-26,Cena,P-05,4,Refresco Cola,Bebida
T-11745,2024-07-06,Comida,P-07,1,Pizza Margarita,Principal
T-17476,2024-03-26,Cena,P-09,2,Gazpacho Andaluz,Entrante
T-14194,2025-06-16,Cena,P-11,4,Salmon a la Plancha,Principal
T-12753,2025-04-14,Comida,P-11,1,Salmon a la Plancha,Principal
T-16544,2025-06-22,Comida,P-23,1,Tiramisu de la Casa,Postre
T-11395,2024-11-29,Cena,P-15,1,Cerveza Artesana,Bebida
T-10775,2024-03-21,Comida,P-23,4,Tiramisu de la Casa,Postre
T-17877,2025-03-18,Cena,P-17,3,Brownie con Helado,Postre
T-12316,2024-12-30,Cena,P-15,2,Cerveza Artesana,Bebida
T-14734,2024-03-23,Cena,P-25,3,Canelones de Carne,Principal
T-11889,2025-04-30,Cena,P-19,1,Entrecot Ternera,Principal
T-14782,2025-04-06,Cena,P-10,1,Solomillo Iberico,Principal
T-13591,2024-01-03,Cena,P-04,2,Tarta de Queso Casera,Postre
T-15303,2025-10-31,Cena,P-09,1,Gazpacho Andaluz,Entrante
T-12446,2024-08-26,Comida,P-15,1,Cerveza Artesana,Bebida
T-12376,2024-12-19,Cena,P-12,1,Risotto de Setas,Principal
T-17752,2025-07-16,Cena,P-17,1,Brownie con Helado,Postre
T-17127,2025-10-15,Cena,P-10,4,Solomillo Iberico,Principal
T-15779,2024-05-01,Comida,P-21,2,Cafe Solo,Bebida
T-11360,2025-05-22,Comida,P-18,4,Ensaladilla Rusa,Entrante
T-15989,2025-03-25,Cena,P-03,4,Pasta Carbonara IA,Principal
T-14826,2024-09-15,Comida,P-06,1,Vino Tinto Copa,Bebida
T-17799,2025-10-07,Cena,P-06,2,Vino Tinto Copa,Bebida
T-17098,2024-11-29,Comida,P-11,1,Salmon a la Plancha,Principal
T-13194,2024-07-08,Cena,P-22,4,Te Verde,Bebida
T-15365,2025-09-27,Cena,P-09,1,Gazpacho Andaluz,Entrante
T-15284,2025-12-30,Comida,P-10,2,Solomillo Iberico,Principal
T-13640,2025-11-30,Comida,P-25,2,Canelones de Carne,Principal
T-14518,2024-12-06,Cena,P-08,2,Croquetas de Jamon,Entrante
T-12883,2025-08-17,Cena,P-15,1,Cerveza Artesana,Bebida
T-14472,2024-08-18,Cena,P-20,3,Paella de Marisco,Principal
T-10051,2024-11-18,Cena,P-22,4,Te Verde,Bebida
T-15817,2024-07-25,Cena,P-12,1,Risotto de Setas,Principal
T-17854,2024-12-08,Comida,P-22,3,Te Verde,Bebida
T-16278,2025-12-12,Cena,P-20,3,Paella de Marisco,Principal
T-10959,2024-05-23,Comida,P-06,4,Vino Tinto Copa,Bebida
T-16788,2024-10-21,Cena,P-04,1,Tarta de Queso Casera,Postre
T-12864,2024-08-03,Comida,P-17,1,Brownie con Helado,Postre
T-17902,2025-11-26,Cena,P-13,2,Bacalao al Horno,Principal
T-13908,2024-12-24,Cena,P-23,2,Tiramisu de la Casa,Postre
T-16386,2024-03-06,Cena,P-17,2,Brownie con Helado,Postre
T-13768,2025-03-24,Cena,P-19,2,Entrecot Ternera,Principal
T-12698,2024-02-02,Cena,P-18,3,Ensaladilla Rusa,Entrante
T-17588,2025-04-16,Cena,P-07,1,Pizza Margarita,Principal
T-10785,2025-07-11,Comida,P-23,2,Tiramisu de la Casa,Postre
T-13092,2024-09-02,Comida,P-08,1,Croquetas de Jamon,Entrante
T-11603,2024-09-28,Cena,P-13,2,Bacalao al Horno,Principal
T-13473,2024-05-02,Comida,P-08,1,Croquetas de Jamon,Entrante
T-15682,2024-06-02,Cena,P-14,4,Tortilla de Patatas,Entrante
T-12336,2024-04-11,Cena,P-02,2,Ensalada Cesar,Entrante
T-13546,2025-10-29,Comida,P-07,3,Pizza Margarita,Principal
T-12637,2025-07-29,Cena,P-06,4,Vino Tinto Copa,Bebida
T-10111,2024-01-07,Cena,P-05,3,Refresco Cola,Bebida
T-11910,2025-02-11,Comida,P-01,2,Hamburguesa Smart,Principal
T-15941,2024-04-03,Cena,P-16,4,Agua Mineral,Bebida
T-15686,2025-08-28,Comida,P-06,3,Vino Tinto Copa,Bebida
T-11380,2024-09-09,Cena,P-14,1,Tortilla de Patatas,Entrante
T-11714,2025-09-24,Cena,P-18,2,Ensaladilla Rusa,Entrante
T-10372,2024-04-04,Cena,P-23,2,Tiramisu de la Casa,Postre
T-12010,2025-12-11,Comida,P-14,3,Tortilla de Patatas,Entrante
T-11758,2024-02-09,Comida,P-20,2,Paella de Marisco,Principal
T-11235,2024-07-05,Cena,P-06,2,Vino Tinto Copa,Bebida
T-17345,2024-03-15,Comida,P-19,2,Entrecot Ternera,Principal
T-16624,2024-08-15,Comida,P-07,1,Pizza Margarita,Principal
T-15054,2024-04-23,Cena,P-10,3,Solomillo Iberico,Principal
T-17208,2025-03-09,Comida,P-23,2,Tiramisu de la Casa,Postre
T-13187,2024-10-01,Cena,P-13,2,Bacalao al Horno,Principal
T-14378,2025-03-17,Cena,P-09,2,Gazpacho Andaluz,Entrante
T-14880,2024-10-05,Comida,P-09,4,Gazpacho Andaluz,Entrante
T-12236,2025-11-01,Cena,P-13,4,Bacalao al Horno,Principal
T-17292,2025-02-21,Comida,P-22,2,Te Verde,Bebida
T-16856,2025-11-09,Comida,P-17,3,Brownie con Helado,Postre
T-10816,2024-12-16,Cena,P-16,1,Agua Mineral,Bebida
T-11711,2025-04-13,Cena,P-02,2,Ensalada Cesar,Entrante
T-16053,2025-06-12,Cena,P-08,3,Croquetas de Jamon,Entrante
T-13328,2024-11-26,Comida,P-08,1,Croquetas de Jamon,Entrante
T-16399,2024-01-31,Comida,P-08,4,Croquetas de Jamon,Entrante
T-17431,2025-01-31,Cena,P-08,3,Croquetas de Jamon,Entrante
T-14089,2025-02-19,Cena,P-23,3,Tiramisu de la Casa,Postre
T-17400,2024-12-27,Cena,P-10,1,Solomillo Iberico,Principal
T-12483,2024-09-16,Cena,P-25,2,Canelones de Carne,Principal
T-10700,2024-12-30,Cena,P-08,3,Croquetas de Jamon,Entrante
T-14494,2025-02-21,Cena,P-10,4,Solomillo Iberico,Principal
T-13521,2025-12-10,Cena,P-07,2,Pizza Margarita,Principal
T-10239,2024-01-18,Cena,P-01,2,Hamburguesa Smart,Principal
T-10479,2025-02-24,Cena,P-05,2,Refresco Cola,Bebida
T-17290,2024-10-10,Cena,P-11,2,Salmon a la Plancha,Principal
T-14248,2025-08-26,Comida,P-24,3,Nuggets de Pollo,Principal
T-10213,2025-11-22,Comida,P-05,1,Refresco Cola,Bebida
T-10458,2024-10-27,Cena,P-14,2,Tortilla de Patatas,Entrante
T-12434,2025-04-13,Comida,P-11,4,Salmon a la Plancha,Principal
T-14418,2024-04-12,Cena,P-06,2,Vino Tinto Copa,Bebida
T-14220,2025-11-24,Comida,P-05,3,Refresco Cola,Bebida
T-11178,2024-01-18,Comida,P-07,2,Pizza Margarita,Principal
T-13406,2024-03-03,Cena,P-15,2,Cerveza Artesana,Bebida
T-13712,2024-09-12,Cena,P-05,4,Refresco Cola,Bebida
T-17593,2025-06-04,Cena,P-18,3,Ensaladilla Rusa,Entrante
T-17579,2025-08-26,Comida,P-21,4,Cafe Solo,Bebida
T-15461,2024-04-24,Comida,P-16,3,Agua Mineral,Bebida
T-11015,2024-01-12,Comida,P-11,2,Salmon a la Plancha,Principal
T-14396,2024-11-17,Cena,P-16,2,Agua Mineral,Bebida
T-10213,2025-07-21,Comida,P-13,3,Bacalao al Horno,Principal
T-11691,2025-02-06,Comida,P-21,4,Cafe Solo,Bebida
T-11738,2025-02-02,Cena,P-24,2,Nuggets de Pollo,Principal
T-17448,2024-10-15,Cena,P-04,3,Tarta de Queso Casera,Postre
T-15759,2024-04-09,Cena,P-20,1,Paella de Marisco,Principal
T-17367,2024-12-04,Cena,P-12,4,Risotto de Setas,Principal
T-15650,2024-07-13,Cena,P-07,1,Pizza Margarita,Principal
T-14390,2024-03-17,Cena,P-12,3,Risotto de Setas,Principal
T-15894,2024-07-28,Cena,P-18,2,Ensaladilla Rusa,Entrante
T-12613,2025-11-27,Cena,P-01,4,Hamburguesa Smart,Principal
T-15361,2025-11-24,Cena,P-23,3,Tiramisu de la Casa,Postre
T-17142,2025-05-01,Comida,P-08,2,Croquetas de Jamon,Entrante
T-17250,2025-08-24,Comida,P-25,1,Canelones de Carne,Principal
T-17965,2024-01-20,Cena,P-16,3,Agua Mineral,Bebida
T-11557,2025-08-12,Cena,P-10,3,Solomillo Iberico,Principal
T-13538,2024-05-31,Cena,P-19,4,Entrecot Ternera,Principal
T-16713,2024-12-27,Cena,P-21,1,Cafe Solo,Bebida
T-14098,2025-07-30,Cena,P-11,1,Salmon a la Plancha,Principal
T-12557,2025-11-24,Cena,P-16,1,Agua Mineral,Bebida
T-17127,2024-09-22,Cena,P-21,1,Cafe Solo,Bebida
T-17029,2024-03-24,Cena,P-07,4,Pizza Margarita,Principal
T-14709,2025-08-04,Comida,P-17,2,Brownie con Helado,Postre
T-13101,2025-05-05,Cena,P-20,4,Paella de Marisco,Principal
T-17426,2025-07-10,Comida,P-15,1,Cerveza Artesana,Bebida
T-14790,2025-02-13,Cena,P-15,1,Cerveza Artesana,Bebida
T-12685,2025-08-30,Comida,P-14,4,Tortilla de Patatas,Entrante
T-12872,2025-07-15,Cena,P-19,2,Entrecot Ternera,Principal
T-12248,2025-12-28,Comida,P-03,4,Pasta Carbonara IA,Principal
T-12866,2025-10-31,Cena,P-03,1,Pasta Carbonara IA,Principal
T-11700,2024-11-04,Cena,P-12,4,Risotto de Setas,Principal
T-12937,2024-06-15,Comida,P-20,2,Paella de Marisco,Principal
T-10094,2025-04-10,Comida,P-02,4,Ensalada Cesar,Entrante
T-16268,2024-02-22,Comida,P-13,1,Bacalao al Horno,Principal
T-17929,2024-03-09,Comida,P-12,2,Risotto de Setas,Principal
T-17432,2025-04-12,Cena,P-19,1,Entrecot Ternera,Principal
T-16176,2024-09-08,Cena,P-07,1,Pizza Margarita,Principal
T-17625,2024-01-22,Cena,P-04,1,Tarta de Queso Casera,Postre
T-13687,2025-11-15,Cena,P-06,4,Vino Tinto Copa,Bebida
T-12348,2025-01-15,Cena,P-17,1,Brownie con Helado,Postre
T-16654,2024-10-24,Comida,P-19,2,Entrecot Ternera,Principal
T-10158,2025-01-21,Comida,P-25,4,Canelones de Carne,Principal
T-15523,2024-11-16,Comida,P-02,1,Ensalada Cesar,Entrante
T-13487,2024-07-10,Comida,P-13,4,Bacalao al Horno,Principal
T-17971,2024-02-27,Comida,P-04,3,Tarta de Queso Casera,Postre
T-15778,2024-07-25,Cena,P-11,4,Salmon a la Plancha,Principal
T-10090,2025-09-09,Comida,P-25,4,Canelones de Carne,Principal
T-17086,2024-08-03,Comida,P-09,4,Gazpacho Andaluz,Entrante
T-11213,2024-10-20,Cena,P-10,3,Solomillo Iberico,Principal
T-10870,2025-07-06,Cena,P-24,4,Nuggets de Pollo,Principal
T-16567,2025-11-12,Comida,P-08,2,Croquetas de Jamon,Entrante
T-14868,2024-09-26,Cena,P-12,4,Risotto de Setas,Principal
T-16099,2024-02-09,Comida,P-05,1,Refresco Cola,Bebida
T-15145,2024-12-09,Cena,P-11,1,Salmon a la Plancha,Principal
T-10927,2024-10-24,Cena,P-19,2,Entrecot Ternera,Principal
T-11883,2024-05-02,Cena,P-03,2,Pasta Carbonara IA,Principal
T-15608,2025-03-12,Comida,P-18,1,Ensaladilla Rusa,Entrante
T-11113,2025-01-13,Comida,P-18,3,Ensaladilla Rusa,Entrante
T-17304,2025-07-30,Comida,P-24,1,Nuggets de Pollo,Principal
T-13139,2025-11-30,Cena,P-10,4,Solomillo Iberico,Principal
T-12549,2024-02-16,Cena,P-12,2,Risotto de Setas,Principal
T-14305,2025-11-06,Cena,P-10,2,Solomillo Iberico,Principal
T-12100,2025-01-13,Cena,P-20,3,Paella de Marisco,Principal
T-13872,2025-07-07,Cena,P-07,2,Pizza Margarita,Principal
T-12274,2025-01-30,Cena,P-07,1,Pizza Margarita,Principal
T-12295,2025-06-15,Cena,P-10,3,Solomillo Iberico,Principal
T-17818,2024-07-30,Cena,P-19,3,Entrecot Ternera,Principal
T-11089,2025-12-16,Cena,P-19,1,Entrecot Ternera,Principal
T-15312,2024-12-23,Cena,P-17,1,Brownie con Helado,Postre
T-16067,2025-04-30,Cena,P-22,2,Te Verde,Bebida
T-11559,2025-03-08,Cena,P-10,1,Solomillo Iberico,Principal
T-15098,2025-10-30,Cena,P-17,3,Brownie con Helado,Postre
T-14646,2024-04-16,Cena,P-03,3,Pasta Carbonara IA,Principal
T-13015,2025-03-20,Cena,P-17,2,Brownie con Helado,Postre
T-17271,2025-03-22,Cena,P-05,3,Refresco Cola,Bebida
T-16299,2024-05-12,Cena,P-02,2,Ensalada Cesar,Entrante
T-10464,2024-12-10,Cena,P-04,4,Tarta de Queso Casera,Postre
T-13644,2024-10-19,Cena,P-25,2,Canelones de Carne,Principal
T-13739,2025-10-25,Comida,P-17,1,Brownie con Helado,Postre
T-11138,2024-10-29,Comida,P-14,1,Tortilla de Patatas,Entrante
T-10839,2025-08-26,Cena,P-10,3,Solomillo Iberico,Principal
T-16617,2024-12-12,Cena,P-12,1,Risotto de Setas,Principal
T-10198,2024-06-05,Cena,P-15,4,Cerveza Artesana,Bebida
T-15958,2024-09-25,Cena,P-15,2,Cerveza Artesana,Bebida
T-12424,2024-07-20,Cena,P-13,2,Bacalao al Horno,Principal
T-17455,2024-02-13,Cena,P-22,2,Te Verde,Bebida
T-11190,2024-09-29,Comida,P-05,4,Refresco Cola,Bebida
T-13387,2025-01-22,Cena,P-24,1,Nuggets de Pollo,Principal
T-16053,2025-12-09,Cena,P-05,2,Refresco Cola,Bebida
T-15185,2025-02-13,Cena,P-14,4,Tortilla de Patatas,Entrante
T-11270,2025-11-21,Cena,P-10,4,Solomillo Iberico,Principal
T-14819,2025-10-14,Comida,P-23,2,Tiramisu de la Casa,Postre
T-16036,2025-11-18,Cena,P-22,3,Te Verde,Bebida
T-14716,2025-01-17,Cena,P-09,1,Gazpacho Andaluz,Entrante
T-11591,2025-03-04,Cena,P-12,2,Risotto de Setas,Principal
T-14463,2024-02-08,Comida,P-06,3,Vino Tinto Copa,Bebida
T-17276,2024-02-24,Comida,P-14,2,Tortilla de Patatas,Entrante
T-13213,2024-12-07,Cena,P-23,1,Tiramisu de la Casa,Postre
T-16074,2024-07-31,Comida,P-11,3,Salmon a la Plancha,Principal
T-12409,2024-10-20,Cena,P-17,2,Brownie con Helado,Postre
T-15254,2024-05-18,Comida,P-19,3,Entrecot Ternera,Principal
T-15354,2025-09-11,Cena,P-25,1,Canelones de Carne,Principal
T-10696,2025-06-20,Cena,P-05,1,Refresco Cola,Bebida
T-11685,2025-06-08,Cena,P-08,2,Croquetas de Jamon,Entrante
T-13057,2025-12-03,Cena,P-15,3,Cerveza Artesana,Bebida
T-12173,2025-10-18,Comida,P-23,4,Tiramisu de la Casa,Postre
T-14790,2025-11-28,Cena,P-10,1,Solomillo Iberico,Principal
T-17153,2024-07-02,Cena,P-24,4,Nuggets de Pollo,Principal
T-14380,2025-06-07,Cena,P-13,1,Bacalao al Horno,Principal
T-12695,2024-03-11,Cena,P-11,2,Salmon a la Plancha,Principal
T-17550,2024-01-31,Comida,P-09,3,Gazpacho Andaluz,Entrante
T-17392,2025-11-29,Comida,P-17,3,Brownie con Helado,Postre
T-14807,2024-05-18,Cena,P-14,2,Tortilla de Patatas,Entrante
T-17212,2025-03-03,Cena,P-08,4,Croquetas de Jamon,Entrante
T-16992,2024-10-22,Cena,P-05,3,Refresco Cola,Bebida
T-17888,2025-08-04,Cena,P-09,3,Gazpacho Andaluz,Entrante
T-17667,2025-04-25,Comida,P-24,2,Nuggets de Pollo,Principal
T-13642,2024-09-26,Comida,P-23,1,Tiramisu de la Casa,Postre
T-12689,2025-02-23,Cena,P-16,3,Agua Mineral,Bebida
T-15033,2024-11-24,Cena,P-21,2,Cafe Solo,Bebida
T-11771,2024-10-08,Cena,P-12,3,Risotto de Setas,Principal
T-13473,2024-05-21,Comida,P-07,2,Pizza Margarita,Principal
T-11803,2024-03-05,Comida,P-20,1,Paella de Marisco,Principal
T-11523,2024-07-04,Cena,P-07,3,Pizza Margarita,Principal
T-10114,2025-07-26,Cena,P-18,4,Ensaladilla Rusa,Entrante
T-12411,2025-11-05,Cena,P-23,2,Tiramisu de la Casa,Postre
T-12493,2024-09-24,Cena,P-12,3,Risotto de Setas,Principal
T-16092,2025-08-24,Comida,P-22,4,Te Verde,Bebida
T-16393,2025-01-11,Comida,P-19,3,Entrecot Ternera,Principal
T-17419,2025-04-12,Cena,P-18,1,Ensaladilla Rusa,Entrante
T-17481,2024-10-13,Comida,P-09,1,Gazpacho Andaluz,Entrante
T-10539,2025-04-06,Cena,P-12,3,Risotto de Setas,Principal
T-15441,2024-06-08,Cena,P-10,4,Solomillo Iberico,Principal
T-15954,2024-07-03,Cena,P-23,1,Tiramisu de la Casa,Postre
T-17931,2025-05-26,Cena,P-08,1,Croquetas de Jamon,Entrante
T-16774,2025-05-09,Cena,P-12,2,Risotto de Setas,Principal
T-11100,2024-05-05,Comida,P-20,2,Paella de Marisco,Principal
T-17557,2025-01-08,Comida,P-09,1,Gazpacho Andaluz,Entrante
T-17010,2025-01-11,Comida,P-03,3,Pasta Carbonara IA,Principal
T-17086,2024-10-04,Comida,P-06,4,Vino Tinto Copa,Bebida
T-15782,2025-08-31,Cena,P-21,3,Cafe Solo,Bebida
T-15120,2025-04-04,Cena,P-10,3,Solomillo Iberico,Principal
T-16902,2025-12-15,Comida,P-25,1,Canelones de Carne,Principal
T-12053,2025-08-02,Cena,P-11,3,Salmon a la Plancha,Principal
T-16181,2024-11-24,Cena,P-21,2,Cafe Solo,Bebida
T-17403,2024-05-31,Comida,P-21,3,Cafe Solo,Bebida
T-13295,2025-01-21,Comida,P-06,4,Vino Tinto Copa,Bebida
T-10202,2025-06-14,Cena,P-11,2,Salmon a la Plancha,Principal
T-16246,2025-02-13,Comida,P-11,2,Salmon a la Plancha,Principal
T-13633,2024-10-27,Cena,P-12,1,Risotto de Setas,Principal
T-13676,2025-07-12,Cena,P-02,2,Ensalada Cesar,Entrante
T-13913,2025-11-08,Cena,P-08,2,Croquetas de Jamon,Entrante
T-15200,2025-05-27,Comida,P-02,1,Ensalada Cesar,Entrante
T-11426,2024-12-25,Cena,P-18,2,Ensaladilla Rusa,Entrante
T-17413,2025-10-04,Cena,P-10,1,Solomillo Iberico,Principal
T-16104,2024-01-05,Cena,P-06,3,Vino Tinto Copa,Bebida
T-12606,2024-09-23,Cena,P-24,4,Nuggets de Pollo,Principal
T-14676,2024-08-11,Comida,P-12,2,Risotto de Setas,Principal
T-16167,2024-09-05,Cena,P-06,4,Vino Tinto Copa,Bebida
T-15799,2024-07-02,Cena,P-21,1,Cafe Solo,Bebida
T-16946,2025-12-24,Comida,P-05,3,Refresco Cola,Bebida
T-12022,2025-05-01,Comida,P-25,4,Canelones de Carne,Principal
T-14606,2024-06-11,Cena,P-05,4,Refresco Cola,Bebida
T-10017,2025-05-05,Comida,P-25,3,Canelones de Carne,Principal
T-11360,2025-11-16,Comida,P-04,3,Tarta de Queso Casera,Postre
T-16359,2024-04-15,Cena,P-15,1,Cerveza Artesana,Bebida
T-10225,2024-04-06,Comida,P-14,1,Tortilla de Patatas,Entrante
T-10964,2025-01-28,Comida,P-20,3,Paella de Marisco,Principal
T-15170,2025-01-13,Cena,P-03,4,Pasta Carbonara IA,Principal
T-11117,2024-10-21,Cena,P-19,1,Entrecot Ternera,Principal
T-17823,2024-12-23,Cena,P-15,2,Cerveza Artesana,Bebida
T-16518,2024-10-07,Cena,P-21,1,Cafe Solo,Bebida
T-17271,2025-05-27,Cena,P-10,3,Solomillo Iberico,Principal
T-17046,2024-03-14,Cena,P-20,4,Paella de Marisco,Principal
T-12688,2024-02-25,Comida,P-13,3,Bacalao al Horno,Principal
T-11978,2025-04-15,Cena,P-07,1,Pizza Margarita,Principal
T-13999,2024-03-21,Comida,P-09,4,Gazpacho Andaluz,Entrante
T-15342,2025-07-27,Cena,P-19,3,Entrecot Ternera,Principal
T-11865,2024-09-17,Cena,P-04,2,Tarta de Queso Casera,Postre
T-16834,2024-04-13,Comida,P-22,1,Te Verde,Bebida
T-14796,2024-08-28,Comida,P-05,4,Refresco Cola,Bebida
T-17920,2025-02-01,Cena,P-17,4,Brownie con Helado,Postre
T-15284,2024-04-17,Comida,P-19,1,Entrecot Ternera,Principal
T-16709,2024-10-30,Cena,P-20,3,Paella de Marisco,Principal
T-14079,2025-12-02,Cena,P-01,2,Hamburguesa Smart,Principal
T-14216,2024-04-12,Comida,P-16,1,Agua Mineral,Bebida
T-16128,2025-04-25,Cena,P-09,3,Gazpacho Andaluz,Entrante
T-12926,2025-08-03,Comida,P-14,4,Tortilla de Patatas,Entrante
T-12250,2024-06-20,Cena,P-21,1,Cafe Solo,Bebida
T-16246,2025-06-17,Comida,P-24,3,Nuggets de Pollo,Principal
T-17245,2025-06-09,Comida,P-20,2,Paella de Marisco,Principal
T-10680,2024-04-05,Cena,P-08,1,Croquetas de Jamon,Entrante
T-11843,2024-08-18,Cena,P-01,2,Hamburguesa Smart,Principal
T-16917,2025-02-24,Cena,P-17,3,Brownie con Helado,Postre
T-11872,2024-05-06,Comida,P-01,2,Hamburguesa Smart,Principal
T-11038,2024-06-03,Comida,P-09,4,Gazpacho Andaluz,Entrante
T-12319,2024-10-20,Cena,P-19,4,Entrecot Ternera,Principal
T-14228,2025-04-30,Cena,P-07,3,Pizza Margarita,Principal
T-17965,2025-07-05,Cena,P-04,4,Tarta de Queso Casera,Postre
T-15830,2024-11-26,Cena,P-07,1,Pizza Margarita,Principal
T-10968,2025-10-30,Cena,P-20,4,Paella de Marisco,Principal
T-14393,2025-07-16,Cena,P-04,2,Tarta de Queso Casera,Postre
T-17710,2024-03-13,Comida,P-25,2,Canelones de Carne,Principal
T-14194,2024-09-09,Cena,P-15,3,Cerveza Artesana,Bebida
T-15914,2024-09-04,Comida,P-23,2,Tiramisu de la Casa,Postre
T-14106,2025-02-10,Comida,P-08,4,Croquetas de Jamon,Entrante
T-10803,2024-07-29,Cena,P-25,2,Canelones de Carne,Principal
T-13974,2024-07-24,Comida,P-01,1,Hamburguesa Smart,Principal
T-15497,2025-02-21,Cena,P-17,4,Brownie con Helado,Postre
T-17871,2024-04-11,Comida,P-03,1,Pasta Carbonara IA,Principal
T-11513,2025-10-05,Cena,P-22,2,Te Verde,Bebida
T-12818,2025-02-01,Cena,P-08,1,Croquetas de Jamon,Entrante
T-14490,2025-09-20,Comida,P-23,1,Tiramisu de la Casa,Postre
T-16774,2025-05-27,Comida,P-07,4,Pizza Margarita,Principal
T-17127,2024-09-18,Cena,P-22,1,Te Verde,Bebida
T-14411,2024-12-06,Comida,P-13,3,Bacalao al Horno,Principal
T-10244,2024-12-06,Comida,P-12,4,Risotto de Setas,Principal
T-13544,2024-09-23,Comida,P-07,4,Pizza Margarita,Principal
T-14386,2025-10-02,Cena,P-15,1,Cerveza Artesana,Bebida
T-15334,2024-06-22,Cena,P-10,3,Solomillo Iberico,Principal
T-15943,2025-07-26,Comida,P-05,3,Refresco Cola,Bebida
T-17938,2025-12-08,Comida,P-15,4,Cerveza Artesana,Bebida
T-12960,2025-04-05,Comida,P-20,2,Paella de Marisco,Principal
T-15408,2025-09-02,Cena,P-02,2,Ensalada Cesar,Entrante
T-17466,2025-04-01,Cena,P-14,4,Tortilla de Patatas,Entrante
T-14340,2025-11-08,Comida,P-21,1,Cafe Solo,Bebida
T-17070,2024-12-20,Comida,P-08,1,Croquetas de Jamon,Entrante
T-11147,2025-05-27,Cena,P-02,1,Ensalada Cesar,Entrante
T-12956,2024-05-18,Comida,P-14,4,Tortilla de Patatas,Entrante
T-14734,2024-05-23,Cena,P-20,4,Paella de Marisco,Principal
T-14302,2024-09-03,Cena,P-13,2,Bacalao al Horno,Principal
T-16288,2024-04-19,Cena,P-24,4,Nuggets de Pollo,Principal
T-13335,2025-10-01,Cena,P-04,2,Tarta de Queso Casera,Postre
T-13569,2025-09-28,Cena,P-20,4,Paella de Marisco,Principal
T-16402,2025-03-23,Cena,P-14,2,Tortilla de Patatas,Entrante
T-13017,2024-11-11,Comida,P-14,2,Tortilla de Patatas,Entrante
T-10529,2025-05-16,Comida,P-19,4,Entrecot Ternera,Principal
T-10126,2024-11-22,Comida,P-18,1,Ensaladilla Rusa,Entrante
T-10817,2024-06-04,Cena,P-21,3,Cafe Solo,Bebida
T-14295,2025-09-16,Cena,P-07,4,Pizza Margarita,Principal
T-12686,2024-05-28,Cena,P-20,3,Paella de Marisco,Principal
T-10259,2024-07-17,Comida,P-22,4,Te Verde,Bebida
T-14558,2024-01-04,Cena,P-05,1,Refresco Cola,Bebida
T-13794,2025-06-17,Cena,P-06,2,Vino Tinto Copa,Bebida
T-14722,2025-07-07,Comida,P-19,2,Entrecot Ternera,Principal
T-10451,2025-10-11,Cena,P-17,2,Brownie con Helado,Postre
T-17581,2024-03-31,Cena,P-21,1,Cafe Solo,Bebida
T-12521,2024-03-08,Cena,P-02,1,Ensalada Cesar,Entrante
T-17535,2025-02-11,Comida,P-16,3,Agua Mineral,Bebida
T-10578,2024-03-14,Comida,P-17,2,Brownie con Helado,Postre
T-10739,2025-03-18,Cena,P-19,3,Entrecot Ternera,Principal
T-13753,2024-03-17,Cena,P-05,3,Refresco Cola,Bebida
T-13408,2025-04-26,Comida,P-03,4,Pasta Carbonara IA,Principal
T-13663,2025-09-07,Cena,P-08,2,Croquetas de Jamon,Entrante
T-10103,2025-03-17,Cena,P-20,2,Paella de Marisco,Principal
T-16532,2025-09-14,Cena,P-03,4,Pasta Carbonara IA,Principal
T-16087,2025-09-18,Cena,P-16,2,Agua Mineral,Bebida
T-16648,2024-12-01,Cena,P-25,4,Canelones de Carne,Principal
T-13281,2024-07-08,Comida,P-15,4,Cerveza Artesana,Bebida
T-10544,2024-09-26,Cena,P-25,1,Canelones de Carne,Principal
T-12174,2024-10-17,Comida,P-06,4,Vino Tinto Copa,Bebida
T-17428,2024-12-10,Comida,P-12,4,Risotto de Setas,Principal
T-16150,2024-08-05,Comida,P-03,2,Pasta Carbonara IA,Principal
T-13649,2025-12-01,Cena,P-24,1,Nuggets de Pollo,Principal
T-17335,2025-03-07,Cena,P-10,3,Solomillo Iberico,Principal
T-15006,2025-03-04,Comida,P-10,3,Solomillo Iberico,Principal
T-16046,2025-04-01,Comida,P-24,2,Nuggets de Pollo,Principal
T-17846,2025-08-14,Comida,P-09,3,Gazpacho Andaluz,Entrante
T-14294,2024-08-02,Comida,P-24,4,Nuggets de Pollo,Principal
T-14044,2024-04-22,Comida,P-16,1,Agua Mineral,Bebida
T-14260,2024-10-28,Cena,P-07,1,Pizza Margarita,Principal
T-15475,2025-10-09,Cena,P-24,1,Nuggets de Pollo,Principal
T-15602,2024-03-26,Comida,P-10,4,Solomillo Iberico,Principal
T-15294,2025-02-09,Cena,P-11,2,Salmon a la Plancha,Principal
T-11225,2025-03-20,Cena,P-04,3,Tarta de Queso Casera,Postre
T-17448,2025-02-17,Comida,P-11,3,Salmon a la Plancha,Principal
T-15360,2024-12-10,Cena,P-16,1,Agua Mineral,Bebida
T-14441,2025-11-04,Cena,P-15,2,Cerveza Artesana,Bebida
T-17272,2024-06-30,Comida,P-07,1,Pizza Margarita,Principal
T-17013,2024-06-07,Comida,P-01,4,Hamburguesa Smart,Principal
T-10135,2024-04-15,Cena,P-08,3,Croquetas de Jamon,Entrante
T-16770,2024-12-23,Cena,P-18,3,Ensaladilla Rusa,Entrante
T-15398,2025-11-27,Comida,P-17,4,Brownie con Helado,Postre
T-14364,2025-09-06,Comida,P-03,4,Pasta Carbonara IA,Principal
T-10584,2024-02-22,Cena,P-06,4,Vino Tinto Copa,Bebida
T-13833,2024-10-06,Cena,P-17,2,Brownie con Helado,Postre
T-14725,2024-02-01,Comida,P-10,3,Solomillo Iberico,Principal
T-10354,2025-11-20,Comida,P-16,4,Agua Mineral,Bebida
T-13661,2024-12-05,Cena,P-16,1,Agua Mineral,Bebida
T-12521,2024-05-05,Cena,P-04,2,Tarta de Queso Casera,Postre
T-14753,2024-05-01,Comida,P-25,3,Canelones de Carne,Principal
T-13411,2025-10-02,Cena,P-15,1,Cerveza Artesana,Bebida
T-14837,2024-08-26,Comida,P-23,1,Tiramisu de la Casa,Postre
T-15925,2025-11-28,Comida,P-06,1,Vino Tinto Copa,Bebida
T-15088,2025-02-15,Cena,P-02,1,Ensalada Cesar,Entrante
T-14582,2024-09-26,Comida,P-09,1,Gazpacho Andaluz,Entrante
T-16374,2024-02-15,Comida,P-10,2,Solomillo Iberico,Principal
T-16687,2024-06-05,Comida,P-20,2,Paella de Marisco,Principal
T-10612,2024-12-06,Cena,P-10,3,Solomillo Iberico,Principal
T-17576,2025-02-10,Cena,P-20,3,Paella de Marisco,Principal
T-10150,2024-01-13,Cena,P-14,4,Tortilla de Patatas,Entrante
T-16708,2025-11-24,Cena,P-14,1,Tortilla de Patatas,Entrante
T-15290,2024-03-14,Comida,P-09,3,Gazpacho Andaluz,Entrante
T-11528,2025-04-23,Cena,P-16,4,Agua Mineral,Bebida
T-14735,2025-05-15,Comida,P-21,1,Cafe Solo,Bebida
T-15273,2024-02-01,Cena,P-09,1,Gazpacho Andaluz,Entrante
T-13919,2024-02-10,Cena,P-18,4,Ensaladilla Rusa,Entrante
T-13067,2025-01-06,Comida,P-03,3,Pasta Carbonara IA,Principal
T-17971,2024-05-19,Cena,P-03,4,Pasta Carbonara IA,Principal
T-14904,2025-07-14,Comida,P-10,1,Solomillo Iberico,Principal
T-10747,2025-07-16,Cena,P-22,2,Te Verde,Bebida
T-13449,2025-08-22,Cena,P-06,1,Vino Tinto Copa,Bebida
T-11713,2025-08-16,Cena,P-14,1,Tortilla de Patatas,Entrante
T-12000,2024-07-27,Comida,P-01,4,Hamburguesa Smart,Principal
T-12149,2024-07-29,Comida,P-25,4,Canelones de Carne,Principal
T-17530,2025-04-23,Cena,P-23,3,Tiramisu de la Casa,Postre
T-14079,2025-07-23,Comida,P-19,1,Entrecot Ternera,Principal
T-11054,2025-04-17,Comida,P-05,1,Refresco Cola,Bebida
T-13493,2024-11-05,Cena,P-24,2,Nuggets de Pollo,Principal
T-14405,2025-08-30,Cena,P-23,3,Tiramisu de la Casa,Postre
T-14680,2024-07-11,Comida,P-02,2,Ensalada Cesar,Entrante
T-17991,2024-08-26,Cena,P-08,4,Croquetas de Jamon,Entrante
T-17882,2024-09-20,Cena,P-23,1,Tiramisu de la Casa,Postre
T-16728,2024-10-12,Cena,P-08,2,Croquetas de Jamon,Entrante
T-12491,2025-03-10,Cena,P-04,4,Tarta de Queso Casera,Postre
T-17640,2024-01-17,Cena,P-12,4,Risotto de Setas,Principal
T-16739,2024-08-14,Cena,P-22,3,Te Verde,Bebida
T-12969,2024-07-23,Comida,P-25,4,Canelones de Carne,Principal
T-11419,2024-06-02,Cena,P-17,2,Brownie con Helado,Postre
T-17471,2025-10-24,Cena,P-08,3,Croquetas de Jamon,Entrante
T-10554,2025-01-28,Cena,P-21,2,Cafe Solo,Bebida
T-13700,2024-04-12,Cena,P-24,3,Nuggets de Pollo,Principal
T-11238,2024-06-20,Cena,P-10,1,Solomillo Iberico,Principal
T-17537,2024-03-22,Cena,P-23,4,Tiramisu de la Casa,Postre
T-14132,2024-01-09,Cena,P-23,2,Tiramisu de la Casa,Postre
T-16635,2024-04-24,Cena,P-09,1,Gazpacho Andaluz,Entrante
T-11138,2024-04-01,Comida,P-14,2,Tortilla de Patatas,Entrante
T-13657,2025-08-27,Cena,P-15,3,Cerveza Artesana,Bebida
T-14655,2025-12-14,Cena,P-13,4,Bacalao al Horno,Principal
T-12823,2025-04-18,Comida,P-23,1,Tiramisu de la Casa,Postre
T-12353,2025-10-07,Cena,P-08,1,Croquetas de Jamon,Entrante
T-15095,2025-10-02,Comida,P-06,2,Vino Tinto Copa,Bebida
T-12176,2025-10-23,Cena,P-10,4,Solomillo Iberico,Principal
T-16740,2025-07-10,Cena,P-18,3,Ensaladilla Rusa,Entrante
T-12931,2025-03-06,Cena,P-25,3,Canelones de Carne,Principal
T-14937,2025-01-11,Cena,P-14,3,Tortilla de Patatas,Entrante
T-17525,2024-02-20,Cena,P-05,2,Refresco Cola,Bebida
T-12084,2025-09-04,Comida,P-24,3,Nuggets de Pollo,Principal
T-12063,2025-10-04,Cena,P-11,1,Salmon a la Plancha,Principal
T-12291,2024-02-24,Comida,P-10,2,Solomillo Iberico,Principal
T-12376,2024-12-06,Comida,P-12,4,Risotto de Setas,Principal
T-17191,2024-10-27,Cena,P-22,4,Te Verde,Bebida
T-11186,2024-10-01,Cena,P-23,2,Tiramisu de la Casa,Postre
T-14501,2025-03-05,Cena,P-12,1,Risotto de Setas,Principal
T-12248,2025-08-20,Comida,P-17,4,Brownie con Helado,Postre
T-10062,2024-07-03,Comida,P-12,1,Risotto de Setas,Principal
T-10207,2025-05-11,Comida,P-02,2,Ensalada Cesar,Entrante
T-17025,2025-09-22,Cena,P-01,3,Hamburguesa Smart,Principal
T-16170,2024-06-25,Comida,P-19,3,Entrecot Ternera,Principal
T-16724,2025-04-05,Cena,P-10,2,Solomillo Iberico,Principal
T-12168,2025-03-19,Comida,P-20,1,Paella de Marisco,Principal
T-14670,2024-11-05,Cena,P-02,2,Ensalada Cesar,Entrante
T-14397,2025-11-02,Comida,P-02,3,Ensalada Cesar,Entrante
T-14868,2024-01-24,Comida,P-14,2,Tortilla de Patatas,Entrante
T-16624,2024-08-18,Cena,P-03,4,Pasta Carbonara IA,Principal
T-12601,2025-01-14,Cena,P-04,2,Tarta de Queso Casera,Postre
T-13362,2025-09-16,Cena,P-12,2,Risotto de Setas,Principal
T-13857,2025-05-12,Cena,P-06,1,Vino Tinto Copa,Bebida
T-16247,2025-02-27,Comida,P-15,2,Cerveza Artesana,Bebida
T-14379,2025-06-07,Comida,P-04,4,Tarta de Queso Casera,Postre
T-17455,2024-05-15,Cena,P-09,3,Gazpacho Andaluz,Entrante
T-13302,2025-01-09,Cena,P-06,4,Vino Tinto Copa,Bebida
T-17192,2025-10-17,Cena,P-21,4,Cafe Solo,Bebida
T-10067,2024-04-17,Cena,P-07,1,Pizza Margarita,Principal
T-15327,2025-02-11,Cena,P-22,4,Te Verde,Bebida
T-10975,2024-07-13,Cena,P-08,4,Croquetas de Jamon,Entrante
T-12348,2024-07-15,Cena,P-23,4,Tiramisu de la Casa,Postre
T-12432,2025-02-22,Cena,P-04,1,Tarta de Queso Casera,Postre
T-15749,2024-01-15,Cena,P-03,3,Pasta Carbonara IA,Principal
T-16484,2025-11-09,Cena,P-11,4,Salmon a la Plancha,Principal
T-12244,2024-04-21,Comida,P-14,3,Tortilla de Patatas,Entrante
T-11977,2025-06-14,Cena,P-12,2,Risotto de Setas,Principal
T-13599,2025-10-07,Comida,P-18,4,Ensaladilla Rusa,Entrante
T-10078,2025-05-09,Comida,P-06,1,Vino Tinto Copa,Bebida
T-16101,2024-01-05,Cena,P-06,1,Vino Tinto Copa,Bebida
T-14414,2024-10-15,Cena,P-07,4,Pizza Margarita,Principal
T-13971,2025-02-25,Comida,P-19,1,Entrecot Ternera,Principal
T-12518,2025-03-25,Cena,P-03,1,Pasta Carbonara IA,Principal
T-13974,2024-07-08,Comida,P-12,1,Risotto de Setas,Principal
T-15431,2025-03-25,Comida,P-01,4,Hamburguesa Smart,Principal
T-14111,2025-11-07,Comida,P-03,1,Pasta Carbonara IA,Principal
T-12685,2025-02-12,Comida,P-25,3,Canelones de Carne,Principal
T-10035,2024-11-13,Cena,P-20,3,Paella de Marisco,Principal
T-12481,2024-11-28,Cena,P-02,4,Ensalada Cesar,Entrante
T-14675,2024-02-13,Cena,P-12,2,Risotto de Setas,Principal
T-14723,2024-06-15,Cena,P-10,2,Solomillo Iberico,Principal
T-11527,2025-02-24,Comida,P-02,2,Ensalada Cesar,Entrante
T-14764,2025-10-17,Cena,P-07,2,Pizza Margarita,Principal
T-11768,2024-04-28,Cena,P-11,4,Salmon a la Plancha,Principal
T-13462,2024-07-13,Cena,P-08,4,Croquetas de Jamon,Entrante
T-15395,2025-10-07,Cena,P-21,3,Cafe Solo,Bebida
T-11909,2025-09-10,Comida,P-24,2,Nuggets de Pollo,Principal
T-12070,2025-01-09,Cena,P-06,1,Vino Tinto Copa,Bebida
T-15391,2024-09-01,Comida,P-08,2,Croquetas de Jamon,Entrante
T-13818,2025-09-08,Cena,P-06,2,Vino Tinto Copa,Bebida
T-10595,2024-02-16,Comida,P-22,4,Te Verde,Bebida
T-13816,2025-12-09,Comida,P-03,1,Pasta Carbonara IA,Principal
T-15868,2024-10-06,Cena,P-17,1,Brownie con Helado,Postre
T-11305,2024-05-18,Comida,P-14,4,Tortilla de Patatas,Entrante
T-13263,2025-10-25,Cena,P-25,2,Canelones de Carne,Principal
T-10394,2025-01-02,Cena,P-19,3,Entrecot Ternera,Principal
T-10525,2024-02-14,Cena,P-21,3,Cafe Solo,Bebida
T-15860,2025-02-23,Comida,P-15,3,Cerveza Artesana,Bebida
T-16155,2025-02-05,Comida,P-06,3,Vino Tinto Copa,Bebida
T-13791,2025-01-23,Cena,P-14,4,Tortilla de Patatas,Entrante
T-16813,2025-02-26,Comida,P-02,1,Ensalada Cesar,Entrante
T-17050,2024-10-15,Comida,P-09,1,Gazpacho Andaluz,Entrante
T-13375,2024-05-01,Cena,P-21,4,Cafe Solo,Bebida
T-14542,2024-07-31,Comida,P-23,3,Tiramisu de la Casa,Postre
T-14748,2024-06-17,Comida,P-19,2,Entrecot Ternera,Principal
T-10009,2025-12-16,Comida,P-16,3,Agua Mineral,Bebida
T-11935,2024-09-29,Comida,P-18,4,Ensaladilla Rusa,Entrante
T-14114,2024-04-13,Comida,P-09,4,Gazpacho Andaluz,Entrante
T-12707,2024-07-20,Comida,P-05,2,Refresco Cola,Bebida
T-12174,2025-05-12,Comida,P-03,2,Pasta Carbonara IA,Principal
T-14387,2024-08-07,Comida,P-03,4,Pasta Carbonara IA,Principal
T-13676,2024-04-08,Cena,P-19,1,Entrecot Ternera,Principal
T-14346,2024-06-22,Comida,P-20,1,Paella de Marisco,Principal
T-11506,2024-01-25,Cena,P-24,2,Nuggets de Pollo,Principal
T-11742,2025-09-09,Comida,P-23,4,Tiramisu de la Casa,Postre
T-13988,2024-02-15,Cena,P-06,2,Vino Tinto Copa,Bebida
T-15504,2024-01-08,Cena,P-19,2,Entrecot Ternera,Principal
T-10746,2025-09-12,Cena,P-06,2,Vino Tinto Copa,Bebida
T-11823,2024-04-17,Cena,P-07,1,Pizza Margarita,Principal
T-13352,2025-06-24,Comida,P-15,2,Cerveza Artesana,Bebida
T-15281,2025-01-01,Cena,P-15,3,Cerveza Artesana,Bebida
T-10882,2024-05-20,Comida,P-01,1,Hamburguesa Smart,Principal
T-11081,2024-02-24,Cena,P-21,3,Cafe Solo,Bebida
T-10521,2025-04-24,Comida,P-09,1,Gazpacho Andaluz,Entrante
T-16961,2024-01-30,Comida,P-05,4,Refresco Cola,Bebida
T-14419,2025-07-18,Cena,P-15,4,Cerveza Artesana,Bebida
T-16468,2025-03-01,Cena,P-25,3,Canelones de Carne,Principal
T-17118,2024-12-30,Comida,P-02,3,Ensalada Cesar,Entrante
T-15482,2025-03-25,Cena,P-08,1,Croquetas de Jamon,Entrante
T-10837,2024-06-08,Cena,P-11,3,Salmon a la Plancha,Principal
T-14859,2025-10-31,Comida,P-25,1,Canelones de Carne,Principal
T-12558,2024-12-16,Comida,P-19,3,Entrecot Ternera,Principal
T-15490,2024-12-26,Cena,P-14,2,Tortilla de Patatas,Entrante
T-10209,2024-10-04,Comida,P-22,2,Te Verde,Bebida
T-15179,2025-02-05,Comida,P-14,4,Tortilla de Patatas,Entrante
T-17606,2024-05-23,Cena,P-22,3,Te Verde,Bebida
T-17291,2025-11-04,Cena,P-21,3,Cafe Solo,Bebida
T-10677,2025-07-22,Cena,P-10,2,Solomillo Iberico,Principal
T-17496,2024-03-22,Comida,P-13,2,Bacalao al Horno,Principal
T-12349,2024-01-06,Cena,P-15,2,Cerveza Artesana,Bebida
T-12647,2025-07-17,Cena,P-10,3,Solomillo Iberico,Principal
T-14413,2024-11-19,Cena,P-18,4,Ensaladilla Rusa,Entrante
T-14043,2025-04-11,Cena,P-13,2,Bacalao al Horno,Principal
T-10009,2025-03-11,Comida,P-15,1,Cerveza Artesana,Bebida
T-16060,2024-03-25,Cena,P-21,4,Cafe Solo,Bebida
T-14683,2025-06-06,Cena,P-17,3,Brownie con Helado,Postre
T-15379,2025-06-09,Comida,P-21,3,Cafe Solo,Bebida
T-17186,2024-02-02,Cena,P-10,2,Solomillo Iberico,Principal
T-12157,2024-04-15,Cena,P-12,4,Risotto de Setas,Principal
T-11839,2025-09-05,Cena,P-14,2,Tortilla de Patatas,Entrante
T-15705,2025-10-01,Comida,P-08,3,Croquetas de Jamon,Entrante
T-15651,2024-04-08,Cena,P-01,2,Hamburguesa Smart,Principal
T-12012,2025-04-07,Cena,P-19,3,Entrecot Ternera,Principal
T-10650,2024-11-30,Comida,P-25,1,Canelones de Carne,Principal
T-17440,2025-03-06,Cena,P-11,3,Salmon a la Plancha,Principal
T-17021,2025-12-19,Comida,P-18,1,Ensaladilla Rusa,Entrante
T-12154,2025-12-01,Comida,P-06,1,Vino Tinto Copa,Bebida
T-15347,2025-01-18,Comida,P-04,3,Tarta de Queso Casera,Postre
T-15684,2025-03-06,Comida,P-15,4,Cerveza Artesana,Bebida
T-17427,2024-02-26,Comida,P-01,2,Hamburguesa Smart,Principal
T-14509,2024-02-15,Cena,P-13,3,Bacalao al Horno,Principal
T-12089,2025-05-26,Comida,P-03,4,Pasta Carbonara IA,Principal
T-10763,2025-06-05,Cena,P-07,4,Pizza Margarita,Principal
T-17807,2024-08-02,Cena,P-09,3,Gazpacho Andaluz,Entrante
T-13512,2025-03-27,Cena,P-10,1,Solomillo Iberico,Principal
T-10654,2025-05-27,Comida,P-25,4,Canelones de Carne,Principal
T-10466,2024-02-08,Cena,P-05,3,Refresco Cola,Bebida
T-12776,2024-01-28,Cena,P-22,2,Te Verde,Bebida
T-14493,2025-11-04,Cena,P-11,2,Salmon a la Plancha,Principal
T-14063,2025-07-15,Comida,P-19,2,Entrecot Ternera,Principal
T-11805,2024-06-24,Comida,P-13,1,Bacalao al Horno,Principal
T-13199,2024-06-05,Cena,P-02,3,Ensalada Cesar,Entrante
T-12445,2025-06-26,Cena,P-13,3,Bacalao al Horno,Principal
T-11069,2024-11-09,Comida,P-10,1,Solomillo Iberico,Principal
T-11480,2025-02-09,Cena,P-18,3,Ensaladilla Rusa,Entrante
T-16077,2025-04-17,Cena,P-15,3,Cerveza Artesana,Bebida
T-15971,2025-01-20,Cena,P-11,2,Salmon a la Plancha,Principal
T-13431,2025-09-12,Comida,P-21,4,Cafe Solo,Bebida
T-17684,2024-01-16,Cena,P-23,3,Tiramisu de la Casa,Postre
T-17130,2024-08-12,Cena,P-19,2,Entrecot Ternera,Principal
T-10236,2025-06-22,Cena,P-21,2,Cafe Solo,Bebida
T-16995,2024-11-01,Cena,P-19,3,Entrecot Ternera,Principal
T-11236,2024-02-14,Cena,P-07,4,Pizza Margarita,Principal
T-13625,2025-12-20,Comida,P-03,2,Pasta Carbonara IA,Principal
T-17530,2024-06-03,Comida,P-24,1,Nuggets de Pollo,Principal
T-15408,2025-03-25,Cena,P-06,2,Vino Tinto Copa,Bebida
T-16791,2024-03-19,Comida,P-12,4,Risotto de Setas,Principal
T-10913,2024-10-12,Cena,P-09,4,Gazpacho Andaluz,Entrante
T-14413,2024-01-12,Comida,P-07,3,Pizza Margarita,Principal
T-16864,2025-11-29,Cena,P-04,4,Tarta de Queso Casera,Postre
T-17304,2024-10-01,Comida,P-24,4,Nuggets de Pollo,Principal
T-14689,2024-12-17,Cena,P-02,3,Ensalada Cesar,Entrante
T-16785,2024-11-07,Cena,P-05,1,Refresco Cola,Bebida
T-17772,2025-06-14,Cena,P-11,1,Salmon a la Plancha,Principal
T-10595,2024-05-08,Cena,P-08,4,Croquetas de Jamon,Entrante
T-11617,2025-03-02,Comida,P-10,2,Solomillo Iberico,Principal
T-16309,2025-05-17,Cena,P-14,3,Tortilla de Patatas,Entrante
T-10413,2025-12-15,Cena,P-04,2,Tarta de Queso Casera,Postre
T-11683,2024-05-16,Cena,P-12,3,Risotto de Setas,Principal
T-13964,2024-07-07,Cena,P-10,2,Solomillo Iberico,Principal
T-12772,2025-02-25,Comida,P-06,2,Vino Tinto Copa,Bebida
T-12541,2025-08-18,Cena,P-13,4,Bacalao al Horno,Principal
T-14794,2024-07-15,Comida,P-23,3,Tiramisu de la Casa,Postre
T-17886,2024-11-09,Cena,P-06,2,Vino Tinto Copa,Bebida
T-13064,2025-02-10,Cena,P-20,1,Paella de Marisco,Principal
T-17663,2024-08-05,Cena,P-18,4,Ensaladilla Rusa,Entrante
T-14098,2025-04-19,Cena,P-25,2,Canelones de Carne,Principal
T-17097,2025-01-06,Comida,P-09,4,Gazpacho Andaluz,Entrante
T-17157,2025-12-14,Cena,P-22,2,Te Verde,Bebida
T-17405,2025-03-27,Cena,P-05,3,Refresco Cola,Bebida
T-10388,2025-07-04,Cena,P-08,4,Croquetas de Jamon,Entrante
T-16254,2024-11-29,Comida,P-22,1,Te Verde,Bebida
T-16677,2025-08-04,Comida,P-01,4,Hamburguesa Smart,Principal
T-13346,2025-10-20,Cena,P-10,1,Solomillo Iberico,Principal
T-11872,2025-08-27,Comida,P-14,4,Tortilla de Patatas,Entrante
T-10219,2024-12-20,Cena,P-04,1,Tarta de Queso Casera,Postre
T-17645,2024-06-24,Cena,P-23,2,Tiramisu de la Casa,Postre
T-10026,2024-06-29,Cena,P-10,1,Solomillo Iberico,Principal
T-12121,2024-04-15,Cena,P-23,3,Tiramisu de la Casa,Postre
T-12787,2024-08-09,Cena,P-25,4,Canelones de Carne,Principal
T-12446,2024-01-11,Comida,P-10,4,Solomillo Iberico,Principal
T-15406,2024-12-29,Cena,P-07,2,Pizza Margarita,Principal
T-10995,2025-11-03,Comida,P-03,3,Pasta Carbonara IA,Principal
T-11634,2024-07-15,Comida,P-11,1,Salmon a la Plancha,Principal
T-15110,2024-02-26,Cena,P-17,3,Brownie con Helado,Postre
T-11442,2025-08-27,Comida,P-20,2,Paella de Marisco,Principal
T-11092,2025-03-09,Comida,P-23,1,Tiramisu de la Casa,Postre
T-13755,2025-12-04,Comida,P-20,4,Paella de Marisco,Principal
T-16749,2024-12-19,Cena,P-10,1,Solomillo Iberico,Principal
T-11800,2025-11-29,Cena,P-16,4,Agua Mineral,Bebida
T-17837,2025-11-10,Comida,P-13,1,Bacalao al Horno,Principal
T-10134,2024-01-26,Comida,P-10,2,Solomillo Iberico,Principal
T-10420,2025-02-24,Comida,P-10,1,Solomillo Iberico,Principal
T-13557,2025-09-11,Cena,P-21,3,Cafe Solo,Bebida
T-11361,2024-08-04,Comida,P-16,1,Agua Mineral,Bebida
T-10726,2025-11-06,Cena,P-06,1,Vino Tinto Copa,Bebida
T-14229,2025-05-19,Cena,P-06,1,Vino Tinto Copa,Bebida
T-12103,2024-02-12,Comida,P-12,3,Risotto de Setas,Principal
T-11726,2024-07-18,Cena,P-20,1,Paella de Marisco,Principal
T-17639,2025-09-25,Comida,P-22,4,Te Verde,Bebida
T-13254,2024-08-30,Comida,P-11,2,Salmon a la Plancha,Principal
T-10061,2024-09-25,Cena,P-08,3,Croquetas de Jamon,Entrante
T-13539,2025-06-30,Comida,P-24,4,Nuggets de Pollo,Principal
T-11031,2024-03-02,Comida,P-17,4,Brownie con Helado,Postre
T-15974,2024-10-13,Cena,P-21,2,Cafe Solo,Bebida
T-14811,2024-12-13,Comida,P-24,2,Nuggets de Pollo,Principal
T-12067,2024-02-07,Cena,P-03,3,Pasta Carbonara IA,Principal
T-12918,2025-02-17,Comida,P-03,1,Pasta Carbonara IA,Principal
T-15244,2025-03-12,Cena,P-10,1,Solomillo Iberico,Principal
T-16528,2025-04-03,Cena,P-23,3,Tiramisu de la Casa,Postre
T-13077,2025-05-20,Cena,P-08,3,Croquetas de Jamon,Entrante
T-13375,2025-05-09,Cena,P-06,4,Vino Tinto Copa,Bebida
T-14626,2024-09-26,Cena,P-24,2,Nuggets de Pollo,Principal
T-14265,2024-03-14,Cena,P-03,4,Pasta Carbonara IA,Principal
T-16772,2024-05-22,Comida,P-17,4,Brownie con Helado,Postre
T-15181,2024-10-12,Cena,P-25,2,Canelones de Carne,Principal
T-17230,2025-04-28,Cena,P-20,3,Paella de Marisco,Principal
T-16151,2025-08-23,Cena,P-24,4,Nuggets de Pollo,Principal
T-13703,2024-06-19,Cena,P-15,1,Cerveza Artesana,Bebida
T-13961,2025-01-05,Comida,P-16,1,Agua Mineral,Bebida
T-14787,2024-03-07,Cena,P-07,1,Pizza Margarita,Principal
T-11132,2025-05-27,Comida,P-19,2,Entrecot Ternera,Principal
T-10566,2025-04-20,Comida,P-03,2,Pasta Carbonara IA,Principal
T-17644,2025-04-19,Comida,P-21,3,Cafe Solo,Bebida
T-15464,2025-08-08,Cena,P-22,3,Te Verde,Bebida
T-14749,2025-02-22,Comida,P-24,3,Nuggets de Pollo,Principal
T-12897,2025-01-31,Comida,P-24,2,Nuggets de Pollo,Principal
T-14397,2024-06-13,Comida,P-05,1,Refresco Cola,Bebida
T-15641,2024-10-07,Cena,P-17,4,Brownie con Helado,Postre
T-12349,2024-06-25,Cena,P-18,3,Ensaladilla Rusa,Entrante
T-16006,2024-04-05,Cena,P-18,4,Ensaladilla Rusa,Entrante
T-12935,2025-07-30,Comida,P-24,4,Nuggets de Pollo,Principal
T-16847,2025-03-08,Comida,P-11,3,Salmon a la Plancha,Principal
T-11594,2025-01-29,Cena,P-13,4,Bacalao al Horno,Principal
T-10325,2024-10-18,Cena,P-17,3,Brownie con Helado,Postre
T-16909,2025-06-12,Cena,P-12,3,Risotto de Setas,Principal
T-13107,2024-09-12,Cena,P-21,2,Cafe Solo,Bebida
T-12797,2025-09-22,Comida,P-24,3,Nuggets de Pollo,Principal
T-17531,2024-11-02,Cena,P-08,4,Croquetas de Jamon,Entrante
T-10677,2025-11-25,Cena,P-18,1,Ensaladilla Rusa,Entrante
T-17440,2025-09-11,Cena,P-10,2,Solomillo Iberico,Principal
T-11690,2024-03-19,Cena,P-04,1,Tarta de Queso Casera,Postre
T-11724,2024-03-09,Comida,P-20,2,Paella de Marisco,Principal
T-14587,2025-02-26,Cena,P-25,2,Canelones de Carne,Principal
T-11536,2024-07-23,Cena,P-01,4,Hamburguesa Smart,Principal
T-15877,2025-03-01,Comida,P-16,1,Agua Mineral,Bebida
T-13153,2024-01-04,Cena,P-13,1,Bacalao al Horno,Principal
T-16644,2025-03-22,Cena,P-05,1,Refresco Cola,Bebida
T-13864,2025-10-25,Cena,P-01,1,Hamburguesa Smart,Principal
T-17396,2025-04-02,Cena,P-23,2,Tiramisu de la Casa,Postre
T-13435,2024-07-04,Cena,P-06,4,Vino Tinto Copa,Bebida
T-15016,2024-03-06,Cena,P-11,3,Salmon a la Plancha,Principal
T-15376,2025-04-06,Comida,P-20,4,Paella de Marisco,Principal
T-13284,2024-09-24,Cena,P-11,3,Salmon a la Plancha,Principal
T-12190,2025-06-16,Cena,P-06,3,Vino Tinto Copa,Bebida
T-14504,2024-09-21,Comida,P-07,3,Pizza Margarita,Principal
T-17432,2025-12-17,Cena,P-04,1,Tarta de Queso Casera,Postre
T-14044,2025-03-05,Comida,P-19,1,Entrecot Ternera,Principal
T-17946,2024-05-23,Cena,P-02,4,Ensalada Cesar,Entrante
T-11217,2024-01-10,Cena,P-22,1,Te Verde,Bebida
T-10099,2024-12-24,Cena,P-04,3,Tarta de Queso Casera,Postre
T-11524,2024-09-25,Cena,P-22,3,Te Verde,Bebida
T-12940,2025-04-25,Comida,P-19,1,Entrecot Ternera,Principal
T-11862,2025-01-25,Cena,P-10,1,Solomillo Iberico,Principal
T-12254,2024-08-01,Comida,P-16,2,Agua Mineral,Bebida
T-11046,2025-06-12,Cena,P-16,4,Agua Mineral,Bebida
T-13663,2025-11-05,Cena,P-05,1,Refresco Cola,Bebida
T-11575,2025-02-05,Cena,P-03,3,Pasta Carbonara IA,Principal
T-17784,2024-04-14,Cena,P-17,4,Brownie con Helado,Postre
T-12066,2025-06-23,Cena,P-18,3,Ensaladilla Rusa,Entrante
T-10969,2025-08-28,Cena,P-01,1,Hamburguesa Smart,Principal
T-14927,2024-04-17,Cena,P-25,3,Canelones de Carne,Principal
T-14570,2025-09-26,Comida,P-02,2,Ensalada Cesar,Entrante
T-12809,2024-11-30,Comida,P-06,2,Vino Tinto Copa,Bebida
T-16507,2024-11-29,Comida,P-03,2,Pasta Carbonara IA,Principal
T-14561,2025-03-08,Cena,P-21,2,Cafe Solo,Bebida
T-10610,2025-05-07,Comida,P-15,1,Cerveza Artesana,Bebida
T-16600,2024-11-17,Cena,P-21,1,Cafe Solo,Bebida
T-15688,2025-01-28,Cena,P-03,1,Pasta Carbonara IA,Principal
T-10223,2025-08-04,Cena,P-08,1,Croquetas de Jamon,Entrante
T-15250,2025-10-19,Comida,P-17,2,Brownie con Helado,Postre
T-11491,2024-05-20,Comida,P-23,2,Tiramisu de la Casa,Postre
T-10239,2024-05-29,Cena,P-16,2,Agua Mineral,Bebida
T-17687,2025-03-18,Cena,P-03,1,Pasta Carbonara IA,Principal
T-11332,2025-02-04,Cena,P-02,2,Ensalada Cesar,Entrante
T-12413,2025-10-04,Cena,P-03,1,Pasta Carbonara IA,Principal
T-10507,2024-07-04,Comida,P-11,1,Salmon a la Plancha,Principal
T-13873,2025-12-03,Comida,P-09,2,Gazpacho Andaluz,Entrante
T-16143,2025-05-23,Cena,P-08,4,Croquetas de Jamon,Entrante
T-15295,2025-04-16,Cena,P-18,1,Ensaladilla Rusa,Entrante
T-12792,2024-01-03,Cena,P-13,4,Bacalao al Horno,Principal
T-14160,2024-05-18,Cena,P-24,4,Nuggets de Pollo,Principal
T-12910,2025-11-20,Comida,P-10,3,Solomillo Iberico,Principal
T-15509,2025-09-03,Comida,P-17,3,Brownie con Helado,Postre
T-11527,2025-11-17,Comida,P-24,2,Nuggets de Pollo,Principal
T-17904,2025-06-26,Cena,P-15,3,Cerveza Artesana,Bebida
T-16899,2025-06-16,Cena,P-05,2,Refresco Cola,Bebida
T-10198,2025-04-05,Cena,P-20,1,Paella de Marisco,Principal
T-15187,2025-06-15,Cena,P-23,4,Tiramisu de la Casa,Postre
T-14775,2024-09-10,Cena,P-17,3,Brownie con Helado,Postre
T-10537,2024-08-28,Cena,P-07,4,Pizza Margarita,Principal
T-12739,2025-02-25,Cena,P-21,4,Cafe Solo,Bebida
T-13309,2025-07-02,Cena,P-13,4,Bacalao al Horno,Principal
T-11079,2024-05-06,Cena,P-09,4,Gazpacho Andaluz,Entrante
T-14881,2024-09-01,Cena,P-12,1,Risotto de Setas,Principal
T-16357,2025-10-06,Cena,P-21,3,Cafe Solo,Bebida
T-16513,2024-06-15,Cena,P-07,4,Pizza Margarita,Principal
T-13700,2024-09-17,Cena,P-25,2,Canelones de Carne,Principal
T-16870,2025-03-01,Cena,P-24,3,Nuggets de Pollo,Principal
T-15466,2024-06-22,Comida,P-07,2,Pizza Margarita,Principal
T-14533,2025-04-21,Comida,P-15,3,Cerveza Artesana,Bebida
T-14533,2025-06-24,Comida,P-10,1,Solomillo Iberico,Principal
T-13246,2025-05-23,Comida,P-06,3,Vino Tinto Copa,Bebida
T-15615,2025-03-29,Cena,P-13,4,Bacalao al Horno,Principal
T-15263,2024-06-03,Cena,P-18,4,Ensaladilla Rusa,Entrante
T-10693,2025-08-21,Cena,P-09,1,Gazpacho Andaluz,Entrante
T-17712,2024-10-13,Cena,P-09,3,Gazpacho Andaluz,Entrante
T-14577,2024-02-20,Cena,P-22,1,Te Verde,Bebida
T-10854,2025-06-13,Comida,P-24,4,Nuggets de Pollo,Principal
T-17252,2025-04-15,Comida,P-18,1,Ensaladilla Rusa,Entrante
T-13387,2025-05-03,Cena,P-08,4,Croquetas de Jamon,Entrante
T-10686,2024-10-31,Comida,P-08,4,Croquetas de Jamon,Entrante
T-17099,2025-01-29,Cena,P-04,3,Tarta de Queso Casera,Postre
T-14153,2025-02-08,Comida,P-24,4,Nuggets de Pollo,Principal
T-14329,2024-12-01,Cena,P-04,4,Tarta de Queso Casera,Postre
T-14174,2025-01-14,Comida,P-25,3,Canelones de Carne,Principal
T-17444,2024-10-04,Comida,P-06,2,Vino Tinto Copa,Bebida
T-11890,2024-06-11,Comida,P-16,2,Agua Mineral,Bebida
T-10168,2025-06-02,Cena,P-05,1,Refresco Cola,Bebida
T-12490,2025-11-11,Cena,P-25,4,Canelones de Carne,Principal
T-11292,2025-10-25,Cena,P-09,1,Gazpacho Andaluz,Entrante
T-11911,2024-08-22,Cena,P-03,1,Pasta Carbonara IA,Principal
T-10364,2024-07-04,Cena,P-15,4,Cerveza Artesana,Bebida
T-12766,2025-06-15,Comida,P-07,4,Pizza Margarita,Principal
T-12077,2025-10-02,Comida,P-13,2,Bacalao al Horno,Principal
T-11640,2025-08-17,Cena,P-06,4,Vino Tinto Copa,Bebida
T-11249,2025-07-26,Cena,P-02,3,Ensalada Cesar,Entrante
T-16038,2024-04-04,Comida,P-08,1,Croquetas de Jamon,Entrante
T-11570,2025-11-22,Comida,P-18,3,Ensaladilla Rusa,Entrante
T-11814,2024-05-25,Comida,P-16,2,Agua Mineral,Bebida
T-15327,2025-02-13,Comida,P-17,3,Brownie con Helado,Postre
T-10119,2025-03-02,Comida,P-07,3,Pizza Margarita,Principal
T-16368,2024-12-30,Cena,P-21,1,Cafe Solo,Bebida
T-14736,2024-10-17,Cena,P-21,1,Cafe Solo,Bebida
T-11373,2024-02-07,Comida,P-07,4,Pizza Margarita,Principal
T-17742,2024-02-18,Cena,P-12,4,Risotto de Setas,Principal
T-15221,2025-12-11,Cena,P-18,1,Ensaladilla Rusa,Entrante
T-11815,2024-08-05,Comida,P-08,4,Croquetas de Jamon,Entrante
T-16611,2025-01-23,Comida,P-16,3,Agua Mineral,Bebida
T-10847,2025-09-03,Comida,P-07,1,Pizza Margarita,Principal
T-10144,2024-02-08,Comida,P-11,1,Salmon a la Plancha,Principal
T-16181,2024-02-01,Cena,P-15,2,Cerveza Artesana,Bebida
T-13299,2024-04-04,Cena,P-06,2,Vino Tinto Copa,Bebida
T-14025,2025-02-01,Cena,P-04,2,Tarta de Queso Casera,Postre
T-14427,2024-06-18,Cena,P-09,3,Gazpacho Andaluz,Entrante
T-11859,2024-04-24,Cena,P-12,3,Risotto de Setas,Principal
T-14457,2025-09-03,Comida,P-22,3,Te Verde,Bebida
T-11590,2024-01-05,Cena,P-14,3,Tortilla de Patatas,Entrante
T-15994,2025-07-02,Cena,P-25,4,Canelones de Carne,Principal
T-17408,2024-01-04,Comida,P-06,4,Vino Tinto Copa,Bebida
T-16348,2024-05-07,Comida,P-03,2,Pasta Carbonara IA,Principal
T-10370,2025-12-01,Cena,P-17,2,Brownie con Helado,Postre
T-15074,2024-05-07,Cena,P-04,4,Tarta de Queso Casera,Postre
T-10847,2025-02-07,Cena,P-21,1,Cafe Solo,Bebida
T-13931,2025-03-16,Comida,P-13,1,Bacalao al Horno,Principal
T-12683,2024-07-29,Cena,P-13,1,Bacalao al Horno,Principal
T-17584,2025-10-11,Comida,P-08,4,Croquetas de Jamon,Entrante
T-16680,2025-08-05,Comida,P-12,4,Risotto de Setas,Principal
T-11056,2024-08-24,Comida,P-01,1,Hamburguesa Smart,Principal
T-17593,2024-02-22,Comida,P-11,3,Salmon a la Plancha,Principal
T-16842,2025-08-08,Cena,P-05,2,Refresco Cola,Bebida
T-11186,2025-02-07,Cena,P-23,4,Tiramisu de la Casa,Postre
T-16738,2024-11-20,Cena,P-24,3,Nuggets de Pollo,Principal
T-12769,2025-09-01,Comida,P-18,2,Ensaladilla Rusa,Entrante
T-15157,2024-04-26,Comida,P-03,4,Pasta Carbonara IA,Principal
T-16066,2024-06-17,Comida,P-05,4,Refresco Cola,Bebida
T-17948,2024-09-17,Cena,P-17,4,Brownie con Helado,Postre
T-15784,2025-04-02,Comida,P-17,1,Brownie con Helado,Postre
T-17380,2024-10-23,Cena,P-24,3,Nuggets de Pollo,Principal
T-14712,2025-11-16,Cena,P-20,2,Paella de Marisco,Principal
T-13412,2024-11-18,Cena,P-22,3,Te Verde,Bebida
T-15242,2025-07-18,Cena,P-01,1,Hamburguesa Smart,Principal
T-12960,2024-09-15,Cena,P-04,4,Tarta de Queso Casera,Postre
T-13291,2025-11-05,Cena,P-13,1,Bacalao al Horno,Principal
T-16178,2025-03-27,Cena,P-01,1,Hamburguesa Smart,Principal
T-11752,2025-11-22,Comida,P-24,3,Nuggets de Pollo,Principal
T-14553,2024-01-13,Cena,P-25,4,Canelones de Carne,Principal
T-14007,2025-11-04,Comida,P-24,4,Nuggets de Pollo,Principal
T-10581,2025-08-14,Comida,P-17,1,Brownie con Helado,Postre
T-17228,2025-10-03,Cena,P-14,4,Tortilla de Patatas,Entrante
T-15138,2025-01-13,Cena,P-15,4,Cerveza Artesana,Bebida
T-11318,2025-01-10,Cena,P-05,1,Refresco Cola,Bebida
T-14529,2025-12-01,Cena,P-18,3,Ensaladilla Rusa,Entrante
T-16002,2025-01-11,Cena,P-13,4,Bacalao al Horno,Principal
T-15064,2024-04-30,Comida,P-21,2,Cafe Solo,Bebida
T-14438,2025-05-22,Cena,P-08,1,Croquetas de Jamon,Entrante
T-11929,2025-03-22,Comida,P-16,4,Agua Mineral,Bebida
T-12210,2025-05-21,Cena,P-03,4,Pasta Carbonara IA,Principal
T-16018,2025-04-21,Cena,P-19,1,Entrecot Ternera,Principal
T-10688,2024-11-13,Comida,P-05,1,Refresco Cola,Bebida
T-16536,2025-08-11,Cena,P-03,1,Pasta Carbonara IA,Principal
T-16045,2025-06-15,Comida,P-23,4,Tiramisu de la Casa,Postre
T-14664,2025-02-24,Cena,P-16,2,Agua Mineral,Bebida
T-14700,2024-09-09,Comida,P-24,3,Nuggets de Pollo,Principal
T-12843,2025-05-28,Cena,P-03,4,Pasta Carbonara IA,Principal
T-17642,2025-08-24,Comida,P-10,4,Solomillo Iberico,Principal
T-10652,2024-06-26,Cena,P-06,1,Vino Tinto Copa,Bebida
T-16562,2024-11-04,Cena,P-08,2,Croquetas de Jamon,Entrante
T-14667,2025-08-02,Cena,P-17,1,Brownie con Helado,Postre
T-11523,2024-03-31,Cena,P-10,3,Solomillo Iberico,Principal
T-16971,2025-05-27,Comida,P-15,3,Cerveza Artesana,Bebida
T-12323,2024-07-01,Cena,P-09,3,Gazpacho Andaluz,Entrante
T-11058,2024-04-06,Cena,P-05,3,Refresco Cola,Bebida
T-16135,2024-05-10,Comida,P-23,1,Tiramisu de la Casa,Postre
T-17456,2025-11-01,Cena,P-15,2,Cerveza Artesana,Bebida
T-12202,2025-05-14,Comida,P-16,2,Agua Mineral,Bebida
T-12948,2025-12-21,Cena,P-09,1,Gazpacho Andaluz,Entrante
T-17620,2025-07-11,Comida,P-21,1,Cafe Solo,Bebida
T-14535,2025-08-01,Cena,P-01,4,Hamburguesa Smart,Principal
T-10014,2024-06-30,Comida,P-06,1,Vino Tinto Copa,Bebida
T-14674,2025-09-12,Cena,P-14,2,Tortilla de Patatas,Entrante
T-16077,2025-06-10,Cena,P-12,3,Risotto de Setas,Principal
T-17396,2025-03-24,Cena,P-22,1,Te Verde,Bebida
T-14557,2025-10-30,Cena,P-16,3,Agua Mineral,Bebida
T-12565,2025-01-13,Cena,P-07,2,Pizza Margarita,Principal
T-10797,2024-08-15,Comida,P-21,2,Cafe Solo,Bebida
T-12355,2024-12-26,Cena,P-23,1,Tiramisu de la Casa,Postre
T-11412,2025-04-18,Cena,P-18,2,Ensaladilla Rusa,Entrante
T-13874,2025-02-08,Cena,P-06,4,Vino Tinto Copa,Bebida
T-12547,2024-05-06,Cena,P-15,1,Cerveza Artesana,Bebida
T-11930,2025-05-21,Comida,P-14,4,Tortilla de Patatas,Entrante
T-17732,2024-07-16,Comida,P-22,2,Te Verde,Bebida
T-15007,2025-05-21,Cena,P-07,3,Pizza Margarita,Principal
T-16060,2024-04-28,Comida,P-20,4,Paella de Marisco,Principal
T-10733,2024-10-14,Cena,P-25,2,Canelones de Carne,Principal
T-14861,2024-03-05,Comida,P-17,1,Brownie con Helado,Postre
T-12695,2025-03-01,Cena,P-23,2,Tiramisu de la Casa,Postre
T-15632,2024-11-29,Comida,P-21,4,Cafe Solo,Bebida
T-13353,2024-04-04,Comida,P-15,1,Cerveza Artesana,Bebida
T-15754,2025-12-16,Comida,P-15,2,Cerveza Artesana,Bebida
T-15832,2025-03-14,Cena,P-18,4,Ensaladilla Rusa,Entrante
T-13991,2025-10-09,Comida,P-15,4,Cerveza Artesana,Bebida
T-10679,2025-06-23,Cena,P-04,4,Tarta de Queso Casera,Postre
T-11626,2025-09-14,Comida,P-14,3,Tortilla de Patatas,Entrante
T-13272,2025-06-29,Comida,P-18,3,Ensaladilla Rusa,Entrante
T-16351,2025-12-25,Comida,P-12,4,Risotto de Setas,Principal
T-13793,2025-12-06,Comida,P-15,1,Cerveza Artesana,Bebida
T-15697,2025-04-06,Cena,P-14,3,Tortilla de Patatas,Entrante
T-17146,2024-09-09,Comida,P-13,3,Bacalao al Horno,Principal
T-11016,2024-08-23,Cena,P-17,3,Brownie con Helado,Postre
T-11847,2024-01-04,Cena,P-08,2,Croquetas de Jamon,Entrante
T-15288,2024-02-10,Cena,P-14,1,Tortilla de Patatas,Entrante
T-16112,2024-01-02,Comida,P-03,1,Pasta Carbonara IA,Principal
T-17307,2025-08-25,Cena,P-03,4,Pasta Carbonara IA,Principal
T-15724,2024-06-03,Comida,P-24,2,Nuggets de Pollo,Principal
T-10398,2025-02-03,Comida,P-14,3,Tortilla de Patatas,Entrante
T-11875,2025-01-10,Cena,P-15,1,Cerveza Artesana,Bebida
T-16137,2025-07-24,Cena,P-10,2,Solomillo Iberico,Principal
T-13442,2024-03-24,Cena,P-03,4,Pasta Carbonara IA,Principal
T-12704,2025-02-04,Cena,P-10,1,Solomillo Iberico,Principal
T-15497,2024-10-25,Cena,P-18,3,Ensaladilla Rusa,Entrante
T-11963,2025-04-28,Comida,P-04,4,Tarta de Queso Casera,Postre
T-10375,2024-05-05,Comida,P-17,3,Brownie con Helado,Postre
T-14587,2025-07-20,Cena,P-21,4,Cafe Solo,Bebida
T-16612,2024-10-29,Comida,P-20,2,Paella de Marisco,Principal
T-17025,2025-06-04,Cena,P-20,4,Paella de Marisco,Principal
T-14692,2024-08-03,Cena,P-06,3,Vino Tinto Copa,Bebida
T-10691,2024-12-19,Cena,P-19,3,Entrecot Ternera,Principal
T-15464,2024-02-11,Cena,P-14,3,Tortilla de Patatas,Entrante
T-13854,2024-11-09,Cena,P-06,2,Vino Tinto Copa,Bebida
T-11336,2025-05-18,Cena,P-01,4,Hamburguesa Smart,Principal
T-12809,2025-05-09,Comida,P-24,2,Nuggets de Pollo,Principal
T-14838,2024-02-05,Comida,P-14,4,Tortilla de Patatas,Entrante
T-13420,2024-08-02,Cena,P-02,3,Ensalada Cesar,Entrante
T-16844,2025-10-27,Cena,P-05,1,Refresco Cola,Bebida
T-11602,2024-10-30,Cena,P-19,2,Entrecot Ternera,Principal
T-10437,2025-01-21,Cena,P-08,2,Croquetas de Jamon,Entrante
T-14341,2025-02-25,Cena,P-18,1,Ensaladilla Rusa,Entrante
T-11001,2024-12-19,Cena,P-08,2,Croquetas de Jamon,Entrante
T-13569,2025-12-29,Comida,P-02,1,Ensalada Cesar,Entrante
T-16799,2025-04-07,Cena,P-21,2,Cafe Solo,Bebida
T-10521,2024-08-01,Comida,P-20,2,Paella de Marisco,Principal
T-13873,2025-08-09,Comida,P-01,2,Hamburguesa Smart,Principal
T-16385,2024-01-04,Cena,P-08,2,Croquetas de Jamon,Entrante
T-13647,2025-09-17,Cena,P-16,2,Agua Mineral,Bebida
T-10422,2024-12-05,Cena,P-08,2,Croquetas de Jamon,Entrante
T-15634,2024-12-07,Comida,P-15,4,Cerveza Artesana,Bebida
T-12598,2024-05-19,Cena,P-24,2,Nuggets de Pollo,Principal
T-10995,2025-03-28,Cena,P-07,4,Pizza Margarita,Principal
T-13307,2025-02-09,Cena,P-02,2,Ensalada Cesar,Entrante
T-12039,2025-02-11,Cena,P-17,2,Brownie con Helado,Postre
T-17306,2025-10-14,Cena,P-19,2,Entrecot Ternera,Principal
T-10806,2024-01-17,Comida,P-08,4,Croquetas de Jamon,Entrante
T-12801,2025-07-16,Comida,P-20,1,Paella de Marisco,Principal
T-12346,2024-11-10,Cena,P-07,1,Pizza Margarita,Principal
T-10501,2024-11-25,Cena,P-11,2,Salmon a la Plancha,Principal
T-17660,2024-03-07,Comida,P-12,2,Risotto de Setas,Principal
T-17392,2024-03-15,Cena,P-10,4,Solomillo Iberico,Principal
T-14227,2025-09-06,Comida,P-09,4,Gazpacho Andaluz,Entrante
T-10644,2025-12-28,Comida,P-05,3,Refresco Cola,Bebida
T-11377,2025-02-03,Cena,P-11,1,Salmon a la Plancha,Principal
T-12320,2025-03-11,Cena,P-06,1,Vino Tinto Copa,Bebida
T-10496,2025-01-08,Cena,P-20,2,Paella de Marisco,Principal
T-10731,2025-11-12,Cena,P-10,3,Solomillo Iberico,Principal
T-10974,2024-02-10,Cena,P-12,3,Risotto de Setas,Principal
T-10729,2025-11-22,Comida,P-07,4,Pizza Margarita,Principal
T-17856,2024-09-02,Cena,P-19,3,Entrecot Ternera,Principal
T-15797,2025-05-14,Comida,P-18,1,Ensaladilla Rusa,Entrante
T-13078,2025-12-19,Comida,P-14,4,Tortilla de Patatas,Entrante
T-10005,2024-03-21,Cena,P-11,1,Salmon a la Plancha,Principal
T-14679,2025-05-09,Cena,P-03,3,Pasta Carbonara IA,Principal
T-11827,2024-01-04,Cena,P-04,1,Tarta de Queso Casera,Postre
T-14272,2024-07-15,Comida,P-23,3,Tiramisu de la Casa,Postre
T-12019,2025-09-11,Comida,P-17,4,Brownie con Helado,Postre
T-11011,2025-05-22,Cena,P-04,1,Tarta de Queso Casera,Postre
T-13072,2025-10-18,Cena,P-14,3,Tortilla de Patatas,Entrante
T-15209,2024-12-09,Cena,P-15,4,Cerveza Artesana,Bebida
T-12525,2025-04-23,Comida,P-07,3,Pizza Margarita,Principal
T-16518,2025-10-16,Cena,P-25,4,Canelones de Carne,Principal
T-17176,2024-02-18,Cena,P-16,4,Agua Mineral,Bebida
T-15212,2024-04-07,Comida,P-18,1,Ensaladilla Rusa,Entrante
T-12287,2025-11-18,Cena,P-25,2,Canelones de Carne,Principal
T-11847,2024-04-26,Comida,P-10,2,Solomillo Iberico,Principal
T-11954,2025-12-08,Comida,P-15,1,Cerveza Artesana,Bebida
T-11982,2025-09-11,Comida,P-09,1,Gazpacho Andaluz,Entrante
T-15572,2024-04-04,Cena,P-10,4,Solomillo Iberico,Principal
T-15701,2025-12-24,Cena,P-18,3,Ensaladilla Rusa,Entrante
T-11674,2024-09-02,Cena,P-15,4,Cerveza Artesana,Bebida
T-17417,2024-10-13,Comida,P-17,2,Brownie con Helado,Postre
T-14243,2024-07-09,Cena,P-09,2,Gazpacho Andaluz,Entrante
T-16064,2024-02-16,Cena,P-23,2,Tiramisu de la Casa,Postre
T-13397,2024-01-22,Comida,P-18,4,Ensaladilla Rusa,Entrante
T-10285,2025-07-01,Comida,P-13,1,Bacalao al Horno,Principal
T-12475,2024-03-07,Cena,P-20,4,Paella de Marisco,Principal
T-16529,2025-07-04,Cena,P-12,1,Risotto de Setas,Principal
T-11251,2024-10-07,Comida,P-09,1,Gazpacho Andaluz,Entrante
T-11208,2024-11-29,Comida,P-01,3,Hamburguesa Smart,Principal
T-13720,2024-01-03,Comida,P-21,3,Cafe Solo,Bebida
T-17719,2024-04-26,Comida,P-03,2,Pasta Carbonara IA,Principal
T-13199,2025-11-02,Comida,P-24,3,Nuggets de Pollo,Principal
T-16128,2024-12-13,Cena,P-04,4,Tarta de Queso Casera,Postre
T-17613,2024-02-05,Cena,P-22,4,Te Verde,Bebida
T-10059,2024-10-13,Cena,P-16,4,Agua Mineral,Bebida
T-14998,2025-09-21,Comida,P-04,3,Tarta de Queso Casera,Postre
T-17940,2024-08-09,Cena,P-19,1,Entrecot Ternera,Principal
T-17872,2025-05-28,Comida,P-12,1,Risotto de Setas,Principal
T-11540,2025-07-10,Cena,P-04,1,Tarta de Queso Casera,Postre
T-14183,2024-02-08,Comida,P-10,2,Solomillo Iberico,Principal
T-16399,2025-04-06,Cena,P-18,4,Ensaladilla Rusa,Entrante
T-12568,2025-04-17,Comida,P-08,1,Croquetas de Jamon,Entrante
T-17355,2025-04-22,Cena,P-18,4,Ensaladilla Rusa,Entrante
T-12911,2025-12-10,Comida,P-19,2,Entrecot Ternera,Principal
T-11340,2024-10-21,Comida,P-13,3,Bacalao al Horno,Principal
T-10450,2024-05-12,Comida,P-06,4,Vino Tinto Copa,Bebida
T-17148,2024-04-02,Comida,P-22,3,Te Verde,Bebida
T-15103,2025-07-26,Comida,P-16,4,Agua Mineral,Bebida
T-17882,2025-01-15,Comida,P-11,3,Salmon a la Plancha,Principal
T-13592,2025-06-26,Comida,P-16,2,Agua Mineral,Bebida
T-15224,2025-08-14,Cena,P-01,3,Hamburguesa Smart,Principal
T-15891,2025-04-04,Comida,P-06,4,Vino Tinto Copa,Bebida
T-10580,2024-06-09,Comida,P-17,2,Brownie con Helado,Postre
T-13716,2024-10-31,Cena,P-07,3,Pizza Margarita,Principal
T-17617,2025-10-09,Cena,P-25,1,Canelones de Carne,Principal
T-13240,2024-09-16,Comida,P-22,2,Te Verde,Bebida
T-16605,2025-01-22,Cena,P-17,2,Brownie con Helado,Postre
T-10597,2024-04-24,Comida,P-08,4,Croquetas de Jamon,Entrante
T-11147,2024-06-05,Cena,P-16,3,Agua Mineral,Bebida
T-13075,2024-07-06,Comida,P-17,3,Brownie con Helado,Postre
T-15099,2024-11-29,Comida,P-16,2,Agua Mineral,Bebida
T-10956,2025-02-19,Cena,P-11,2,Salmon a la Plancha,Principal
T-17534,2025-09-01,Cena,P-08,2,Croquetas de Jamon,Entrante
T-12783,2024-09-12,Cena,P-17,3,Brownie con Helado,Postre
T-15099,2024-11-30,Comida,P-19,3,Entrecot Ternera,Principal
T-15188,2024-04-14,Cena,P-05,1,Refresco Cola,Bebida
T-10354,2025-08-13,Comida,P-17,1,Brownie con Helado,Postre
T-12672,2025-12-10,Cena,P-21,2,Cafe Solo,Bebida
T-12809,2025-04-01,Cena,P-09,1,Gazpacho Andaluz,Entrante
T-11650,2025-08-18,Cena,P-05,1,Refresco Cola,Bebida
T-17118,2025-09-28,Comida,P-10,3,Solomillo Iberico,Principal
T-10338,2025-12-04,Comida,P-25,4,Canelones de Carne,Principal
T-14314,2024-02-11,Cena,P-20,4,Paella de Marisco,Principal
T-17259,2024-05-09,Cena,P-20,1,Paella de Marisco,Principal
T-14194,2024-07-15,Cena,P-06,1,Vino Tinto Copa,Bebida
T-15974,2025-12-10,Cena,P-13,1,Bacalao al Horno,Principal
T-15179,2024-10-27,Cena,P-22,3,Te Verde,Bebida
T-16341,2025-07-22,Comida,P-17,4,Brownie con Helado,Postre
T-13458,2025-05-17,Cena,P-22,1,Te Verde,Bebida
T-10858,2025-02-04,Comida,P-16,1,Agua Mineral,Bebida
T-12154,2025-09-09,Cena,P-20,2,Paella de Marisco,Principal
T-16455,2025-11-23,Cena,P-17,1,Brownie con Helado,Postre
T-14820,2024-05-20,Cena,P-25,4,Canelones de Carne,Principal
T-15643,2024-02-26,Cena,P-06,2,Vino Tinto Copa,Bebida
T-14861,2024-01-03,Cena,P-16,3,Agua Mineral,Bebida
T-16823,2025-01-01,Cena,P-02,4,Ensalada Cesar,Entrante
T-16681,2024-07-15,Cena,P-20,4,Paella de Marisco,Principal
T-11439,2025-02-07,Comida,P-16,3,Agua Mineral,Bebida
T-15667,2024-09-07,Comida,P-07,2,Pizza Margarita,Principal
T-11757,2024-06-05,Comida,P-11,2,Salmon a la Plancha,Principal
T-13138,2024-11-07,Cena,P-09,4,Gazpacho Andaluz,Entrante
T-16359,2025-03-14,Comida,P-03,1,Pasta Carbonara IA,Principal
T-12549,2024-11-02,Cena,P-18,2,Ensaladilla Rusa,Entrante
T-13628,2024-06-08,Comida,P-01,3,Hamburguesa Smart,Principal
T-13425,2025-11-29,Comida,P-06,2,Vino Tinto Copa,Bebida
T-15233,2024-05-27,Cena,P-17,2,Brownie con Helado,Postre
T-14426,2024-06-09,Cena,P-22,4,Te Verde,Bebida
T-12256,2024-05-21,Cena,P-23,4,Tiramisu de la Casa,Postre
T-13204,2024-04-11,Comida,P-23,1,Tiramisu de la Casa,Postre
T-16760,2025-03-08,Cena,P-16,3,Agua Mineral,Bebida
T-10457,2025-12-22,Cena,P-11,2,Salmon a la Plancha,Principal
T-17256,2024-06-30,Comida,P-25,4,Canelones de Carne,Principal
T-13857,2024-08-30,Cena,P-21,3,Cafe Solo,Bebida
T-15893,2024-10-23,Cena,P-08,1,Croquetas de Jamon,Entrante
T-10819,2024-09-09,Cena,P-18,1,Ensaladilla Rusa,Entrante
T-10810,2025-12-09,Cena,P-08,4,Croquetas de Jamon,Entrante
T-16032,2024-09-30,Cena,P-20,2,Paella de Marisco,Principal
T-11261,2024-08-20,Cena,P-12,4,Risotto de Setas,Principal
T-14111,2024-07-10,Cena,P-10,3,Solomillo Iberico,Principal
T-14942,2024-12-14,Cena,P-16,1,Agua Mineral,Bebida
T-14010,2024-12-30,Cena,P-13,4,Bacalao al Horno,Principal
T-16409,2025-04-17,Comida,P-06,3,Vino Tinto Copa,Bebida
T-17912,2024-09-08,Cena,P-09,4,Gazpacho Andaluz,Entrante
T-17471,2024-12-14,Cena,P-14,1,Tortilla de Patatas,Entrante
T-10344,2025-09-23,Comida,P-03,3,Pasta Carbonara IA,Principal
T-14076,2024-01-20,Comida,P-10,1,Solomillo Iberico,Principal
T-14738,2024-03-15,Cena,P-23,2,Tiramisu de la Casa,Postre
T-12731,2024-10-18,Cena,P-06,1,Vino Tinto Copa,Bebida
T-14364,2025-11-15,Comida,P-09,2,Gazpacho Andaluz,Entrante
T-12423,2025-01-12,Comida,P-22,4,Te Verde,Bebida
T-13909,2025-12-17,Comida,P-22,1,Te Verde,Bebida
T-12914,2024-03-20,Comida,P-16,2,Agua Mineral,Bebida
T-10631,2025-11-19,Comida,P-10,4,Solomillo Iberico,Principal
T-10235,2025-04-01,Comida,P-19,3,Entrecot Ternera,Principal
T-12892,2025-04-02,Cena,P-23,4,Tiramisu de la Casa,Postre
T-14257,2024-01-21,Comida,P-02,2,Ensalada Cesar,Entrante
T-10089,2025-06-26,Cena,P-10,2,Solomillo Iberico,Principal
T-16458,2024-05-24,Comida,P-07,2,Pizza Margarita,Principal
T-17018,2024-06-13,Cena,P-21,2,Cafe Solo,Bebida
T-16661,2025-08-19,Cena,P-03,3,Pasta Carbonara IA,Principal
T-13731,2025-08-12,Cena,P-24,4,Nuggets de Pollo,Principal
T-10298,2025-03-16,Cena,P-12,2,Risotto de Setas,Principal
T-15742,2024-01-17,Cena,P-11,2,Salmon a la Plancha,Principal
T-14046,2024-11-19,Comida,P-21,4,Cafe Solo,Bebida
T-16420,2025-08-01,Cena,P-24,2,Nuggets de Pollo,Principal
T-15832,2024-03-17,Cena,P-16,1,Agua Mineral,Bebida
T-12358,2024-03-18,Comida,P-15,4,Cerveza Artesana,Bebida
T-17283,2024-02-16,Cena,P-06,1,Vino Tinto Copa,Bebida
T-10244,2024-04-27,Comida,P-04,3,Tarta de Queso Casera,Postre
T-12625,2024-01-26,Comida,P-01,4,Hamburguesa Smart,Principal
T-11918,2024-04-29,Cena,P-24,2,Nuggets de Pollo,Principal
T-17947,2024-09-17,Cena,P-20,2,Paella de Marisco,Principal
T-16638,2024-10-26,Comida,P-17,2,Brownie con Helado,Postre
T-13897,2024-08-26,Cena,P-02,3,Ensalada Cesar,Entrante
T-13994,2025-03-10,Comida,P-11,3,Salmon a la Plancha,Principal
T-11238,2025-12-05,Cena,P-06,1,Vino Tinto Copa,Bebida
T-12791,2024-09-20,Cena,P-07,2,Pizza Margarita,Principal
T-15041,2024-04-21,Cena,P-05,1,Refresco Cola,Bebida
T-17114,2024-11-13,Comida,P-17,1,Brownie con Helado,Postre
T-11443,2025-05-30,Comida,P-16,1,Agua Mineral,Bebida
T-12310,2024-12-24,Comida,P-16,1,Agua Mineral,Bebida
T-16168,2024-01-05,Comida,P-04,2,Tarta de Queso Casera,Postre
T-16314,2024-06-13,Cena,P-22,4,Te Verde,Bebida
T-17872,2024-02-06,Comida,P-20,3,Paella de Marisco,Principal
T-14652,2025-08-15,Comida,P-16,1,Agua Mineral,Bebida
T-12189,2024-12-23,Cena,P-21,3,Cafe Solo,Bebida
T-11228,2025-12-23,Cena,P-14,2,Tortilla de Patatas,Entrante
T-14126,2024-04-11,Cena,P-15,3,Cerveza Artesana,Bebida
T-15386,2024-06-03,Comida,P-06,4,Vino Tinto Copa,Bebida
T-17039,2024-04-10,Cena,P-25,2,Canelones de Carne,Principal
T-11924,2025-11-25,Cena,P-25,4,Canelones de Carne,Principal
T-15210,2024-09-20,Cena,P-13,3,Bacalao al Horno,Principal
T-16959,2025-08-07,Comida,P-21,3,Cafe Solo,Bebida
T-12054,2025-07-16,Cena,P-10,1,Solomillo Iberico,Principal
T-15042,2025-09-28,Cena,P-05,2,Refresco Cola,Bebida
T-16756,2025-08-18,Cena,P-21,2,Cafe Solo,Bebida
T-10780,2025-08-02,Comida,P-04,2,Tarta de Queso Casera,Postre
T-11053,2025-07-28,Comida,P-25,3,Canelones de Carne,Principal
T-11630,2025-08-06,Comida,P-19,3,Entrecot Ternera,Principal
T-16313,2025-11-29,Cena,P-15,2,Cerveza Artesana,Bebida
T-12556,2024-01-27,Comida,P-18,2,Ensaladilla Rusa,Entrante
T-10355,2024-12-13,Cena,P-09,3,Gazpacho Andaluz,Entrante
T-10614,2024-05-14,Cena,P-20,1,Paella de Marisco,Principal
T-17359,2025-06-22,Cena,P-10,3,Solomillo Iberico,Principal
T-16036,2025-12-09,Cena,P-05,3,Refresco Cola,Bebida
T-12907,2025-08-03,Cena,P-24,2,Nuggets de Pollo,Principal
T-12896,2024-12-15,Cena,P-05,1,Refresco Cola,Bebida
T-14156,2025-10-12,Cena,P-20,2,Paella de Marisco,Principal
T-15313,2024-12-06,Comida,P-07,1,Pizza Margarita,Principal
T-10382,2024-08-05,Cena,P-22,2,Te Verde,Bebida
T-12808,2024-10-15,Comida,P-21,2,Cafe Solo,Bebida
T-11089,2024-05-30,Cena,P-07,3,Pizza Margarita,Principal
T-12502,2025-05-23,Cena,P-15,2,Cerveza Artesana,Bebida
T-17405,2024-08-23,Cena,P-19,3,Entrecot Ternera,Principal
T-17193,2025-06-05,Cena,P-12,2,Risotto de Setas,Principal
T-13149,2024-11-15,Comida,P-05,3,Refresco Cola,Bebida
T-11253,2025-09-09,Comida,P-23,1,Tiramisu de la Casa,Postre
T-14040,2025-04-13,Cena,P-20,2,Paella de Marisco,Principal
T-16579,2025-09-27,Cena,P-24,1,Nuggets de Pollo,Principal
T-12772,2024-05-24,Cena,P-18,2,Ensaladilla Rusa,Entrante
T-10479,2025-07-25,Cena,P-01,2,Hamburguesa Smart,Principal
T-11936,2024-09-01,Cena,P-15,3,Cerveza Artesana,Bebida
T-10189,2025-07-11,Comida,P-14,4,Tortilla de Patatas,Entrante
T-15999,2025-09-04,Cena,P-08,4,Croquetas de Jamon,Entrante
T-16998,2025-05-15,Cena,P-20,1,Paella de Marisco,Principal
T-16017,2025-12-16,Comida,P-02,2,Ensalada Cesar,Entrante
T-11832,2025-05-11,Cena,P-12,1,Risotto de Setas,Principal
T-12177,2025-09-10,Comida,P-03,3,Pasta Carbonara IA,Principal
T-15361,2024-09-02,Cena,P-17,4,Brownie con Helado,Postre
T-13583,2024-07-14,Cena,P-24,3,Nuggets de Pollo,Principal
T-10969,2024-05-20,Comida,P-22,1,Te Verde,Bebida
T-16900,2024-09-16,Cena,P-20,4,Paella de Marisco,Principal
T-14729,2024-04-23,Comida,P-03,2,Pasta Carbonara IA,Principal
T-10501,2024-08-08,Comida,P-05,4,Refresco Cola,Bebida
T-10894,2025-02-03,Comida,P-15,3,Cerveza Artesana,Bebida
T-11612,2024-09-28,Comida,P-03,1,Pasta Carbonara IA,Principal
T-12773,2024-01-06,Comida,P-07,4,Pizza Margarita,Principal
T-11592,2024-12-06,Cena,P-16,3,Agua Mineral,Bebida
T-12090,2025-10-06,Cena,P-21,2,Cafe Solo,Bebida
T-10094,2025-09-16,Comida,P-24,4,Nuggets de Pollo,Principal
T-13329,2025-11-04,Cena,P-22,4,Te Verde,Bebida
T-17046,2025-10-14,Cena,P-09,1,Gazpacho Andaluz,Entrante
T-16242,2025-07-12,Comida,P-25,3,Canelones de Carne,Principal
T-16146,2024-08-06,Cena,P-17,2,Brownie con Helado,Postre
T-16926,2025-07-18,Cena,P-10,2,Solomillo Iberico,Principal
T-13778,2025-02-24,Cena,P-06,3,Vino Tinto Copa,Bebida
T-17653,2025-04-11,Comida,P-12,3,Risotto de Setas,Principal
T-11461,2025-05-28,Cena,P-15,4,Cerveza Artesana,Bebida
T-13808,2025-11-12,Comida,P-22,3,Te Verde,Bebida
T-15207,2025-07-01,Comida,P-12,1,Risotto de Setas,Principal
T-11334,2024-01-31,Cena,P-22,4,Te Verde,Bebida
T-10147,2024-12-05,Comida,P-12,1,Risotto de Setas,Principal
T-15706,2024-11-26,Cena,P-20,2,Paella de Marisco,Principal
T-13940,2025-11-06,Cena,P-12,3,Risotto de Setas,Principal
T-11527,2024-01-22,Comida,P-16,4,Agua Mineral,Bebida
T-13594,2025-07-28,Cena,P-12,3,Risotto de Setas,Principal
T-15841,2024-02-21,Cena,P-23,3,Tiramisu de la Casa,Postre
T-10296,2025-07-15,Comida,P-14,2,Tortilla de Patatas,Entrante
T-12811,2025-06-18,Cena,P-12,1,Risotto de Setas,Principal
T-14847,2024-01-17,Comida,P-19,4,Entrecot Ternera,Principal
T-14744,2024-03-19,Cena,P-19,3,Entrecot Ternera,Principal
T-14032,2025-07-06,Cena,P-25,2,Canelones de Carne,Principal
T-12179,2025-08-09,Comida,P-08,4,Croquetas de Jamon,Entrante
T-14587,2024-01-10,Cena,P-18,3,Ensaladilla Rusa,Entrante
T-17173,2024-05-14,Comida,P-11,3,Salmon a la Plancha,Principal
T-10971,2025-05-22,Cena,P-08,3,Croquetas de Jamon,Entrante
T-12046,2024-07-23,Comida,P-19,4,Entrecot Ternera,Principal
T-15639,2025-09-20,Cena,P-01,4,Hamburguesa Smart,Principal
T-14439,2025-12-18,Cena,P-18,2,Ensaladilla Rusa,Entrante
T-11557,2024-01-10,Comida,P-08,3,Croquetas de Jamon,Entrante
T-11031,2024-04-07,Comida,P-01,3,Hamburguesa Smart,Principal
T-16321,2024-10-07,Comida,P-25,2,Canelones de Carne,Principal
T-13679,2025-10-06,Cena,P-08,1,Croquetas de Jamon,Entrante
T-14080,2025-05-30,Cena,P-19,4,Entrecot Ternera,Principal
T-12802,2024-12-04,Cena,P-19,3,Entrecot Ternera,Principal
T-17159,2025-12-02,Comida,P-09,1,Gazpacho Andaluz,Entrante
T-10356,2024-03-30,Cena,P-09,2,Gazpacho Andaluz,Entrante
T-12378,2024-02-17,Cena,P-15,2,Cerveza Artesana,Bebida
T-17150,2024-04-03,Cena,P-05,3,Refresco Cola,Bebida
T-10259,2024-08-23,Comida,P-17,2,Brownie con Helado,Postre
T-15581,2024-02-02,Cena,P-02,3,Ensalada Cesar,Entrante
T-17796,2024-05-18,Cena,P-24,3,Nuggets de Pollo,Principal
T-14914,2025-07-18,Comida,P-14,1,Tortilla de Patatas,Entrante
T-14870,2025-10-28,Cena,P-05,1,Refresco Cola,Bebida
T-12604,2025-12-27,Comida,P-06,4,Vino Tinto Copa,Bebida
T-14046,2025-08-24,Comida,P-22,1,Te Verde,Bebida
T-13419,2024-08-24,Comida,P-11,3,Salmon a la Plancha,Principal
T-12262,2024-06-19,Cena,P-21,3,Cafe Solo,Bebida
T-11601,2025-05-12,Comida,P-02,1,Ensalada Cesar,Entrante
T-17211,2025-08-16,Cena,P-08,3,Croquetas de Jamon,Entrante
T-10580,2024-10-23,Cena,P-25,4,Canelones de Carne,Principal
T-11634,2025-07-06,Comida,P-04,3,Tarta de Queso Casera,Postre
T-13336,2024-10-13,Cena,P-15,3,Cerveza Artesana,Bebida
T-14296,2025-06-19,Cena,P-01,2,Hamburguesa Smart,Principal
T-15914,2024-03-07,Cena,P-06,1,Vino Tinto Copa,Bebida
T-13163,2025-08-01,Cena,P-01,1,Hamburguesa Smart,Principal
T-17124,2024-11-11,Comida,P-10,2,Solomillo Iberico,Principal
T-12454,2024-10-06,Cena,P-20,3,Paella de Marisco,Principal
T-12348,2025-07-21,Cena,P-03,4,Pasta Carbonara IA,Principal
T-12062,2025-09-09,Cena,P-10,4,Solomillo Iberico,Principal
T-16675,2024-12-10,Comida,P-12,2,Risotto de Setas,Principal
T-11173,2025-01-05,Comida,P-01,2,Hamburguesa Smart,Principal
T-14967,2025-06-22,Comida,P-20,3,Paella de Marisco,Principal
T-17425,2025-05-27,Comida,P-21,2,Cafe Solo,Bebida
T-11909,2025-10-04,Comida,P-12,1,Risotto de Setas,Principal
T-14319,2025-08-07,Comida,P-08,3,Croquetas de Jamon,Entrante
T-10211,2025-09-02,Comida,P-03,4,Pasta Carbonara IA,Principal
T-17870,2024-06-29,Cena,P-24,3,Nuggets de Pollo,Principal
T-15206,2025-04-18,Comida,P-19,3,Entrecot Ternera,Principal
T-11091,2025-08-31,Cena,P-22,3,Te Verde,Bebida
T-10218,2024-04-14,Comida,P-07,1,Pizza Margarita,Principal
T-17344,2025-02-16,Cena,P-03,1,Pasta Carbonara IA,Principal
T-14733,2025-11-08,Comida,P-12,3,Risotto de Setas,Principal
T-12194,2024-01-02,Cena,P-23,2,Tiramisu de la Casa,Postre
T-15144,2025-05-27,Comida,P-16,2,Agua Mineral,Bebida
T-16181,2025-06-27,Cena,P-12,3,Risotto de Setas,Principal
T-12060,2025-09-15,Cena,P-13,2,Bacalao al Horno,Principal
T-11374,2024-01-17,Comida,P-22,1,Te Verde,Bebida
T-17772,2025-07-14,Cena,P-14,2,Tortilla de Patatas,Entrante
T-17667,2024-09-01,Comida,P-10,4,Solomillo Iberico,Principal
T-10372,2024-06-30,Cena,P-19,2,Entrecot Ternera,Principal
T-12508,2025-03-14,Cena,P-13,2,Bacalao al Horno,Principal
T-12216,2025-11-23,Cena,P-01,1,Hamburguesa Smart,Principal
T-12952,2025-11-19,Comida,P-15,4,Cerveza Artesana,Bebida
T-12823,2024-08-08,Cena,P-21,4,Cafe Solo,Bebida
T-15681,2024-01-09,Comida,P-11,4,Salmon a la Plancha,Principal
T-15994,2024-08-09,Cena,P-20,3,Paella de Marisco,Principal
T-13123,2024-05-04,Cena,P-03,4,Pasta Carbonara IA,Principal
T-13598,2025-12-10,Cena,P-05,2,Refresco Cola,Bebida
T-14421,2025-05-26,Cena,P-14,1,Tortilla de Patatas,Entrante
T-10448,2024-07-23,Cena,P-24,3,Nuggets de Pollo,Principal
T-11040,2024-05-23,Comida,P-18,1,Ensaladilla Rusa,Entrante
T-10324,2024-07-27,Cena,P-12,1,Risotto de Setas,Principal
T-10308,2024-09-24,Cena,P-11,2,Salmon a la Plancha,Principal
T-17044,2024-05-13,Comida,P-06,1,Vino Tinto Copa,Bebida
T-13588,2025-03-22,Comida,P-10,3,Solomillo Iberico,Principal
T-13064,2024-08-19,Comida,P-12,2,Risotto de Setas,Principal
T-16433,2024-09-16,Comida,P-07,4,Pizza Margarita,Principal
T-13872,2024-10-21,Cena,P-20,4,Paella de Marisco,Principal
T-17075,2024-10-20,Cena,P-15,1,Cerveza Artesana,Bebida
T-17615,2025-10-12,Comida,P-17,1,Brownie con Helado,Postre
T-13270,2025-09-14,Cena,P-17,3,Brownie con Helado,Postre
T-14400,2024-06-26,Cena,P-14,4,Tortilla de Patatas,Entrante
T-14401,2024-05-12,Cena,P-07,1,Pizza Margarita,Principal
T-11542,2024-03-11,Cena,P-13,1,Bacalao al Horno,Principal
T-15644,2024-03-28,Comida,P-05,4,Refresco Cola,Bebida
T-12747,2025-05-10,Comida,P-25,4,Canelones de Carne,Principal
T-13483,2025-06-30,Comida,P-09,2,Gazpacho Andaluz,Entrante
T-12500,2024-12-02,Cena,P-12,3,Risotto de Setas,Principal
T-17566,2024-06-04,Cena,P-09,1,Gazpacho Andaluz,Entrante
T-11865,2025-09-30,Cena,P-08,2,Croquetas de Jamon,Entrante
T-14356,2024-02-29,Comida,P-18,2,Ensaladilla Rusa,Entrante
T-10875,2025-05-01,Comida,P-21,3,Cafe Solo,Bebida
T-12956,2025-05-20,Cena,P-23,4,Tiramisu de la Casa,Postre
T-14128,2025-06-04,Comida,P-19,3,Entrecot Ternera,Principal
T-17576,2025-05-06,Cena,P-06,2,Vino Tinto Copa,Bebida
T-16588,2025-08-24,Comida,P-11,3,Salmon a la Plancha,Principal
T-16012,2025-01-11,Cena,P-18,3,Ensaladilla Rusa,Entrante
T-13200,2025-02-05,Comida,P-21,1,Cafe Solo,Bebida
T-11263,2025-07-04,Cena,P-01,2,Hamburguesa Smart,Principal
T-14354,2025-01-14,Cena,P-20,2,Paella de Marisco,Principal
T-11998,2025-06-24,Cena,P-20,4,Paella de Marisco,Principal
T-10240,2024-03-26,Cena,P-12,3,Risotto de Setas,Principal
T-13558,2025-12-22,Cena,P-14,4,Tortilla de Patatas,Entrante
T-10841,2025-07-25,Cena,P-22,3,Te Verde,Bebida
T-11880,2024-07-01,Comida,P-23,1,Tiramisu de la Casa,Postre
T-10598,2024-10-11,Comida,P-04,2,Tarta de Queso Casera,Postre
T-14499,2024-02-13,Cena,P-08,1,Croquetas de Jamon,Entrante
T-13447,2025-07-11,Cena,P-12,3,Risotto de Setas,Principal
T-16493,2024-07-02,Comida,P-17,4,Brownie con Helado,Postre
T-13006,2024-07-25,Cena,P-21,3,Cafe Solo,Bebida
T-15631,2024-04-01,Comida,P-19,1,Entrecot Ternera,Principal
T-15368,2025-02-08,Cena,P-07,1,Pizza Margarita,Principal
T-12571,2025-07-01,Comida,P-21,1,Cafe Solo,Bebida
T-10054,2025-08-01,Comida,P-14,1,Tortilla de Patatas,Entrante
T-16049,2025-08-12,Cena,P-24,4,Nuggets de Pollo,Principal
T-10697,2025-08-06,Cena,P-09,4,Gazpacho Andaluz,Entrante
T-16328,2025-04-27,Cena,P-12,2,Risotto de Setas,Principal
T-14507,2025-07-08,Comida,P-14,1,Tortilla de Patatas,Entrante
T-16233,2025-01-10,Cena,P-08,4,Croquetas de Jamon,Entrante
T-14223,2025-08-12,Comida,P-23,2,Tiramisu de la Casa,Postre
T-12189,2025-12-03,Cena,P-04,3,Tarta de Queso Casera,Postre
T-14177,2024-09-06,Cena,P-13,2,Bacalao al Horno,Principal
T-15452,2024-11-08,Comida,P-25,3,Canelones de Carne,Principal
T-13196,2025-04-17,Cena,P-12,3,Risotto de Setas,Principal
T-12390,2025-04-14,Comida,P-18,4,Ensaladilla Rusa,Entrante
T-17286,2024-07-29,Comida,P-17,4,Brownie con Helado,Postre
T-15360,2025-08-20,Cena,P-13,2,Bacalao al Horno,Principal
T-11824,2025-12-29,Cena,P-02,3,Ensalada Cesar,Entrante
T-10330,2024-06-11,Cena,P-12,2,Risotto de Setas,Principal
T-16745,2024-08-11,Cena,P-04,2,Tarta de Queso Casera,Postre
T-10550,2025-09-18,Cena,P-06,4,Vino Tinto Copa,Bebida
T-11742,2024-10-26,Comida,P-19,4,Entrecot Ternera,Principal
T-17880,2024-12-31,Comida,P-24,1,Nuggets de Pollo,Principal
T-12108,2025-02-19,Comida,P-03,3,Pasta Carbonara IA,Principal
T-14359,2024-08-04,Cena,P-24,3,Nuggets de Pollo,Principal
T-17778,2024-03-09,Comida,P-06,2,Vino Tinto Copa,Bebida
T-13954,2025-04-15,Cena,P-06,2,Vino Tinto Copa,Bebida
T-15591,2025-08-10,Comida,P-20,1,Paella de Marisco,Principal
T-16295,2025-04-28,Cena,P-15,2,Cerveza Artesana,Bebida
T-16018,2025-08-01,Cena,P-01,4,Hamburguesa Smart,Principal
T-16743,2025-05-06,Comida,P-21,3,Cafe Solo,Bebida
T-13722,2024-11-03,Cena,P-12,2,Risotto de Setas,Principal
T-14414,2024-10-08,Cena,P-02,2,Ensalada Cesar,Entrante
T-16040,2025-03-03,Comida,P-03,2,Pasta Carbonara IA,Principal
T-14694,2025-09-11,Cena,P-24,1,Nuggets de Pollo,Principal
T-13946,2024-12-10,Cena,P-10,1,Solomillo Iberico,Principal
T-13421,2025-03-15,Cena,P-18,4,Ensaladilla Rusa,Entrante
T-12554,2025-08-09,Cena,P-13,4,Bacalao al Horno,Principal
T-14184,2024-05-12,Comida,P-23,3,Tiramisu de la Casa,Postre
T-13802,2025-12-21,Cena,P-11,1,Salmon a la Plancha,Principal
T-17584,2024-05-21,Comida,P-03,3,Pasta Carbonara IA,Principal
T-16174,2025-07-11,Cena,P-07,2,Pizza Margarita,Principal
T-16446,2025-04-10,Comida,P-01,4,Hamburguesa Smart,Principal
T-17701,2024-01-03,Cena,P-16,3,Agua Mineral,Bebida
T-17572,2024-09-30,Cena,P-22,4,Te Verde,Bebida
T-16614,2025-07-24,Cena,P-03,1,Pasta Carbonara IA,Principal
T-14166,2025-09-07,Comida,P-02,4,Ensalada Cesar,Entrante
T-11877,2024-01-09,Comida,P-09,2,Gazpacho Andaluz,Entrante
T-11130,2025-02-26,Cena,P-22,2,Te Verde,Bebida
T-10135,2024-06-09,Cena,P-13,4,Bacalao al Horno,Principal
T-16907,2024-08-08,Comida,P-05,3,Refresco Cola,Bebida
T-17672,2025-04-28,Comida,P-15,4,Cerveza Artesana,Bebida
T-10009,2025-07-31,Comida,P-20,1,Paella de Marisco,Principal
T-15926,2024-01-07,Cena,P-09,1,Gazpacho Andaluz,Entrante
T-12365,2025-07-01,Cena,P-19,2,Entrecot Ternera,Principal
T-13312,2025-11-15,Cena,P-21,3,Cafe Solo,Bebida
T-17655,2025-06-10,Comida,P-02,2,Ensalada Cesar,Entrante
T-12626,2025-11-03,Cena,P-23,4,Tiramisu de la Casa,Postre
T-15793,2025-03-30,Cena,P-09,4,Gazpacho Andaluz,Entrante
T-17766,2025-09-13,Cena,P-14,2,Tortilla de Patatas,Entrante
T-14772,2024-12-22,Cena,P-10,3,Solomillo Iberico,Principal
T-13306,2024-05-18,Cena,P-07,1,Pizza Margarita,Principal
T-16977,2024-11-20,Cena,P-07,1,Pizza Margarita,Principal
T-14038,2024-10-18,Comida,P-10,3,Solomillo Iberico,Principal
T-17235,2024-05-17,Comida,P-14,4,Tortilla de Patatas,Entrante
T-17267,2024-02-17,Comida,P-03,3,Pasta Carbonara IA,Principal
T-14486,2024-05-17,Comida,P-22,3,Te Verde,Bebida
T-12166,2025-03-12,Comida,P-05,2,Refresco Cola,Bebida
T-11512,2024-08-16,Cena,P-03,2,Pasta Carbonara IA,Principal
T-11554,2025-11-05,Cena,P-14,1,Tortilla de Patatas,Entrante
T-12436,2024-02-12,Comida,P-02,3,Ensalada Cesar,Entrante
T-10501,2025-05-09,Comida,P-17,4,Brownie con Helado,Postre
T-16020,2024-05-25,Cena,P-10,2,Solomillo Iberico,Principal
T-10583,2025-12-18,Cena,P-03,4,Pasta Carbonara IA,Principal
T-17672,2024-07-21,Cena,P-08,1,Croquetas de Jamon,Entrante
T-16430,2025-12-01,Cena,P-04,1,Tarta de Queso Casera,Postre
T-12355,2024-09-26,Cena,P-17,3,Brownie con Helado,Postre
T-12498,2024-04-24,Cena,P-21,1,Cafe Solo,Bebida
T-17630,2024-04-16,Cena,P-16,1,Agua Mineral,Bebida
T-10697,2024-10-26,Comida,P-14,3,Tortilla de Patatas,Entrante
T-15212,2024-11-08,Comida,P-25,2,Canelones de Carne,Principal
T-12189,2025-03-28,Cena,P-12,1,Risotto de Setas,Principal
T-17786,2024-09-12,Comida,P-10,2,Solomillo Iberico,Principal
T-14370,2025-03-03,Cena,P-14,3,Tortilla de Patatas,Entrante
T-10630,2025-10-11,Cena,P-09,4,Gazpacho Andaluz,Entrante
T-13027,2025-03-04,Cena,P-10,1,Solomillo Iberico,Principal
T-13130,2024-06-23,Comida,P-11,4,Salmon a la Plancha,Principal
T-15216,2025-07-08,Cena,P-06,2,Vino Tinto Copa,Bebida
T-17598,2025-09-09,Comida,P-17,2,Brownie con Helado,Postre
T-16213,2025-09-10,Cena,P-14,3,Tortilla de Patatas,Entrante
T-17181,2025-04-14,Cena,P-13,1,Bacalao al Horno,Principal
T-14178,2024-12-15,Cena,P-20,2,Paella de Marisco,Principal
T-14659,2024-05-20,Comida,P-20,2,Paella de Marisco,Principal
T-17808,2025-01-07,Cena,P-01,4,Hamburguesa Smart,Principal
T-14464,2024-04-08,Cena,P-07,3,Pizza Margarita,Principal
T-14304,2024-10-14,Comida,P-10,3,Solomillo Iberico,Principal
T-13604,2025-09-15,Cena,P-15,3,Cerveza Artesana,Bebida
T-15973,2025-02-06,Comida,P-25,1,Canelones de Carne,Principal
T-12240,2025-09-22,Cena,P-16,2,Agua Mineral,Bebida
T-11308,2025-01-30,Comida,P-08,4,Croquetas de Jamon,Entrante
T-14648,2024-12-10,Cena,P-01,2,Hamburguesa Smart,Principal
T-12671,2025-08-08,Comida,P-04,2,Tarta de Queso Casera,Postre
T-16688,2024-03-15,Cena,P-20,1,Paella de Marisco,Principal
T-12155,2024-10-27,Comida,P-22,2,Te Verde,Bebida
T-14681,2025-10-15,Comida,P-16,1,Agua Mineral,Bebida
T-17901,2024-04-03,Cena,P-20,1,Paella de Marisco,Principal
T-13117,2024-07-22,Cena,P-17,4,Brownie con Helado,Postre
T-16688,2025-04-25,Cena,P-16,4,Agua Mineral,Bebida
T-12978,2024-07-11,Cena,P-12,1,Risotto de Setas,Principal
T-11002,2025-01-01,Comida,P-18,4,Ensaladilla Rusa,Entrante
T-10945,2025-06-21,Cena,P-25,4,Canelones de Carne,Principal
T-13019,2024-08-25,Cena,P-18,4,Ensaladilla Rusa,Entrante
T-11792,2025-02-22,Cena,P-03,3,Pasta Carbonara IA,Principal
T-12760,2024-03-02,Comida,P-03,2,Pasta Carbonara IA,Principal
T-13922,2025-11-28,Cena,P-07,1,Pizza Margarita,Principal
T-13433,2025-02-13,Cena,P-01,3,Hamburguesa Smart,Principal
T-17170,2024-06-09,Comida,P-10,4,Solomillo Iberico,Principal
T-16770,2024-07-12,Comida,P-22,3,Te Verde,Bebida
T-12872,2024-03-08,Cena,P-23,4,Tiramisu de la Casa,Postre
T-10098,2025-11-05,Cena,P-22,4,Te Verde,Bebida
T-14831,2025-02-02,Cena,P-19,2,Entrecot Ternera,Principal
T-15601,2025-07-17,Cena,P-18,3,Ensaladilla Rusa,Entrante
T-10772,2025-07-08,Cena,P-23,4,Tiramisu de la Casa,Postre
T-15271,2025-11-20,Cena,P-05,2,Refresco Cola,Bebida
T-14807,2025-10-18,Cena,P-09,1,Gazpacho Andaluz,Entrante
T-15671,2025-05-02,Cena,P-06,3,Vino Tinto Copa,Bebida
T-15733,2025-11-27,Cena,P-01,3,Hamburguesa Smart,Principal
T-11921,2025-01-06,Comida,P-13,1,Bacalao al Horno,Principal
T-14088,2024-04-01,Comida,P-06,4,Vino Tinto Copa,Bebida
T-16315,2025-06-20,Cena,P-15,4,Cerveza Artesana,Bebida
T-13263,2025-10-14,Cena,P-12,4,Risotto de Setas,Principal
T-17590,2025-09-11,Cena,P-22,3,Te Verde,Bebida
T-14679,2024-02-21,Comida,P-13,4,Bacalao al Horno,Principal
T-17871,2025-09-17,Cena,P-13,3,Bacalao al Horno,Principal
T-10788,2024-11-21,Comida,P-05,3,Refresco Cola,Bebida
T-17834,2024-10-26,Cena,P-01,1,Hamburguesa Smart,Principal
T-11081,2025-11-11,Cena,P-18,2,Ensaladilla Rusa,Entrante
T-12559,2025-06-19,Cena,P-25,3,Canelones de Carne,Principal
T-15907,2024-12-26,Cena,P-11,2,Salmon a la Plancha,Principal
T-14113,2025-11-28,Comida,P-03,4,Pasta Carbonara IA,Principal
T-11832,2025-08-16,Comida,P-19,3,Entrecot Ternera,Principal
T-16521,2024-05-17,Cena,P-19,4,Entrecot Ternera,Principal
T-12800,2024-05-31,Comida,P-11,4,Salmon a la Plancha,Principal
T-12168,2025-10-02,Cena,P-08,1,Croquetas de Jamon,Entrante
T-10197,2025-03-25,Cena,P-02,1,Ensalada Cesar,Entrante
T-10847,2024-07-17,Cena,P-17,1,Brownie con Helado,Postre
T-17791,2025-01-10,Comida,P-13,3,Bacalao al Horno,Principal
T-16092,2025-05-23,Comida,P-04,4,Tarta de Queso Casera,Postre
T-12455,2025-07-04,Cena,P-24,3,Nuggets de Pollo,Principal
T-12531,2025-06-29,Cena,P-10,1,Solomillo Iberico,Principal
T-15267,2024-04-30,Cena,P-10,4,Solomillo Iberico,Principal
T-15166,2025-09-04,Comida,P-25,3,Canelones de Carne,Principal
T-10006,2025-12-16,Cena,P-01,2,Hamburguesa Smart,Principal
T-12293,2024-06-13,Cena,P-16,1,Agua Mineral,Bebida
T-12979,2024-04-15,Cena,P-20,1,Paella de Marisco,Principal
T-10694,2025-04-17,Comida,P-06,4,Vino Tinto Copa,Bebida
T-13216,2025-12-15,Cena,P-20,3,Paella de Marisco,Principal
T-10199,2025-02-26,Cena,P-15,3,Cerveza Artesana,Bebida
T-12685,2025-10-15,Comida,P-16,1,Agua Mineral,Bebida
T-13529,2025-08-09,Cena,P-18,1,Ensaladilla Rusa,Entrante
T-14885,2024-08-07,Comida,P-04,4,Tarta de Queso Casera,Postre
T-16385,2025-03-06,Cena,P-11,3,Salmon a la Plancha,Principal
T-14116,2025-11-26,Cena,P-21,4,Cafe Solo,Bebida
T-15539,2025-03-09,Comida,P-14,1,Tortilla de Patatas,Entrante
T-14749,2024-06-28,Cena,P-13,2,Bacalao al Horno,Principal
T-11975,2024-01-28,Cena,P-19,2,Entrecot Ternera,Principal
T-11359,2025-11-03,Comida,P-19,4,Entrecot Ternera,Principal
T-14886,2024-02-28,Cena,P-19,2,Entrecot Ternera,Principal
T-10980,2025-09-12,Comida,P-02,1,Ensalada Cesar,Entrante
T-14736,2025-03-23,Cena,P-04,3,Tarta de Queso Casera,Postre
T-16551,2025-04-28,Cena,P-21,4,Cafe Solo,Bebida
T-15336,2024-08-26,Cena,P-22,1,Te Verde,Bebida
T-12949,2024-11-05,Cena,P-08,4,Croquetas de Jamon,Entrante
T-16726,2025-04-30,Cena,P-20,3,Paella de Marisco,Principal
T-16709,2024-12-08,Comida,P-03,2,Pasta Carbonara IA,Principal
T-16803,2025-06-27,Comida,P-10,3,Solomillo Iberico,Principal
T-17274,2025-10-15,Cena,P-24,4,Nuggets de Pollo,Principal
T-13286,2025-11-17,Cena,P-04,4,Tarta de Queso Casera,Postre
T-15730,2024-10-09,Comida,P-04,4,Tarta de Queso Casera,Postre
T-10011,2024-04-27,Cena,P-11,1,Salmon a la Plancha,Principal
T-14351,2025-05-20,Comida,P-11,1,Salmon a la Plancha,Principal
T-10009,2025-05-20,Comida,P-01,1,Hamburguesa Smart,Principal
T-17700,2024-05-16,Comida,P-05,2,Refresco Cola,Bebida
T-16324,2025-03-06,Cena,P-01,3,Hamburguesa Smart,Principal
T-12648,2025-08-19,Cena,P-11,3,Salmon a la Plancha,Principal
T-12372,2024-07-24,Comida,P-03,3,Pasta Carbonara IA,Principal
T-17942,2025-04-22,Comida,P-08,4,Croquetas de Jamon,Entrante
T-10549,2025-08-16,Cena,P-01,4,Hamburguesa Smart,Principal
T-14564,2025-01-26,Cena,P-01,4,Hamburguesa Smart,Principal
T-11662,2024-01-03,Comida,P-14,1,Tortilla de Patatas,Entrante
T-11789,2024-11-29,Cena,P-09,1,Gazpacho Andaluz,Entrante
T-14200,2025-05-25,Cena,P-16,3,Agua Mineral,Bebida
T-13959,2025-09-27,Comida,P-08,4,Croquetas de Jamon,Entrante
T-17212,2025-06-04,Comida,P-06,4,Vino Tinto Copa,Bebida
T-15389,2024-05-31,Cena,P-14,3,Tortilla de Patatas,Entrante
T-13819,2024-12-20,Comida,P-02,3,Ensalada Cesar,Entrante
T-15881,2025-04-15,Comida,P-21,3,Cafe Solo,Bebida
T-11289,2025-10-10,Comida,P-17,2,Brownie con Helado,Postre
T-17747,2025-06-26,Cena,P-07,4,Pizza Margarita,Principal
T-17051,2025-02-04,Comida,P-19,2,Entrecot Ternera,Principal
T-13161,2025-09-05,Cena,P-02,2,Ensalada Cesar,Entrante
T-16270,2024-08-31,Cena,P-03,3,Pasta Carbonara IA,Principal
T-14948,2025-05-14,Cena,P-17,4,Brownie con Helado,Postre
T-10294,2025-04-03,Comida,P-11,2,Salmon a la Plancha,Principal
T-12463,2025-02-01,Cena,P-18,4,Ensaladilla Rusa,Entrante
T-13855,2025-05-10,Comida,P-17,2,Brownie con Helado,Postre
T-17293,2025-06-19,Cena,P-10,2,Solomillo Iberico,Principal
T-11200,2024-10-20,Cena,P-15,2,Cerveza Artesana,Bebida
T-13163,2024-03-31,Cena,P-12,4,Risotto de Setas,Principal
T-10745,2025-06-21,Cena,P-07,4,Pizza Margarita,Principal
T-10950,2025-08-31,Comida,P-13,4,Bacalao al Horno,Principal
T-15332,2025-01-09,Cena,P-07,2,Pizza Margarita,Principal
T-11457,2025-10-20,Comida,P-04,1,Tarta de Queso Casera,Postre
T-10327,2024-06-10,Comida,P-07,4,Pizza Margarita,Principal
T-17066,2024-03-08,Cena,P-14,1,Tortilla de Patatas,Entrante
T-10527,2025-03-09,Comida,P-08,1,Croquetas de Jamon,Entrante
T-17306,2024-04-08,Comida,P-14,4,Tortilla de Patatas,Entrante
T-12199,2024-01-12,Cena,P-20,3,Paella de Marisco,Principal
T-14351,2024-12-06,Comida,P-16,3,Agua Mineral,Bebida
T-10087,2024-07-25,Cena,P-23,3,Tiramisu de la Casa,Postre
T-13334,2025-09-19,Cena,P-05,1,Refresco Cola,Bebida
T-12396,2025-08-08,Cena,P-11,1,Salmon a la Plancha,Principal
T-10186,2025-05-24,Comida,P-14,4,Tortilla de Patatas,Entrante
T-15624,2025-09-26,Comida,P-24,4,Nuggets de Pollo,Principal
T-15044,2025-09-11,Cena,P-07,4,Pizza Margarita,Principal
T-11016,2024-03-26,Cena,P-19,1,Entrecot Ternera,Principal
T-17521,2025-12-09,Cena,P-08,3,Croquetas de Jamon,Entrante
T-13745,2025-08-03,Cena,P-04,1,Tarta de Queso Casera,Postre
T-12183,2025-09-13,Comida,P-24,3,Nuggets de Pollo,Principal
T-13692,2025-04-28,Cena,P-06,3,Vino Tinto Copa,Bebida
T-17655,2024-12-30,Comida,P-15,1,Cerveza Artesana,Bebida
T-17048,2025-10-16,Comida,P-24,1,Nuggets de Pollo,Principal
T-13196,2024-04-12,Cena,P-18,4,Ensaladilla Rusa,Entrante
T-10890,2025-07-11,Cena,P-13,2,Bacalao al Horno,Principal
T-12848,2024-07-03,Comida,P-16,2,Agua Mineral,Bebida
T-11001,2024-05-13,Cena,P-11,4,Salmon a la Plancha,Principal
T-15632,2024-07-02,Comida,P-15,4,Cerveza Artesana,Bebida
T-15174,2024-07-25,Comida,P-02,4,Ensalada Cesar,Entrante
T-16971,2025-07-28,Cena,P-15,2,Cerveza Artesana,Bebida
T-13497,2024-08-24,Cena,P-18,3,Ensaladilla Rusa,Entrante
T-10059,2024-01-22,Comida,P-19,2,Entrecot Ternera,Principal
T-16361,2024-04-05,Cena,P-02,3,Ensalada Cesar,Entrante
T-10072,2024-06-23,Comida,P-11,1,Salmon a la Plancha,Principal
T-15390,2024-12-22,Cena,P-11,1,Salmon a la Plancha,Principal
T-17051,2024-03-08,Cena,P-14,1,Tortilla de Patatas,Entrante
T-12153,2024-09-25,Cena,P-10,1,Solomillo Iberico,Principal
T-16833,2025-03-11,Cena,P-17,1,Brownie con Helado,Postre
T-17256,2025-06-26,Comida,P-09,2,Gazpacho Andaluz,Entrante
T-12339,2024-10-30,Cena,P-20,1,Paella de Marisco,Principal
T-10495,2024-04-12,Comida,P-04,1,Tarta de Queso Casera,Postre
T-15819,2025-01-07,Comida,P-22,3,Te Verde,Bebida
T-10273,2025-06-28,Cena,P-17,2,Brownie con Helado,Postre
T-13168,2025-10-30,Cena,P-15,2,Cerveza Artesana,Bebida
T-11957,2024-06-16,Comida,P-12,2,Risotto de Setas,Principal
T-14337,2025-08-15,Comida,P-19,4,Entrecot Ternera,Principal
T-11451,2025-10-06,Cena,P-20,1,Paella de Marisco,Principal
T-13228,2024-12-22,Cena,P-18,2,Ensaladilla Rusa,Entrante
T-14636,2024-08-28,Cena,P-22,1,Te Verde,Bebida
T-12163,2024-03-30,Cena,P-10,2,Solomillo Iberico,Principal
T-10129,2025-11-20,Comida,P-11,4,Salmon a la Plancha,Principal
T-10339,2024-01-15,Cena,P-14,2,Tortilla de Patatas,Entrante
T-15331,2025-09-10,Cena,P-09,1,Gazpacho Andaluz,Entrante
T-13890,2025-06-22,Comida,P-23,4,Tiramisu de la Casa,Postre
T-11993,2025-07-10,Comida,P-14,2,Tortilla de Patatas,Entrante
T-17324,2025-01-15,Cena,P-03,1,Pasta Carbonara IA,Principal
T-12828,2025-05-24,Comida,P-08,4,Croquetas de Jamon,Entrante
T-16697,2024-01-27,Cena,P-05,1,Refresco Cola,Bebida
T-17557,2025-12-14,Comida,P-08,4,Croquetas de Jamon,Entrante
T-12750,2024-05-27,Cena,P-03,3,Pasta Carbonara IA,Principal
T-11712,2025-05-14,Cena,P-22,1,Te Verde,Bebida
T-14582,2024-10-19,Cena,P-21,1,Cafe Solo,Bebida
T-17397,2024-07-21,Comida,P-07,2,Pizza Margarita,Principal
T-15241,2024-03-29,Cena,P-13,3,Bacalao al Horno,Principal
T-17755,2024-03-05,Cena,P-19,1,Entrecot Ternera,Principal
T-11817,2024-11-21,Cena,P-25,2,Canelones de Carne,Principal
T-15250,2024-01-28,Cena,P-03,3,Pasta Carbonara IA,Principal
T-12565,2024-01-15,Cena,P-12,4,Risotto de Setas,Principal
T-14849,2024-06-12,Comida,P-07,4,Pizza Margarita,Principal
T-10186,2025-08-31,Comida,P-03,3,Pasta Carbonara IA,Principal
T-11091,2025-07-04,Cena,P-05,4,Refresco Cola,Bebida
T-16156,2025-01-14,Cena,P-25,2,Canelones de Carne,Principal
T-10675,2024-11-06,Cena,P-12,1,Risotto de Setas,Principal
T-14692,2025-11-10,Cena,P-25,2,Canelones de Carne,Principal
T-17488,2024-08-11,Cena,P-20,4,Paella de Marisco,Principal
T-11858,2025-04-25,Comida,P-24,3,Nuggets de Pollo,Principal
T-13731,2024-11-18,Comida,P-09,2,Gazpacho Andaluz,Entrante
T-17781,2024-01-22,Cena,P-07,2,Pizza Margarita,Principal
T-13830,2025-02-22,Cena,P-24,1,Nuggets de Pollo,Principal
T-16077,2025-09-09,Cena,P-06,4,Vino Tinto Copa,Bebida
T-14039,2024-09-22,Comida,P-01,2,Hamburguesa Smart,Principal
T-11487,2025-02-19,Cena,P-16,1,Agua Mineral,Bebida
T-12531,2024-07-03,Comida,P-08,2,Croquetas de Jamon,Entrante
T-16808,2024-07-29,Comida,P-25,3,Canelones de Carne,Principal
T-11704,2024-09-12,Cena,P-15,4,Cerveza Artesana,Bebida
T-13262,2025-07-30,Comida,P-05,4,Refresco Cola,Bebida
T-10150,2025-02-09,Comida,P-19,2,Entrecot Ternera,Principal
T-12337,2024-12-18,Cena,P-22,1,Te Verde,Bebida
T-12506,2025-07-08,Cena,P-18,3,Ensaladilla Rusa,Entrante
T-13462,2024-04-23,Cena,P-23,3,Tiramisu de la Casa,Postre
T-12618,2024-09-21,Cena,P-08,4,Croquetas de Jamon,Entrante
T-12135,2024-11-04,Cena,P-12,2,Risotto de Setas,Principal
T-17708,2024-01-24,Comida,P-07,4,Pizza Margarita,Principal
T-16513,2025-11-28,Cena,P-13,2,Bacalao al Horno,Principal
T-14259,2024-09-06,Cena,P-23,2,Tiramisu de la Casa,Postre
T-12093,2025-04-25,Cena,P-11,2,Salmon a la Plancha,Principal
T-17133,2024-08-24,Comida,P-02,4,Ensalada Cesar,Entrante
T-12368,2024-03-03,Cena,P-11,4,Salmon a la Plancha,Principal
T-11735,2025-07-31,Comida,P-06,3,Vino Tinto Copa,Bebida
T-11581,2024-04-01,Cena,P-09,3,Gazpacho Andaluz,Entrante
T-16431,2025-03-31,Cena,P-07,1,Pizza Margarita,Principal
T-12637,2025-09-28,Cena,P-20,4,Paella de Marisco,Principal
T-15241,2024-05-03,Cena,P-23,2,Tiramisu de la Casa,Postre
T-17867,2025-01-21,Cena,P-15,2,Cerveza Artesana,Bebida
T-13732,2025-11-03,Comida,P-08,4,Croquetas de Jamon,Entrante
T-17564,2024-03-29,Cena,P-23,1,Tiramisu de la Casa,Postre
T-10790,2025-06-21,Cena,P-21,2,Cafe Solo,Bebida
T-17395,2024-10-11,Cena,P-23,3,Tiramisu de la Casa,Postre
T-17850,2024-08-25,Comida,P-09,2,Gazpacho Andaluz,Entrante
T-11612,2025-08-13,Cena,P-22,4,Te Verde,Bebida
T-16363,2024-06-20,Comida,P-11,3,Salmon a la Plancha,Principal
T-16655,2024-03-25,Cena,P-15,2,Cerveza Artesana,Bebida
T-11025,2024-01-25,Comida,P-16,4,Agua Mineral,Bebida
T-14181,2025-08-03,Cena,P-18,1,Ensaladilla Rusa,Entrante
T-16221,2024-06-21,Comida,P-25,1,Canelones de Carne,Principal
T-11140,2024-04-26,Cena,P-06,4,Vino Tinto Copa,Bebida
T-11858,2025-07-14,Comida,P-16,3,Agua Mineral,Bebida
T-16936,2024-06-07,Comida,P-09,2,Gazpacho Andaluz,Entrante
T-11172,2024-12-21,Cena,P-13,1,Bacalao al Horno,Principal
T-13699,2025-08-22,Comida,P-07,2,Pizza Margarita,Principal
T-16299,2024-07-06,Comida,P-12,1,Risotto de Setas,Principal
T-16811,2025-12-10,Cena,P-14,2,Tortilla de Patatas,Entrante
T-16968,2024-12-06,Comida,P-19,4,Entrecot Ternera,Principal
T-14787,2025-01-24,Cena,P-22,3,Te Verde,Bebida
T-13767,2024-02-07,Cena,P-09,1,Gazpacho Andaluz,Entrante
T-11922,2025-06-12,Cena,P-14,2,Tortilla de Patatas,Entrante
T-10862,2025-02-23,Cena,P-01,1,Hamburguesa Smart,Principal
T-10387,2025-12-21,Comida,P-03,1,Pasta Carbonara IA,Principal
T-14820,2024-08-10,Cena,P-17,4,Brownie con Helado,Postre
T-13077,2024-03-16,Comida,P-17,4,Brownie con Helado,Postre
T-17184,2024-06-08,Comida,P-22,1,Te Verde,Bebida
T-10023,2025-05-14,Cena,P-23,2,Tiramisu de la Casa,Postre
T-10662,2024-01-20,Cena,P-25,2,Canelones de Carne,Principal
T-10726,2025-05-17,Comida,P-08,2,Croquetas de Jamon,Entrante
T-17984,2025-09-17,Cena,P-05,3,Refresco Cola,Bebida
T-13521,2024-08-23,Comida,P-14,2,Tortilla de Patatas,Entrante
T-17917,2025-12-08,Cena,P-16,2,Agua Mineral,Bebida
T-16916,2024-07-23,Cena,P-04,3,Tarta de Queso Casera,Postre
T-12823,2025-12-02,Comida,P-10,4,Solomillo Iberico,Principal
T-15000,2025-09-11,Comida,P-24,3,Nuggets de Pollo,Principal
T-14252,2024-06-15,Cena,P-02,2,Ensalada Cesar,Entrante
T-10838,2025-06-19,Comida,P-01,2,Hamburguesa Smart,Principal
T-16865,2024-05-29,Cena,P-08,1,Croquetas de Jamon,Entrante
T-15627,2025-03-26,Cena,P-08,1,Croquetas de Jamon,Entrante
T-17845,2025-04-01,Cena,P-25,1,Canelones de Carne,Principal
T-15952,2024-07-17,Cena,P-11,4,Salmon a la Plancha,Principal
T-14873,2025-10-17,Cena,P-14,1,Tortilla de Patatas,Entrante
T-14049,2025-03-26,Cena,P-22,1,Te Verde,Bebida
T-17429,2025-07-02,Comida,P-17,3,Brownie con Helado,Postre
T-14920,2024-09-27,Cena,P-10,4,Solomillo Iberico,Principal
T-13841,2024-06-22,Comida,P-17,3,Brownie con Helado,Postre
T-17092,2024-01-17,Comida,P-16,2,Agua Mineral,Bebida
T-15682,2025-02-21,Cena,P-21,4,Cafe Solo,Bebida
T-17359,2024-01-10,Cena,P-03,3,Pasta Carbonara IA,Principal
T-14559,2025-05-13,Cena,P-09,1,Gazpacho Andaluz,Entrante
T-16844,2025-11-26,Cena,P-20,4,Paella de Marisco,Principal
T-14287,2024-01-15,Comida,P-08,3,Croquetas de Jamon,Entrante
T-16306,2024-01-14,Comida,P-09,4,Gazpacho Andaluz,Entrante
T-12427,2024-09-08,Cena,P-19,1,Entrecot Ternera,Principal
T-14404,2024-12-08,Comida,P-09,2,Gazpacho Andaluz,Entrante
T-13902,2024-03-20,Comida,P-01,2,Hamburguesa Smart,Principal
T-14489,2024-12-01,Comida,P-09,2,Gazpacho Andaluz,Entrante
T-10092,2025-06-01,Cena,P-16,4,Agua Mineral,Bebida
T-13822,2024-11-14,Cena,P-08,3,Croquetas de Jamon,Entrante
T-12696,2025-03-17,Cena,P-07,4,Pizza Margarita,Principal
T-16459,2025-06-26,Comida,P-07,4,Pizza Margarita,Principal
T-13659,2024-01-28,Cena,P-17,1,Brownie con Helado,Postre
T-14614,2025-07-13,Cena,P-12,2,Risotto de Setas,Principal
T-14457,2024-08-08,Cena,P-04,3,Tarta de Queso Casera,Postre
T-12740,2025-10-09,Cena,P-03,4,Pasta Carbonara IA,Principal
T-10521,2025-04-27,Cena,P-22,2,Te Verde,Bebida
T-16847,2024-01-02,Comida,P-18,1,Ensaladilla Rusa,Entrante
T-12308,2024-08-13,Cena,P-03,3,Pasta Carbonara IA,Principal
T-13287,2024-12-29,Comida,P-22,2,Te Verde,Bebida
T-15378,2024-07-25,Cena,P-09,4,Gazpacho Andaluz,Entrante
T-10382,2024-05-17,Cena,P-04,2,Tarta de Queso Casera,Postre
T-12711,2025-03-08,Comida,P-25,4,Canelones de Carne,Principal
T-13611,2025-04-15,Comida,P-24,1,Nuggets de Pollo,Principal
T-10543,2025-12-12,Comida,P-05,4,Refresco Cola,Bebida
T-15204,2025-07-20,Comida,P-02,4,Ensalada Cesar,Entrante
T-10974,2024-04-21,Cena,P-03,2,Pasta Carbonara IA,Principal
T-12819,2025-01-19,Comida,P-17,2,Brownie con Helado,Postre
T-10415,2025-03-09,Cena,P-24,2,Nuggets de Pollo,Principal
T-15477,2024-06-26,Comida,P-09,3,Gazpacho Andaluz,Entrante
T-13692,2025-01-03,Cena,P-24,4,Nuggets de Pollo,Principal
T-13498,2025-10-24,Cena,P-18,1,Ensaladilla Rusa,Entrante
T-15182,2024-10-29,Cena,P-09,3,Gazpacho Andaluz,Entrante
T-16685,2024-04-15,Cena,P-23,1,Tiramisu de la Casa,Postre
T-12233,2024-01-31,Cena,P-18,4,Ensaladilla Rusa,Entrante
T-14678,2025-02-18,Cena,P-03,4,Pasta Carbonara IA,Principal
T-13560,2025-03-19,Comida,P-12,4,Risotto de Setas,Principal
T-17419,2025-07-30,Cena,P-06,3,Vino Tinto Copa,Bebida
T-11527,2024-11-24,Comida,P-19,4,Entrecot Ternera,Principal
T-12662,2025-03-02,Comida,P-19,2,Entrecot Ternera,Principal
T-15432,2024-08-11,Cena,P-16,3,Agua Mineral,Bebida
T-16125,2024-10-11,Comida,P-02,4,Ensalada Cesar,Entrante
T-14462,2024-12-07,Cena,P-16,2,Agua Mineral,Bebida
T-14515,2025-03-26,Cena,P-03,1,Pasta Carbonara IA,Principal
T-14823,2024-07-14,Comida,P-01,3,Hamburguesa Smart,Principal
T-13899,2024-08-24,Comida,P-17,4,Brownie con Helado,Postre
T-14704,2024-11-02,Cena,P-20,2,Paella de Marisco,Principal
T-16673,2024-12-15,Cena,P-14,4,Tortilla de Patatas,Entrante
T-12859,2024-07-31,Cena,P-20,4,Paella de Marisco,Principal
T-16393,2025-07-28,Cena,P-09,4,Gazpacho Andaluz,Entrante
T-10743,2024-11-21,Cena,P-10,1,Solomillo Iberico,Principal
T-17503,2024-08-21,Comida,P-23,1,Tiramisu de la Casa,Postre
T-17733,2025-09-18,Cena,P-06,3,Vino Tinto Copa,Bebida
T-14873,2025-10-31,Cena,P-11,1,Salmon a la Plancha,Principal
T-11694,2024-03-16,Comida,P-15,2,Cerveza Artesana,Bebida
T-10533,2025-06-01,Comida,P-15,1,Cerveza Artesana,Bebida
T-16815,2024-05-21,Comida,P-07,4,Pizza Margarita,Principal
T-13324,2025-09-20,Cena,P-17,4,Brownie con Helado,Postre
T-14871,2024-10-10,Comida,P-21,3,Cafe Solo,Bebida
T-12646,2025-01-10,Cena,P-23,4,Tiramisu de la Casa,Postre
T-14359,2024-04-22,Cena,P-25,4,Canelones de Carne,Principal
T-17815,2025-08-17,Comida,P-08,4,Croquetas de Jamon,Entrante
T-13909,2025-12-24,Comida,P-05,3,Refresco Cola,Bebida
T-10209,2024-11-22,Comida,P-07,3,Pizza Margarita,Principal
T-15674,2025-01-31,Cena,P-21,4,Cafe Solo,Bebida
T-15284,2024-07-05,Cena,P-05,1,Refresco Cola,Bebida
T-12806,2025-10-23,Cena,P-04,3,Tarta de Queso Casera,Postre
T-10702,2024-06-18,Cena,P-19,4,Entrecot Ternera,Principal
T-15550,2025-03-23,Comida,P-20,4,Paella de Marisco,Principal
T-12356,2025-06-03,Comida,P-20,1,Paella de Marisco,Principal
T-10153,2025-03-10,Comida,P-08,2,Croquetas de Jamon,Entrante
T-10643,2025-01-22,Cena,P-03,4,Pasta Carbonara IA,Principal
T-15911,2024-03-03,Cena,P-01,4,Hamburguesa Smart,Principal
T-10973,2024-09-10,Cena,P-20,3,Paella de Marisco,Principal
T-13323,2025-04-10,Comida,P-03,2,Pasta Carbonara IA,Principal
T-16108,2025-08-14,Cena,P-21,1,Cafe Solo,Bebida
T-15816,2024-05-21,Cena,P-19,1,Entrecot Ternera,Principal
T-13603,2024-02-25,Cena,P-12,4,Risotto de Setas,Principal
T-13095,2025-11-05,Cena,P-11,2,Salmon a la Plancha,Principal
T-14628,2024-05-23,Comida,P-06,1,Vino Tinto Copa,Bebida
T-15753,2024-12-31,Cena,P-15,3,Cerveza Artesana,Bebida
T-12727,2025-07-08,Cena,P-14,4,Tortilla de Patatas,Entrante
T-10790,2024-10-08,Comida,P-19,2,Entrecot Ternera,Principal
T-12768,2024-12-06,Comida,P-13,4,Bacalao al Horno,Principal
T-15855,2024-02-27,Cena,P-16,2,Agua Mineral,Bebida
T-13954,2024-09-19,Cena,P-09,4,Gazpacho Andaluz,Entrante
T-17372,2025-08-29,Comida,P-23,3,Tiramisu de la Casa,Postre
T-10234,2025-12-14,Comida,P-15,1,Cerveza Artesana,Bebida
T-11878,2024-10-31,Comida,P-05,4,Refresco Cola,Bebida
T-17958,2024-11-24,Comida,P-03,2,Pasta Carbonara IA,Principal
T-16388,2024-03-28,Cena,P-17,3,Brownie con Helado,Postre
T-11221,2024-10-15,Cena,P-25,1,Canelones de Carne,Principal
T-16385,2025-05-08,Cena,P-21,3,Cafe Solo,Bebida
T-14704,2025-12-11,Cena,P-15,3,Cerveza Artesana,Bebida
T-12436,2025-07-15,Comida,P-11,3,Salmon a la Plancha,Principal
T-16667,2025-09-25,Cena,P-03,4,Pasta Carbonara IA,Principal
T-13222,2024-06-12,Cena,P-05,2,Refresco Cola,Bebida
T-17509,2025-04-21,Cena,P-04,1,Tarta de Queso Casera,Postre
T-10802,2025-12-26,Comida,P-09,2,Gazpacho Andaluz,Entrante
T-16170,2025-03-20,Cena,P-20,3,Paella de Marisco,Principal
T-11801,2024-07-14,Comida,P-20,3,Paella de Marisco,Principal
T-11293,2024-04-04,Comida,P-08,1,Croquetas de Jamon,Entrante
T-10073,2024-10-02,Cena,P-23,2,Tiramisu de la Casa,Postre
T-15181,2024-10-20,Cena,P-05,2,Refresco Cola,Bebida
T-16068,2025-08-07,Cena,P-09,4,Gazpacho Andaluz,Entrante
T-14890,2024-01-13,Comida,P-04,1,Tarta de Queso Casera,Postre
T-13393,2025-05-20,Cena,P-04,2,Tarta de Queso Casera,Postre
T-10843,2025-05-14,Cena,P-24,2,Nuggets de Pollo,Principal
T-12031,2025-10-23,Comida,P-25,2,Canelones de Carne,Principal
T-13606,2025-08-20,Comida,P-25,3,Canelones de Carne,Principal
T-16820,2024-10-26,Cena,P-01,2,Hamburguesa Smart,Principal
T-11330,2025-07-26,Cena,P-03,1,Pasta Carbonara IA,Principal
T-11896,2025-03-21,Cena,P-07,3,Pizza Margarita,Principal
T-14533,2024-06-27,Comida,P-10,1,Solomillo Iberico,Principal
T-15316,2025-08-13,Comida,P-11,2,Salmon a la Plancha,Principal
T-14528,2025-12-15,Comida,P-11,3,Salmon a la Plancha,Principal
T-12953,2024-06-15,Cena,P-21,1,Cafe Solo,Bebida
T-12505,2025-04-03,Cena,P-11,2,Salmon a la Plancha,Principal
T-10583,2025-03-03,Cena,P-11,2,Salmon a la Plancha,Principal
T-16287,2024-11-25,Comida,P-13,3,Bacalao al Horno,Principal
T-15792,2024-09-12,Cena,P-08,4,Croquetas de Jamon,Entrante
T-16866,2025-12-17,Comida,P-23,1,Tiramisu de la Casa,Postre
T-17871,2024-11-01,Comida,P-19,3,Entrecot Ternera,Principal
T-11651,2024-10-23,Comida,P-05,3,Refresco Cola,Bebida
T-16937,2025-09-06,Comida,P-20,1,Paella de Marisco,Principal
T-16808,2025-11-16,Comida,P-10,2,Solomillo Iberico,Principal
T-17211,2025-10-09,Cena,P-25,2,Canelones de Carne,Principal
T-15295,2024-09-19,Cena,P-03,3,Pasta Carbonara IA,Principal
T-14320,2025-10-31,Cena,P-20,2,Paella de Marisco,Principal
T-13096,2025-11-11,Comida,P-07,4,Pizza Margarita,Principal
T-11687,2025-10-26,Comida,P-18,3,Ensaladilla Rusa,Entrante
T-15734,2025-03-13,Cena,P-16,2,Agua Mineral,Bebida
T-11055,2024-01-31,Cena,P-11,3,Salmon a la Plancha,Principal
T-14108,2024-05-28,Cena,P-10,2,Solomillo Iberico,Principal
T-11286,2025-10-25,Cena,P-01,3,Hamburguesa Smart,Principal
T-16741,2024-11-07,Comida,P-18,4,Ensaladilla Rusa,Entrante
T-14703,2025-03-01,Cena,P-04,2,Tarta de Queso Casera,Postre
T-17630,2025-12-07,Comida,P-09,4,Gazpacho Andaluz,Entrante
T-14250,2024-09-10,Comida,P-10,1,Solomillo Iberico,Principal
T-14242,2025-11-24,Cena,P-14,4,Tortilla de Patatas,Entrante
T-15652,2025-10-26,Comida,P-24,1,Nuggets de Pollo,Principal
T-14052,2024-07-04,Comida,P-17,1,Brownie con Helado,Postre
T-12257,2025-11-20,Cena,P-15,4,Cerveza Artesana,Bebida
T-14142,2024-09-30,Cena,P-14,1,Tortilla de Patatas,Entrante
T-13296,2025-11-12,Comida,P-09,3,Gazpacho Andaluz,Entrante
T-11847,2025-02-01,Comida,P-01,2,Hamburguesa Smart,Principal
T-15262,2025-12-08,Comida,P-01,2,Hamburguesa Smart,Principal
T-17101,2024-11-10,Cena,P-23,2,Tiramisu de la Casa,Postre
T-13040,2024-08-11,Cena,P-19,2,Entrecot Ternera,Principal
T-17433,2025-12-21,Cena,P-14,4,Tortilla de Patatas,Entrante
T-16307,2024-07-24,Cena,P-13,4,Bacalao al Horno,Principal
T-17729,2025-04-18,Cena,P-02,2,Ensalada Cesar,Entrante
T-12258,2024-08-03,Cena,P-13,4,Bacalao al Horno,Principal
T-14656,2025-10-15,Cena,P-09,3,Gazpacho Andaluz,Entrante
T-11737,2025-10-28,Cena,P-24,2,Nuggets de Pollo,Principal
T-16823,2024-01-09,Comida,P-02,4,Ensalada Cesar,Entrante
T-14318,2025-02-19,Comida,P-14,2,Tortilla de Patatas,Entrante
T-10984,2025-01-18,Comida,P-08,3,Croquetas de Jamon,Entrante
T-17344,2024-01-25,Cena,P-15,1,Cerveza Artesana,Bebida
T-11461,2024-03-15,Cena,P-12,2,Risotto de Setas,Principal
T-11764,2025-05-12,Cena,P-17,4,Brownie con Helado,Postre
T-13248,2025-03-22,Cena,P-17,2,Brownie con Helado,Postre
T-14011,2025-10-15,Comida,P-16,1,Agua Mineral,Bebida
T-10631,2025-12-09,Comida,P-23,3,Tiramisu de la Casa,Postre
T-16555,2025-06-02,Cena,P-22,1,Te Verde,Bebida
T-15596,2024-06-03,Cena,P-01,2,Hamburguesa Smart,Principal
T-14223,2025-10-17,Cena,P-19,3,Entrecot Ternera,Principal
T-17268,2025-10-28,Cena,P-06,1,Vino Tinto Copa,Bebida
T-12695,2025-04-15,Comida,P-25,3,Canelones de Carne,Principal
T-15773,2025-01-02,Comida,P-08,1,Croquetas de Jamon,Entrante
T-16068,2025-08-04,Cena,P-01,4,Hamburguesa Smart,Principal
T-14568,2024-07-05,Cena,P-15,4,Cerveza Artesana,Bebida
T-17197,2025-03-10,Comida,P-15,4,Cerveza Artesana,Bebida
T-14782,2024-08-24,Cena,P-21,1,Cafe Solo,Bebida
T-10740,2024-05-09,Comida,P-08,3,Croquetas de Jamon,Entrante
T-17842,2025-02-04,Comida,P-01,2,Hamburguesa Smart,Principal
T-13574,2024-06-23,Comida,P-18,4,Ensaladilla Rusa,Entrante
T-17830,2025-01-26,Comida,P-02,2,Ensalada Cesar,Entrante
T-13495,2025-07-11,Comida,P-09,4,Gazpacho Andaluz,Entrante
T-17915,2024-07-07,Comida,P-16,2,Agua Mineral,Bebida
T-14450,2025-06-19,Cena,P-07,3,Pizza Margarita,Principal
T-12276,2025-08-09,Cena,P-13,3,Bacalao al Horno,Principal
T-14584,2024-11-27,Cena,P-12,3,Risotto de Setas,Principal
T-17196,2025-07-23,Comida,P-06,3,Vino Tinto Copa,Bebida
T-10963,2025-12-02,Cena,P-12,4,Risotto de Setas,Principal
T-11416,2025-09-12,Comida,P-21,4,Cafe Solo,Bebida
T-13593,2024-07-27,Cena,P-12,4,Risotto de Setas,Principal
T-17860,2025-03-12,Cena,P-17,1,Brownie con Helado,Postre
T-16018,2024-03-25,Cena,P-21,3,Cafe Solo,Bebida
T-14751,2025-04-25,Cena,P-02,1,Ensalada Cesar,Entrante
T-17420,2025-12-16,Cena,P-14,2,Tortilla de Patatas,Entrante
T-12275,2024-08-23,Cena,P-12,1,Risotto de Setas,Principal
T-11551,2024-03-13,Comida,P-10,4,Solomillo Iberico,Principal
T-13604,2025-08-27,Cena,P-06,3,Vino Tinto Copa,Bebida
T-15654,2024-11-08,Comida,P-08,1,Croquetas de Jamon,Entrante
T-13081,2024-05-05,Cena,P-15,4,Cerveza Artesana,Bebida
T-14759,2025-04-10,Cena,P-19,1,Entrecot Ternera,Principal
T-17936,2025-11-17,Cena,P-06,4,Vino Tinto Copa,Bebida
T-15693,2024-02-02,Cena,P-19,3,Entrecot Ternera,Principal
T-14478,2024-01-04,Cena,P-03,2,Pasta Carbonara IA,Principal
T-16788,2024-07-22,Cena,P-20,4,Paella de Marisco,Principal
T-13474,2025-10-22,Cena,P-09,4,Gazpacho Andaluz,Entrante
T-10028,2025-04-25,Cena,P-24,3,Nuggets de Pollo,Principal
T-11819,2025-05-09,Cena,P-22,3,Te Verde,Bebida
T-11521,2025-11-11,Cena,P-20,3,Paella de Marisco,Principal
T-11153,2024-07-13,Comida,P-18,1,Ensaladilla Rusa,Entrante
T-16688,2025-01-20,Cena,P-20,1,Paella de Marisco,Principal
T-10900,2024-07-25,Cena,P-09,2,Gazpacho Andaluz,Entrante
T-14767,2025-09-01,Cena,P-25,2,Canelones de Carne,Principal
T-11315,2024-05-08,Cena,P-18,2,Ensaladilla Rusa,Entrante
T-12697,2025-01-17,Cena,P-01,3,Hamburguesa Smart,Principal
T-17459,2024-04-06,Cena,P-25,3,Canelones de Carne,Principal
T-12014,2024-12-03,Comida,P-09,2,Gazpacho Andaluz,Entrante
T-13926,2025-02-05,Cena,P-04,1,Tarta de Queso Casera,Postre
T-17642,2025-07-19,Comida,P-21,4,Cafe Solo,Bebida
T-17101,2024-03-09,Comida,P-03,2,Pasta Carbonara IA,Principal
T-15971,2024-11-30,Cena,P-01,4,Hamburguesa Smart,Principal
T-17444,2024-04-16,Cena,P-02,1,Ensalada Cesar,Entrante
T-17721,2024-02-28,Cena,P-12,3,Risotto de Setas,Principal
T-16142,2025-10-14,Comida,P-18,4,Ensaladilla Rusa,Entrante
T-13126,2025-12-15,Comida,P-15,2,Cerveza Artesana,Bebida
T-16903,2024-03-31,Comida,P-13,1,Bacalao al Horno,Principal
T-11581,2024-03-22,Cena,P-17,3,Brownie con Helado,Postre
T-16020,2025-02-28,Cena,P-19,4,Entrecot Ternera,Principal
T-10175,2024-01-09,Cena,P-03,1,Pasta Carbonara IA,Principal
T-11563,2024-05-24,Cena,P-01,2,Hamburguesa Smart,Principal
T-14240,2024-02-10,Cena,P-04,1,Tarta de Queso Casera,Postre
T-14095,2024-06-16,Comida,P-01,4,Hamburguesa Smart,Principal
T-14188,2025-10-31,Cena,P-02,3,Ensalada Cesar,Entrante
T-12215,2025-05-17,Cena,P-05,4,Refresco Cola,Bebida
T-15151,2024-02-01,Comida,P-24,1,Nuggets de Pollo,Principal
T-12580,2024-10-29,Cena,P-13,3,Bacalao al Horno,Principal
T-15015,2024-07-14,Cena,P-13,3,Bacalao al Horno,Principal
T-11149,2024-10-04,Comida,P-12,4,Risotto de Setas,Principal
T-13374,2024-07-06,Comida,P-23,1,Tiramisu de la Casa,Postre
T-10756,2025-04-16,Cena,P-19,1,Entrecot Ternera,Principal
T-14129,2024-01-27,Comida,P-25,4,Canelones de Carne,Principal
T-14235,2024-02-14,Cena,P-04,3,Tarta de Queso Casera,Postre
T-16341,2024-08-31,Comida,P-25,2,Canelones de Carne,Principal
T-13968,2024-05-14,Comida,P-25,1,Canelones de Carne,Principal
T-15530,2025-05-13,Comida,P-20,1,Paella de Marisco,Principal
T-10562,2024-01-01,Cena,P-19,4,Entrecot Ternera,Principal
T-15997,2024-12-03,Cena,P-11,3,Salmon a la Plancha,Principal
T-13234,2025-06-18,Comida,P-21,2,Cafe Solo,Bebida
T-10233,2024-01-06,Comida,P-05,4,Refresco Cola,Bebida
T-13604,2024-09-09,Cena,P-18,4,Ensaladilla Rusa,Entrante
T-12590,2024-01-08,Cena,P-03,2,Pasta Carbonara IA,Principal
T-14873,2024-04-03,Cena,P-11,1,Salmon a la Plancha,Principal
T-10492,2025-08-23,Comida,P-07,4,Pizza Margarita,Principal
T-17530,2025-02-14,Comida,P-23,3,Tiramisu de la Casa,Postre
T-12181,2025-12-24,Comida,P-13,2,Bacalao al Horno,Principal
T-16569,2025-03-06,Cena,P-07,2,Pizza Margarita,Principal
T-13676,2025-03-06,Cena,P-14,2,Tortilla de Patatas,Entrante
T-11869,2025-09-06,Cena,P-19,3,Entrecot Ternera,Principal
T-15404,2024-07-17,Comida,P-15,3,Cerveza Artesana,Bebida
T-13476,2024-05-02,Cena,P-18,4,Ensaladilla Rusa,Entrante
T-10589,2025-07-08,Cena,P-14,3,Tortilla de Patatas,Entrante
T-13505,2025-01-14,Cena,P-17,1,Brownie con Helado,Postre
T-11590,2025-02-06,Cena,P-07,4,Pizza Margarita,Principal
T-16368,2024-07-23,Cena,P-07,2,Pizza Margarita,Principal
T-14826,2024-10-18,Comida,P-22,1,Te Verde,Bebida
T-12397,2025-04-03,Comida,P-01,1,Hamburguesa Smart,Principal
T-16900,2024-04-14,Cena,P-08,2,Croquetas de Jamon,Entrante
T-13474,2025-04-28,Comida,P-18,2,Ensaladilla Rusa,Entrante
T-16867,2025-02-10,Cena,P-04,2,Tarta de Queso Casera,Postre
T-11873,2025-03-19,Cena,P-06,1,Vino Tinto Copa,Bebida
T-17016,2025-05-08,Cena,P-15,4,Cerveza Artesana,Bebida
T-15147,2025-11-25,Comida,P-17,3,Brownie con Helado,Postre
T-13025,2024-05-20,Cena,P-20,4,Paella de Marisco,Principal
T-10693,2025-02-13,Comida,P-18,4,Ensaladilla Rusa,Entrante
T-12743,2025-05-27,Comida,P-08,1,Croquetas de Jamon,Entrante
T-15898,2024-10-13,Cena,P-16,3,Agua Mineral,Bebida
T-17912,2025-10-29,Comida,P-25,2,Canelones de Carne,Principal
T-13326,2025-05-01,Cena,P-01,3,Hamburguesa Smart,Principal
T-17161,2025-04-16,Cena,P-06,2,Vino Tinto Copa,Bebida
T-10247,2025-01-20,Cena,P-16,2,Agua Mineral,Bebida
T-15498,2025-06-21,Comida,P-23,4,Tiramisu de la Casa,Postre
T-17973,2025-06-10,Cena,P-07,2,Pizza Margarita,Principal
T-11454,2025-05-03,Comida,P-13,2,Bacalao al Horno,Principal
T-17048,2024-05-31,Cena,P-21,2,Cafe Solo,Bebida
T-16112,2025-12-14,Comida,P-04,4,Tarta de Queso Casera,Postre
T-10682,2025-11-19,Cena,P-11,2,Salmon a la Plancha,Principal
T-14994,2024-10-21,Comida,P-23,3,Tiramisu de la Casa,Postre
T-15626,2025-07-09,Comida,P-16,2,Agua Mineral,Bebida
T-16894,2025-11-26,Comida,P-25,4,Canelones de Carne,Principal
T-14416,2025-08-22,Cena,P-13,3,Bacalao al Horno,Principal
T-10760,2024-03-30,Comida,P-09,3,Gazpacho Andaluz,Entrante
T-17575,2024-05-21,Cena,P-11,2,Salmon a la Plancha,Principal
T-11342,2024-04-20,Cena,P-02,2,Ensalada Cesar,Entrante
T-15463,2025-08-18,Comida,P-03,2,Pasta Carbonara IA,Principal
T-12520,2024-03-01,Cena,P-15,2,Cerveza Artesana,Bebida
T-15619,2025-10-07,Cena,P-04,4,Tarta de Queso Casera,Postre
T-11219,2025-08-29,Comida,P-10,3,Solomillo Iberico,Principal
T-12336,2024-01-11,Cena,P-22,4,Te Verde,Bebida
T-11862,2025-09-15,Cena,P-23,1,Tiramisu de la Casa,Postre
T-10465,2025-10-18,Cena,P-17,3,Brownie con Helado,Postre
T-15923,2025-04-16,Cena,P-12,4,Risotto de Setas,Principal
T-13759,2025-08-11,Cena,P-10,2,Solomillo Iberico,Principal
T-16152,2025-05-13,Cena,P-14,2,Tortilla de Patatas,Entrante
T-12155,2024-01-15,Comida,P-16,3,Agua Mineral,Bebida
T-15983,2025-10-17,Comida,P-14,4,Tortilla de Patatas,Entrante
T-14817,2025-09-08,Comida,P-11,2,Salmon a la Plancha,Principal
T-17165,2024-03-01,Cena,P-03,3,Pasta Carbonara IA,Principal
T-14940,2024-04-04,Cena,P-07,1,Pizza Margarita,Principal
T-14748,2024-03-05,Comida,P-13,4,Bacalao al Horno,Principal
T-16324,2024-12-16,Cena,P-10,1,Solomillo Iberico,Principal
T-14166,2025-11-17,Comida,P-01,4,Hamburguesa Smart,Principal
T-13105,2024-07-23,Cena,P-20,4,Paella de Marisco,Principal
T-13844,2025-10-01,Cena,P-10,4,Solomillo Iberico,Principal
T-10842,2025-01-13,Cena,P-24,3,Nuggets de Pollo,Principal
T-12930,2025-11-13,Comida,P-24,3,Nuggets de Pollo,Principal
T-11567,2024-06-16,Cena,P-08,1,Croquetas de Jamon,Entrante
T-13949,2025-01-16,Cena,P-17,1,Brownie con Helado,Postre
T-12651,2025-03-13,Cena,P-07,2,Pizza Margarita,Principal
T-10757,2025-08-24,Cena,P-25,2,Canelones de Carne,Principal
T-17853,2025-05-12,Cena,P-05,3,Refresco Cola,Bebida
T-10538,2024-03-29,Comida,P-03,3,Pasta Carbonara IA,Principal
T-16255,2025-12-04,Cena,P-20,3,Paella de Marisco,Principal
T-17187,2025-05-12,Cena,P-01,2,Hamburguesa Smart,Principal
T-13747,2025-06-06,Comida,P-13,3,Bacalao al Horno,Principal
T-14761,2024-06-08,Comida,P-24,3,Nuggets de Pollo,Principal
T-16186,2024-10-12,Comida,P-07,1,Pizza Margarita,Principal
T-10252,2024-01-02,Comida,P-24,3,Nuggets de Pollo,Principal
T-10928,2025-04-01,Comida,P-25,1,Canelones de Carne,Principal
T-14197,2025-12-01,Comida,P-07,2,Pizza Margarita,Principal
T-13041,2025-05-28,Comida,P-05,3,Refresco Cola,Bebida
T-15618,2025-01-08,Comida,P-07,3,Pizza Margarita,Principal
T-10555,2024-04-28,Comida,P-03,3,Pasta Carbonara IA,Principal
T-17343,2025-01-30,Comida,P-18,3,Ensaladilla Rusa,Entrante
T-12222,2024-02-21,Comida,P-03,4,Pasta Carbonara IA,Principal
T-11881,2024-12-31,Cena,P-20,3,Paella de Marisco,Principal
T-15415,2024-01-20,Comida,P-15,2,Cerveza Artesana,Bebida
T-10697,2024-04-03,Cena,P-17,3,Brownie con Helado,Postre
T-13583,2025-01-15,Cena,P-17,2,Brownie con Helado,Postre
T-16369,2024-07-21,Comida,P-12,4,Risotto de Setas,Principal
T-11864,2024-04-25,Comida,P-13,2,Bacalao al Horno,Principal
T-10208,2025-08-27,Cena,P-14,3,Tortilla de Patatas,Entrante
T-15656,2024-07-07,Cena,P-11,2,Salmon a la Plancha,Principal
T-11221,2025-02-12,Cena,P-13,1,Bacalao al Horno,Principal
T-14933,2024-05-26,Cena,P-05,1,Refresco Cola,Bebida
T-13183,2024-06-27,Comida,P-07,2,Pizza Margarita,Principal
T-16158,2025-06-20,Comida,P-12,4,Risotto de Setas,Principal
T-12402,2025-06-16,Cena,P-06,2,Vino Tinto Copa,Bebida
T-17638,2024-04-10,Comida,P-22,2,Te Verde,Bebida
T-14911,2025-07-27,Comida,P-16,2,Agua Mineral,Bebida
T-14839,2025-01-30,Comida,P-18,3,Ensaladilla Rusa,Entrante
T-12076,2024-06-19,Cena,P-11,2,Salmon a la Plancha,Principal
T-17765,2024-12-07,Comida,P-15,2,Cerveza Artesana,Bebida
T-13638,2024-11-30,Cena,P-08,3,Croquetas de Jamon,Entrante
T-11742,2025-10-16,Cena,P-09,1,Gazpacho Andaluz,Entrante
T-15461,2024-05-04,Cena,P-14,4,Tortilla de Patatas,Entrante
T-16593,2025-08-14,Comida,P-20,4,Paella de Marisco,Principal
T-13713,2024-04-23,Comida,P-14,3,Tortilla de Patatas,Entrante
T-12858,2024-09-24,Cena,P-02,1,Ensalada Cesar,Entrante
T-15293,2025-01-26,Cena,P-01,3,Hamburguesa Smart,Principal
T-13857,2024-12-14,Comida,P-01,2,Hamburguesa Smart,Principal
T-10892,2025-03-03,Cena,P-01,3,Hamburguesa Smart,Principal
T-11109,2025-10-08,Cena,P-20,1,Paella de Marisco,Principal
T-13910,2024-08-30,Comida,P-24,2,Nuggets de Pollo,Principal
T-13853,2025-10-08,Cena,P-06,3,Vino Tinto Copa,Bebida
T-15735,2025-08-30,Comida,P-07,1,Pizza Margarita,Principal
T-15553,2025-11-10,Comida,P-24,2,Nuggets de Pollo,Principal
T-13460,2024-11-15,Cena,P-06,2,Vino Tinto Copa,Bebida
T-15160,2025-02-17,Cena,P-24,1,Nuggets de Pollo,Principal
T-14012,2025-12-05,Cena,P-20,4,Paella de Marisco,Principal
T-10571,2024-11-17,Comida,P-05,2,Refresco Cola,Bebida
T-17068,2025-12-16,Comida,P-05,4,Refresco Cola,Bebida
T-10769,2025-12-04,Cena,P-08,4,Croquetas de Jamon,Entrante
T-12968,2024-03-13,Cena,P-13,4,Bacalao al Horno,Principal
T-12536,2024-12-31,Cena,P-07,4,Pizza Margarita,Principal
T-10691,2025-12-13,Comida,P-14,2,Tortilla de Patatas,Entrante
T-13851,2024-08-17,Cena,P-19,2,Entrecot Ternera,Principal
T-16669,2025-07-17,Cena,P-25,3,Canelones de Carne,Principal
T-13607,2025-06-14,Cena,P-20,1,Paella de Marisco,Principal
T-17808,2025-09-13,Cena,P-24,3,Nuggets de Pollo,Principal
T-15200,2025-11-15,Comida,P-04,1,Tarta de Queso Casera,Postre
T-11002,2024-02-28,Cena,P-01,3,Hamburguesa Smart,Principal
T-10392,2024-04-23,Cena,P-23,1,Tiramisu de la Casa,Postre
T-13050,2024-09-28,Cena,P-09,2,Gazpacho Andaluz,Entrante
T-17168,2025-08-25,Cena,P-09,3,Gazpacho Andaluz,Entrante
T-15761,2025-10-14,Cena,P-12,1,Risotto de Setas,Principal
T-11949,2025-01-21,Cena,P-09,1,Gazpacho Andaluz,Entrante
T-13131,2025-02-18,Cena,P-05,3,Refresco Cola,Bebida
T-17991,2024-11-01,Comida,P-10,2,Solomillo Iberico,Principal
T-13689,2025-04-25,Cena,P-17,3,Brownie con Helado,Postre
T-14694,2025-04-17,Cena,P-07,2,Pizza Margarita,Principal
T-16095,2024-12-12,Cena,P-09,2,Gazpacho Andaluz,Entrante
T-14280,2025-04-30,Comida,P-10,2,Solomillo Iberico,Principal
T-17644,2025-09-13,Cena,P-13,4,Bacalao al Horno,Principal
T-11157,2024-01-06,Cena,P-04,1,Tarta de Queso Casera,Postre
T-12378,2025-12-03,Cena,P-18,4,Ensaladilla Rusa,Entrante
T-14553,2024-01-23,Comida,P-19,3,Entrecot Ternera,Principal
T-13299,2025-02-07,Cena,P-10,4,Solomillo Iberico,Principal
T-11798,2024-06-25,Comida,P-05,3,Refresco Cola,Bebida
T-14050,2025-01-19,Cena,P-24,4,Nuggets de Pollo,Principal
T-15663,2025-08-20,Cena,P-16,2,Agua Mineral,Bebida
T-14011,2024-02-27,Cena,P-21,1,Cafe Solo,Bebida
T-11569,2024-01-27,Cena,P-08,2,Croquetas de Jamon,Entrante
T-12100,2024-10-02,Cena,P-14,4,Tortilla de Patatas,Entrante
T-10456,2024-02-23,Cena,P-14,1,Tortilla de Patatas,Entrante
T-15025,2024-04-25,Cena,P-12,4,Risotto de Setas,Principal
T-15848,2025-11-19,Cena,P-13,3,Bacalao al Horno,Principal
T-11197,2024-01-02,Cena,P-19,3,Entrecot Ternera,Principal
T-11489,2024-06-01,Comida,P-17,4,Brownie con Helado,Postre
T-14179,2024-02-13,Cena,P-10,1,Solomillo Iberico,Principal
T-15187,2025-04-16,Cena,P-03,4,Pasta Carbonara IA,Principal
T-10969,2024-06-10,Comida,P-19,3,Entrecot Ternera,Principal
T-16343,2025-05-24,Cena,P-17,2,Brownie con Helado,Postre
T-13625,2024-11-29,Comida,P-07,1,Pizza Margarita,Principal
T-10899,2025-05-18,Cena,P-22,3,Te Verde,Bebida
T-15021,2025-11-07,Cena,P-15,4,Cerveza Artesana,Bebida
T-13495,2024-12-29,Comida,P-15,1,Cerveza Artesana,Bebida
T-12870,2025-11-05,Cena,P-19,1,Entrecot Ternera,Principal
T-15907,2025-12-14,Cena,P-21,4,Cafe Solo,Bebida
T-12373,2024-05-20,Comida,P-21,2,Cafe Solo,Bebida
T-15270,2024-10-25,Comida,P-09,4,Gazpacho Andaluz,Entrante
T-13107,2025-01-04,Comida,P-15,2,Cerveza Artesana,Bebida
T-16645,2024-07-13,Cena,P-09,1,Gazpacho Andaluz,Entrante
T-12233,2025-12-04,Comida,P-05,2,Refresco Cola,Bebida
T-16042,2024-12-21,Cena,P-15,2,Cerveza Artesana,Bebida
T-10220,2024-06-02,Cena,P-17,1,Brownie con Helado,Postre
T-13722,2024-10-01,Cena,P-04,2,Tarta de Queso Casera,Postre
T-11312,2024-08-12,Cena,P-19,4,Entrecot Ternera,Principal
T-13678,2025-08-08,Cena,P-17,3,Brownie con Helado,Postre
T-17077,2025-03-11,Cena,P-20,4,Paella de Marisco,Principal
T-12753,2024-06-18,Cena,P-19,3,Entrecot Ternera,Principal
T-11121,2025-06-06,Comida,P-23,2,Tiramisu de la Casa,Postre
T-15584,2024-07-30,Comida,P-12,3,Risotto de Setas,Principal
T-13477,2024-07-08,Cena,P-13,4,Bacalao al Horno,Principal
T-11682,2024-03-24,Cena,P-23,3,Tiramisu de la Casa,Postre
T-11054,2025-12-27,Comida,P-11,3,Salmon a la Plancha,Principal
T-14515,2025-04-25,Comida,P-03,4,Pasta Carbonara IA,Principal
T-17862,2024-01-31,Comida,P-14,3,Tortilla de Patatas,Entrante
T-17024,2024-10-05,Cena,P-21,2,Cafe Solo,Bebida
T-17917,2024-11-24,Comida,P-01,4,Hamburguesa Smart,Principal
T-10233,2025-05-21,Comida,P-20,2,Paella de Marisco,Principal
T-13830,2025-05-11,Cena,P-17,2,Brownie con Helado,Postre
T-17230,2024-05-28,Cena,P-24,1,Nuggets de Pollo,Principal
T-16859,2024-06-10,Comida,P-21,2,Cafe Solo,Bebida
T-14623,2024-01-21,Comida,P-15,4,Cerveza Artesana,Bebida
T-11607,2024-05-15,Cena,P-06,2,Vino Tinto Copa,Bebida
T-14837,2025-03-13,Comida,P-24,1,Nuggets de Pollo,Principal
T-14776,2024-06-30,Comida,P-24,4,Nuggets de Pollo,Principal
T-17010,2024-03-05,Comida,P-01,1,Hamburguesa Smart,Principal
T-11533,2024-06-13,Cena,P-05,4,Refresco Cola,Bebida
T-16164,2025-01-17,Cena,P-11,2,Salmon a la Plancha,Principal
T-12739,2024-08-06,Cena,P-14,1,Tortilla de Patatas,Entrante
T-17336,2024-07-06,Cena,P-22,1,Te Verde,Bebida
T-13106,2024-02-16,Cena,P-02,4,Ensalada Cesar,Entrante
T-14780,2025-10-14,Comida,P-21,1,Cafe Solo,Bebida
T-10815,2024-07-05,Cena,P-12,1,Risotto de Setas,Principal
T-10249,2025-04-09,Cena,P-07,1,Pizza Margarita,Principal
T-17827,2025-07-01,Cena,P-14,2,Tortilla de Patatas,Entrante
T-10154,2024-11-14,Cena,P-13,3,Bacalao al Horno,Principal
T-11020,2025-03-08,Cena,P-22,4,Te Verde,Bebida
T-13207,2024-02-26,Cena,P-25,4,Canelones de Carne,Principal
T-11794,2024-05-02,Cena,P-07,3,Pizza Margarita,Principal
T-16350,2024-06-26,Comida,P-06,1,Vino Tinto Copa,Bebida
T-15165,2025-04-18,Comida,P-16,3,Agua Mineral,Bebida
T-11815,2025-07-21,Comida,P-22,1,Te Verde,Bebida
T-16512,2025-01-25,Cena,P-22,4,Te Verde,Bebida
T-12874,2025-05-09,Cena,P-24,2,Nuggets de Pollo,Principal
T-11406,2025-11-07,Comida,P-13,3,Bacalao al Horno,Principal
T-14043,2024-03-23,Cena,P-21,3,Cafe Solo,Bebida
T-14159,2024-08-19,Comida,P-12,1,Risotto de Setas,Principal
T-16735,2025-02-25,Comida,P-18,4,Ensaladilla Rusa,Entrante
T-11708,2025-06-18,Comida,P-16,3,Agua Mineral,Bebida
T-14848,2025-12-25,Comida,P-20,4,Paella de Marisco,Principal
T-12592,2025-05-18,Comida,P-05,2,Refresco Cola,Bebida
T-16110,2025-09-06,Comida,P-15,3,Cerveza Artesana,Bebida
T-14224,2025-02-13,Cena,P-13,4,Bacalao al Horno,Principal
T-10047,2024-10-09,Comida,P-22,1,Te Verde,Bebida
T-17815,2024-01-19,Comida,P-07,1,Pizza Margarita,Principal
T-14570,2024-08-17,Comida,P-24,1,Nuggets de Pollo,Principal
T-10747,2024-04-22,Cena,P-05,4,Refresco Cola,Bebida
T-11011,2024-07-26,Cena,P-10,4,Solomillo Iberico,Principal
T-16783,2025-11-01,Cena,P-25,1,Canelones de Carne,Principal
T-17583,2024-06-22,Cena,P-11,3,Salmon a la Plancha,Principal
T-11166,2024-08-05,Cena,P-14,1,Tortilla de Patatas,Entrante
T-17341,2024-07-05,Comida,P-19,4,Entrecot Ternera,Principal
T-11366,2025-10-04,Cena,P-23,1,Tiramisu de la Casa,Postre
T-14090,2024-02-17,Comida,P-07,1,Pizza Margarita,Principal
T-11302,2025-03-19,Comida,P-15,4,Cerveza Artesana,Bebida
T-16540,2024-11-18,Cena,P-22,1,Te Verde,Bebida
T-12150,2024-06-01,Comida,P-21,2,Cafe Solo,Bebida
T-17786,2024-01-09,Cena,P-14,4,Tortilla de Patatas,Entrante
T-15471,2025-07-18,Cena,P-08,4,Croquetas de Jamon,Entrante
T-11185,2024-08-16,Cena,P-06,4,Vino Tinto Copa,Bebida
T-17969,2024-08-18,Cena,P-20,2,Paella de Marisco,Principal
T-12725,2024-10-12,Cena,P-04,4,Tarta de Queso Casera,Postre
T-16365,2024-06-11,Comida,P-14,2,Tortilla de Patatas,Entrante
T-11978,2025-10-26,Cena,P-04,2,Tarta de Queso Casera,Postre
T-15027,2024-12-15,Comida,P-12,2,Risotto de Setas,Principal
T-13974,2025-07-25,Comida,P-25,4,Canelones de Carne,Principal
T-16117,2024-08-05,Cena,P-22,3,Te Verde,Bebida
T-15334,2025-04-10,Comida,P-23,4,Tiramisu de la Casa,Postre
T-11570,2025-06-16,Comida,P-15,2,Cerveza Artesana,Bebida
T-12934,2024-08-17,Comida,P-18,2,Ensaladilla Rusa,Entrante
T-16690,2024-03-28,Comida,P-05,3,Refresco Cola,Bebida
T-12282,2025-03-26,Cena,P-16,1,Agua Mineral,Bebida
T-15514,2024-05-31,Cena,P-05,3,Refresco Cola,Bebida
T-10129,2025-01-14,Cena,P-09,4,Gazpacho Andaluz,Entrante
T-11671,2025-01-05,Cena,P-15,1,Cerveza Artesana,Bebida
T-14560,2024-02-17,Cena,P-18,3,Ensaladilla Rusa,Entrante
T-11190,2024-02-15,Cena,P-14,2,Tortilla de Patatas,Entrante
T-17931,2024-02-20,Cena,P-23,3,Tiramisu de la Casa,Postre
T-16510,2024-04-30,Cena,P-07,3,Pizza Margarita,Principal
T-11713,2025-07-25,Cena,P-03,4,Pasta Carbonara IA,Principal
T-10757,2024-02-17,Cena,P-05,3,Refresco Cola,Bebida
T-11878,2025-04-24,Comida,P-07,1,Pizza Margarita,Principal
T-15935,2024-10-17,Comida,P-08,4,Croquetas de Jamon,Entrante
T-13895,2024-07-03,Comida,P-20,3,Paella de Marisco,Principal
T-10345,2024-10-31,Comida,P-18,1,Ensaladilla Rusa,Entrante
T-15082,2024-10-30,Comida,P-10,2,Solomillo Iberico,Principal
T-11223,2024-06-15,Cena,P-01,2,Hamburguesa Smart,Principal
T-17444,2025-02-11,Cena,P-09,2,Gazpacho Andaluz,Entrante
T-17921,2025-07-05,Comida,P-10,2,Solomillo Iberico,Principal
T-12838,2025-10-10,Cena,P-14,4,Tortilla de Patatas,Entrante
T-10475,2025-05-19,Cena,P-09,1,Gazpacho Andaluz,Entrante
T-17578,2025-06-01,Cena,P-04,4,Tarta de Queso Casera,Postre
T-16221,2025-05-10,Cena,P-15,3,Cerveza Artesana,Bebida
T-10155,2025-12-24,Cena,P-05,3,Refresco Cola,Bebida
T-13462,2025-12-02,Cena,P-05,1,Refresco Cola,Bebida
T-17486,2024-03-25,Comida,P-23,3,Tiramisu de la Casa,Postre
T-13024,2025-05-06,Cena,P-15,4,Cerveza Artesana,Bebida
T-17611,2025-09-11,Cena,P-20,2,Paella de Marisco,Principal
T-16221,2025-09-25,Comida,P-13,2,Bacalao al Horno,Principal
T-16190,2024-01-27,Cena,P-11,1,Salmon a la Plancha,Principal
T-12425,2024-07-18,Comida,P-21,3,Cafe Solo,Bebida
T-12666,2025-09-09,Cena,P-18,3,Ensaladilla Rusa,Entrante
T-13265,2025-11-27,Cena,P-06,2,Vino Tinto Copa,Bebida
T-10147,2025-05-08,Comida,P-22,2,Te Verde,Bebida
T-12109,2024-01-16,Cena,P-20,1,Paella de Marisco,Principal
T-13287,2024-08-27,Comida,P-12,2,Risotto de Setas,Principal
T-17721,2024-10-27,Cena,P-23,4,Tiramisu de la Casa,Postre
T-13096,2025-05-03,Cena,P-09,3,Gazpacho Andaluz,Entrante
T-16398,2024-12-27,Cena,P-04,4,Tarta de Queso Casera,Postre
T-17210,2024-01-29,Comida,P-16,4,Agua Mineral,Bebida
T-13960,2024-08-08,Comida,P-16,3,Agua Mineral,Bebida
T-10617,2024-08-31,Comida,P-23,1,Tiramisu de la Casa,Postre
T-17580,2024-11-05,Comida,P-05,2,Refresco Cola,Bebida
T-17149,2025-05-05,Cena,P-18,3,Ensaladilla Rusa,Entrante
T-13611,2024-06-20,Comida,P-03,1,Pasta Carbonara IA,Principal
T-11857,2024-01-18,Cena,P-12,4,Risotto de Setas,Principal
T-11637,2024-09-04,Cena,P-21,1,Cafe Solo,Bebida
T-13813,2025-07-13,Cena,P-13,4,Bacalao al Horno,Principal
T-17201,2025-06-27,Comida,P-15,3,Cerveza Artesana,Bebida
T-11092,2025-08-09,Comida,P-20,3,Paella de Marisco,Principal
T-14314,2024-09-12,Comida,P-16,4,Agua Mineral,Bebida
T-10221,2025-05-24,Cena,P-09,3,Gazpacho Andaluz,Entrante
T-14790,2024-10-03,Cena,P-22,1,Te Verde,Bebida
T-13038,2025-10-16,Cena,P-19,2,Entrecot Ternera,Principal
T-10978,2024-10-02,Cena,P-20,4,Paella de Marisco,Principal
T-13096,2025-01-20,Cena,P-17,2,Brownie con Helado,Postre
T-14290,2025-09-13,Comida,P-07,2,Pizza Margarita,Principal
T-12270,2024-10-21,Cena,P-19,4,Entrecot Ternera,Principal
T-14986,2025-09-04,Cena,P-22,3,Te Verde,Bebida
T-13881,2024-12-18,Comida,P-15,4,Cerveza Artesana,Bebida
T-14644,2025-09-01,Comida,P-17,1,Brownie con Helado,Postre
T-16787,2024-03-12,Cena,P-01,2,Hamburguesa Smart,Principal
T-15997,2024-09-05,Cena,P-08,2,Croquetas de Jamon,Entrante
T-17693,2025-08-01,Cena,P-18,3,Ensaladilla Rusa,Entrante
T-16287,2024-11-08,Comida,P-05,2,Refresco Cola,Bebida
T-11580,2025-05-12,Cena,P-05,4,Refresco Cola,Bebida
T-15178,2024-01-10,Cena,P-14,1,Tortilla de Patatas,Entrante
T-15180,2024-07-30,Cena,P-14,3,Tortilla de Patatas,Entrante
T-11803,2024-08-07,Comida,P-25,1,Canelones de Carne,Principal
T-15744,2025-09-30,Comida,P-13,3,Bacalao al Horno,Principal
T-11810,2024-08-27,Cena,P-14,3,Tortilla de Patatas,Entrante
T-17588,2025-07-22,Comida,P-08,2,Croquetas de Jamon,Entrante
T-16959,2025-11-02,Cena,P-07,4,Pizza Margarita,Principal
T-12333,2024-01-19,Cena,P-18,2,Ensaladilla Rusa,Entrante
T-13782,2024-09-14,Cena,P-21,3,Cafe Solo,Bebida
T-17397,2025-04-15,Comida,P-04,1,Tarta de Queso Casera,Postre
T-10470,2024-06-07,Cena,P-07,3,Pizza Margarita,Principal
T-13063,2025-09-18,Comida,P-05,3,Refresco Cola,Bebida
T-10299,2024-11-13,Cena,P-25,3,Canelones de Carne,Principal
T-14573,2025-07-10,Comida,P-20,4,Paella de Marisco,Principal
T-13090,2025-03-22,Cena,P-06,3,Vino Tinto Copa,Bebida
T-12903,2024-09-19,Cena,P-22,4,Te Verde,Bebida
T-12693,2024-06-07,Cena,P-20,1,Paella de Marisco,Principal
T-15896,2025-04-09,Comida,P-11,3,Salmon a la Plancha,Principal
T-13897,2025-09-04,Cena,P-11,2,Salmon a la Plancha,Principal
T-10260,2024-08-08,Comida,P-24,3,Nuggets de Pollo,Principal
T-14537,2025-05-12,Cena,P-07,1,Pizza Margarita,Principal
T-12560,2024-12-26,Cena,P-19,1,Entrecot Ternera,Principal
T-10114,2024-01-05,Cena,P-23,2,Tiramisu de la Casa,Postre
T-10775,2025-02-13,Comida,P-07,2,Pizza Margarita,Principal
T-12597,2024-06-14,Cena,P-23,1,Tiramisu de la Casa,Postre
T-10693,2024-03-10,Comida,P-14,2,Tortilla de Patatas,Entrante
T-10738,2024-08-03,Cena,P-18,1,Ensaladilla Rusa,Entrante
T-11645,2024-04-16,Cena,P-11,4,Salmon a la Plancha,Principal
T-12100,2025-03-16,Cena,P-03,3,Pasta Carbonara IA,Principal
T-17596,2024-06-29,Cena,P-08,4,Croquetas de Jamon,Entrante
T-17617,2024-03-25,Cena,P-06,1,Vino Tinto Copa,Bebida
T-11353,2024-06-12,Cena,P-18,3,Ensaladilla Rusa,Entrante
T-11014,2024-01-23,Comida,P-16,1,Agua Mineral,Bebida
T-14351,2024-05-17,Comida,P-14,3,Tortilla de Patatas,Entrante
T-13846,2024-04-08,Comida,P-15,1,Cerveza Artesana,Bebida
T-16339,2024-09-18,Comida,P-01,3,Hamburguesa Smart,Principal
T-11847,2024-06-03,Cena,P-08,1,Croquetas de Jamon,Entrante
T-16316,2024-05-11,Cena,P-03,3,Pasta Carbonara IA,Principal
T-14020,2024-08-06,Comida,P-15,1,Cerveza Artesana,Bebida
T-11737,2025-01-31,Comida,P-13,3,Bacalao al Horno,Principal
T-15667,2024-04-12,Cena,P-22,1,Te Verde,Bebida
T-16163,2024-11-13,Cena,P-18,4,Ensaladilla Rusa,Entrante
T-14516,2024-08-30,Cena,P-23,4,Tiramisu de la Casa,Postre
T-15528,2025-07-24,Comida,P-12,2,Risotto de Setas,Principal
T-10687,2025-12-20,Comida,P-20,4,Paella de Marisco,Principal
T-13720,2024-11-02,Comida,P-07,3,Pizza Margarita,Principal
T-10300,2025-10-26,Comida,P-13,2,Bacalao al Horno,Principal
T-16835,2024-05-28,Comida,P-01,1,Hamburguesa Smart,Principal
T-16787,2025-10-19,Cena,P-09,3,Gazpacho Andaluz,Entrante
T-14210,2025-03-19,Comida,P-14,1,Tortilla de Patatas,Entrante
T-16448,2025-02-12,Cena,P-01,3,Hamburguesa Smart,Principal
T-16289,2025-07-04,Comida,P-16,2,Agua Mineral,Bebida
T-10854,2025-01-01,Comida,P-06,2,Vino Tinto Copa,Bebida
T-13372,2025-11-03,Comida,P-19,4,Entrecot Ternera,Principal
T-14249,2025-07-03,Cena,P-10,4,Solomillo Iberico,Principal
T-10067,2024-07-22,Cena,P-12,3,Risotto de Setas,Principal
T-14489,2025-02-11,Comida,P-17,4,Brownie con Helado,Postre
T-13121,2025-01-29,Cena,P-01,4,Hamburguesa Smart,Principal
T-13787,2025-09-05,Comida,P-17,3,Brownie con Helado,Postre
T-15225,2025-11-19,Cena,P-05,4,Refresco Cola,Bebida
T-10734,2025-12-21,Comida,P-20,3,Paella de Marisco,Principal
T-11736,2024-04-30,Comida,P-15,1,Cerveza Artesana,Bebida
T-15283,2025-03-29,Cena,P-07,2,Pizza Margarita,Principal
T-11906,2024-07-08,Cena,P-17,1,Brownie con Helado,Postre
T-13628,2024-09-01,Comida,P-06,2,Vino Tinto Copa,Bebida
T-15039,2025-08-29,Cena,P-15,3,Cerveza Artesana,Bebida
T-11379,2024-05-27,Cena,P-09,1,Gazpacho Andaluz,Entrante
T-17049,2024-12-21,Comida,P-19,1,Entrecot Ternera,Principal
T-10591,2025-01-07,Cena,P-06,2,Vino Tinto Copa,Bebida
T-15172,2024-10-27,Cena,P-24,3,Nuggets de Pollo,Principal
T-11619,2024-11-11,Cena,P-01,4,Hamburguesa Smart,Principal
T-16926,2025-07-06,Cena,P-06,3,Vino Tinto Copa,Bebida
T-10137,2024-05-13,Cena,P-03,1,Pasta Carbonara IA,Principal
T-12152,2025-10-02,Comida,P-01,3,Hamburguesa Smart,Principal
T-17420,2024-03-15,Comida,P-21,1,Cafe Solo,Bebida
T-15454,2025-03-21,Cena,P-02,2,Ensalada Cesar,Entrante
T-13298,2025-04-23,Comida,P-12,1,Risotto de Setas,Principal
T-12237,2024-08-09,Comida,P-23,4,Tiramisu de la Casa,Postre
T-13362,2024-06-17,Cena,P-19,2,Entrecot Ternera,Principal
T-15586,2025-08-07,Cena,P-18,4,Ensaladilla Rusa,Entrante
T-10793,2024-07-27,Cena,P-04,3,Tarta de Queso Casera,Postre
T-14909,2024-04-20,Comida,P-10,4,Solomillo Iberico,Principal
T-15387,2025-04-27,Cena,P-01,1,Hamburguesa Smart,Principal
T-15197,2025-09-14,Comida,P-24,1,Nuggets de Pollo,Principal
T-11444,2025-08-07,Cena,P-19,4,Entrecot Ternera,Principal
T-13191,2024-11-28,Comida,P-01,3,Hamburguesa Smart,Principal
T-15653,2024-11-27,Cena,P-14,4,Tortilla de Patatas,Entrante
T-17938,2025-11-19,Comida,P-11,3,Salmon a la Plancha,Principal
T-17167,2024-10-31,Cena,P-10,1,Solomillo Iberico,Principal
T-11986,2024-01-10,Cena,P-24,2,Nuggets de Pollo,Principal
T-13044,2024-01-17,Comida,P-14,4,Tortilla de Patatas,Entrante
T-16279,2024-08-11,Cena,P-21,2,Cafe Solo,Bebida
T-10989,2025-11-05,Cena,P-13,4,Bacalao al Horno,Principal
T-10762,2024-05-22,Cena,P-24,2,Nuggets de Pollo,Principal
T-11884,2024-09-27,Cena,P-08,3,Croquetas de Jamon,Entrante
T-13241,2024-05-28,Cena,P-12,2,Risotto de Setas,Principal
T-15983,2025-02-23,Comida,P-22,2,Te Verde,Bebida
T-17186,2025-04-24,Cena,P-09,2,Gazpacho Andaluz,Entrante
T-14551,2024-02-03,Cena,P-10,1,Solomillo Iberico,Principal
T-17242,2024-10-06,Comida,P-10,2,Solomillo Iberico,Principal
T-10225,2025-07-14,Comida,P-19,2,Entrecot Ternera,Principal
T-14463,2024-01-05,Cena,P-21,4,Cafe Solo,Bebida
T-17223,2025-11-16,Comida,P-21,2,Cafe Solo,Bebida
T-14181,2025-08-22,Cena,P-15,1,Cerveza Artesana,Bebida
T-15008,2025-01-30,Cena,P-23,1,Tiramisu de la Casa,Postre
T-17014,2025-06-13,Cena,P-14,1,Tortilla de Patatas,Entrante
T-11541,2024-10-21,Comida,P-25,3,Canelones de Carne,Principal
T-10788,2025-11-09,Comida,P-06,3,Vino Tinto Copa,Bebida
T-14123,2024-12-22,Comida,P-09,3,Gazpacho Andaluz,Entrante
T-17841,2025-07-05,Cena,P-06,2,Vino Tinto Copa,Bebida
T-14788,2025-01-31,Comida,P-12,3,Risotto de Setas,Principal
T-15756,2025-10-26,Cena,P-10,1,Solomillo Iberico,Principal
T-17825,2024-08-29,Comida,P-24,4,Nuggets de Pollo,Principal
T-17598,2024-08-11,Cena,P-01,4,Hamburguesa Smart,Principal
T-14185,2024-11-12,Cena,P-12,1,Risotto de Setas,Principal
T-13332,2025-09-07,Cena,P-13,2,Bacalao al Horno,Principal
T-17699,2025-12-24,Comida,P-17,3,Brownie con Helado,Postre
T-13138,2024-12-16,Cena,P-20,4,Paella de Marisco,Principal
T-13008,2025-09-25,Cena,P-09,3,Gazpacho Andaluz,Entrante
T-15284,2025-06-16,Cena,P-20,3,Paella de Marisco,Principal
T-10669,2025-03-17,Comida,P-01,3,Hamburguesa Smart,Principal
T-17676,2024-12-18,Cena,P-16,3,Agua Mineral,Bebida
T-11464,2024-12-14,Cena,P-10,4,Solomillo Iberico,Principal
T-13808,2024-04-19,Cena,P-16,3,Agua Mineral,Bebida
T-17723,2025-01-20,Cena,P-05,2,Refresco Cola,Bebida
T-17499,2025-06-27,Comida,P-22,3,Te Verde,Bebida
T-14879,2025-10-19,Comida,P-19,2,Entrecot Ternera,Principal
T-15340,2024-06-27,Cena,P-12,4,Risotto de Setas,Principal
T-13974,2024-06-24,Cena,P-05,1,Refresco Cola,Bebida
T-14016,2025-04-18,Cena,P-13,4,Bacalao al Horno,Principal
T-12863,2025-06-20,Comida,P-22,2,Te Verde,Bebida
T-15987,2025-09-04,Comida,P-02,3,Ensalada Cesar,Entrante
T-17432,2024-01-16,Cena,P-22,2,Te Verde,Bebida
T-16569,2024-05-18,Cena,P-02,1,Ensalada Cesar,Entrante
T-10284,2025-07-12,Comida,P-06,1,Vino Tinto Copa,Bebida
T-12522,2025-04-04,Cena,P-11,3,Salmon a la Plancha,Principal
T-11022,2024-02-29,Comida,P-07,2,Pizza Margarita,Principal
T-12875,2025-07-15,Cena,P-14,4,Tortilla de Patatas,Entrante
T-13495,2024-01-14,Comida,P-04,4,Tarta de Queso Casera,Postre
T-10782,2024-12-29,Comida,P-17,1,Brownie con Helado,Postre
T-13158,2024-11-27,Cena,P-11,4,Salmon a la Plancha,Principal
T-13724,2024-02-29,Comida,P-10,2,Solomillo Iberico,Principal
T-16302,2025-02-26,Comida,P-18,1,Ensaladilla Rusa,Entrante
T-17337,2024-10-25,Cena,P-25,2,Canelones de Carne,Principal
T-14949,2024-08-19,Comida,P-06,1,Vino Tinto Copa,Bebida
T-16563,2025-02-24,Cena,P-12,4,Risotto de Setas,Principal
T-17167,2024-09-10,Cena,P-06,1,Vino Tinto Copa,Bebida
T-17369,2025-11-28,Comida,P-21,1,Cafe Solo,Bebida
T-16624,2024-09-10,Cena,P-09,2,Gazpacho Andaluz,Entrante
T-15516,2025-01-27,Comida,P-20,2,Paella de Marisco,Principal
T-17614,2024-09-14,Cena,P-06,4,Vino Tinto Copa,Bebida
T-12426,2024-12-13,Comida,P-20,3,Paella de Marisco,Principal
T-10034,2024-07-28,Cena,P-13,4,Bacalao al Horno,Principal
T-15395,2024-03-24,Cena,P-08,2,Croquetas de Jamon,Entrante
T-17799,2025-05-29,Cena,P-22,4,Te Verde,Bebida
T-16320,2025-06-09,Comida,P-10,3,Solomillo Iberico,Principal
T-16501,2025-12-28,Comida,P-11,4,Salmon a la Plancha,Principal
T-14869,2024-06-08,Comida,P-07,1,Pizza Margarita,Principal
T-13825,2025-04-03,Comida,P-21,2,Cafe Solo,Bebida
T-11083,2025-12-28,Cena,P-12,3,Risotto de Setas,Principal
T-13863,2025-11-17,Cena,P-01,2,Hamburguesa Smart,Principal
T-12539,2024-08-26,Comida,P-06,1,Vino Tinto Copa,Bebida
T-17767,2024-02-15,Cena,P-07,1,Pizza Margarita,Principal
T-13282,2025-07-24,Cena,P-11,3,Salmon a la Plancha,Principal
T-11961,2025-11-06,Cena,P-05,2,Refresco Cola,Bebida
T-10051,2025-07-12,Cena,P-02,2,Ensalada Cesar,Entrante
T-15766,2025-11-27,Cena,P-03,3,Pasta Carbonara IA,Principal
T-17591,2024-04-15,Cena,P-20,2,Paella de Marisco,Principal
T-17896,2025-06-12,Cena,P-13,3,Bacalao al Horno,Principal
T-15387,2025-05-18,Cena,P-01,1,Hamburguesa Smart,Principal
T-15810,2024-06-24,Cena,P-15,2,Cerveza Artesana,Bebida
T-13329,2024-09-14,Cena,P-12,4,Risotto de Setas,Principal
T-17143,2025-06-28,Cena,P-10,3,Solomillo Iberico,Principal
T-15390,2025-09-04,Cena,P-23,3,Tiramisu de la Casa,Postre
T-12995,2025-12-28,Cena,P-07,3,Pizza Margarita,Principal
T-15999,2025-12-29,Comida,P-24,3,Nuggets de Pollo,Principal
T-14398,2025-04-15,Comida,P-07,3,Pizza Margarita,Principal
T-16344,2025-05-29,Comida,P-02,4,Ensalada Cesar,Entrante
T-13794,2024-07-23,Cena,P-06,3,Vino Tinto Copa,Bebida
T-16884,2025-03-31,Cena,P-07,1,Pizza Margarita,Principal
T-17878,2025-06-05,Cena,P-20,3,Paella de Marisco,Principal
T-12965,2025-11-08,Cena,P-10,2,Solomillo Iberico,Principal
T-14166,2025-08-30,Comida,P-18,1,Ensaladilla Rusa,Entrante
T-13602,2025-05-24,Cena,P-04,3,Tarta de Queso Casera,Postre
T-17721,2025-07-26,Cena,P-21,4,Cafe Solo,Bebida
T-11420,2025-11-21,Comida,P-03,2,Pasta Carbonara IA,Principal
T-13441,2024-10-12,Cena,P-24,1,Nuggets de Pollo,Principal
T-16346,2024-06-21,Comida,P-14,2,Tortilla de Patatas,Entrante
T-12639,2024-10-23,Cena,P-08,4,Croquetas de Jamon,Entrante
T-14767,2025-01-29,Cena,P-06,3,Vino Tinto Copa,Bebida
T-14953,2025-04-06,Cena,P-25,4,Canelones de Carne,Principal
T-15267,2024-01-04,Comida,P-10,3,Solomillo Iberico,Principal
T-15516,2025-09-02,Comida,P-21,2,Cafe Solo,Bebida
T-15889,2025-01-25,Comida,P-12,3,Risotto de Setas,Principal
T-16691,2025-11-03,Comida,P-19,4,Entrecot Ternera,Principal
T-16516,2024-12-21,Cena,P-12,3,Risotto de Setas,Principal
T-11602,2024-04-15,Cena,P-11,1,Salmon a la Plancha,Principal
T-12521,2025-03-25,Cena,P-16,1,Agua Mineral,Bebida
T-13634,2024-04-12,Cena,P-13,2,Bacalao al Horno,Principal
T-15868,2024-10-02,Cena,P-10,3,Solomillo Iberico,Principal
T-10957,2024-02-16,Cena,P-04,4,Tarta de Queso Casera,Postre
T-14981,2024-01-27,Cena,P-02,1,Ensalada Cesar,Entrante
T-12274,2025-07-16,Cena,P-09,3,Gazpacho Andaluz,Entrante
T-16881,2025-06-25,Cena,P-12,3,Risotto de Setas,Principal
T-13541,2025-07-25,Cena,P-22,1,Te Verde,Bebida
T-15099,2025-06-07,Comida,P-08,2,Croquetas de Jamon,Entrante
T-17413,2024-04-18,Comida,P-11,4,Salmon a la Plancha,Principal
T-12128,2024-07-23,Cena,P-21,3,Cafe Solo,Bebida
T-12983,2024-10-15,Comida,P-01,1,Hamburguesa Smart,Principal
T-17358,2025-11-08,Comida,P-11,2,Salmon a la Plancha,Principal
T-13896,2024-02-01,Cena,P-08,3,Croquetas de Jamon,Entrante
T-13384,2024-08-08,Cena,P-17,1,Brownie con Helado,Postre
T-14116,2024-01-09,Cena,P-16,1,Agua Mineral,Bebida
T-11461,2024-02-09,Cena,P-02,3,Ensalada Cesar,Entrante
T-17710,2025-11-30,Comida,P-04,3,Tarta de Queso Casera,Postre
T-12883,2025-05-09,Comida,P-22,1,Te Verde,Bebida
T-16888,2024-12-25,Cena,P-15,4,Cerveza Artesana,Bebida
T-16920,2024-01-22,Cena,P-19,1,Entrecot Ternera,Principal
T-12525,2025-01-28,Cena,P-17,2,Brownie con Helado,Postre
T-14243,2024-08-18,Cena,P-02,3,Ensalada Cesar,Entrante
T-13089,2025-02-23,Cena,P-19,3,Entrecot Ternera,Principal
T-14335,2025-09-24,Cena,P-07,2,Pizza Margarita,Principal
T-12667,2024-10-23,Comida,P-18,1,Ensaladilla Rusa,Entrante
T-13007,2025-08-02,Cena,P-15,3,Cerveza Artesana,Bebida
T-14535,2025-03-16,Cena,P-20,2,Paella de Marisco,Principal
T-11840,2024-01-05,Cena,P-10,4,Solomillo Iberico,Principal
T-10429,2025-02-08,Comida,P-18,3,Ensaladilla Rusa,Entrante
T-13847,2024-10-24,Cena,P-02,4,Ensalada Cesar,Entrante
T-12861,2025-03-25,Cena,P-02,3,Ensalada Cesar,Entrante
T-17435,2024-06-27,Comida,P-16,3,Agua Mineral,Bebida
T-16814,2025-07-13,Cena,P-08,1,Croquetas de Jamon,Entrante
T-16305,2024-08-13,Cena,P-17,3,Brownie con Helado,Postre
T-12741,2025-07-11,Cena,P-01,4,Hamburguesa Smart,Principal
T-15121,2025-04-04,Cena,P-16,1,Agua Mineral,Bebida
T-10340,2024-05-03,Cena,P-24,1,Nuggets de Pollo,Principal
T-11813,2024-09-08,Cena,P-06,3,Vino Tinto Copa,Bebida
T-15507,2024-04-13,Cena,P-14,4,Tortilla de Patatas,Entrante
T-17215,2025-10-01,Comida,P-03,4,Pasta Carbonara IA,Principal
T-10338,2025-08-08,Cena,P-10,2,Solomillo Iberico,Principal
T-14412,2024-01-13,Cena,P-22,1,Te Verde,Bebida
T-17010,2024-06-27,Cena,P-06,3,Vino Tinto Copa,Bebida
T-15390,2025-12-06,Cena,P-06,3,Vino Tinto Copa,Bebida
T-13059,2024-08-14,Cena,P-20,1,Paella de Marisco,Principal
T-15151,2025-08-29,Comida,P-20,4,Paella de Marisco,Principal
T-11764,2025-06-07,Cena,P-01,1,Hamburguesa Smart,Principal
T-17941,2025-06-13,Cena,P-07,3,Pizza Margarita,Principal
T-12964,2025-12-31,Cena,P-18,3,Ensaladilla Rusa,Entrante
T-11605,2025-03-08,Comida,P-05,2,Refresco Cola,Bebida
T-12018,2025-07-23,Cena,P-07,1,Pizza Margarita,Principal
T-17531,2024-12-15,Cena,P-08,1,Croquetas de Jamon,Entrante
T-13038,2025-12-08,Cena,P-20,1,Paella de Marisco,Principal
T-15488,2025-12-16,Comida,P-21,2,Cafe Solo,Bebida
T-11617,2025-01-20,Cena,P-16,4,Agua Mineral,Bebida
T-15072,2024-12-11,Cena,P-24,4,Nuggets de Pollo,Principal
T-13067,2024-06-28,Comida,P-15,2,Cerveza Artesana,Bebida
T-16341,2025-04-22,Comida,P-09,3,Gazpacho Andaluz,Entrante
T-11623,2025-12-27,Cena,P-20,1,Paella de Marisco,Principal
T-11474,2024-11-02,Comida,P-19,4,Entrecot Ternera,Principal
T-12964,2024-02-23,Cena,P-03,3,Pasta Carbonara IA,Principal
T-17959,2025-06-19,Cena,P-20,1,Paella de Marisco,Principal
T-11388,2025-07-20,Cena,P-25,2,Canelones de Carne,Principal
T-12743,2024-03-31,Cena,P-18,2,Ensaladilla Rusa,Entrante
T-16830,2024-05-17,Cena,P-23,4,Tiramisu de la Casa,Postre
T-10482,2024-11-03,Cena,P-20,3,Paella de Marisco,Principal
T-15902,2024-10-05,Comida,P-02,2,Ensalada Cesar,Entrante
T-16636,2025-06-14,Comida,P-13,2,Bacalao al Horno,Principal
T-14929,2025-06-02,Cena,P-20,1,Paella de Marisco,Principal
T-16547,2024-02-13,Comida,P-22,1,Te Verde,Bebida
T-11314,2024-02-27,Cena,P-22,2,Te Verde,Bebida
T-10497,2025-09-03,Cena,P-25,3,Canelones de Carne,Principal
T-17044,2024-05-05,Comida,P-13,4,Bacalao al Horno,Principal
T-10748,2024-02-26,Comida,P-18,2,Ensaladilla Rusa,Entrante
T-12340,2024-09-09,Cena,P-03,3,Pasta Carbonara IA,Principal
T-10502,2024-12-22,Cena,P-23,1,Tiramisu de la Casa,Postre
T-11089,2025-06-18,Cena,P-12,3,Risotto de Setas,Principal
T-16598,2025-02-05,Comida,P-18,1,Ensaladilla Rusa,Entrante
T-16409,2025-11-26,Cena,P-05,4,Refresco Cola,Bebida
T-14156,2025-12-01,Cena,P-20,2,Paella de Marisco,Principal
T-14208,2024-11-12,Comida,P-11,3,Salmon a la Plancha,Principal
T-13985,2024-02-28,Comida,P-03,3,Pasta Carbonara IA,Principal
T-14970,2024-08-07,Cena,P-04,2,Tarta de Queso Casera,Postre
T-12855,2025-07-16,Comida,P-01,2,Hamburguesa Smart,Principal
T-17403,2024-11-27,Comida,P-25,3,Canelones de Carne,Principal
T-11983,2024-10-17,Cena,P-25,2,Canelones de Carne,Principal
T-10762,2025-01-05,Cena,P-16,1,Agua Mineral,Bebida
T-12004,2024-03-24,Comida,P-10,1,Solomillo Iberico,Principal
T-11658,2025-01-17,Cena,P-21,3,Cafe Solo,Bebida
T-15628,2025-02-10,Comida,P-03,1,Pasta Carbonara IA,Principal
T-14588,2025-04-10,Cena,P-04,2,Tarta de Queso Casera,Postre
T-11286,2024-03-27,Cena,P-14,4,Tortilla de Patatas,Entrante
T-11663,2025-10-14,Cena,P-07,2,Pizza Margarita,Principal
T-11593,2025-12-06,Comida,P-13,3,Bacalao al Horno,Principal
T-15444,2024-11-11,Cena,P-20,1,Paella de Marisco,Principal
T-14404,2025-05-03,Comida,P-21,1,Cafe Solo,Bebida
T-13727,2025-04-23,Cena,P-07,3,Pizza Margarita,Principal
T-17589,2025-08-29,Cena,P-20,2,Paella de Marisco,Principal
T-16907,2024-02-10,Comida,P-15,3,Cerveza Artesana,Bebida
T-10452,2024-05-13,Cena,P-19,1,Entrecot Ternera,Principal
T-17546,2025-04-25,Cena,P-09,2,Gazpacho Andaluz,Entrante
T-11375,2024-08-08,Cena,P-21,3,Cafe Solo,Bebida
T-12317,2024-08-10,Comida,P-02,4,Ensalada Cesar,Entrante
T-10717,2025-05-22,Comida,P-23,2,Tiramisu de la Casa,Postre
T-12167,2024-10-05,Cena,P-09,2,Gazpacho Andaluz,Entrante
T-14924,2025-04-21,Comida,P-07,2,Pizza Margarita,Principal
T-14218,2025-08-10,Comida,P-03,4,Pasta Carbonara IA,Principal
T-13077,2024-05-31,Comida,P-18,3,Ensaladilla Rusa,Entrante
T-10241,2024-08-04,Cena,P-05,2,Refresco Cola,Bebida
T-15559,2025-04-19,Comida,P-13,4,Bacalao al Horno,Principal
T-12651,2024-03-09,Comida,P-19,3,Entrecot Ternera,Principal
T-10550,2025-01-17,Comida,P-16,3,Agua Mineral,Bebida
T-16677,2024-08-11,Cena,P-21,3,Cafe Solo,Bebida
T-10440,2025-06-28,Comida,P-14,1,Tortilla de Patatas,Entrante
T-11316,2024-04-22,Cena,P-02,4,Ensalada Cesar,Entrante
T-10445,2025-06-07,Cena,P-06,1,Vino Tinto Copa,Bebida
T-16498,2024-06-02,Cena,P-20,2,Paella de Marisco,Principal
T-11284,2025-09-05,Comida,P-08,1,Croquetas de Jamon,Entrante
T-11906,2025-06-24,Cena,P-11,3,Salmon a la Plancha,Principal
T-13333,2024-07-18,Comida,P-21,4,Cafe Solo,Bebida
T-13290,2025-12-31,Comida,P-10,1,Solomillo Iberico,Principal
T-11679,2024-07-18,Comida,P-08,2,Croquetas de Jamon,Entrante
T-11007,2024-10-01,Cena,P-05,2,Refresco Cola,Bebida
T-10208,2025-10-24,Comida,P-05,4,Refresco Cola,Bebida
T-11202,2025-05-19,Cena,P-23,2,Tiramisu de la Casa,Postre
T-13248,2024-02-17,Cena,P-23,4,Tiramisu de la Casa,Postre
T-12341,2024-11-25,Cena,P-17,3,Brownie con Helado,Postre
T-11040,2024-12-26,Cena,P-10,2,Solomillo Iberico,Principal
T-15160,2024-03-27,Comida,P-03,4,Pasta Carbonara IA,Principal
T-11423,2024-07-03,Cena,P-02,1,Ensalada Cesar,Entrante
T-17332,2025-03-17,Cena,P-25,3,Canelones de Carne,Principal
T-11269,2025-05-23,Cena,P-16,4,Agua Mineral,Bebida
T-10027,2025-12-28,Comida,P-15,3,Cerveza Artesana,Bebida
T-17016,2025-07-31,Cena,P-18,3,Ensaladilla Rusa,Entrante
T-15376,2025-05-20,Comida,P-16,4,Agua Mineral,Bebida
T-17953,2025-10-03,Cena,P-01,2,Hamburguesa Smart,Principal
T-16848,2024-12-02,Comida,P-24,1,Nuggets de Pollo,Principal
T-13080,2025-11-03,Comida,P-20,2,Paella de Marisco,Principal
T-13269,2025-09-09,Cena,P-25,3,Canelones de Carne,Principal
T-14539,2024-12-09,Comida,P-18,1,Ensaladilla Rusa,Entrante
T-16213,2024-04-07,Cena,P-01,1,Hamburguesa Smart,Principal
T-15073,2024-03-01,Comida,P-12,1,Risotto de Setas,Principal
T-13926,2024-07-26,Cena,P-09,2,Gazpacho Andaluz,Entrante
T-12084,2024-04-12,Comida,P-17,4,Brownie con Helado,Postre
T-16937,2024-10-31,Comida,P-21,1,Cafe Solo,Bebida
T-15241,2024-09-21,Comida,P-09,4,Gazpacho Andaluz,Entrante
T-16072,2024-09-07,Cena,P-09,4,Gazpacho Andaluz,Entrante
T-13074,2024-01-26,Cena,P-07,3,Pizza Margarita,Principal
T-17657,2024-03-08,Cena,P-08,2,Croquetas de Jamon,Entrante
T-17997,2025-01-12,Cena,P-08,1,Croquetas de Jamon,Entrante
T-17437,2025-01-20,Comida,P-24,4,Nuggets de Pollo,Principal
T-13917,2024-03-18,Cena,P-17,1,Brownie con Helado,Postre
T-10160,2024-12-01,Cena,P-22,2,Te Verde,Bebida
T-14613,2024-05-15,Comida,P-18,1,Ensaladilla Rusa,Entrante
T-10272,2024-12-16,Cena,P-12,3,Risotto de Setas,Principal
T-11084,2025-05-24,Comida,P-11,1,Salmon a la Plancha,Principal
T-14439,2024-12-28,Cena,P-15,4,Cerveza Artesana,Bebida
T-16942,2025-08-06,Cena,P-14,3,Tortilla de Patatas,Entrante
T-11113,2025-10-21,Comida,P-16,4,Agua Mineral,Bebida
T-12664,2024-08-14,Cena,P-03,2,Pasta Carbonara IA,Principal
T-15820,2025-09-24,Cena,P-20,1,Paella de Marisco,Principal
T-13238,2024-07-27,Comida,P-11,3,Salmon a la Plancha,Principal
T-17760,2025-11-20,Cena,P-04,3,Tarta de Queso Casera,Postre
T-13666,2024-03-09,Cena,P-04,1,Tarta de Queso Casera,Postre
T-10495,2024-11-04,Cena,P-19,4,Entrecot Ternera,Principal
T-17908,2024-03-07,Comida,P-01,4,Hamburguesa Smart,Principal
T-11778,2024-07-22,Cena,P-10,4,Solomillo Iberico,Principal
T-17263,2025-08-02,Comida,P-12,1,Risotto de Setas,Principal
T-11826,2025-05-13,Cena,P-22,4,Te Verde,Bebida
T-13198,2024-03-17,Comida,P-22,1,Te Verde,Bebida
T-13792,2024-12-15,Comida,P-04,1,Tarta de Queso Casera,Postre
T-13569,2025-12-26,Cena,P-06,1,Vino Tinto Copa,Bebida
T-12121,2025-06-20,Cena,P-21,4,Cafe Solo,Bebida
T-16473,2024-12-24,Comida,P-09,2,Gazpacho Andaluz,Entrante
T-16736,2025-04-02,Comida,P-11,4,Salmon a la Plancha,Principal
T-11692,2025-04-29,Cena,P-11,1,Salmon a la Plancha,Principal
T-17981,2024-10-01,Cena,P-05,1,Refresco Cola,Bebida
T-15270,2025-05-04,Cena,P-17,1,Brownie con Helado,Postre
T-15800,2025-04-17,Cena,P-02,2,Ensalada Cesar,Entrante
T-12210,2025-06-10,Cena,P-25,1,Canelones de Carne,Principal
T-15104,2025-01-07,Comida,P-10,3,Solomillo Iberico,Principal
T-10144,2025-07-11,Comida,P-04,1,Tarta de Queso Casera,Postre
T-17812,2025-03-23,Cena,P-24,4,Nuggets de Pollo,Principal
T-11099,2024-07-15,Cena,P-13,2,Bacalao al Horno,Principal
T-12784,2025-04-13,Cena,P-22,2,Te Verde,Bebida
T-12663,2024-08-11,Cena,P-15,1,Cerveza Artesana,Bebida
T-13694,2024-11-13,Cena,P-02,2,Ensalada Cesar,Entrante
T-12117,2024-01-12,Cena,P-05,3,Refresco Cola,Bebida
T-13030,2024-08-23,Cena,P-05,4,Refresco Cola,Bebida
T-16342,2024-10-11,Cena,P-03,2,Pasta Carbonara IA,Principal
T-17635,2024-08-09,Cena,P-09,4,Gazpacho Andaluz,Entrante
T-16733,2024-10-13,Cena,P-07,1,Pizza Margarita,Principal
T-17710,2025-11-21,Cena,P-08,4,Croquetas de Jamon,Entrante
T-12935,2025-04-30,Comida,P-09,1,Gazpacho Andaluz,Entrante
T-14509,2024-03-10,Cena,P-08,3,Croquetas de Jamon,Entrante
T-10294,2025-11-21,Cena,P-19,2,Entrecot Ternera,Principal
T-11296,2025-04-02,Cena,P-05,2,Refresco Cola,Bebida
T-16348,2025-11-19,Comida,P-14,2,Tortilla de Patatas,Entrante
T-15497,2025-05-03,Comida,P-09,4,Gazpacho Andaluz,Entrante
T-13302,2025-03-27,Cena,P-14,1,Tortilla de Patatas,Entrante
T-11943,2024-02-02,Cena,P-15,2,Cerveza Artesana,Bebida
T-13633,2024-08-28,Cena,P-17,3,Brownie con Helado,Postre
T-12088,2024-04-11,Comida,P-22,1,Te Verde,Bebida
T-11614,2024-10-28,Cena,P-25,2,Canelones de Carne,Principal
T-13345,2025-05-22,Comida,P-16,3,Agua Mineral,Bebida
T-13139,2024-08-11,Cena,P-05,2,Refresco Cola,Bebida
T-14964,2024-12-04,Cena,P-07,1,Pizza Margarita,Principal
T-16521,2025-11-20,Comida,P-04,3,Tarta de Queso Casera,Postre
T-13293,2024-07-22,Cena,P-08,1,Croquetas de Jamon,Entrante
T-13281,2025-06-28,Comida,P-02,2,Ensalada Cesar,Entrante
T-14987,2025-07-04,Cena,P-22,2,Te Verde,Bebida
T-15792,2025-07-28,Cena,P-13,4,Bacalao al Horno,Principal
T-17856,2024-11-07,Cena,P-16,3,Agua Mineral,Bebida
T-14111,2025-04-09,Cena,P-18,2,Ensaladilla Rusa,Entrante
T-17452,2025-02-18,Comida,P-01,2,Hamburguesa Smart,Principal
T-13005,2024-07-30,Cena,P-01,1,Hamburguesa Smart,Principal
T-15063,2025-02-04,Comida,P-22,3,Te Verde,Bebida
T-14383,2025-10-17,Cena,P-24,2,Nuggets de Pollo,Principal
T-15381,2024-02-02,Comida,P-25,1,Canelones de Carne,Principal
T-13428,2025-01-16,Cena,P-16,1,Agua Mineral,Bebida
T-17245,2025-09-23,Cena,P-01,3,Hamburguesa Smart,Principal
T-10051,2024-08-14,Comida,P-22,3,Te Verde,Bebida
T-17558,2025-03-07,Comida,P-10,3,Solomillo Iberico,Principal
T-11736,2024-08-14,Comida,P-20,2,Paella de Marisco,Principal
T-12883,2025-12-15,Comida,P-01,4,Hamburguesa Smart,Principal
T-10586,2024-12-06,Comida,P-15,1,Cerveza Artesana,Bebida
T-11218,2024-01-25,Cena,P-10,2,Solomillo Iberico,Principal
T-15053,2025-12-27,Comida,P-05,3,Refresco Cola,Bebida
T-12932,2024-01-13,Cena,P-20,2,Paella de Marisco,Principal
T-17432,2025-12-27,Cena,P-05,4,Refresco Cola,Bebida
T-16443,2024-06-11,Cena,P-04,3,Tarta de Queso Casera,Postre
T-17729,2024-03-16,Comida,P-24,4,Nuggets de Pollo,Principal
T-12571,2025-10-12,Comida,P-19,1,Entrecot Ternera,Principal
T-11353,2025-04-21,Cena,P-11,4,Salmon a la Plancha,Principal
T-14035,2024-02-15,Cena,P-24,3,Nuggets de Pollo,Principal
T-11192,2024-03-19,Comida,P-11,2,Salmon a la Plancha,Principal
T-17506,2025-02-17,Cena,P-24,1,Nuggets de Pollo,Principal
T-15680,2025-11-29,Cena,P-09,2,Gazpacho Andaluz,Entrante
T-13950,2024-04-15,Comida,P-05,4,Refresco Cola,Bebida
T-12995,2025-04-20,Cena,P-15,1,Cerveza Artesana,Bebida
T-12083,2024-12-05,Cena,P-25,4,Canelones de Carne,Principal
T-17151,2025-03-10,Comida,P-12,2,Risotto de Setas,Principal
T-12393,2024-04-09,Comida,P-04,4,Tarta de Queso Casera,Postre
T-13459,2024-10-14,Cena,P-06,3,Vino Tinto Copa,Bebida
T-13173,2025-05-05,Cena,P-06,3,Vino Tinto Copa,Bebida
T-11057,2025-02-21,Cena,P-24,4,Nuggets de Pollo,Principal
T-11136,2024-11-16,Cena,P-07,1,Pizza Margarita,Principal
T-12903,2025-11-22,Cena,P-08,1,Croquetas de Jamon,Entrante
T-14882,2025-05-03,Cena,P-17,1,Brownie con Helado,Postre
T-15979,2024-05-04,Comida,P-15,1,Cerveza Artesana,Bebida
T-17647,2024-11-14,Cena,P-14,2,Tortilla de Patatas,Entrante
T-11751,2024-01-13,Comida,P-25,1,Canelones de Carne,Principal
T-13451,2024-03-31,Cena,P-16,1,Agua Mineral,Bebida
T-15396,2024-06-18,Comida,P-10,3,Solomillo Iberico,Principal
T-16653,2024-07-03,Cena,P-18,2,Ensaladilla Rusa,Entrante
T-16497,2025-05-21,Comida,P-11,3,Salmon a la Plancha,Principal
T-10779,2025-09-05,Cena,P-02,2,Ensalada Cesar,Entrante
T-13948,2025-10-06,Comida,P-19,4,Entrecot Ternera,Principal
T-14908,2024-10-01,Cena,P-10,4,Solomillo Iberico,Principal
T-14427,2025-05-16,Cena,P-12,1,Risotto de Setas,Principal
T-11924,2024-12-20,Cena,P-09,2,Gazpacho Andaluz,Entrante
T-13836,2024-02-22,Comida,P-08,2,Croquetas de Jamon,Entrante
T-17067,2024-02-27,Comida,P-10,3,Solomillo Iberico,Principal
T-16045,2025-01-08,Comida,P-09,2,Gazpacho Andaluz,Entrante
T-17033,2025-03-27,Comida,P-08,3,Croquetas de Jamon,Entrante
T-11813,2024-02-05,Comida,P-04,2,Tarta de Queso Casera,Postre
T-15247,2025-01-12,Cena,P-18,1,Ensaladilla Rusa,Entrante
T-17799,2024-12-29,Comida,P-13,2,Bacalao al Horno,Principal
T-13820,2025-08-24,Comida,P-06,4,Vino Tinto Copa,Bebida
T-15800,2024-12-20,Comida,P-16,2,Agua Mineral,Bebida
T-11685,2024-08-06,Cena,P-25,3,Canelones de Carne,Principal
T-16979,2024-05-30,Cena,P-17,1,Brownie con Helado,Postre
T-17438,2024-12-15,Comida,P-19,3,Entrecot Ternera,Principal
T-16942,2025-08-26,Comida,P-24,4,Nuggets de Pollo,Principal
T-11173,2025-03-20,Comida,P-10,3,Solomillo Iberico,Principal
T-15797,2024-12-02,Comida,P-04,2,Tarta de Queso Casera,Postre
T-12968,2024-08-12,Cena,P-05,4,Refresco Cola,Bebida
T-10520,2025-09-25,Comida,P-12,1,Risotto de Setas,Principal
T-10347,2025-05-21,Comida,P-21,3,Cafe Solo,Bebida
T-14842,2024-10-08,Cena,P-10,2,Solomillo Iberico,Principal
T-17295,2025-09-17,Comida,P-16,1,Agua Mineral,Bebida
T-15751,2024-06-23,Cena,P-23,4,Tiramisu de la Casa,Postre
T-11778,2025-08-14,Cena,P-05,2,Refresco Cola,Bebida
T-16654,2025-04-10,Comida,P-05,1,Refresco Cola,Bebida
T-15293,2025-02-13,Cena,P-14,3,Tortilla de Patatas,Entrante
T-12435,2024-03-17,Cena,P-25,3,Canelones de Carne,Principal
T-13123,2024-07-04,Cena,P-19,1,Entrecot Ternera,Principal
T-16082,2024-11-20,Cena,P-11,4,Salmon a la Plancha,Principal
T-10393,2025-11-25,Comida,P-16,1,Agua Mineral,Bebida
T-12812,2025-09-23,Cena,P-23,1,Tiramisu de la Casa,Postre
T-13102,2024-07-14,Cena,P-23,3,Tiramisu de la Casa,Postre
T-11172,2024-03-06,Comida,P-20,2,Paella de Marisco,Principal
T-14991,2024-05-14,Comida,P-17,3,Brownie con Helado,Postre
T-17367,2024-12-31,Cena,P-12,1,Risotto de Setas,Principal
T-14358,2024-07-15,Comida,P-03,1,Pasta Carbonara IA,Principal
T-11529,2025-07-19,Cena,P-02,1,Ensalada Cesar,Entrante
T-17520,2024-12-07,Comida,P-19,3,Entrecot Ternera,Principal
T-11591,2025-06-09,Cena,P-16,1,Agua Mineral,Bebida
T-14291,2025-02-21,Cena,P-18,2,Ensaladilla Rusa,Entrante
T-14591,2025-10-19,Comida,P-13,4,Bacalao al Horno,Principal
T-16462,2024-05-07,Comida,P-15,4,Cerveza Artesana,Bebida
T-16161,2024-10-15,Comida,P-18,4,Ensaladilla Rusa,Entrante
T-17599,2024-08-15,Cena,P-16,4,Agua Mineral,Bebida
T-10620,2025-05-16,Cena,P-20,2,Paella de Marisco,Principal
T-14098,2025-03-28,Comida,P-25,2,Canelones de Carne,Principal
T-17404,2024-12-26,Comida,P-08,3,Croquetas de Jamon,Entrante
T-15173,2024-12-08,Comida,P-25,2,Canelones de Carne,Principal
T-11632,2025-04-12,Cena,P-05,1,Refresco Cola,Bebida
T-11608,2024-09-30,Cena,P-25,1,Canelones de Carne,Principal
T-15165,2024-02-09,Comida,P-07,1,Pizza Margarita,Principal
T-17182,2024-01-18,Cena,P-01,3,Hamburguesa Smart,Principal
T-11895,2024-10-20,Comida,P-13,3,Bacalao al Horno,Principal
T-11029,2024-02-26,Comida,P-03,4,Pasta Carbonara IA,Principal
T-16739,2024-12-02,Cena,P-16,4,Agua Mineral,Bebida
T-12268,2024-04-02,Cena,P-09,4,Gazpacho Andaluz,Entrante
T-17220,2024-01-21,Comida,P-18,4,Ensaladilla Rusa,Entrante
T-16550,2024-10-18,Cena,P-09,1,Gazpacho Andaluz,Entrante
T-14859,2025-11-17,Cena,P-10,2,Solomillo Iberico,Principal
T-13486,2025-10-13,Comida,P-02,4,Ensalada Cesar,Entrante
T-15401,2024-09-09,Cena,P-19,3,Entrecot Ternera,Principal
T-12125,2024-08-31,Cena,P-01,4,Hamburguesa Smart,Principal
T-15916,2025-06-23,Comida,P-01,1,Hamburguesa Smart,Principal
T-12150,2025-06-01,Cena,P-20,1,Paella de Marisco,Principal
T-15963,2024-06-27,Cena,P-13,2,Bacalao al Horno,Principal
T-17316,2024-05-28,Comida,P-12,2,Risotto de Setas,Principal
T-14655,2024-09-13,Comida,P-17,4,Brownie con Helado,Postre
T-12180,2024-02-11,Comida,P-17,4,Brownie con Helado,Postre
T-10360,2025-07-13,Comida,P-10,2,Solomillo Iberico,Principal
T-14225,2025-02-24,Cena,P-25,2,Canelones de Carne,Principal
T-15282,2024-07-17,Cena,P-15,1,Cerveza Artesana,Bebida
T-13564,2024-07-06,Cena,P-16,2,Agua Mineral,Bebida
T-17676,2025-07-29,Cena,P-15,3,Cerveza Artesana,Bebida
T-10838,2024-06-10,Comida,P-02,2,Ensalada Cesar,Entrante
T-10265,2025-11-14,Comida,P-18,4,Ensaladilla Rusa,Entrante
T-12354,2025-09-10,Comida,P-02,2,Ensalada Cesar,Entrante
T-14836,2024-02-29,Cena,P-07,3,Pizza Margarita,Principal
T-11367,2024-07-27,Cena,P-15,4,Cerveza Artesana,Bebida
T-16056,2024-12-01,Cena,P-02,2,Ensalada Cesar,Entrante
T-15319,2024-09-21,Cena,P-16,4,Agua Mineral,Bebida
T-15302,2025-10-20,Comida,P-02,2,Ensalada Cesar,Entrante
T-13497,2024-03-26,Cena,P-15,3,Cerveza Artesana,Bebida
T-10663,2025-09-25,Cena,P-18,1,Ensaladilla Rusa,Entrante
T-16459,2025-08-11,Comida,P-22,1,Te Verde,Bebida
T-17275,2024-04-27,Comida,P-01,4,Hamburguesa Smart,Principal
T-15270,2024-10-03,Cena,P-19,1,Entrecot Ternera,Principal
T-11181,2025-05-30,Comida,P-07,2,Pizza Margarita,Principal
T-16905,2024-10-30,Cena,P-11,3,Salmon a la Plancha,Principal
T-15312,2025-02-02,Cena,P-15,1,Cerveza Artesana,Bebida
T-17874,2024-04-20,Comida,P-06,4,Vino Tinto Copa,Bebida
T-14773,2025-04-24,Comida,P-13,4,Bacalao al Horno,Principal
T-14585,2025-06-05,Cena,P-16,3,Agua Mineral,Bebida
T-12468,2024-03-15,Cena,P-08,2,Croquetas de Jamon,Entrante
T-11992,2024-12-27,Comida,P-15,2,Cerveza Artesana,Bebida
T-10992,2025-01-09,Cena,P-14,2,Tortilla de Patatas,Entrante
T-17062,2024-07-03,Comida,P-03,2,Pasta Carbonara IA,Principal
T-15571,2025-12-25,Cena,P-08,3,Croquetas de Jamon,Entrante
T-13689,2025-07-15,Cena,P-01,4,Hamburguesa Smart,Principal
T-12235,2024-05-17,Comida,P-16,2,Agua Mineral,Bebida
T-10537,2024-11-20,Comida,P-01,3,Hamburguesa Smart,Principal
T-14437,2025-08-25,Cena,P-08,2,Croquetas de Jamon,Entrante
T-15294,2024-11-24,Cena,P-05,4,Refresco Cola,Bebida
T-15779,2025-07-27,Cena,P-12,4,Risotto de Setas,Principal
T-12992,2024-07-12,Cena,P-23,3,Tiramisu de la Casa,Postre
T-10475,2025-02-27,Cena,P-21,1,Cafe Solo,Bebida
T-13012,2025-07-07,Comida,P-13,2,Bacalao al Horno,Principal
T-17932,2024-09-02,Cena,P-21,3,Cafe Solo,Bebida
T-14976,2025-12-01,Cena,P-22,3,Te Verde,Bebida
T-13703,2025-02-27,Cena,P-17,1,Brownie con Helado,Postre
T-12460,2024-03-28,Cena,P-24,3,Nuggets de Pollo,Principal
T-16678,2025-02-17,Cena,P-14,1,Tortilla de Patatas,Entrante
T-17934,2025-05-03,Comida,P-09,3,Gazpacho Andaluz,Entrante
T-11658,2025-10-01,Cena,P-10,1,Solomillo Iberico,Principal
T-14006,2024-02-14,Comida,P-22,3,Te Verde,Bebida
T-17133,2024-12-08,Cena,P-11,2,Salmon a la Plancha,Principal
T-17683,2025-02-04,Comida,P-18,1,Ensaladilla Rusa,Entrante
T-14296,2025-01-30,Comida,P-23,3,Tiramisu de la Casa,Postre
T-17295,2025-02-15,Comida,P-16,3,Agua Mineral,Bebida
T-13662,2024-12-19,Comida,P-04,4,Tarta de Queso Casera,Postre
T-17632,2024-11-19,Cena,P-21,1,Cafe Solo,Bebida
T-14879,2024-10-17,Cena,P-19,2,Entrecot Ternera,Principal
T-10520,2024-03-07,Comida,P-05,4,Refresco Cola,Bebida
T-11134,2024-06-23,Cena,P-04,1,Tarta de Queso Casera,Postre
T-14088,2024-12-27,Comida,P-02,1,Ensalada Cesar,Entrante
T-17741,2024-08-29,Cena,P-16,1,Agua Mineral,Bebida
T-14242,2025-05-26,Cena,P-25,4,Canelones de Carne,Principal
T-15606,2025-07-16,Comida,P-03,2,Pasta Carbonara IA,Principal
T-10601,2025-02-22,Cena,P-05,4,Refresco Cola,Bebida
T-15759,2025-06-23,Cena,P-15,1,Cerveza Artesana,Bebida
T-15041,2024-08-01,Cena,P-18,2,Ensaladilla Rusa,Entrante
T-11861,2025-01-29,Comida,P-10,1,Solomillo Iberico,Principal
T-16426,2024-12-06,Cena,P-25,4,Canelones de Carne,Principal
T-15867,2025-06-05,Cena,P-05,3,Refresco Cola,Bebida
T-14792,2024-07-15,Cena,P-17,3,Brownie con Helado,Postre
T-10157,2024-05-23,Comida,P-20,1,Paella de Marisco,Principal
T-15294,2024-09-27,Cena,P-24,4,Nuggets de Pollo,Principal
T-13409,2024-10-25,Cena,P-16,1,Agua Mineral,Bebida
T-14385,2024-10-15,Cena,P-14,4,Tortilla de Patatas,Entrante
T-16855,2024-04-06,Cena,P-02,1,Ensalada Cesar,Entrante
T-16320,2024-04-18,Cena,P-20,3,Paella de Marisco,Principal
T-16164,2024-09-09,Cena,P-06,2,Vino Tinto Copa,Bebida
T-11602,2025-03-22,Cena,P-13,1,Bacalao al Horno,Principal
T-14677,2024-03-10,Comida,P-15,3,Cerveza Artesana,Bebida
T-15023,2025-10-06,Cena,P-08,4,Croquetas de Jamon,Entrante
T-17765,2025-12-05,Comida,P-19,4,Entrecot Ternera,Principal
T-11899,2024-05-01,Cena,P-12,4,Risotto de Setas,Principal
T-11849,2024-11-03,Comida,P-22,3,Te Verde,Bebida
T-13673,2024-02-20,Cena,P-09,4,Gazpacho Andaluz,Entrante
T-11756,2025-10-04,Comida,P-04,2,Tarta de Queso Casera,Postre
T-11237,2025-04-16,Cena,P-23,1,Tiramisu de la Casa,Postre
T-10994,2024-12-17,Comida,P-02,2,Ensalada Cesar,Entrante
T-10419,2024-12-28,Comida,P-19,4,Entrecot Ternera,Principal
T-12350,2024-10-27,Cena,P-10,4,Solomillo Iberico,Principal
T-14422,2025-05-03,Cena,P-23,4,Tiramisu de la Casa,Postre
T-11076,2024-12-26,Cena,P-17,1,Brownie con Helado,Postre
T-12425,2025-05-03,Comida,P-24,3,Nuggets de Pollo,Principal
T-15942,2025-10-23,Cena,P-25,4,Canelones de Carne,Principal
T-16619,2025-03-17,Comida,P-14,1,Tortilla de Patatas,Entrante
T-14326,2025-03-20,Comida,P-02,1,Ensalada Cesar,Entrante
T-10553,2024-07-08,Cena,P-15,3,Cerveza Artesana,Bebida
T-11649,2025-10-28,Cena,P-13,3,Bacalao al Horno,Principal
T-12300,2025-08-25,Cena,P-17,3,Brownie con Helado,Postre
T-15398,2025-01-11,Comida,P-20,3,Paella de Marisco,Principal
T-14966,2024-10-17,Comida,P-02,4,Ensalada Cesar,Entrante
T-13667,2025-04-09,Comida,P-15,4,Cerveza Artesana,Bebida
T-15912,2024-09-25,Comida,P-22,4,Te Verde,Bebida
T-17547,2025-02-16,Cena,P-24,1,Nuggets de Pollo,Principal
T-11874,2025-08-23,Comida,P-05,2,Refresco Cola,Bebida
T-14917,2024-03-06,Comida,P-02,2,Ensalada Cesar,Entrante
T-10452,2024-07-16,Comida,P-20,3,Paella de Marisco,Principal
T-15930,2025-12-17,Comida,P-15,2,Cerveza Artesana,Bebida
T-17920,2024-12-07,Cena,P-24,1,Nuggets de Pollo,Principal
T-17934,2025-03-04,Comida,P-24,4,Nuggets de Pollo,Principal
T-17057,2025-09-20,Cena,P-05,1,Refresco Cola,Bebida
T-14138,2024-10-09,Cena,P-20,3,Paella de Marisco,Principal
T-14618,2025-03-13,Comida,P-01,3,Hamburguesa Smart,Principal
T-17341,2024-06-09,Cena,P-14,3,Tortilla de Patatas,Entrante
T-10488,2025-12-18,Comida,P-20,4,Paella de Marisco,Principal
T-12619,2024-09-15,Comida,P-20,1,Paella de Marisco,Principal
T-13293,2024-06-23,Cena,P-17,3,Brownie con Helado,Postre
T-13860,2024-04-28,Cena,P-14,3,Tortilla de Patatas,Entrante
T-12918,2025-03-30,Cena,P-11,4,Salmon a la Plancha,Principal
T-15339,2025-02-10,Comida,P-20,2,Paella de Marisco,Principal
T-13782,2025-04-18,Cena,P-05,4,Refresco Cola,Bebida
T-16790,2025-09-04,Comida,P-10,2,Solomillo Iberico,Principal
T-17738,2024-07-18,Cena,P-25,3,Canelones de Carne,Principal
T-17085,2024-09-04,Comida,P-23,4,Tiramisu de la Casa,Postre
T-13480,2024-12-01,Cena,P-13,1,Bacalao al Horno,Principal
T-12862,2024-11-24,Cena,P-04,2,Tarta de Queso Casera,Postre
T-16259,2025-03-12,Cena,P-07,4,Pizza Margarita,Principal
T-10615,2024-04-23,Cena,P-24,3,Nuggets de Pollo,Principal
T-16998,2025-06-19,Cena,P-21,1,Cafe Solo,Bebida
T-15312,2025-02-16,Comida,P-24,1,Nuggets de Pollo,Principal
T-10892,2025-12-14,Comida,P-04,1,Tarta de Queso Casera,Postre
T-13429,2024-12-01,Cena,P-15,2,Cerveza Artesana,Bebida
T-13207,2024-02-16,Cena,P-15,3,Cerveza Artesana,Bebida
T-15112,2025-10-12,Cena,P-19,1,Entrecot Ternera,Principal
T-12455,2024-06-14,Comida,P-16,4,Agua Mineral,Bebida
T-16730,2024-07-08,Comida,P-17,4,Brownie con Helado,Postre
T-12784,2025-08-24,Comida,P-23,2,Tiramisu de la Casa,Postre
T-14137,2024-08-03,Cena,P-14,4,Tortilla de Patatas,Entrante
T-10839,2024-05-19,Cena,P-06,4,Vino Tinto Copa,Bebida
T-13964,2025-09-10,Cena,P-22,2,Te Verde,Bebida
T-12147,2024-06-10,Comida,P-12,4,Risotto de Setas,Principal
T-17651,2024-04-19,Cena,P-05,2,Refresco Cola,Bebida
T-16471,2024-06-09,Comida,P-10,3,Solomillo Iberico,Principal
T-17444,2024-02-04,Cena,P-13,1,Bacalao al Horno,Principal
T-11255,2024-09-20,Cena,P-16,1,Agua Mineral,Bebida
T-17900,2024-11-10,Comida,P-18,3,Ensaladilla Rusa,Entrante
T-15207,2025-08-30,Comida,P-09,1,Gazpacho Andaluz,Entrante
T-10460,2024-12-04,Comida,P-03,4,Pasta Carbonara IA,Principal
T-16110,2025-08-07,Comida,P-06,3,Vino Tinto Copa,Bebida
T-17201,2024-11-10,Comida,P-19,2,Entrecot Ternera,Principal
T-15770,2024-05-05,Cena,P-02,2,Ensalada Cesar,Entrante
T-17663,2025-06-06,Cena,P-24,1,Nuggets de Pollo,Principal
T-17973,2024-03-29,Cena,P-07,2,Pizza Margarita,Principal
T-10329,2024-11-06,Cena,P-25,2,Canelones de Carne,Principal
T-13215,2024-02-10,Comida,P-10,1,Solomillo Iberico,Principal
T-15826,2025-10-03,Cena,P-11,2,Salmon a la Plancha,Principal
T-16866,2024-02-26,Cena,P-18,1,Ensaladilla Rusa,Entrante
T-16457,2024-03-10,Comida,P-14,3,Tortilla de Patatas,Entrante
T-10645,2025-12-27,Comida,P-24,3,Nuggets de Pollo,Principal
T-14130,2025-11-11,Comida,P-10,3,Solomillo Iberico,Principal
T-11742,2025-05-30,Comida,P-19,4,Entrecot Ternera,Principal
T-17700,2025-12-11,Cena,P-18,1,Ensaladilla Rusa,Entrante
T-11419,2025-11-17,Cena,P-24,4,Nuggets de Pollo,Principal
T-17740,2025-02-16,Comida,P-02,4,Ensalada Cesar,Entrante
T-14129,2024-07-25,Comida,P-14,3,Tortilla de Patatas,Entrante
T-17909,2024-06-06,Cena,P-11,2,Salmon a la Plancha,Principal
T-15632,2024-05-30,Cena,P-01,2,Hamburguesa Smart,Principal
T-10903,2025-11-08,Comida,P-14,2,Tortilla de Patatas,Entrante
T-16143,2024-04-23,Cena,P-14,4,Tortilla de Patatas,Entrante
T-14427,2024-10-20,Comida,P-24,2,Nuggets de Pollo,Principal
T-16920,2024-01-25,Comida,P-02,3,Ensalada Cesar,Entrante
T-11815,2025-12-18,Comida,P-15,2,Cerveza Artesana,Bebida
T-12198,2025-11-02,Cena,P-07,4,Pizza Margarita,Principal
T-10363,2025-02-13,Cena,P-09,2,Gazpacho Andaluz,Entrante
T-16731,2024-02-11,Cena,P-13,2,Bacalao al Horno,Principal
T-12349,2024-04-14,Cena,P-23,4,Tiramisu de la Casa,Postre
T-14679,2024-01-07,Cena,P-24,4,Nuggets de Pollo,Principal
T-11475,2024-03-23,Comida,P-20,1,Paella de Marisco,Principal
T-10604,2024-11-05,Cena,P-19,2,Entrecot Ternera,Principal
T-15701,2024-05-19,Cena,P-04,4,Tarta de Queso Casera,Postre
T-17838,2025-12-17,Cena,P-19,4,Entrecot Ternera,Principal
T-15973,2024-12-17,Comida,P-05,2,Refresco Cola,Bebida
T-12798,2025-11-15,Cena,P-07,2,Pizza Margarita,Principal
T-15193,2025-12-10,Cena,P-15,2,Cerveza Artesana,Bebida
T-16282,2024-05-18,Cena,P-05,2,Refresco Cola,Bebida
T-13231,2024-01-04,Cena,P-22,2,Te Verde,Bebida
T-14960,2024-12-22,Comida,P-07,1,Pizza Margarita,Principal
T-13253,2025-10-04,Comida,P-09,4,Gazpacho Andaluz,Entrante
T-10060,2024-01-07,Cena,P-24,3,Nuggets de Pollo,Principal
T-17410,2024-08-13,Comida,P-11,1,Salmon a la Plancha,Principal
T-11491,2025-01-24,Comida,P-08,1,Croquetas de Jamon,Entrante
T-11682,2025-09-06,Cena,P-05,3,Refresco Cola,Bebida
T-12503,2025-11-03,Cena,P-06,2,Vino Tinto Copa,Bebida
T-12240,2025-07-29,Cena,P-19,1,Entrecot Ternera,Principal
T-14213,2024-11-02,Cena,P-11,2,Salmon a la Plancha,Principal
T-15282,2024-10-18,Cena,P-22,2,Te Verde,Bebida
T-16243,2025-02-26,Cena,P-25,2,Canelones de Carne,Principal
T-16869,2025-05-08,Cena,P-04,2,Tarta de Queso Casera,Postre
T-14305,2025-03-17,Comida,P-16,1,Agua Mineral,Bebida
T-14325,2025-02-09,Comida,P-16,1,Agua Mineral,Bebida
T-14393,2025-08-04,Comida,P-13,1,Bacalao al Horno,Principal
T-10789,2024-09-29,Comida,P-21,4,Cafe Solo,Bebida
T-15756,2025-11-27,Comida,P-11,2,Salmon a la Plancha,Principal
T-13644,2025-07-06,Comida,P-23,4,Tiramisu de la Casa,Postre
T-11957,2024-12-04,Cena,P-05,1,Refresco Cola,Bebida
T-10746,2025-11-18,Cena,P-18,2,Ensaladilla Rusa,Entrante
T-17554,2024-08-22,Cena,P-02,2,Ensalada Cesar,Entrante
T-11686,2024-08-11,Cena,P-15,4,Cerveza Artesana,Bebida
T-10852,2024-01-29,Cena,P-07,2,Pizza Margarita,Principal
T-10065,2025-02-28,Comida,P-10,2,Solomillo Iberico,Principal
T-14877,2025-02-13,Cena,P-02,3,Ensalada Cesar,Entrante
T-13721,2024-11-20,Comida,P-11,1,Salmon a la Plancha,Principal
T-11875,2025-04-25,Cena,P-24,2,Nuggets de Pollo,Principal
T-10974,2025-07-28,Cena,P-15,3,Cerveza Artesana,Bebida
T-14240,2024-02-28,Comida,P-02,3,Ensalada Cesar,Entrante
T-15331,2024-09-22,Cena,P-06,1,Vino Tinto Copa,Bebida
T-16820,2025-08-23,Cena,P-05,1,Refresco Cola,Bebida
T-10430,2025-07-31,Comida,P-08,3,Croquetas de Jamon,Entrante
T-17383,2025-03-30,Comida,P-05,1,Refresco Cola,Bebida
T-14541,2025-05-30,Cena,P-10,4,Solomillo Iberico,Principal
T-16144,2025-07-15,Cena,P-12,2,Risotto de Setas,Principal
T-14408,2025-09-21,Cena,P-22,1,Te Verde,Bebida
T-13917,2024-03-27,Cena,P-20,3,Paella de Marisco,Principal
T-11889,2024-09-10,Cena,P-08,2,Croquetas de Jamon,Entrante
T-10078,2025-08-02,Comida,P-04,3,Tarta de Queso Casera,Postre
T-15340,2024-09-30,Cena,P-18,1,Ensaladilla Rusa,Entrante
T-10542,2024-06-06,Cena,P-06,4,Vino Tinto Copa,Bebida
T-15190,2024-01-29,Cena,P-11,2,Salmon a la Plancha,Principal
T-13128,2025-03-15,Cena,P-13,3,Bacalao al Horno,Principal
T-13081,2024-04-20,Comida,P-13,1,Bacalao al Horno,Principal
T-10379,2025-10-31,Comida,P-04,2,Tarta de Queso Casera,Postre
T-13049,2024-06-21,Cena,P-13,3,Bacalao al Horno,Principal
T-14140,2025-02-09,Comida,P-25,3,Canelones de Carne,Principal
T-14949,2025-01-11,Comida,P-19,4,Entrecot Ternera,Principal
T-11916,2024-07-04,Comida,P-01,1,Hamburguesa Smart,Principal
T-15706,2024-08-25,Comida,P-04,2,Tarta de Queso Casera,Postre
T-13204,2025-02-23,Comida,P-22,4,Te Verde,Bebida
T-10378,2025-12-13,Comida,P-20,1,Paella de Marisco,Principal
T-10620,2025-12-03,Cena,P-20,4,Paella de Marisco,Principal
T-17954,2024-03-30,Cena,P-14,1,Tortilla de Patatas,Entrante
T-10675,2024-09-23,Cena,P-01,1,Hamburguesa Smart,Principal
T-12180,2025-12-12,Comida,P-14,1,Tortilla de Patatas,Entrante
T-16212,2024-05-12,Cena,P-10,1,Solomillo Iberico,Principal
T-11946,2024-09-07,Comida,P-23,4,Tiramisu de la Casa,Postre
T-15775,2024-09-25,Cena,P-19,1,Entrecot Ternera,Principal
T-13282,2024-11-25,Cena,P-18,3,Ensaladilla Rusa,Entrante
T-11808,2025-06-26,Cena,P-12,3,Risotto de Setas,Principal
T-13187,2025-09-30,Comida,P-20,2,Paella de Marisco,Principal
T-14030,2025-09-14,Comida,P-08,2,Croquetas de Jamon,Entrante
T-17482,2025-04-28,Cena,P-12,4,Risotto de Setas,Principal
T-14734,2025-11-11,Cena,P-18,1,Ensaladilla Rusa,Entrante
T-16408,2024-03-24,Cena,P-25,1,Canelones de Carne,Principal
T-13064,2025-04-08,Comida,P-15,3,Cerveza Artesana,Bebida
T-16111,2024-06-02,Cena,P-01,3,Hamburguesa Smart,Principal
T-13163,2024-05-03,Comida,P-08,1,Croquetas de Jamon,Entrante
T-10882,2024-08-27,Cena,P-04,4,Tarta de Queso Casera,Postre
T-15607,2024-03-20,Cena,P-01,4,Hamburguesa Smart,Principal
T-17532,2025-12-09,Comida,P-22,4,Te Verde,Bebida
T-10982,2024-07-04,Cena,P-18,1,Ensaladilla Rusa,Entrante
T-14015,2025-07-21,Comida,P-22,1,Te Verde,Bebida
T-15319,2024-05-09,Cena,P-10,1,Solomillo Iberico,Principal
T-10459,2024-07-20,Comida,P-17,2,Brownie con Helado,Postre
T-16561,2025-04-20,Comida,P-19,3,Entrecot Ternera,Principal
T-14363,2024-07-01,Cena,P-16,2,Agua Mineral,Bebida
T-16042,2024-01-09,Cena,P-15,2,Cerveza Artesana,Bebida
T-14621,2025-06-03,Comida,P-01,2,Hamburguesa Smart,Principal
T-14014,2024-03-24,Comida,P-08,3,Croquetas de Jamon,Entrante
T-10118,2025-12-22,Cena,P-20,4,Paella de Marisco,Principal
T-12698,2025-01-23,Comida,P-20,2,Paella de Marisco,Principal
T-16843,2024-01-22,Comida,P-16,3,Agua Mineral,Bebida
T-15651,2024-09-03,Cena,P-12,4,Risotto de Setas,Principal
T-17226,2024-07-23,Cena,P-02,4,Ensalada Cesar,Entrante
T-15037,2025-07-29,Cena,P-20,3,Paella de Marisco,Principal
T-17733,2025-02-20,Comida,P-14,2,Tortilla de Patatas,Entrante
T-17611,2024-03-24,Comida,P-19,3,Entrecot Ternera,Principal
T-16584,2024-10-25,Cena,P-19,1,Entrecot Ternera,Principal
T-10248,2025-07-24,Cena,P-06,1,Vino Tinto Copa,Bebida
T-14812,2024-02-06,Comida,P-14,2,Tortilla de Patatas,Entrante
T-13161,2024-06-08,Cena,P-24,4,Nuggets de Pollo,Principal
T-17897,2024-10-30,Cena,P-01,2,Hamburguesa Smart,Principal
T-17515,2024-09-21,Comida,P-09,3,Gazpacho Andaluz,Entrante
T-12160,2024-07-31,Comida,P-01,3,Hamburguesa Smart,Principal
T-10395,2024-10-08,Cena,P-24,4,Nuggets de Pollo,Principal
T-11866,2024-09-13,Cena,P-15,3,Cerveza Artesana,Bebida
T-17485,2024-09-02,Comida,P-11,1,Salmon a la Plancha,Principal
T-11015,2025-02-10,Comida,P-14,1,Tortilla de Patatas,Entrante
T-16471,2024-06-05,Comida,P-02,1,Ensalada Cesar,Entrante
T-17456,2024-10-03,Cena,P-24,1,Nuggets de Pollo,Principal
T-10289,2025-04-06,Cena,P-13,4,Bacalao al Horno,Principal
T-16418,2025-05-08,Comida,P-08,2,Croquetas de Jamon,Entrante
T-10647,2024-03-30,Cena,P-25,4,Canelones de Carne,Principal
T-12581,2025-06-25,Cena,P-20,4,Paella de Marisco,Principal
T-17127,2025-04-18,Cena,P-21,1,Cafe Solo,Bebida
T-14123,2025-10-11,Cena,P-24,4,Nuggets de Pollo,Principal
T-16021,2025-03-18,Cena,P-07,3,Pizza Margarita,Principal
T-11175,2024-06-10,Comida,P-25,2,Canelones de Carne,Principal
T-17266,2025-10-02,Cena,P-18,2,Ensaladilla Rusa,Entrante
T-14585,2025-06-04,Comida,P-19,3,Entrecot Ternera,Principal
T-16321,2025-04-27,Comida,P-09,4,Gazpacho Andaluz,Entrante
T-12434,2024-09-12,Comida,P-25,1,Canelones de Carne,Principal
T-10040,2025-01-26,Cena,P-07,2,Pizza Margarita,Principal
T-14816,2024-05-11,Cena,P-23,3,Tiramisu de la Casa,Postre
T-15256,2024-05-29,Comida,P-15,2,Cerveza Artesana,Bebida
T-12520,2025-08-18,Cena,P-01,2,Hamburguesa Smart,Principal
T-13294,2024-08-25,Comida,P-02,4,Ensalada Cesar,Entrante
T-15705,2025-04-18,Cena,P-06,1,Vino Tinto Copa,Bebida
T-10015,2024-04-19,Comida,P-21,3,Cafe Solo,Bebida
T-10642,2025-10-23,Cena,P-21,2,Cafe Solo,Bebida
T-13824,2025-06-10,Comida,P-11,2,Salmon a la Plancha,Principal
T-11808,2025-06-09,Cena,P-25,3,Canelones de Carne,Principal
T-11947,2025-05-31,Comida,P-01,4,Hamburguesa Smart,Principal
T-13523,2025-10-05,Cena,P-23,4,Tiramisu de la Casa,Postre
T-10333,2024-06-03,Cena,P-10,2,Solomillo Iberico,Principal
T-10140,2025-12-21,Cena,P-07,2,Pizza Margarita,Principal
T-16993,2024-11-12,Comida,P-10,1,Solomillo Iberico,Principal
T-15240,2024-02-17,Comida,P-13,4,Bacalao al Horno,Principal
T-16271,2025-12-28,Comida,P-01,4,Hamburguesa Smart,Principal
T-10429,2025-10-09,Cena,P-02,4,Ensalada Cesar,Entrante
T-15506,2024-05-08,Cena,P-12,4,Risotto de Setas,Principal
T-17460,2024-07-10,Cena,P-24,1,Nuggets de Pollo,Principal
T-17331,2024-08-25,Cena,P-23,4,Tiramisu de la Casa,Postre
T-16578,2025-06-17,Comida,P-21,2,Cafe Solo,Bebida
T-13079,2024-05-22,Comida,P-09,4,Gazpacho Andaluz,Entrante
T-13654,2025-08-16,Cena,P-18,3,Ensaladilla Rusa,Entrante
T-11068,2024-02-06,Cena,P-21,1,Cafe Solo,Bebida
T-16137,2024-08-03,Comida,P-02,1,Ensalada Cesar,Entrante
T-12852,2024-06-14,Comida,P-14,4,Tortilla de Patatas,Entrante
T-16710,2025-01-01,Comida,P-18,1,Ensaladilla Rusa,Entrante
T-10454,2024-08-15,Comida,P-22,2,Te Verde,Bebida
T-16577,2024-06-26,Cena,P-16,4,Agua Mineral,Bebida
T-10838,2024-09-26,Comida,P-22,1,Te Verde,Bebida
T-16407,2025-06-08,Comida,P-18,1,Ensaladilla Rusa,Entrante
T-14675,2024-07-30,Comida,P-21,1,Cafe Solo,Bebida
T-15814,2024-03-09,Comida,P-03,2,Pasta Carbonara IA,Principal
T-14812,2024-03-04,Comida,P-06,4,Vino Tinto Copa,Bebida
T-10726,2025-09-27,Cena,P-22,4,Te Verde,Bebida
T-17471,2025-09-08,Cena,P-17,1,Brownie con Helado,Postre
T-12236,2024-01-11,Comida,P-22,3,Te Verde,Bebida
T-16736,2025-08-21,Comida,P-17,4,Brownie con Helado,Postre
T-13353,2024-07-09,Comida,P-09,3,Gazpacho Andaluz,Entrante
T-15101,2025-11-09,Cena,P-03,1,Pasta Carbonara IA,Principal
T-13733,2025-12-18,Cena,P-21,3,Cafe Solo,Bebida
T-13976,2025-07-18,Cena,P-07,3,Pizza Margarita,Principal
T-10723,2025-09-22,Comida,P-18,4,Ensaladilla Rusa,Entrante
T-11008,2024-02-27,Comida,P-08,4,Croquetas de Jamon,Entrante
T-16152,2024-11-18,Cena,P-17,2,Brownie con Helado,Postre
T-12049,2024-06-14,Cena,P-11,2,Salmon a la Plancha,Principal
T-15930,2025-11-22,Comida,P-02,1,Ensalada Cesar,Entrante
T-15398,2024-11-17,Comida,P-24,2,Nuggets de Pollo,Principal
T-10391,2024-02-09,Comida,P-06,1,Vino Tinto Copa,Bebida
T-17712,2025-04-07,Cena,P-21,4,Cafe Solo,Bebida
T-16160,2025-08-10,Comida,P-24,2,Nuggets de Pollo,Principal
T-17805,2025-10-11,Comida,P-19,2,Entrecot Ternera,Principal
T-17733,2025-12-12,Cena,P-07,2,Pizza Margarita,Principal
T-12017,2024-05-14,Cena,P-08,4,Croquetas de Jamon,Entrante
T-12896,2024-04-27,Cena,P-03,3,Pasta Carbonara IA,Principal
T-10647,2025-01-01,Cena,P-06,4,Vino Tinto Copa,Bebida
T-14982,2025-10-12,Comida,P-06,2,Vino Tinto Copa,Bebida
T-15268,2025-03-19,Comida,P-23,1,Tiramisu de la Casa,Postre
T-11960,2025-06-23,Cena,P-21,2,Cafe Solo,Bebida
T-10789,2024-01-17,Comida,P-01,2,Hamburguesa Smart,Principal
T-14555,2024-09-04,Cena,P-23,2,Tiramisu de la Casa,Postre
T-16543,2025-07-31,Cena,P-18,4,Ensaladilla Rusa,Entrante
T-13687,2025-07-24,Comida,P-21,3,Cafe Solo,Bebida
T-16746,2024-12-01,Comida,P-24,4,Nuggets de Pollo,Principal
T-10949,2024-04-21,Comida,P-24,3,Nuggets de Pollo,Principal
T-12728,2025-04-11,Cena,P-22,2,Te Verde,Bebida
T-10956,2024-09-26,Cena,P-23,4,Tiramisu de la Casa,Postre
T-15092,2025-09-17,Cena,P-06,3,Vino Tinto Copa,Bebida
T-14251,2025-10-18,Comida,P-06,2,Vino Tinto Copa,Bebida
T-14737,2024-05-10,Cena,P-02,2,Ensalada Cesar,Entrante
T-17757,2025-07-20,Comida,P-25,4,Canelones de Carne,Principal
T-17117,2024-12-16,Cena,P-25,2,Canelones de Carne,Principal
T-14133,2024-04-17,Cena,P-05,1,Refresco Cola,Bebida
T-11507,2025-01-14,Comida,P-24,4,Nuggets de Pollo,Principal
T-12530,2025-05-10,Cena,P-08,3,Croquetas de Jamon,Entrante
T-10055,2024-09-20,Cena,P-06,4,Vino Tinto Copa,Bebida
T-14685,2024-02-16,Cena,P-21,3,Cafe Solo,Bebida
T-14450,2024-12-14,Cena,P-04,2,Tarta de Queso Casera,Postre
T-12317,2025-02-18,Comida,P-17,1,Brownie con Helado,Postre
T-16896,2024-03-19,Comida,P-06,4,Vino Tinto Copa,Bebida
T-14332,2025-10-08,Comida,P-17,3,Brownie con Helado,Postre
T-15024,2024-10-22,Cena,P-21,2,Cafe Solo,Bebida
T-17386,2024-09-06,Cena,P-07,3,Pizza Margarita,Principal
T-10249,2025-02-03,Cena,P-19,3,Entrecot Ternera,Principal
T-10339,2025-10-13,Cena,P-04,1,Tarta de Queso Casera,Postre
T-15653,2024-08-17,Comida,P-21,4,Cafe Solo,Bebida
T-16355,2024-03-26,Comida,P-06,2,Vino Tinto Copa,Bebida
T-12167,2024-03-19,Cena,P-15,1,Cerveza Artesana,Bebida
T-16996,2025-02-19,Cena,P-14,1,Tortilla de Patatas,Entrante
T-16703,2024-05-25,Cena,P-03,4,Pasta Carbonara IA,Principal
T-10835,2024-05-26,Cena,P-24,1,Nuggets de Pollo,Principal
T-17918,2025-12-04,Comida,P-01,3,Hamburguesa Smart,Principal
T-12940,2025-10-24,Cena,P-17,2,Brownie con Helado,Postre
T-15132,2024-06-28,Cena,P-12,3,Risotto de Setas,Principal
T-15668,2024-08-22,Comida,P-06,4,Vino Tinto Copa,Bebida
T-17606,2025-11-23,Cena,P-05,3,Refresco Cola,Bebida
T-14160,2024-11-04,Cena,P-03,3,Pasta Carbonara IA,Principal
T-12697,2025-10-17,Comida,P-18,2,Ensaladilla Rusa,Entrante
T-14224,2024-03-28,Cena,P-02,3,Ensalada Cesar,Entrante
T-12459,2024-09-24,Cena,P-04,2,Tarta de Queso Casera,Postre
T-11084,2024-05-19,Comida,P-08,2,Croquetas de Jamon,Entrante
T-16610,2025-04-22,Cena,P-02,1,Ensalada Cesar,Entrante
T-12156,2025-05-17,Cena,P-02,1,Ensalada Cesar,Entrante
T-16521,2024-05-19,Comida,P-23,3,Tiramisu de la Casa,Postre
T-16896,2024-10-19,Comida,P-17,4,Brownie con Helado,Postre
T-15847,2024-07-25,Comida,P-17,4,Brownie con Helado,Postre
T-14854,2025-01-28,Cena,P-25,4,Canelones de Carne,Principal
T-10732,2025-09-20,Cena,P-24,2,Nuggets de Pollo,Principal
T-13503,2025-01-11,Cena,P-20,1,Paella de Marisco,Principal
T-14150,2024-12-25,Cena,P-11,2,Salmon a la Plancha,Principal
T-11499,2025-11-26,Cena,P-21,1,Cafe Solo,Bebida
T-10473,2024-09-10,Comida,P-16,4,Agua Mineral,Bebida
T-10682,2024-12-15,Comida,P-08,3,Croquetas de Jamon,Entrante
T-12530,2025-02-15,Cena,P-25,1,Canelones de Carne,Principal
T-16864,2024-04-12,Cena,P-23,1,Tiramisu de la Casa,Postre
T-15267,2025-07-10,Comida,P-08,2,Croquetas de Jamon,Entrante
T-17393,2025-04-12,Comida,P-19,1,Entrecot Ternera,Principal
T-13248,2024-06-04,Cena,P-10,4,Solomillo Iberico,Principal
T-12517,2025-03-26,Comida,P-06,2,Vino Tinto Copa,Bebida
T-15569,2025-12-04,Comida,P-13,2,Bacalao al Horno,Principal
T-15540,2024-09-09,Cena,P-22,1,Te Verde,Bebida
T-15439,2025-12-27,Cena,P-15,2,Cerveza Artesana,Bebida
T-16630,2025-10-28,Comida,P-11,1,Salmon a la Plancha,Principal
T-17335,2025-03-06,Cena,P-23,3,Tiramisu de la Casa,Postre
T-10780,2024-03-06,Comida,P-21,2,Cafe Solo,Bebida
T-10237,2024-04-04,Cena,P-10,2,Solomillo Iberico,Principal
T-11471,2024-03-13,Comida,P-25,3,Canelones de Carne,Principal
T-14510,2025-01-16,Comida,P-01,4,Hamburguesa Smart,Principal
T-12483,2025-06-05,Cena,P-19,3,Entrecot Ternera,Principal
T-14247,2024-04-04,Comida,P-13,4,Bacalao al Horno,Principal
T-15864,2024-08-11,Comida,P-16,1,Agua Mineral,Bebida
T-13840,2025-11-25,Cena,P-21,2,Cafe Solo,Bebida
T-12030,2025-04-29,Cena,P-02,2,Ensalada Cesar,Entrante
T-12391,2024-05-28,Comida,P-19,3,Entrecot Ternera,Principal
T-16367,2025-10-06,Cena,P-24,2,Nuggets de Pollo,Principal
T-11186,2024-04-02,Comida,P-13,1,Bacalao al Horno,Principal
T-11158,2024-12-23,Cena,P-13,1,Bacalao al Horno,Principal
T-11485,2024-09-05,Cena,P-15,2,Cerveza Artesana,Bebida
T-10927,2025-04-25,Cena,P-21,4,Cafe Solo,Bebida
T-17910,2025-12-25,Comida,P-04,1,Tarta de Queso Casera,Postre
T-10069,2025-12-22,Cena,P-01,4,Hamburguesa Smart,Principal
T-10620,2024-11-04,Cena,P-11,2,Salmon a la Plancha,Principal
T-16892,2024-03-18,Cena,P-19,3,Entrecot Ternera,Principal
T-14516,2025-05-12,Cena,P-13,1,Bacalao al Horno,Principal
T-16239,2025-02-28,Cena,P-08,4,Croquetas de Jamon,Entrante
T-10612,2025-04-19,Comida,P-01,4,Hamburguesa Smart,Principal
T-12627,2024-02-22,Comida,P-13,1,Bacalao al Horno,Principal
T-10327,2025-06-08,Comida,P-19,1,Entrecot Ternera,Principal
T-14287,2025-06-10,Comida,P-22,3,Te Verde,Bebida
T-12673,2025-10-21,Cena,P-02,2,Ensalada Cesar,Entrante
T-15984,2024-06-24,Cena,P-03,4,Pasta Carbonara IA,Principal
T-12003,2025-09-05,Comida,P-25,1,Canelones de Carne,Principal
T-16492,2024-08-10,Cena,P-21,1,Cafe Solo,Bebida
T-14251,2024-05-17,Comida,P-04,3,Tarta de Queso Casera,Postre
T-12095,2024-09-27,Comida,P-14,4,Tortilla de Patatas,Entrante
T-14902,2024-08-31,Cena,P-18,4,Ensaladilla Rusa,Entrante
T-16980,2025-10-19,Comida,P-02,4,Ensalada Cesar,Entrante
T-15665,2024-12-25,Comida,P-23,4,Tiramisu de la Casa,Postre
T-13041,2024-10-04,Comida,P-15,3,Cerveza Artesana,Bebida
T-15746,2025-10-17,Comida,P-01,3,Hamburguesa Smart,Principal
T-10863,2025-12-30,Comida,P-25,1,Canelones de Carne,Principal
T-16088,2025-04-02,Cena,P-04,4,Tarta de Queso Casera,Postre
T-15390,2025-05-10,Comida,P-16,4,Agua Mineral,Bebida
T-17236,2024-05-08,Cena,P-15,2,Cerveza Artesana,Bebida
T-16879,2025-02-22,Cena,P-13,3,Bacalao al Horno,Principal
T-13812,2024-12-05,Cena,P-19,2,Entrecot Ternera,Principal
T-12466,2024-03-22,Cena,P-21,2,Cafe Solo,Bebida
T-12851,2024-09-28,Comida,P-06,2,Vino Tinto Copa,Bebida
T-13649,2024-11-18,Cena,P-24,2,Nuggets de Pollo,Principal
T-16300,2024-08-31,Cena,P-17,4,Brownie con Helado,Postre
T-17152,2025-12-15,Cena,P-01,3,Hamburguesa Smart,Principal
T-13547,2025-01-30,Comida,P-05,1,Refresco Cola,Bebida
T-14838,2024-07-16,Comida,P-20,1,Paella de Marisco,Principal
T-13340,2025-11-12,Comida,P-24,2,Nuggets de Pollo,Principal
T-12844,2024-04-06,Cena,P-16,4,Agua Mineral,Bebida
T-12537,2025-05-26,Cena,P-18,4,Ensaladilla Rusa,Entrante
T-17286,2025-10-10,Cena,P-25,4,Canelones de Carne,Principal
T-16385,2024-12-31,Comida,P-01,4,Hamburguesa Smart,Principal
T-13897,2025-06-26,Cena,P-22,4,Te Verde,Bebida
T-13393,2025-07-23,Cena,P-01,3,Hamburguesa Smart,Principal
T-16012,2024-04-25,Cena,P-23,3,Tiramisu de la Casa,Postre
T-17631,2025-07-21,Cena,P-22,2,Te Verde,Bebida
T-17679,2024-10-06,Comida,P-02,3,Ensalada Cesar,Entrante
T-10040,2025-03-18,Cena,P-06,1,Vino Tinto Copa,Bebida
T-14457,2025-09-25,Cena,P-10,3,Solomillo Iberico,Principal
T-14891,2025-05-10,Cena,P-19,1,Entrecot Ternera,Principal
T-14263,2024-06-14,Cena,P-23,4,Tiramisu de la Casa,Postre
T-15651,2024-08-15,Cena,P-02,2,Ensalada Cesar,Entrante
T-17629,2025-05-08,Comida,P-18,4,Ensaladilla Rusa,Entrante
T-13194,2025-05-31,Cena,P-20,4,Paella de Marisco,Principal
T-11006,2025-04-22,Cena,P-01,4,Hamburguesa Smart,Principal
T-15932,2024-03-23,Cena,P-20,4,Paella de Marisco,Principal
T-10739,2024-04-12,Cena,P-01,1,Hamburguesa Smart,Principal
T-16376,2024-12-06,Cena,P-10,4,Solomillo Iberico,Principal
T-16845,2025-12-23,Comida,P-24,1,Nuggets de Pollo,Principal
T-13828,2025-06-25,Cena,P-06,2,Vino Tinto Copa,Bebida
T-16879,2024-09-24,Cena,P-16,1,Agua Mineral,Bebida
T-10412,2025-01-04,Comida,P-03,4,Pasta Carbonara IA,Principal
T-12776,2024-01-20,Cena,P-07,2,Pizza Margarita,Principal
T-12036,2024-09-23,Cena,P-04,2,Tarta de Queso Casera,Postre
T-17306,2025-01-17,Comida,P-11,3,Salmon a la Plancha,Principal
T-12235,2024-01-06,Cena,P-06,4,Vino Tinto Copa,Bebida
T-15412,2025-05-01,Cena,P-15,3,Cerveza Artesana,Bebida
T-15065,2025-12-14,Cena,P-22,1,Te Verde,Bebida
T-17329,2025-01-27,Cena,P-08,2,Croquetas de Jamon,Entrante
T-13944,2025-05-24,Cena,P-21,4,Cafe Solo,Bebida
T-16113,2024-10-13,Comida,P-06,3,Vino Tinto Copa,Bebida
T-14218,2025-05-16,Comida,P-16,2,Agua Mineral,Bebida
T-10356,2025-02-02,Comida,P-04,3,Tarta de Queso Casera,Postre
T-15042,2025-03-24,Comida,P-10,1,Solomillo Iberico,Principal
T-15697,2025-10-01,Cena,P-17,3,Brownie con Helado,Postre
T-14494,2024-11-01,Comida,P-09,4,Gazpacho Andaluz,Entrante
T-13593,2025-11-28,Cena,P-10,2,Solomillo Iberico,Principal
T-11456,2025-11-07,Cena,P-18,1,Ensaladilla Rusa,Entrante
T-13062,2025-02-15,Comida,P-05,4,Refresco Cola,Bebida
T-16373,2024-05-13,Cena,P-04,1,Tarta de Queso Casera,Postre
T-15522,2025-09-02,Comida,P-19,1,Entrecot Ternera,Principal
T-14095,2025-06-27,Comida,P-01,4,Hamburguesa Smart,Principal
T-11698,2025-02-03,Cena,P-23,4,Tiramisu de la Casa,Postre
T-10225,2024-10-28,Cena,P-06,3,Vino Tinto Copa,Bebida
T-11441,2025-10-30,Cena,P-06,1,Vino Tinto Copa,Bebida
T-17026,2024-11-30,Cena,P-12,2,Risotto de Setas,Principal
T-14973,2024-11-02,Comida,P-05,2,Refresco Cola,Bebida
T-16614,2024-03-17,Cena,P-22,4,Te Verde,Bebida
T-16492,2024-03-28,Cena,P-14,3,Tortilla de Patatas,Entrante
T-10189,2025-06-22,Cena,P-02,3,Ensalada Cesar,Entrante
T-12682,2025-07-30,Comida,P-19,4,Entrecot Ternera,Principal
T-15877,2024-09-07,Cena,P-21,2,Cafe Solo,Bebida
T-17084,2025-03-14,Cena,P-08,3,Croquetas de Jamon,Entrante
T-12439,2024-09-10,Comida,P-18,2,Ensaladilla Rusa,Entrante
T-15069,2024-02-07,Cena,P-23,2,Tiramisu de la Casa,Postre
T-11383,2024-04-24,Cena,P-15,2,Cerveza Artesana,Bebida
T-12422,2024-05-09,Cena,P-08,4,Croquetas de Jamon,Entrante
T-15219,2025-07-05,Cena,P-22,2,Te Verde,Bebida
T-10735,2024-07-03,Comida,P-14,2,Tortilla de Patatas,Entrante
T-10323,2025-09-18,Comida,P-16,4,Agua Mineral,Bebida
T-13372,2024-09-23,Cena,P-15,1,Cerveza Artesana,Bebida
T-12539,2024-02-13,Cena,P-09,2,Gazpacho Andaluz,Entrante
T-13714,2024-04-08,Cena,P-21,4,Cafe Solo,Bebida
T-10604,2025-06-03,Cena,P-12,3,Risotto de Setas,Principal
T-17332,2024-08-24,Cena,P-01,2,Hamburguesa Smart,Principal
T-16971,2025-09-26,Cena,P-23,1,Tiramisu de la Casa,Postre
T-10492,2025-11-30,Comida,P-16,1,Agua Mineral,Bebida
T-13432,2025-01-09,Cena,P-10,1,Solomillo Iberico,Principal
T-15836,2024-08-24,Cena,P-17,4,Brownie con Helado,Postre
T-14334,2025-08-30,Cena,P-19,2,Entrecot Ternera,Principal
T-15558,2025-03-02,Comida,P-07,4,Pizza Margarita,Principal
T-17118,2025-04-27,Comida,P-19,3,Entrecot Ternera,Principal
T-14533,2025-12-26,Cena,P-24,1,Nuggets de Pollo,Principal
T-14184,2024-07-12,Comida,P-19,4,Entrecot Ternera,Principal
T-17877,2024-10-01,Cena,P-07,2,Pizza Margarita,Principal
T-11160,2025-11-18,Cena,P-09,1,Gazpacho Andaluz,Entrante
T-12965,2024-06-20,Comida,P-11,3,Salmon a la Plancha,Principal
T-17899,2025-06-17,Comida,P-04,4,Tarta de Queso Casera,Postre
T-11758,2025-05-25,Cena,P-22,2,Te Verde,Bebida
T-16091,2024-03-06,Cena,P-18,3,Ensaladilla Rusa,Entrante
T-11336,2024-05-23,Cena,P-14,2,Tortilla de Patatas,Entrante
T-12702,2024-04-29,Comida,P-14,1,Tortilla de Patatas,Entrante
T-16959,2025-10-02,Cena,P-03,1,Pasta Carbonara IA,Principal
T-11987,2024-02-14,Cena,P-14,2,Tortilla de Patatas,Entrante
T-12224,2025-08-03,Cena,P-20,1,Paella de Marisco,Principal
T-13701,2025-04-19,Comida,P-09,3,Gazpacho Andaluz,Entrante
T-10407,2024-05-23,Comida,P-08,3,Croquetas de Jamon,Entrante
T-17712,2025-01-11,Cena,P-10,2,Solomillo Iberico,Principal
T-15744,2024-03-02,Comida,P-21,2,Cafe Solo,Bebida
T-12674,2024-01-06,Comida,P-09,1,Gazpacho Andaluz,Entrante
T-15370,2025-12-12,Comida,P-14,2,Tortilla de Patatas,Entrante
T-14881,2024-10-07,Cena,P-14,2,Tortilla de Patatas,Entrante
T-15087,2024-12-22,Cena,P-19,3,Entrecot Ternera,Principal
T-14428,2025-04-23,Comida,P-16,1,Agua Mineral,Bebida
T-12630,2025-07-29,Cena,P-02,2,Ensalada Cesar,Entrante
T-13746,2025-09-28,Cena,P-23,1,Tiramisu de la Casa,Postre
T-11235,2024-03-28,Cena,P-06,2,Vino Tinto Copa,Bebida
T-13097,2025-04-15,Comida,P-25,1,Canelones de Carne,Principal
T-14173,2024-08-27,Cena,P-15,2,Cerveza Artesana,Bebida
T-11269,2024-03-17,Cena,P-01,4,Hamburguesa Smart,Principal
T-17944,2025-06-05,Comida,P-21,2,Cafe Solo,Bebida
T-17482,2025-12-14,Cena,P-11,1,Salmon a la Plancha,Principal
T-13980,2025-10-01,Cena,P-21,2,Cafe Solo,Bebida
T-13988,2025-05-08,Cena,P-03,2,Pasta Carbonara IA,Principal
T-10699,2025-07-03,Comida,P-25,2,Canelones de Carne,Principal
T-17024,2025-03-04,Comida,P-07,2,Pizza Margarita,Principal
T-12199,2025-06-21,Comida,P-24,1,Nuggets de Pollo,Principal
T-15065,2024-07-16,Cena,P-18,4,Ensaladilla Rusa,Entrante
T-13583,2025-04-15,Cena,P-06,3,Vino Tinto Copa,Bebida
T-17440,2024-10-10,Comida,P-22,1,Te Verde,Bebida
T-10059,2024-08-15,Cena,P-13,2,Bacalao al Horno,Principal
T-11873,2024-03-18,Cena,P-24,3,Nuggets de Pollo,Principal
T-15547,2025-10-06,Comida,P-11,1,Salmon a la Plancha,Principal
T-17080,2025-08-01,Cena,P-25,1,Canelones de Carne,Principal
T-10197,2025-01-17,Cena,P-22,1,Te Verde,Bebida
T-14441,2025-07-13,Comida,P-15,3,Cerveza Artesana,Bebida
T-13090,2025-12-02,Comida,P-07,4,Pizza Margarita,Principal
T-14621,2025-01-04,Comida,P-15,1,Cerveza Artesana,Bebida
T-16228,2024-05-29,Cena,P-16,3,Agua Mineral,Bebida
T-17348,2024-05-29,Comida,P-07,3,Pizza Margarita,Principal
T-16309,2024-05-18,Cena,P-05,4,Refresco Cola,Bebida
T-11156,2025-10-19,Cena,P-05,2,Refresco Cola,Bebida
T-14382,2024-12-25,Cena,P-01,3,Hamburguesa Smart,Principal
T-15030,2025-12-11,Cena,P-02,2,Ensalada Cesar,Entrante
T-16964,2025-08-15,Cena,P-06,1,Vino Tinto Copa,Bebida
T-12746,2024-07-20,Cena,P-25,2,Canelones de Carne,Principal
T-15140,2025-12-30,Cena,P-20,4,Paella de Marisco,Principal
T-10736,2024-03-01,Comida,P-14,2,Tortilla de Patatas,Entrante
T-14596,2025-05-08,Comida,P-13,4,Bacalao al Horno,Principal
T-11178,2025-02-25,Cena,P-10,2,Solomillo Iberico,Principal
T-12337,2024-08-23,Cena,P-21,4,Cafe Solo,Bebida
T-17158,2025-10-08,Cena,P-02,4,Ensalada Cesar,Entrante
T-14888,2025-03-27,Cena,P-14,2,Tortilla de Patatas,Entrante
T-11647,2025-09-26,Cena,P-22,1,Te Verde,Bebida
T-13200,2025-01-16,Comida,P-25,4,Canelones de Carne,Principal
T-16213,2025-02-25,Cena,P-17,2,Brownie con Helado,Postre
T-17283,2025-10-28,Cena,P-25,1,Canelones de Carne,Principal
T-11629,2024-12-31,Cena,P-17,3,Brownie con Helado,Postre
T-16830,2024-06-30,Comida,P-02,3,Ensalada Cesar,Entrante
T-13863,2024-01-04,Cena,P-10,2,Solomillo Iberico,Principal
T-15270,2024-08-23,Cena,P-10,4,Solomillo Iberico,Principal
T-10665,2025-01-27,Cena,P-20,1,Paella de Marisco,Principal
T-14957,2025-08-06,Cena,P-06,1,Vino Tinto Copa,Bebida
T-12264,2024-12-06,Cena,P-05,4,Refresco Cola,Bebida
T-12758,2025-03-04,Comida,P-14,3,Tortilla de Patatas,Entrante
T-16099,2025-05-23,Comida,P-21,4,Cafe Solo,Bebida
T-15598,2024-02-06,Cena,P-13,2,Bacalao al Horno,Principal
T-11967,2025-02-22,Cena,P-18,4,Ensaladilla Rusa,Entrante
T-10316,2025-11-06,Comida,P-25,2,Canelones de Carne,Principal
T-15868,2025-02-24,Cena,P-20,4,Paella de Marisco,Principal
T-13209,2024-05-10,Comida,P-01,1,Hamburguesa Smart,Principal
T-10743,2024-05-23,Cena,P-07,3,Pizza Margarita,Principal
T-13161,2024-12-11,Cena,P-01,1,Hamburguesa Smart,Principal
T-11694,2025-04-24,Cena,P-02,1,Ensalada Cesar,Entrante
T-13179,2025-05-01,Cena,P-02,1,Ensalada Cesar,Entrante
T-13706,2024-01-22,Comida,P-19,1,Entrecot Ternera,Principal
T-17072,2024-02-16,Cena,P-02,3,Ensalada Cesar,Entrante
T-13141,2025-11-03,Cena,P-07,1,Pizza Margarita,Principal
T-11273,2025-07-23,Cena,P-23,3,Tiramisu de la Casa,Postre
T-10368,2024-01-03,Cena,P-22,1,Te Verde,Bebida
T-12584,2025-06-30,Cena,P-05,3,Refresco Cola,Bebida
T-17771,2024-01-13,Comida,P-23,3,Tiramisu de la Casa,Postre
T-17096,2024-04-13,Comida,P-20,1,Paella de Marisco,Principal
T-12744,2025-04-08,Comida,P-06,2,Vino Tinto Copa,Bebida
T-10605,2025-11-22,Comida,P-02,1,Ensalada Cesar,Entrante
T-11942,2025-12-19,Comida,P-01,2,Hamburguesa Smart,Principal
T-16041,2025-03-16,Comida,P-09,1,Gazpacho Andaluz,Entrante
T-11692,2024-10-11,Comida,P-06,3,Vino Tinto Copa,Bebida
T-16416,2024-10-26,Comida,P-09,1,Gazpacho Andaluz,Entrante
T-13903,2024-07-18,Cena,P-07,3,Pizza Margarita,Principal
T-12234,2024-08-06,Cena,P-13,4,Bacalao al Horno,Principal
T-15300,2025-12-20,Cena,P-03,4,Pasta Carbonara IA,Principal
T-17714,2024-02-05,Comida,P-15,2,Cerveza Artesana,Bebida
T-12750,2025-07-03,Cena,P-03,3,Pasta Carbonara IA,Principal
T-16751,2025-05-29,Cena,P-03,1,Pasta Carbonara IA,Principal
T-13161,2025-03-01,Cena,P-22,1,Te Verde,Bebida
T-10141,2024-04-19,Cena,P-09,3,Gazpacho Andaluz,Entrante
T-14335,2025-01-26,Cena,P-03,3,Pasta Carbonara IA,Principal
T-10008,2024-01-19,Comida,P-16,4,Agua Mineral,Bebida
T-10451,2024-02-20,Cena,P-25,4,Canelones de Carne,Principal
T-16559,2025-06-29,Cena,P-08,2,Croquetas de Jamon,Entrante
T-14493,2024-05-16,Cena,P-15,4,Cerveza Artesana,Bebida
T-10162,2024-05-30,Cena,P-20,1,Paella de Marisco,Principal
T-17367,2024-05-14,Cena,P-07,2,Pizza Margarita,Principal
T-14259,2025-12-14,Cena,P-01,4,Hamburguesa Smart,Principal
T-16036,2024-11-04,Comida,P-13,4,Bacalao al Horno,Principal
T-14341,2025-05-06,Cena,P-16,3,Agua Mineral,Bebida
T-17254,2025-07-29,Comida,P-13,4,Bacalao al Horno,Principal
T-17765,2025-05-26,Cena,P-20,2,Paella de Marisco,Principal
T-16741,2024-11-24,Cena,P-18,1,Ensaladilla Rusa,Entrante
T-10150,2025-08-09,Cena,P-06,1,Vino Tinto Copa,Bebida
T-12917,2025-04-06,Cena,P-08,4,Croquetas de Jamon,Entrante
T-11841,2024-07-12,Cena,P-17,3,Brownie con Helado,Postre
T-12580,2025-07-15,Cena,P-14,4,Tortilla de Patatas,Entrante
T-10007,2024-11-29,Comida,P-15,4,Cerveza Artesana,Bebida
T-12180,2025-04-14,Comida,P-14,1,Tortilla de Patatas,Entrante
T-10014,2024-07-04,Cena,P-22,3,Te Verde,Bebida
T-15849,2025-10-11,Comida,P-03,4,Pasta Carbonara IA,Principal
T-12155,2024-11-21,Cena,P-20,2,Paella de Marisco,Principal
T-15742,2024-12-10,Cena,P-13,4,Bacalao al Horno,Principal
T-11727,2024-11-12,Cena,P-05,2,Refresco Cola,Bebida
T-10147,2024-11-20,Comida,P-09,2,Gazpacho Andaluz,Entrante
T-16570,2024-03-14,Cena,P-04,1,Tarta de Queso Casera,Postre
T-11147,2025-05-15,Comida,P-11,3,Salmon a la Plancha,Principal
T-17815,2025-04-30,Comida,P-08,2,Croquetas de Jamon,Entrante
T-15170,2025-09-28,Cena,P-18,4,Ensaladilla Rusa,Entrante
T-15494,2024-12-10,Comida,P-16,3,Agua Mineral,Bebida
T-12025,2024-11-11,Cena,P-03,3,Pasta Carbonara IA,Principal
T-10704,2024-04-27,Cena,P-25,4,Canelones de Carne,Principal
T-10746,2024-06-11,Cena,P-11,2,Salmon a la Plancha,Principal
T-11233,2025-10-26,Comida,P-19,1,Entrecot Ternera,Principal
T-16586,2024-01-23,Comida,P-01,4,Hamburguesa Smart,Principal
T-10965,2025-01-23,Cena,P-02,4,Ensalada Cesar,Entrante
T-12337,2024-06-29,Cena,P-05,4,Refresco Cola,Bebida
T-13776,2025-03-21,Cena,P-17,2,Brownie con Helado,Postre
T-17963,2025-11-14,Comida,P-11,2,Salmon a la Plancha,Principal
T-17265,2025-01-22,Cena,P-18,3,Ensaladilla Rusa,Entrante
T-13530,2025-08-18,Cena,P-18,1,Ensaladilla Rusa,Entrante
T-17453,2025-07-05,Cena,P-07,3,Pizza Margarita,Principal
T-17946,2025-03-24,Cena,P-11,4,Salmon a la Plancha,Principal
T-14098,2024-11-02,Comida,P-12,2,Risotto de Setas,Principal
T-10242,2025-05-24,Cena,P-02,3,Ensalada Cesar,Entrante
T-17307,2024-03-25,Cena,P-12,3,Risotto de Setas,Principal
T-16516,2024-04-13,Cena,P-22,1,Te Verde,Bebida
T-10951,2025-02-07,Cena,P-18,2,Ensaladilla Rusa,Entrante
T-17386,2025-04-20,Cena,P-11,4,Salmon a la Plancha,Principal
T-14693,2025-12-20,Cena,P-24,1,Nuggets de Pollo,Principal
T-13416,2024-11-26,Cena,P-25,4,Canelones de Carne,Principal
T-14626,2025-05-08,Cena,P-01,2,Hamburguesa Smart,Principal
T-16873,2025-07-29,Cena,P-11,4,Salmon a la Plancha,Principal
T-14491,2024-03-28,Cena,P-08,3,Croquetas de Jamon,Entrante
T-13108,2025-11-14,Comida,P-24,1,Nuggets de Pollo,Principal
T-12934,2025-11-14,Cena,P-09,3,Gazpacho Andaluz,Entrante
T-11329,2024-06-28,Cena,P-05,1,Refresco Cola,Bebida
T-15099,2025-11-18,Cena,P-05,2,Refresco Cola,Bebida
T-13803,2024-05-22,Cena,P-23,3,Tiramisu de la Casa,Postre
T-15147,2024-04-25,Comida,P-20,1,Paella de Marisco,Principal
T-15810,2025-03-28,Cena,P-14,3,Tortilla de Patatas,Entrante
T-10406,2024-09-04,Comida,P-08,1,Croquetas de Jamon,Entrante
T-17285,2025-05-03,Comida,P-19,3,Entrecot Ternera,Principal
T-14720,2025-06-17,Cena,P-12,1,Risotto de Setas,Principal
T-14765,2025-04-08,Cena,P-22,1,Te Verde,Bebida
T-16595,2025-09-01,Comida,P-08,3,Croquetas de Jamon,Entrante
T-16122,2025-04-04,Comida,P-10,2,Solomillo Iberico,Principal
T-17869,2025-01-06,Comida,P-21,1,Cafe Solo,Bebida
T-14404,2025-12-28,Comida,P-25,4,Canelones de Carne,Principal
T-14841,2025-06-07,Cena,P-22,2,Te Verde,Bebida
T-12583,2024-10-26,Comida,P-17,1,Brownie con Helado,Postre
T-16605,2024-01-20,Comida,P-07,4,Pizza Margarita,Principal
T-14695,2025-06-26,Comida,P-12,2,Risotto de Setas,Principal
T-16498,2024-08-09,Cena,P-07,3,Pizza Margarita,Principal
T-16805,2024-08-13,Cena,P-25,1,Canelones de Carne,Principal
T-14250,2025-02-23,Comida,P-20,3,Paella de Marisco,Principal
T-11517,2025-12-20,Cena,P-06,4,Vino Tinto Copa,Bebida
T-11805,2024-02-25,Cena,P-09,3,Gazpacho Andaluz,Entrante
T-12708,2024-07-20,Cena,P-08,1,Croquetas de Jamon,Entrante
T-16530,2024-04-16,Cena,P-05,3,Refresco Cola,Bebida
T-17079,2024-07-24,Comida,P-14,2,Tortilla de Patatas,Entrante
T-10144,2024-02-24,Cena,P-06,1,Vino Tinto Copa,Bebida
T-15028,2025-09-11,Cena,P-01,4,Hamburguesa Smart,Principal
T-16602,2024-06-01,Cena,P-17,3,Brownie con Helado,Postre
T-15852,2024-01-07,Comida,P-10,3,Solomillo Iberico,Principal
T-14597,2025-03-15,Cena,P-14,2,Tortilla de Patatas,Entrante
T-14612,2025-01-31,Cena,P-10,2,Solomillo Iberico,Principal
T-16831,2024-07-28,Cena,P-04,3,Tarta de Queso Casera,Postre
T-15653,2025-03-16,Cena,P-10,4,Solomillo Iberico,Principal
T-13252,2024-08-03,Cena,P-07,4,Pizza Margarita,Principal
T-12031,2025-08-19,Comida,P-18,2,Ensaladilla Rusa,Entrante
T-12631,2025-11-14,Comida,P-22,4,Te Verde,Bebida
T-13223,2024-03-29,Cena,P-14,3,Tortilla de Patatas,Entrante
T-13113,2024-05-19,Comida,P-06,1,Vino Tinto Copa,Bebida
T-11897,2024-05-04,Cena,P-14,4,Tortilla de Patatas,Entrante
T-17975,2025-08-12,Comida,P-11,4,Salmon a la Plancha,Principal
T-17275,2025-03-15,Comida,P-22,1,Te Verde,Bebida
T-11396,2025-04-04,Cena,P-11,4,Salmon a la Plancha,Principal
T-15879,2024-02-18,Cena,P-01,4,Hamburguesa Smart,Principal
T-15301,2025-10-15,Comida,P-12,4,Risotto de Setas,Principal
T-10973,2025-11-14,Comida,P-10,2,Solomillo Iberico,Principal
T-13621,2025-03-08,Comida,P-21,4,Cafe Solo,Bebida
T-11892,2025-11-10,Cena,P-18,1,Ensaladilla Rusa,Entrante
T-16325,2025-04-27,Cena,P-15,2,Cerveza Artesana,Bebida
T-17841,2025-07-07,Cena,P-16,1,Agua Mineral,Bebida
T-17161,2024-07-30,Cena,P-25,4,Canelones de Carne,Principal
T-11265,2025-12-25,Cena,P-19,3,Entrecot Ternera,Principal
T-17215,2024-10-24,Comida,P-24,3,Nuggets de Pollo,Principal
T-12382,2024-12-09,Comida,P-01,1,Hamburguesa Smart,Principal
T-17483,2024-07-10,Cena,P-09,1,Gazpacho Andaluz,Entrante
T-10826,2024-10-23,Comida,P-20,2,Paella de Marisco,Principal
T-14098,2025-09-19,Comida,P-24,2,Nuggets de Pollo,Principal
T-17141,2024-11-21,Comida,P-05,1,Refresco Cola,Bebida
T-17774,2024-07-10,Cena,P-11,2,Salmon a la Plancha,Principal
T-15085,2025-04-27,Cena,P-22,1,Te Verde,Bebida
T-12835,2025-04-04,Cena,P-23,3,Tiramisu de la Casa,Postre
T-11266,2025-06-11,Cena,P-07,4,Pizza Margarita,Principal
T-16493,2025-11-11,Comida,P-12,3,Risotto de Setas,Principal
T-11884,2024-10-19,Comida,P-03,1,Pasta Carbonara IA,Principal
T-14450,2024-08-04,Cena,P-23,1,Tiramisu de la Casa,Postre
T-12484,2025-07-03,Cena,P-13,3,Bacalao al Horno,Principal
T-16155,2025-01-31,Comida,P-09,1,Gazpacho Andaluz,Entrante
T-14372,2025-10-04,Cena,P-25,2,Canelones de Carne,Principal
T-17024,2024-12-30,Comida,P-02,3,Ensalada Cesar,Entrante
T-12744,2025-05-21,Comida,P-07,3,Pizza Margarita,Principal
T-15638,2024-09-28,Comida,P-20,4,Paella de Marisco,Principal
T-12122,2025-05-09,Cena,P-02,3,Ensalada Cesar,Entrante
T-16751,2024-02-16,Cena,P-21,4,Cafe Solo,Bebida
T-10469,2024-08-06,Cena,P-18,2,Ensaladilla Rusa,Entrante
T-17800,2024-06-07,Cena,P-01,3,Hamburguesa Smart,Principal
T-13510,2024-05-15,Comida,P-25,4,Canelones de Carne,Principal
T-13703,2025-11-12,Cena,P-17,2,Brownie con Helado,Postre
T-13854,2025-09-09,Cena,P-14,3,Tortilla de Patatas,Entrante
T-15075,2024-12-16,Cena,P-24,1,Nuggets de Pollo,Principal
T-15394,2025-08-18,Cena,P-14,3,Tortilla de Patatas,Entrante
T-10881,2025-04-10,Cena,P-12,4,Risotto de Setas,Principal
T-17408,2024-02-24,Cena,P-11,4,Salmon a la Plancha,Principal
T-16453,2024-09-14,Cena,P-16,1,Agua Mineral,Bebida
T-15151,2025-07-20,Comida,P-15,3,Cerveza Artesana,Bebida
T-15988,2025-02-21,Comida,P-16,3,Agua Mineral,Bebida
T-11552,2025-05-07,Cena,P-09,3,Gazpacho Andaluz,Entrante
T-12993,2024-11-03,Cena,P-04,3,Tarta de Queso Casera,Postre
T-17420,2024-08-26,Comida,P-17,1,Brownie con Helado,Postre
T-15120,2024-06-03,Comida,P-23,1,Tiramisu de la Casa,Postre
T-13725,2024-11-14,Cena,P-04,4,Tarta de Queso Casera,Postre
T-12651,2025-12-13,Cena,P-22,3,Te Verde,Bebida
T-15777,2025-10-05,Cena,P-22,2,Te Verde,Bebida
T-12188,2024-11-15,Cena,P-25,2,Canelones de Carne,Principal
T-14011,2024-08-27,Cena,P-23,4,Tiramisu de la Casa,Postre
T-14928,2025-04-04,Cena,P-17,4,Brownie con Helado,Postre
T-16614,2024-07-28,Comida,P-08,3,Croquetas de Jamon,Entrante
T-10182,2025-11-15,Cena,P-09,1,Gazpacho Andaluz,Entrante
T-16368,2024-08-26,Comida,P-17,4,Brownie con Helado,Postre
T-14375,2025-01-12,Cena,P-19,1,Entrecot Ternera,Principal
T-15350,2024-10-18,Comida,P-14,4,Tortilla de Patatas,Entrante
T-13435,2024-02-27,Cena,P-16,2,Agua Mineral,Bebida
T-10527,2025-10-13,Cena,P-10,3,Solomillo Iberico,Principal
T-13196,2025-11-09,Cena,P-21,4,Cafe Solo,Bebida
T-15884,2024-09-26,Cena,P-17,2,Brownie con Helado,Postre
T-15907,2025-02-17,Cena,P-11,1,Salmon a la Plancha,Principal
T-12356,2025-07-06,Cena,P-21,4,Cafe Solo,Bebida
T-14139,2024-02-20,Comida,P-21,1,Cafe Solo,Bebida
T-16627,2024-06-28,Cena,P-11,1,Salmon a la Plancha,Principal
T-17337,2024-10-18,Cena,P-11,4,Salmon a la Plancha,Principal
T-12068,2025-01-09,Cena,P-18,3,Ensaladilla Rusa,Entrante
T-15794,2024-07-23,Cena,P-24,2,Nuggets de Pollo,Principal
T-12270,2024-10-23,Cena,P-03,4,Pasta Carbonara IA,Principal
T-15486,2024-12-12,Cena,P-14,4,Tortilla de Patatas,Entrante
T-14441,2024-11-08,Comida,P-18,4,Ensaladilla Rusa,Entrante
T-15364,2025-02-19,Comida,P-01,2,Hamburguesa Smart,Principal
T-12662,2024-01-13,Cena,P-09,1,Gazpacho Andaluz,Entrante
T-12745,2025-06-14,Cena,P-21,1,Cafe Solo,Bebida
T-12063,2024-03-01,Cena,P-24,4,Nuggets de Pollo,Principal
T-13851,2024-02-01,Cena,P-17,2,Brownie con Helado,Postre
T-14659,2025-04-13,Comida,P-06,2,Vino Tinto Copa,Bebida
T-17707,2024-09-30,Comida,P-13,2,Bacalao al Horno,Principal
T-14006,2025-07-31,Comida,P-25,2,Canelones de Carne,Principal
T-17755,2024-12-19,Comida,P-13,4,Bacalao al Horno,Principal
T-13054,2025-11-21,Comida,P-14,3,Tortilla de Patatas,Entrante
T-14526,2024-04-10,Cena,P-13,2,Bacalao al Horno,Principal
T-17974,2024-05-09,Cena,P-20,3,Paella de Marisco,Principal
T-17849,2024-10-27,Cena,P-06,1,Vino Tinto Copa,Bebida
T-14720,2025-08-23,Comida,P-19,3,Entrecot Ternera,Principal
T-10260,2024-09-16,Comida,P-18,1,Ensaladilla Rusa,Entrante
T-15378,2024-09-03,Cena,P-16,2,Agua Mineral,Bebida
T-11673,2024-02-16,Comida,P-14,4,Tortilla de Patatas,Entrante
T-11035,2025-09-23,Cena,P-13,1,Bacalao al Horno,Principal
T-13501,2025-09-17,Cena,P-12,4,Risotto de Setas,Principal
T-17796,2025-04-26,Cena,P-12,1,Risotto de Setas,Principal
T-14918,2025-09-02,Cena,P-23,3,Tiramisu de la Casa,Postre
T-11472,2025-01-12,Comida,P-20,4,Paella de Marisco,Principal
T-10394,2025-05-06,Comida,P-23,4,Tiramisu de la Casa,Postre
T-15640,2024-08-05,Cena,P-12,2,Risotto de Setas,Principal
T-13116,2024-10-04,Cena,P-09,2,Gazpacho Andaluz,Entrante
T-16169,2025-09-16,Cena,P-16,1,Agua Mineral,Bebida
T-15653,2025-04-26,Cena,P-16,1,Agua Mineral,Bebida
T-11561,2025-07-06,Comida,P-19,2,Entrecot Ternera,Principal
T-11044,2025-09-22,Cena,P-02,3,Ensalada Cesar,Entrante
T-10329,2024-11-14,Cena,P-21,3,Cafe Solo,Bebida
T-12682,2025-03-18,Cena,P-06,1,Vino Tinto Copa,Bebida
T-10727,2025-01-06,Comida,P-15,3,Cerveza Artesana,Bebida
T-16606,2024-01-30,Cena,P-09,3,Gazpacho Andaluz,Entrante
T-13568,2024-05-03,Cena,P-23,4,Tiramisu de la Casa,Postre
T-12669,2024-10-24,Comida,P-17,3,Brownie con Helado,Postre
T-13174,2025-02-04,Comida,P-03,3,Pasta Carbonara IA,Principal
T-12558,2024-01-21,Cena,P-20,4,Paella de Marisco,Principal
T-17409,2025-11-26,Cena,P-10,2,Solomillo Iberico,Principal
T-10076,2025-01-15,Cena,P-05,4,Refresco Cola,Bebida
T-13509,2024-01-17,Comida,P-23,3,Tiramisu de la Casa,Postre
T-14176,2025-09-10,Comida,P-24,3,Nuggets de Pollo,Principal
T-10547,2024-04-16,Comida,P-21,4,Cafe Solo,Bebida
T-10685,2025-09-07,Cena,P-04,2,Tarta de Queso Casera,Postre
T-15332,2025-05-23,Comida,P-13,2,Bacalao al Horno,Principal
T-14896,2024-09-24,Cena,P-04,1,Tarta de Queso Casera,Postre
T-13413,2024-10-05,Comida,P-12,2,Risotto de Setas,Principal
T-10567,2025-12-31,Cena,P-01,4,Hamburguesa Smart,Principal
T-10455,2024-09-05,Cena,P-10,4,Solomillo Iberico,Principal
T-17538,2025-12-19,Cena,P-09,4,Gazpacho Andaluz,Entrante
T-11180,2025-08-20,Comida,P-01,4,Hamburguesa Smart,Principal
T-16558,2025-01-24,Comida,P-18,3,Ensaladilla Rusa,Entrante
T-10627,2025-03-06,Cena,P-12,1,Risotto de Setas,Principal
T-17606,2024-09-26,Cena,P-18,2,Ensaladilla Rusa,Entrante
T-15065,2025-04-21,Comida,P-04,3,Tarta de Queso Casera,Postre
T-12708,2025-04-18,Cena,P-12,1,Risotto de Setas,Principal
T-15668,2024-10-01,Comida,P-16,1,Agua Mineral,Bebida
T-15033,2024-04-07,Comida,P-03,3,Pasta Carbonara IA,Principal
T-16530,2024-12-28,Cena,P-23,2,Tiramisu de la Casa,Postre
T-17676,2025-08-24,Cena,P-18,3,Ensaladilla Rusa,Entrante
T-15949,2025-11-24,Cena,P-23,3,Tiramisu de la Casa,Postre
T-12476,2025-11-09,Cena,P-08,3,Croquetas de Jamon,Entrante
T-16067,2024-01-25,Comida,P-02,3,Ensalada Cesar,Entrante
T-15365,2024-04-08,Cena,P-25,4,Canelones de Carne,Principal
T-11998,2024-04-25,Cena,P-13,2,Bacalao al Horno,Principal
T-14959,2025-10-16,Cena,P-22,4,Te Verde,Bebida
T-11038,2025-03-10,Cena,P-03,3,Pasta Carbonara IA,Principal
T-12380,2025-11-12,Cena,P-05,2,Refresco Cola,Bebida
T-13944,2024-06-03,Cena,P-18,4,Ensaladilla Rusa,Entrante
T-15304,2025-12-12,Cena,P-07,3,Pizza Margarita,Principal
T-12291,2024-12-25,Cena,P-03,1,Pasta Carbonara IA,Principal
T-12429,2025-12-25,Cena,P-01,1,Hamburguesa Smart,Principal
T-14915,2025-05-15,Cena,P-15,3,Cerveza Artesana,Bebida
T-16748,2025-09-06,Cena,P-15,2,Cerveza Artesana,Bebida
T-10770,2025-07-16,Comida,P-06,4,Vino Tinto Copa,Bebida
T-12411,2024-05-05,Cena,P-15,1,Cerveza Artesana,Bebida
T-12311,2024-02-24,Comida,P-04,4,Tarta de Queso Casera,Postre
T-10530,2025-05-09,Comida,P-02,3,Ensalada Cesar,Entrante
T-12399,2025-05-13,Cena,P-09,2,Gazpacho Andaluz,Entrante
T-10410,2024-05-16,Comida,P-18,4,Ensaladilla Rusa,Entrante
T-11442,2024-08-04,Comida,P-05,3,Refresco Cola,Bebida
T-17721,2024-09-16,Cena,P-17,4,Brownie con Helado,Postre
T-16474,2024-04-22,Comida,P-06,1,Vino Tinto Copa,Bebida
T-12766,2025-12-09,Comida,P-22,3,Te Verde,Bebida
T-13092,2024-03-18,Cena,P-13,2,Bacalao al Horno,Principal
T-10958,2025-04-28,Cena,P-20,2,Paella de Marisco,Principal
T-14791,2025-01-07,Cena,P-20,3,Paella de Marisco,Principal
T-12587,2025-04-24,Cena,P-02,4,Ensalada Cesar,Entrante
T-10168,2024-10-18,Comida,P-17,2,Brownie con Helado,Postre
T-15875,2025-05-16,Cena,P-10,3,Solomillo Iberico,Principal
T-10552,2024-09-27,Cena,P-24,3,Nuggets de Pollo,Principal
T-14032,2024-10-15,Comida,P-24,2,Nuggets de Pollo,Principal
T-15077,2025-12-18,Comida,P-24,1,Nuggets de Pollo,Principal
T-16259,2024-06-01,Cena,P-01,2,Hamburguesa Smart,Principal
T-15473,2024-01-14,Cena,P-10,1,Solomillo Iberico,Principal
T-11157,2025-08-03,Comida,P-03,3,Pasta Carbonara IA,Principal
T-11236,2025-01-23,Cena,P-15,2,Cerveza Artesana,Bebida
T-16248,2024-03-03,Cena,P-03,2,Pasta Carbonara IA,Principal
T-13222,2024-01-21,Cena,P-18,2,Ensaladilla Rusa,Entrante
T-11243,2024-04-10,Cena,P-06,1,Vino Tinto Copa,Bebida
T-13854,2025-12-05,Cena,P-22,2,Te Verde,Bebida
T-14035,2025-12-05,Cena,P-05,1,Refresco Cola,Bebida
T-13133,2025-02-24,Cena,P-04,3,Tarta de Queso Casera,Postre
T-11316,2025-07-26,Comida,P-01,3,Hamburguesa Smart,Principal
T-10285,2024-05-13,Comida,P-10,3,Solomillo Iberico,Principal
T-12724,2024-08-30,Comida,P-18,3,Ensaladilla Rusa,Entrante
T-14039,2024-11-14,Comida,P-02,3,Ensalada Cesar,Entrante
T-11388,2025-05-05,Cena,P-10,4,Solomillo Iberico,Principal
T-10309,2025-02-01,Comida,P-11,1,Salmon a la Plancha,Principal
T-17691,2025-05-31,Comida,P-25,4,Canelones de Carne,Principal
T-17741,2025-08-01,Comida,P-16,4,Agua Mineral,Bebida
T-12446,2024-06-27,Comida,P-01,3,Hamburguesa Smart,Principal
T-14939,2025-09-13,Comida,P-20,2,Paella de Marisco,Principal
T-11341,2025-05-04,Cena,P-03,1,Pasta Carbonara IA,Principal
T-11355,2024-12-30,Cena,P-17,4,Brownie con Helado,Postre
T-17367,2025-08-22,Cena,P-05,3,Refresco Cola,Bebida
T-15963,2025-03-25,Cena,P-19,2,Entrecot Ternera,Principal
T-10859,2024-08-23,Cena,P-06,4,Vino Tinto Copa,Bebida
T-17089,2024-03-20,Cena,P-25,1,Canelones de Carne,Principal
T-10727,2025-03-10,Cena,P-03,3,Pasta Carbonara IA,Principal
T-10546,2024-04-13,Cena,P-08,1,Croquetas de Jamon,Entrante
T-10344,2024-05-18,Cena,P-04,1,Tarta de Queso Casera,Postre
T-16297,2024-05-24,Comida,P-23,4,Tiramisu de la Casa,Postre
T-11027,2024-04-13,Cena,P-23,3,Tiramisu de la Casa,Postre
T-16930,2025-12-09,Comida,P-20,4,Paella de Marisco,Principal
T-12003,2025-07-15,Cena,P-12,3,Risotto de Setas,Principal
T-10412,2025-05-26,Comida,P-17,1,Brownie con Helado,Postre
T-16152,2025-09-15,Cena,P-12,2,Risotto de Setas,Principal
T-17054,2024-06-22,Cena,P-09,4,Gazpacho Andaluz,Entrante
T-13595,2025-06-22,Comida,P-10,3,Solomillo Iberico,Principal
T-14242,2025-10-06,Cena,P-14,1,Tortilla de Patatas,Entrante
T-12560,2024-07-23,Cena,P-07,4,Pizza Margarita,Principal
T-10200,2025-12-12,Comida,P-14,2,Tortilla de Patatas,Entrante
T-15376,2025-08-10,Comida,P-08,3,Croquetas de Jamon,Entrante
T-16151,2025-12-18,Cena,P-01,1,Hamburguesa Smart,Principal
T-17596,2024-11-20,Comida,P-25,3,Canelones de Carne,Principal
T-16327,2024-05-06,Cena,P-05,2,Refresco Cola,Bebida
T-13260,2024-09-08,Comida,P-09,3,Gazpacho Andaluz,Entrante
T-17154,2024-06-10,Cena,P-23,2,Tiramisu de la Casa,Postre
T-10928,2025-12-24,Comida,P-16,3,Agua Mineral,Bebida
T-14644,2025-04-06,Cena,P-08,4,Croquetas de Jamon,Entrante
T-15104,2024-10-13,Comida,P-14,3,Tortilla de Patatas,Entrante
T-13095,2024-03-28,Cena,P-13,3,Bacalao al Horno,Principal
T-12272,2024-07-15,Comida,P-05,3,Refresco Cola,Bebida
T-14886,2025-06-08,Cena,P-01,1,Hamburguesa Smart,Principal
T-10518,2024-12-22,Cena,P-10,3,Solomillo Iberico,Principal
T-12452,2025-07-15,Cena,P-24,4,Nuggets de Pollo,Principal
T-11110,2024-11-10,Cena,P-16,3,Agua Mineral,Bebida
T-14328,2024-05-14,Cena,P-16,4,Agua Mineral,Bebida
T-15278,2024-09-25,Comida,P-20,2,Paella de Marisco,Principal
T-17209,2024-08-28,Cena,P-17,3,Brownie con Helado,Postre
T-14633,2025-04-01,Cena,P-11,4,Salmon a la Plancha,Principal
T-11755,2025-03-15,Cena,P-20,3,Paella de Marisco,Principal
T-16510,2024-10-05,Cena,P-02,3,Ensalada Cesar,Entrante
T-10342,2025-10-03,Comida,P-06,4,Vino Tinto Copa,Bebida
T-17538,2024-06-01,Cena,P-13,4,Bacalao al Horno,Principal
T-14506,2024-03-26,Comida,P-16,1,Agua Mineral,Bebida
T-16900,2025-09-17,Comida,P-09,2,Gazpacho Andaluz,Entrante
T-13213,2025-05-12,Cena,P-16,1,Agua Mineral,Bebida
T-14630,2025-08-19,Comida,P-24,4,Nuggets de Pollo,Principal
T-14926,2025-02-12,Comida,P-25,1,Canelones de Carne,Principal
T-10764,2024-09-04,Cena,P-19,2,Entrecot Ternera,Principal
T-16538,2024-08-12,Cena,P-20,1,Paella de Marisco,Principal
T-11659,2024-10-28,Cena,P-01,1,Hamburguesa Smart,Principal
T-10302,2025-03-19,Cena,P-25,3,Canelones de Carne,Principal
T-15228,2024-12-20,Cena,P-05,2,Refresco Cola,Bebida
T-17474,2024-02-12,Cena,P-14,1,Tortilla de Patatas,Entrante
T-11841,2024-03-24,Comida,P-21,4,Cafe Solo,Bebida
T-12338,2025-06-23,Cena,P-19,2,Entrecot Ternera,Principal
T-13142,2024-09-09,Comida,P-25,4,Canelones de Carne,Principal
T-13511,2025-02-24,Cena,P-22,3,Te Verde,Bebida
T-17085,2024-09-18,Comida,P-12,1,Risotto de Setas,Principal
T-11275,2024-01-13,Cena,P-22,4,Te Verde,Bebida
T-15651,2025-11-13,Comida,P-08,2,Croquetas de Jamon,Entrante
T-15530,2025-03-29,Cena,P-09,1,Gazpacho Andaluz,Entrante
T-14931,2024-06-18,Cena,P-07,1,Pizza Margarita,Principal
T-14511,2024-10-23,Cena,P-16,2,Agua Mineral,Bebida
T-12816,2024-12-09,Cena,P-03,2,Pasta Carbonara IA,Principal
T-17265,2024-11-23,Cena,P-07,3,Pizza Margarita,Principal
T-12525,2025-08-02,Cena,P-15,4,Cerveza Artesana,Bebida
T-11870,2024-02-24,Comida,P-20,1,Paella de Marisco,Principal
T-15849,2024-06-29,Comida,P-16,2,Agua Mineral,Bebida
T-13432,2024-04-28,Cena,P-10,1,Solomillo Iberico,Principal
T-12738,2025-10-27,Comida,P-18,1,Ensaladilla Rusa,Entrante
T-17124,2025-08-21,Comida,P-10,2,Solomillo Iberico,Principal
T-17613,2025-10-13,Cena,P-20,4,Paella de Marisco,Principal
T-14321,2025-07-11,Cena,P-25,2,Canelones de Carne,Principal
T-10943,2024-06-22,Cena,P-03,3,Pasta Carbonara IA,Principal
T-13311,2025-04-12,Comida,P-11,2,Salmon a la Plancha,Principal
T-14513,2024-01-24,Cena,P-06,2,Vino Tinto Copa,Bebida
T-16298,2024-03-24,Cena,P-17,2,Brownie con Helado,Postre
T-16409,2024-09-02,Cena,P-16,1,Agua Mineral,Bebida
T-16261,2024-05-29,Cena,P-14,2,Tortilla de Patatas,Entrante
T-17016,2025-09-04,Cena,P-02,4,Ensalada Cesar,Entrante
T-17694,2024-07-22,Cena,P-05,2,Refresco Cola,Bebida
T-15632,2024-03-26,Cena,P-20,3,Paella de Marisco,Principal
T-12442,2025-10-08,Comida,P-16,2,Agua Mineral,Bebida
T-17115,2024-11-17,Comida,P-18,2,Ensaladilla Rusa,Entrante
T-17025,2024-11-14,Cena,P-22,2,Te Verde,Bebida
T-15002,2025-01-28,Cena,P-17,1,Brownie con Helado,Postre
T-14231,2025-04-10,Comida,P-09,2,Gazpacho Andaluz,Entrante
T-17384,2025-11-25,Comida,P-17,1,Brownie con Helado,Postre
T-11779,2024-09-09,Comida,P-10,1,Solomillo Iberico,Principal
T-17073,2024-06-17,Cena,P-25,4,Canelones de Carne,Principal
T-17775,2025-01-12,Cena,P-20,1,Paella de Marisco,Principal
T-15075,2025-02-01,Cena,P-22,2,Te Verde,Bebida
T-11057,2024-09-29,Cena,P-20,4,Paella de Marisco,Principal
T-13967,2024-02-10,Comida,P-08,1,Croquetas de Jamon,Entrante
T-12597,2025-12-07,Cena,P-16,2,Agua Mineral,Bebida
T-12077,2024-08-17,Comida,P-21,3,Cafe Solo,Bebida
T-14111,2025-07-03,Cena,P-20,4,Paella de Marisco,Principal
T-10007,2025-07-16,Comida,P-10,4,Solomillo Iberico,Principal
T-10789,2024-07-11,Cena,P-23,3,Tiramisu de la Casa,Postre
T-13425,2025-03-09,Comida,P-13,3,Bacalao al Horno,Principal
T-16819,2024-06-22,Comida,P-06,2,Vino Tinto Copa,Bebida
T-13121,2024-05-11,Cena,P-12,4,Risotto de Setas,Principal
T-16085,2024-12-10,Cena,P-03,3,Pasta Carbonara IA,Principal
T-11961,2024-10-25,Cena,P-13,3,Bacalao al Horno,Principal
T-10640,2025-01-16,Cena,P-15,3,Cerveza Artesana,Bebida
T-13235,2025-11-04,Comida,P-14,1,Tortilla de Patatas,Entrante
T-14445,2024-07-04,Cena,P-01,3,Hamburguesa Smart,Principal
T-15939,2024-03-01,Cena,P-21,2,Cafe Solo,Bebida
T-17355,2025-02-26,Comida,P-24,1,Nuggets de Pollo,Principal
T-12409,2024-10-07,Cena,P-01,4,Hamburguesa Smart,Principal
T-16097,2024-01-03,Cena,P-02,1,Ensalada Cesar,Entrante
T-17606,2025-08-02,Cena,P-08,3,Croquetas de Jamon,Entrante
T-15540,2025-07-06,Cena,P-24,2,Nuggets de Pollo,Principal
T-12495,2025-05-18,Cena,P-21,1,Cafe Solo,Bebida
T-12641,2024-09-03,Comida,P-08,4,Croquetas de Jamon,Entrante
T-17755,2024-01-27,Cena,P-03,1,Pasta Carbonara IA,Principal
T-10822,2025-05-15,Cena,P-23,3,Tiramisu de la Casa,Postre
T-14425,2025-04-05,Comida,P-15,1,Cerveza Artesana,Bebida
T-10516,2025-11-01,Cena,P-23,3,Tiramisu de la Casa,Postre
T-15358,2024-01-16,Cena,P-08,4,Croquetas de Jamon,Entrante
T-11093,2024-04-26,Cena,P-16,2,Agua Mineral,Bebida
T-13796,2025-10-30,Cena,P-12,4,Risotto de Setas,Principal
T-12113,2024-07-05,Cena,P-10,1,Solomillo Iberico,Principal
T-14752,2025-10-04,Comida,P-03,3,Pasta Carbonara IA,Principal
T-16741,2024-06-17,Cena,P-08,1,Croquetas de Jamon,Entrante
T-15914,2024-01-12,Cena,P-15,1,Cerveza Artesana,Bebida
T-11159,2024-06-19,Comida,P-21,1,Cafe Solo,Bebida
T-15019,2025-06-23,Cena,P-10,3,Solomillo Iberico,Principal
T-17547,2024-02-10,Cena,P-02,3,Ensalada Cesar,Entrante
T-12356,2024-01-05,Cena,P-17,2,Brownie con Helado,Postre
T-11696,2025-05-01,Cena,P-04,2,Tarta de Queso Casera,Postre
T-12027,2025-06-06,Comida,P-15,3,Cerveza Artesana,Bebida
T-12761,2024-07-04,Cena,P-23,2,Tiramisu de la Casa,Postre
T-14415,2025-05-18,Cena,P-19,4,Entrecot Ternera,Principal
T-10932,2025-03-02,Cena,P-01,1,Hamburguesa Smart,Principal
T-10760,2025-09-25,Comida,P-11,4,Salmon a la Plancha,Principal
T-13553,2025-02-07,Cena,P-19,2,Entrecot Ternera,Principal
T-14720,2024-03-15,Comida,P-25,2,Canelones de Carne,Principal
T-17998,2025-08-16,Cena,P-19,3,Entrecot Ternera,Principal
T-11452,2024-04-15,Comida,P-08,4,Croquetas de Jamon,Entrante
T-16929,2025-07-07,Cena,P-20,2,Paella de Marisco,Principal
T-11572,2024-03-06,Comida,P-20,3,Paella de Marisco,Principal
T-14879,2025-12-14,Comida,P-16,2,Agua Mineral,Bebida
T-14662,2025-06-01,Comida,P-12,2,Risotto de Setas,Principal
T-13467,2024-01-17,Cena,P-12,4,Risotto de Setas,Principal
T-11005,2024-03-14,Comida,P-22,2,Te Verde,Bebida
T-14281,2025-09-20,Comida,P-08,1,Croquetas de Jamon,Entrante
T-14957,2025-01-21,Cena,P-01,2,Hamburguesa Smart,Principal
T-16424,2025-03-17,Comida,P-22,2,Te Verde,Bebida
T-12795,2024-07-02,Comida,P-22,2,Te Verde,Bebida
T-12198,2025-11-01,Cena,P-23,2,Tiramisu de la Casa,Postre
T-12336,2024-09-16,Cena,P-20,4,Paella de Marisco,Principal
T-15828,2024-06-23,Cena,P-12,3,Risotto de Setas,Principal
T-16110,2024-05-26,Cena,P-12,1,Risotto de Setas,Principal
T-11747,2024-05-03,Cena,P-14,4,Tortilla de Patatas,Entrante
T-16399,2025-06-01,Comida,P-02,4,Ensalada Cesar,Entrante
T-10933,2024-05-09,Cena,P-16,2,Agua Mineral,Bebida
T-13949,2024-08-19,Cena,P-13,4,Bacalao al Horno,Principal
T-16985,2025-03-06,Cena,P-03,3,Pasta Carbonara IA,Principal
T-17825,2024-05-12,Cena,P-13,1,Bacalao al Horno,Principal
T-11869,2025-11-07,Cena,P-02,4,Ensalada Cesar,Entrante
T-15463,2024-06-11,Cena,P-25,2,Canelones de Carne,Principal
T-11887,2024-01-08,Comida,P-10,3,Solomillo Iberico,Principal
T-13713,2025-05-25,Comida,P-25,4,Canelones de Carne,Principal
T-14636,2024-09-14,Comida,P-18,2,Ensaladilla Rusa,Entrante
T-14803,2025-04-02,Cena,P-12,4,Risotto de Setas,Principal
T-10480,2024-02-28,Cena,P-03,1,Pasta Carbonara IA,Principal
T-17946,2025-09-12,Cena,P-01,3,Hamburguesa Smart,Principal
T-14590,2025-06-05,Cena,P-11,2,Salmon a la Plancha,Principal
T-16144,2024-08-14,Cena,P-25,1,Canelones de Carne,Principal
T-11024,2025-06-09,Cena,P-07,4,Pizza Margarita,Principal
T-11185,2025-09-12,Comida,P-18,2,Ensaladilla Rusa,Entrante
T-14198,2024-01-02,Cena,P-24,1,Nuggets de Pollo,Principal
T-16022,2024-05-03,Comida,P-22,3,Te Verde,Bebida
T-16708,2024-11-24,Cena,P-20,3,Paella de Marisco,Principal
T-10802,2024-12-22,Cena,P-16,3,Agua Mineral,Bebida
T-10333,2025-03-13,Cena,P-01,4,Hamburguesa Smart,Principal
T-11630,2024-06-11,Comida,P-22,2,Te Verde,Bebida
T-12910,2024-02-07,Comida,P-05,3,Refresco Cola,Bebida
T-15137,2024-08-21,Cena,P-04,1,Tarta de Queso Casera,Postre
T-17803,2025-03-04,Cena,P-19,4,Entrecot Ternera,Principal
T-17858,2025-09-08,Cena,P-18,4,Ensaladilla Rusa,Entrante
T-17910,2024-03-24,Comida,P-25,3,Canelones de Carne,Principal
T-14413,2024-05-23,Cena,P-10,4,Solomillo Iberico,Principal
T-15677,2025-01-01,Comida,P-25,3,Canelones de Carne,Principal
T-12248,2024-01-03,Comida,P-05,2,Refresco Cola,Bebida
T-17623,2025-02-28,Cena,P-24,1,Nuggets de Pollo,Principal
T-13593,2024-02-17,Cena,P-19,3,Entrecot Ternera,Principal
T-13808,2025-02-04,Cena,P-23,4,Tiramisu de la Casa,Postre
T-17449,2025-08-11,Comida,P-19,2,Entrecot Ternera,Principal
T-15359,2024-05-22,Cena,P-03,2,Pasta Carbonara IA,Principal
T-13785,2025-04-19,Comida,P-02,2,Ensalada Cesar,Entrante
T-11243,2025-04-18,Cena,P-06,4,Vino Tinto Copa,Bebida
T-12968,2024-12-05,Cena,P-22,1,Te Verde,Bebida
T-16005,2025-02-27,Comida,P-03,1,Pasta Carbonara IA,Principal
T-17700,2024-08-03,Cena,P-07,4,Pizza Margarita,Principal
T-16241,2024-02-17,Cena,P-15,4,Cerveza Artesana,Bebida
T-16568,2025-09-07,Cena,P-11,1,Salmon a la Plancha,Principal
T-17464,2025-03-17,Comida,P-07,4,Pizza Margarita,Principal
T-15180,2025-09-02,Cena,P-09,2,Gazpacho Andaluz,Entrante
T-17180,2025-04-20,Cena,P-20,1,Paella de Marisco,Principal
T-10285,2024-07-12,Comida,P-05,1,Refresco Cola,Bebida
T-12704,2025-04-13,Cena,P-17,3,Brownie con Helado,Postre
T-16668,2024-10-06,Cena,P-22,1,Te Verde,Bebida
T-15222,2024-10-13,Cena,P-20,3,Paella de Marisco,Principal
T-12307,2025-11-26,Cena,P-03,3,Pasta Carbonara IA,Principal
T-13482,2024-03-24,Cena,P-03,2,Pasta Carbonara IA,Principal
T-14804,2025-07-04,Cena,P-02,1,Ensalada Cesar,Entrante
T-16082,2024-07-01,Cena,P-11,4,Salmon a la Plancha,Principal
T-11502,2025-07-15,Cena,P-17,4,Brownie con Helado,Postre
T-10595,2025-12-15,Cena,P-19,1,Entrecot Ternera,Principal
T-10275,2024-11-20,Cena,P-24,3,Nuggets de Pollo,Principal
T-12681,2024-05-26,Cena,P-18,3,Ensaladilla Rusa,Entrante
T-17530,2025-12-22,Comida,P-25,2,Canelones de Carne,Principal
T-15785,2024-08-17,Cena,P-19,4,Entrecot Ternera,Principal
T-11631,2024-11-15,Cena,P-19,1,Entrecot Ternera,Principal
T-12271,2024-10-13,Comida,P-14,4,Tortilla de Patatas,Entrante
T-11684,2024-07-19,Cena,P-07,1,Pizza Margarita,Principal
T-12772,2025-04-18,Comida,P-13,2,Bacalao al Horno,Principal
T-16190,2025-03-22,Cena,P-15,2,Cerveza Artesana,Bebida
T-13085,2024-04-13,Comida,P-13,2,Bacalao al Horno,Principal
T-17213,2024-03-13,Cena,P-05,3,Refresco Cola,Bebida
T-13217,2025-06-24,Cena,P-24,3,Nuggets de Pollo,Principal
T-15696,2025-01-10,Cena,P-06,3,Vino Tinto Copa,Bebida
T-16996,2025-04-17,Comida,P-14,2,Tortilla de Patatas,Entrante
T-11438,2025-06-14,Cena,P-23,3,Tiramisu de la Casa,Postre
T-15313,2025-09-16,Comida,P-15,2,Cerveza Artesana,Bebida
T-11926,2024-12-12,Cena,P-06,2,Vino Tinto Copa,Bebida
T-16363,2025-07-23,Comida,P-04,1,Tarta de Queso Casera,Postre
T-10685,2024-06-30,Cena,P-11,4,Salmon a la Plancha,Principal
T-14758,2025-12-11,Comida,P-09,1,Gazpacho Andaluz,Entrante
T-17510,2025-05-16,Cena,P-20,3,Paella de Marisco,Principal
T-11688,2025-11-27,Cena,P-02,3,Ensalada Cesar,Entrante
T-10762,2024-10-13,Comida,P-09,2,Gazpacho Andaluz,Entrante
T-16968,2025-04-22,Comida,P-10,1,Solomillo Iberico,Principal
T-14592,2025-10-22,Cena,P-06,1,Vino Tinto Copa,Bebida
T-12539,2024-09-19,Comida,P-01,1,Hamburguesa Smart,Principal
T-13138,2024-05-18,Cena,P-03,4,Pasta Carbonara IA,Principal
T-16212,2024-12-24,Cena,P-16,2,Agua Mineral,Bebida
T-12811,2025-11-07,Cena,P-13,2,Bacalao al Horno,Principal
T-14851,2025-12-18,Cena,P-09,2,Gazpacho Andaluz,Entrante
T-12293,2024-09-17,Comida,P-02,2,Ensalada Cesar,Entrante
T-17588,2025-02-23,Comida,P-19,2,Entrecot Ternera,Principal
T-13203,2025-08-22,Cena,P-20,1,Paella de Marisco,Principal
T-13591,2024-01-17,Cena,P-19,2,Entrecot Ternera,Principal
T-17704,2024-12-08,Comida,P-25,3,Canelones de Carne,Principal
T-14266,2024-10-29,Comida,P-19,4,Entrecot Ternera,Principal
T-14605,2025-08-15,Cena,P-09,2,Gazpacho Andaluz,Entrante
T-16988,2024-08-15,Cena,P-15,3,Cerveza Artesana,Bebida
T-11421,2024-06-09,Cena,P-17,3,Brownie con Helado,Postre
T-17550,2024-10-23,Cena,P-17,4,Brownie con Helado,Postre
T-10081,2025-10-03,Cena,P-15,4,Cerveza Artesana,Bebida
T-10478,2025-07-27,Cena,P-10,3,Solomillo Iberico,Principal
T-16906,2025-01-17,Cena,P-18,1,Ensaladilla Rusa,Entrante
T-14561,2025-12-25,Comida,P-10,3,Solomillo Iberico,Principal
T-15027,2024-06-29,Comida,P-21,4,Cafe Solo,Bebida
T-12954,2025-03-01,Cena,P-21,3,Cafe Solo,Bebida
T-16531,2025-05-21,Cena,P-10,2,Solomillo Iberico,Principal
T-11925,2025-03-02,Comida,P-19,2,Entrecot Ternera,Principal
T-13492,2024-06-28,Cena,P-24,4,Nuggets de Pollo,Principal
T-14091,2024-02-18,Comida,P-21,1,Cafe Solo,Bebida
T-14145,2024-08-21,Cena,P-02,2,Ensalada Cesar,Entrante
T-12268,2024-08-09,Cena,P-22,2,Te Verde,Bebida
T-14526,2025-03-20,Cena,P-15,3,Cerveza Artesana,Bebida
T-15054,2024-08-21,Cena,P-13,2,Bacalao al Horno,Principal
T-16285,2024-01-05,Cena,P-09,2,Gazpacho Andaluz,Entrante
T-15575,2025-08-22,Cena,P-15,2,Cerveza Artesana,Bebida
T-10091,2024-07-06,Cena,P-12,2,Risotto de Setas,Principal
T-13199,2025-04-26,Cena,P-18,2,Ensaladilla Rusa,Entrante
T-13141,2025-08-20,Cena,P-18,1,Ensaladilla Rusa,Entrante
T-14194,2024-04-01,Cena,P-08,4,Croquetas de Jamon,Entrante
T-17580,2024-04-07,Cena,P-02,4,Ensalada Cesar,Entrante
T-13797,2025-10-31,Cena,P-14,3,Tortilla de Patatas,Entrante
T-17001,2024-10-19,Comida,P-17,3,Brownie con Helado,Postre
T-12055,2024-10-03,Cena,P-09,2,Gazpacho Andaluz,Entrante
T-17602,2025-12-02,Cena,P-21,2,Cafe Solo,Bebida
T-12043,2025-09-24,Cena,P-20,4,Paella de Marisco,Principal
T-16600,2025-12-06,Cena,P-11,1,Salmon a la Plancha,Principal
T-10556,2025-05-16,Cena,P-20,3,Paella de Marisco,Principal
T-16222,2024-11-17,Comida,P-08,2,Croquetas de Jamon,Entrante
T-10096,2025-08-01,Comida,P-22,1,Te Verde,Bebida
T-15038,2024-07-09,Cena,P-17,1,Brownie con Helado,Postre
T-13603,2025-11-01,Cena,P-15,2,Cerveza Artesana,Bebida
T-17440,2024-01-09,Comida,P-05,3,Refresco Cola,Bebida
T-17707,2025-04-19,Comida,P-15,1,Cerveza Artesana,Bebida
T-11018,2025-10-04,Cena,P-25,3,Canelones de Carne,Principal
T-11241,2024-01-11,Comida,P-07,4,Pizza Margarita,Principal
T-13106,2024-12-08,Cena,P-24,3,Nuggets de Pollo,Principal
T-17946,2025-11-06,Comida,P-09,4,Gazpacho Andaluz,Entrante
T-14825,2024-09-01,Comida,P-22,1,Te Verde,Bebida
T-16167,2025-11-21,Cena,P-04,2,Tarta de Queso Casera,Postre
T-14799,2025-07-29,Cena,P-17,2,Brownie con Helado,Postre
T-15346,2025-06-30,Cena,P-05,2,Refresco Cola,Bebida
T-11003,2025-07-27,Cena,P-08,4,Croquetas de Jamon,Entrante
T-16335,2025-02-19,Comida,P-25,2,Canelones de Carne,Principal
T-12111,2025-05-14,Comida,P-11,3,Salmon a la Plancha,Principal
T-16116,2025-04-21,Comida,P-07,2,Pizza Margarita,Principal
T-12718,2025-08-18,Cena,P-24,3,Nuggets de Pollo,Principal
T-15425,2024-02-15,Cena,P-24,2,Nuggets de Pollo,Principal
T-14720,2024-07-03,Comida,P-07,4,Pizza Margarita,Principal
T-17772,2025-09-27,Cena,P-08,3,Croquetas de Jamon,Entrante
T-17228,2024-11-17,Cena,P-10,1,Solomillo Iberico,Principal
T-15665,2024-12-14,Comida,P-10,2,Solomillo Iberico,Principal
T-11882,2024-05-20,Comida,P-12,4,Risotto de Setas,Principal
T-10035,2024-12-05,Cena,P-17,1,Brownie con Helado,Postre
T-11660,2024-08-09,Cena,P-11,1,Salmon a la Plancha,Principal
T-12177,2024-03-06,Comida,P-20,3,Paella de Marisco,Principal
T-10394,2025-10-28,Comida,P-11,1,Salmon a la Plancha,Principal
T-14879,2024-07-15,Cena,P-14,2,Tortilla de Patatas,Entrante
T-11157,2025-01-02,Cena,P-11,4,Salmon a la Plancha,Principal
T-16137,2024-04-10,Comida,P-12,3,Risotto de Setas,Principal
T-17915,2024-06-09,Cena,P-15,2,Cerveza Artesana,Bebida
T-13913,2025-02-03,Cena,P-24,3,Nuggets de Pollo,Principal
T-15727,2025-09-01,Cena,P-12,3,Risotto de Setas,Principal
T-10700,2024-12-21,Comida,P-23,1,Tiramisu de la Casa,Postre
T-15604,2024-10-16,Cena,P-25,1,Canelones de Carne,Principal
T-14206,2025-03-28,Cena,P-13,3,Bacalao al Horno,Principal
T-10309,2024-11-14,Comida,P-17,1,Brownie con Helado,Postre
T-14191,2024-02-07,Cena,P-11,2,Salmon a la Plancha,Principal
T-13598,2025-03-22,Comida,P-18,2,Ensaladilla Rusa,Entrante
T-15711,2025-06-04,Comida,P-16,4,Agua Mineral,Bebida
T-16186,2025-04-27,Comida,P-15,3,Cerveza Artesana,Bebida
T-15027,2025-10-11,Cena,P-25,2,Canelones de Carne,Principal
T-14399,2024-05-25,Comida,P-17,3,Brownie con Helado,Postre
T-17800,2024-06-13,Cena,P-15,4,Cerveza Artesana,Bebida
T-16856,2025-02-05,Comida,P-25,3,Canelones de Carne,Principal
T-16797,2025-04-18,Cena,P-22,4,Te Verde,Bebida
T-14397,2024-09-13,Comida,P-03,2,Pasta Carbonara IA,Principal
T-12001,2024-12-18,Comida,P-09,2,Gazpacho Andaluz,Entrante
T-15946,2025-07-18,Cena,P-09,4,Gazpacho Andaluz,Entrante
T-11386,2025-02-11,Comida,P-17,1,Brownie con Helado,Postre
T-15834,2024-02-20,Comida,P-22,4,Te Verde,Bebida
T-16056,2024-04-10,Cena,P-24,4,Nuggets de Pollo,Principal
T-16468,2025-12-03,Cena,P-14,1,Tortilla de Patatas,Entrante
T-12471,2025-01-29,Cena,P-10,1,Solomillo Iberico,Principal
T-12987,2025-10-21,Comida,P-07,1,Pizza Margarita,Principal
T-15823,2025-11-08,Comida,P-01,1,Hamburguesa Smart,Principal
T-12213,2025-08-30,Comida,P-21,4,Cafe Solo,Bebida
T-10683,2025-11-15,Cena,P-15,2,Cerveza Artesana,Bebida
T-18000,2024-01-08,Cena,P-19,1,Entrecot Ternera,Principal
T-16711,2025-01-01,Cena,P-06,4,Vino Tinto Copa,Bebida
T-16020,2024-03-25,Cena,P-10,2,Solomillo Iberico,Principal
T-12962,2024-01-15,Comida,P-23,3,Tiramisu de la Casa,Postre
T-12835,2025-09-03,Comida,P-21,2,Cafe Solo,Bebida
T-13977,2024-09-19,Cena,P-03,4,Pasta Carbonara IA,Principal
T-11828,2025-08-03,Cena,P-09,1,Gazpacho Andaluz,Entrante
T-17603,2025-05-07,Cena,P-23,3,Tiramisu de la Casa,Postre
T-16192,2025-06-22,Comida,P-12,3,Risotto de Setas,Principal
T-17858,2024-02-05,Cena,P-16,3,Agua Mineral,Bebida
T-14145,2025-06-15,Cena,P-19,2,Entrecot Ternera,Principal
T-15064,2024-04-01,Cena,P-02,4,Ensalada Cesar,Entrante
T-11310,2025-01-29,Cena,P-12,4,Risotto de Setas,Principal
T-11926,2025-05-04,Cena,P-03,4,Pasta Carbonara IA,Principal
T-11642,2024-11-08,Comida,P-02,4,Ensalada Cesar,Entrante
T-17684,2024-12-01,Comida,P-02,2,Ensalada Cesar,Entrante
T-13223,2025-09-11,Comida,P-14,3,Tortilla de Patatas,Entrante
T-16138,2025-03-05,Cena,P-11,1,Salmon a la Plancha,Principal
T-17995,2025-06-28,Comida,P-11,3,Salmon a la Plancha,Principal
T-10755,2025-07-24,Comida,P-05,1,Refresco Cola,Bebida
T-17125,2024-01-08,Comida,P-13,1,Bacalao al Horno,Principal
T-13768,2024-12-20,Comida,P-03,1,Pasta Carbonara IA,Principal
T-14751,2024-07-11,Cena,P-02,4,Ensalada Cesar,Entrante
T-16536,2024-10-22,Cena,P-08,2,Croquetas de Jamon,Entrante
T-16161,2024-01-15,Comida,P-14,1,Tortilla de Patatas,Entrante
T-13564,2024-07-11,Cena,P-23,1,Tiramisu de la Casa,Postre
T-11064,2025-08-04,Cena,P-12,4,Risotto de Setas,Principal
T-12295,2024-11-13,Cena,P-20,3,Paella de Marisco,Principal
T-12707,2024-04-17,Comida,P-07,4,Pizza Margarita,Principal
T-15681,2025-05-14,Comida,P-19,4,Entrecot Ternera,Principal
T-11479,2024-10-16,Cena,P-13,4,Bacalao al Horno,Principal
T-16645,2024-11-25,Comida,P-01,1,Hamburguesa Smart,Principal
T-10488,2024-03-08,Comida,P-24,1,Nuggets de Pollo,Principal
T-14142,2025-11-06,Cena,P-20,2,Paella de Marisco,Principal
T-15099,2024-04-26,Comida,P-15,2,Cerveza Artesana,Bebida
T-16722,2025-06-19,Cena,P-15,1,Cerveza Artesana,Bebida
T-10527,2025-02-15,Cena,P-04,3,Tarta de Queso Casera,Postre
T-12768,2024-07-28,Cena,P-12,4,Risotto de Setas,Principal
T-16726,2025-12-19,Comida,P-20,2,Paella de Marisco,Principal
T-16872,2024-05-25,Cena,P-01,1,Hamburguesa Smart,Principal
T-13836,2024-12-31,Cena,P-05,1,Refresco Cola,Bebida
T-17957,2024-10-06,Cena,P-20,2,Paella de Marisco,Principal
T-10190,2025-10-03,Cena,P-19,4,Entrecot Ternera,Principal
T-10547,2024-08-28,Cena,P-14,2,Tortilla de Patatas,Entrante
T-12596,2025-10-08,Cena,P-13,3,Bacalao al Horno,Principal
T-13903,2025-04-16,Cena,P-05,2,Refresco Cola,Bebida
T-10318,2025-04-28,Cena,P-07,1,Pizza Margarita,Principal
T-14202,2024-12-03,Cena,P-08,1,Croquetas de Jamon,Entrante
T-12108,2025-04-09,Cena,P-12,4,Risotto de Setas,Principal
T-14669,2024-05-05,Cena,P-22,3,Te Verde,Bebida
T-17466,2024-11-02,Cena,P-07,2,Pizza Margarita,Principal
T-10449,2024-04-02,Cena,P-15,4,Cerveza Artesana,Bebida
T-15403,2025-07-31,Cena,P-14,3,Tortilla de Patatas,Entrante
T-10448,2024-03-26,Comida,P-19,3,Entrecot Ternera,Principal
T-14399,2025-02-24,Cena,P-23,2,Tiramisu de la Casa,Postre
T-14851,2024-03-09,Comida,P-17,1,Brownie con Helado,Postre
T-12263,2025-04-24,Cena,P-10,3,Solomillo Iberico,Principal
T-17747,2025-07-17,Cena,P-18,3,Ensaladilla Rusa,Entrante
T-14139,2025-11-09,Cena,P-10,2,Solomillo Iberico,Principal
T-11096,2025-08-19,Comida,P-07,2,Pizza Margarita,Principal
T-17188,2024-07-29,Cena,P-17,1,Brownie con Helado,Postre
T-10508,2024-06-16,Cena,P-19,4,Entrecot Ternera,Principal
T-10656,2025-05-17,Cena,P-11,2,Salmon a la Plancha,Principal
T-12575,2024-08-02,Cena,P-06,1,Vino Tinto Copa,Bebida
T-16260,2025-06-03,Cena,P-06,3,Vino Tinto Copa,Bebida
T-12043,2024-02-19,Cena,P-05,3,Refresco Cola,Bebida
T-13929,2024-07-02,Comida,P-17,4,Brownie con Helado,Postre
T-12128,2025-11-05,Comida,P-16,4,Agua Mineral,Bebida
T-10345,2025-01-16,Comida,P-08,4,Croquetas de Jamon,Entrante
T-10360,2024-04-05,Comida,P-08,3,Croquetas de Jamon,Entrante
T-14493,2025-10-12,Cena,P-10,2,Solomillo Iberico,Principal
T-11809,2025-08-01,Cena,P-13,1,Bacalao al Horno,Principal
T-12156,2024-03-02,Cena,P-09,2,Gazpacho Andaluz,Entrante
T-12306,2025-05-20,Cena,P-04,2,Tarta de Queso Casera,Postre
T-12698,2025-11-19,Cena,P-10,2,Solomillo Iberico,Principal
T-14259,2024-02-29,Cena,P-04,1,Tarta de Queso Casera,Postre
T-10995,2024-06-06,Cena,P-20,4,Paella de Marisco,Principal
T-10686,2025-06-03,Cena,P-08,2,Croquetas de Jamon,Entrante
T-15741,2024-12-21,Comida,P-06,3,Vino Tinto Copa,Bebida
T-15251,2025-09-09,Cena,P-06,2,Vino Tinto Copa,Bebida
T-15924,2025-05-26,Cena,P-21,4,Cafe Solo,Bebida
T-15523,2024-09-21,Comida,P-24,4,Nuggets de Pollo,Principal
T-10660,2025-09-30,Comida,P-20,4,Paella de Marisco,Principal
T-14946,2024-04-15,Comida,P-21,2,Cafe Solo,Bebida
T-15355,2024-03-20,Comida,P-03,1,Pasta Carbonara IA,Principal
T-15345,2025-03-19,Cena,P-04,2,Tarta de Queso Casera,Postre
T-11048,2025-02-13,Cena,P-09,4,Gazpacho Andaluz,Entrante
T-11073,2024-08-05,Comida,P-23,4,Tiramisu de la Casa,Postre
T-11129,2025-05-07,Cena,P-25,1,Canelones de Carne,Principal
T-13342,2024-10-17,Cena,P-13,2,Bacalao al Horno,Principal
T-11032,2024-10-19,Comida,P-02,2,Ensalada Cesar,Entrante
T-11580,2025-04-30,Comida,P-22,1,Te Verde,Bebida
T-10458,2024-07-24,Cena,P-12,1,Risotto de Setas,Principal
T-15082,2024-06-24,Cena,P-13,2,Bacalao al Horno,Principal
T-12046,2025-06-03,Comida,P-15,3,Cerveza Artesana,Bebida
T-12389,2025-06-11,Cena,P-15,2,Cerveza Artesana,Bebida
T-17619,2025-01-13,Comida,P-18,3,Ensaladilla Rusa,Entrante
T-15179,2024-01-14,Cena,P-11,3,Salmon a la Plancha,Principal
T-17769,2024-11-24,Comida,P-20,4,Paella de Marisco,Principal
T-13169,2024-06-07,Cena,P-03,4,Pasta Carbonara IA,Principal
T-12822,2024-08-08,Cena,P-05,1,Refresco Cola,Bebida
T-12657,2024-03-20,Cena,P-22,3,Te Verde,Bebida
T-11999,2024-07-15,Comida,P-09,1,Gazpacho Andaluz,Entrante
T-16181,2025-02-10,Cena,P-23,3,Tiramisu de la Casa,Postre
T-11054,2025-10-11,Comida,P-08,4,Croquetas de Jamon,Entrante
T-17658,2024-11-25,Comida,P-01,3,Hamburguesa Smart,Principal
T-12924,2025-02-19,Cena,P-21,3,Cafe Solo,Bebida
T-17551,2024-10-13,Cena,P-19,3,Entrecot Ternera,Principal
T-15509,2024-02-05,Comida,P-20,4,Paella de Marisco,Principal
T-12917,2024-11-14,Cena,P-08,3,Croquetas de Jamon,Entrante
T-13925,2025-09-20,Cena,P-03,3,Pasta Carbonara IA,Principal
T-16417,2025-02-03,Comida,P-24,1,Nuggets de Pollo,Principal
T-13493,2025-09-15,Comida,P-02,2,Ensalada Cesar,Entrante
T-14393,2025-12-25,Cena,P-24,1,Nuggets de Pollo,Principal
T-16465,2024-10-29,Cena,P-08,4,Croquetas de Jamon,Entrante
T-14185,2024-08-04,Cena,P-13,1,Bacalao al Horno,Principal
T-10594,2024-04-11,Comida,P-13,1,Bacalao al Horno,Principal
T-16374,2025-03-14,Cena,P-02,4,Ensalada Cesar,Entrante
T-14584,2024-11-12,Cena,P-04,2,Tarta de Queso Casera,Postre
T-93579,2026-01-01,Cena,P-24,1,Nuggets de Pollo,Principal
T-47526,2026-01-01,Cena,P-07,4,Pizza Margarita,Principal
T-80892,2026-01-01,Comida,P-24,2,Nuggets de Pollo,Principal
T-63470,2026-01-01,Cena,P-01,4,Hamburguesa Smart,Principal
T-72914,2026-01-01,Cena,P-07,4,Pizza Margarita,Principal
T-54585,2026-01-01,Comida,P-14,3,Tortilla de Patatas,Entrante
T-84505,2026-01-01,Cena,P-24,1,Nuggets de Pollo,Principal
T-72158,2026-01-01,Comida,P-22,1,Te Verde,Bebida
T-66183,2026-01-01,Comida,P-18,1,Ensaladilla Rusa,Entrante
T-56385,2026-01-01,Comida,P-20,4,Paella de Marisco,Principal
T-23232,2026-01-01,Comida,P-03,1,Pasta Carbonara IA,Principal
T-45911,2026-01-01,Comida,P-08,1,Croquetas de Jamon,Entrante
T-94870,2026-01-01,Comida,P-13,3,Bacalao al Horno,Principal
T-50785,2026-01-01,Cena,P-20,2,Paella de Marisco,Principal
T-29771,2026-01-01,Cena,P-10,4,Solomillo Iberico,Principal
T-73787,2026-01-01,Cena,P-06,2,Vino Tinto Copa,Bebida
T-43716,2026-01-01,Cena,P-08,2,Croquetas de Jamon,Entrante
T-96801,2026-01-01,Comida,P-25,2,Canelones de Carne,Principal
T-43627,2026-01-02,Comida,P-21,1,Cafe Solo,Bebida
T-77149,2026-01-02,Cena,P-25,4,Canelones de Carne,Principal
T-99231,2026-01-02,Cena,P-17,1,Brownie con Helado,Postre
T-57637,2026-01-02,Cena,P-23,4,Tiramisu de la Casa,Postre
T-58879,2026-01-02,Cena,P-24,1,Nuggets de Pollo,Principal
T-57424,2026-01-02,Cena,P-18,3,Ensaladilla Rusa,Entrante
T-66080,2026-01-02,Comida,P-12,4,Risotto de Setas,Principal
T-72118,2026-01-02,Cena,P-09,1,Gazpacho Andaluz,Entrante
T-83877,2026-01-02,Cena,P-01,2,Hamburguesa Smart,Principal
T-34201,2026-01-02,Comida,P-16,3,Agua Mineral,Bebida
T-98968,2026-01-02,Cena,P-04,3,Tarta de Queso Casera,Postre
T-37664,2026-01-02,Cena,P-17,3,Brownie con Helado,Postre
T-47384,2026-01-02,Comida,P-16,1,Agua Mineral,Bebida
T-90078,2026-01-02,Comida,P-20,1,Paella de Marisco,Principal
T-31147,2026-01-02,Comida,P-23,3,Tiramisu de la Casa,Postre
T-29893,2026-01-02,Cena,P-11,3,Salmon a la Plancha,Principal
T-54110,2026-01-02,Comida,P-18,3,Ensaladilla Rusa,Entrante
T-42026,2026-01-02,Cena,P-22,2,Te Verde,Bebida
T-57524,2026-01-02,Cena,P-09,2,Gazpacho Andaluz,Entrante
T-20691,2026-01-02,Comida,P-05,1,Refresco Cola,Bebida
T-48979,2026-01-02,Cena,P-07,2,Pizza Margarita,Principal
T-68817,2026-01-02,Comida,P-09,1,Gazpacho Andaluz,Entrante
T-85261,2026-01-02,Cena,P-23,4,Tiramisu de la Casa,Postre
T-46442,2026-01-02,Cena,P-19,1,Entrecot Ternera,Principal
T-21769,2026-01-02,Comida,P-06,2,Vino Tinto Copa,Bebida
T-68632,2026-01-02,Cena,P-19,3,Entrecot Ternera,Principal
T-76902,2026-01-02,Cena,P-13,4,Bacalao al Horno,Principal
T-89866,2026-01-02,Comida,P-02,2,Ensalada Cesar,Entrante
T-51999,2026-01-02,Comida,P-25,3,Canelones de Carne,Principal
T-57840,2026-01-02,Comida,P-19,1,Entrecot Ternera,Principal
T-90784,2026-01-03,Comida,P-09,4,Gazpacho Andaluz,Entrante
T-82623,2026-01-03,Cena,P-25,3,Canelones de Carne,Principal
T-29626,2026-01-03,Cena,P-02,4,Ensalada Cesar,Entrante
T-52071,2026-01-03,Cena,P-02,1,Ensalada Cesar,Entrante
T-48747,2026-01-03,Cena,P-08,1,Croquetas de Jamon,Entrante
T-39896,2026-01-03,Cena,P-22,3,Te Verde,Bebida
T-28145,2026-01-03,Cena,P-23,4,Tiramisu de la Casa,Postre
T-99166,2026-01-03,Comida,P-11,2,Salmon a la Plancha,Principal
T-56174,2026-01-03,Cena,P-01,2,Hamburguesa Smart,Principal
T-41381,2026-01-03,Cena,P-04,2,Tarta de Queso Casera,Postre
T-42518,2026-01-03,Cena,P-04,2,Tarta de Queso Casera,Postre
T-82373,2026-01-03,Comida,P-22,2,Te Verde,Bebida
T-48224,2026-01-03,Cena,P-17,2,Brownie con Helado,Postre
T-85226,2026-01-03,Comida,P-18,4,Ensaladilla Rusa,Entrante
T-67435,2026-01-03,Cena,P-14,1,Tortilla de Patatas,Entrante
T-30724,2026-01-03,Cena,P-16,3,Agua Mineral,Bebida
T-40555,2026-01-04,Cena,P-25,1,Canelones de Carne,Principal
T-52150,2026-01-04,Cena,P-19,3,Entrecot Ternera,Principal
T-98084,2026-01-04,Cena,P-09,1,Gazpacho Andaluz,Entrante
T-21847,2026-01-04,Comida,P-22,3,Te Verde,Bebida
T-90820,2026-01-04,Cena,P-14,3,Tortilla de Patatas,Entrante
T-70496,2026-01-04,Cena,P-09,4,Gazpacho Andaluz,Entrante
T-49418,2026-01-04,Cena,P-09,1,Gazpacho Andaluz,Entrante
T-38739,2026-01-04,Cena,P-07,4,Pizza Margarita,Principal
T-28300,2026-01-04,Cena,P-10,2,Solomillo Iberico,Principal
T-88867,2026-01-04,Cena,P-13,3,Bacalao al Horno,Principal
T-87221,2026-01-04,Comida,P-13,2,Bacalao al Horno,Principal
T-80017,2026-01-04,Cena,P-08,4,Croquetas de Jamon,Entrante
T-70799,2026-01-04,Cena,P-14,1,Tortilla de Patatas,Entrante
T-59021,2026-01-04,Cena,P-22,4,Te Verde,Bebida
T-32939,2026-01-04,Cena,P-01,1,Hamburguesa Smart,Principal
T-69300,2026-01-04,Comida,P-06,1,Vino Tinto Copa,Bebida
T-43371,2026-01-04,Cena,P-12,2,Risotto de Setas,Principal
T-24098,2026-01-04,Cena,P-22,3,Te Verde,Bebida
T-22588,2026-01-04,Cena,P-08,2,Croquetas de Jamon,Entrante
T-86135,2026-01-04,Comida,P-11,3,Salmon a la Plancha,Principal
T-75098,2026-01-04,Cena,P-11,2,Salmon a la Plancha,Principal
T-46446,2026-01-04,Comida,P-17,2,Brownie con Helado,Postre
T-87815,2026-01-05,Cena,P-14,2,Tortilla de Patatas,Entrante
T-96307,2026-01-05,Comida,P-02,2,Ensalada Cesar,Entrante
T-85535,2026-01-05,Cena,P-04,3,Tarta de Queso Casera,Postre
T-62111,2026-01-05,Cena,P-01,3,Hamburguesa Smart,Principal
T-56003,2026-01-05,Cena,P-24,1,Nuggets de Pollo,Principal
T-89627,2026-01-05,Comida,P-18,2,Ensaladilla Rusa,Entrante
T-52242,2026-01-05,Comida,P-03,1,Pasta Carbonara IA,Principal
T-93645,2026-01-05,Comida,P-08,3,Croquetas de Jamon,Entrante
T-49281,2026-01-05,Comida,P-24,2,Nuggets de Pollo,Principal
T-53207,2026-01-05,Comida,P-18,3,Ensaladilla Rusa,Entrante
T-87979,2026-01-05,Cena,P-09,3,Gazpacho Andaluz,Entrante
T-89539,2026-01-05,Cena,P-19,4,Entrecot Ternera,Principal
T-42553,2026-01-05,Cena,P-12,2,Risotto de Setas,Principal
T-39183,2026-01-05,Comida,P-12,3,Risotto de Setas,Principal
T-27374,2026-01-05,Comida,P-24,1,Nuggets de Pollo,Principal
T-85504,2026-01-05,Cena,P-24,3,Nuggets de Pollo,Principal
T-99831,2026-01-05,Cena,P-11,3,Salmon a la Plancha,Principal
T-71432,2026-01-05,Cena,P-23,3,Tiramisu de la Casa,Postre
T-32010,2026-01-05,Cena,P-22,3,Te Verde,Bebida
T-93522,2026-01-05,Comida,P-12,4,Risotto de Setas,Principal
T-26900,2026-01-06,Cena,P-16,3,Agua Mineral,Bebida
T-71732,2026-01-06,Comida,P-03,4,Pasta Carbonara IA,Principal
T-24637,2026-01-06,Cena,P-24,2,Nuggets de Pollo,Principal
T-97868,2026-01-06,Cena,P-15,2,Cerveza Artesana,Bebida
T-96997,2026-01-06,Cena,P-25,4,Canelones de Carne,Principal
T-49563,2026-01-06,Cena,P-08,2,Croquetas de Jamon,Entrante
T-28373,2026-01-06,Comida,P-21,3,Cafe Solo,Bebida
T-83335,2026-01-06,Cena,P-21,4,Cafe Solo,Bebida
T-85496,2026-01-06,Comida,P-05,1,Refresco Cola,Bebida
T-47947,2026-01-06,Cena,P-25,2,Canelones de Carne,Principal
T-90798,2026-01-06,Cena,P-22,1,Te Verde,Bebida
T-89536,2026-01-06,Comida,P-18,3,Ensaladilla Rusa,Entrante
T-33469,2026-01-06,Comida,P-22,2,Te Verde,Bebida
T-58175,2026-01-06,Comida,P-08,3,Croquetas de Jamon,Entrante
T-48063,2026-01-06,Comida,P-17,4,Brownie con Helado,Postre
T-77215,2026-01-06,Cena,P-25,4,Canelones de Carne,Principal
T-34675,2026-01-06,Cena,P-22,2,Te Verde,Bebida
T-49579,2026-01-06,Comida,P-24,3,Nuggets de Pollo,Principal
T-49559,2026-01-06,Cena,P-20,3,Paella de Marisco,Principal
T-60814,2026-01-06,Cena,P-22,3,Te Verde,Bebida
T-67267,2026-01-06,Cena,P-16,2,Agua Mineral,Bebida
T-91332,2026-01-06,Cena,P-14,2,Tortilla de Patatas,Entrante
T-26092,2026-01-06,Cena,P-02,1,Ensalada Cesar,Entrante
T-27952,2026-01-07,Cena,P-11,3,Salmon a la Plancha,Principal
T-47734,2026-01-07,Comida,P-22,2,Te Verde,Bebida
T-45183,2026-01-07,Cena,P-18,1,Ensaladilla Rusa,Entrante
T-92753,2026-01-07,Cena,P-25,4,Canelones de Carne,Principal
T-83287,2026-01-07,Cena,P-25,2,Canelones de Carne,Principal
T-29576,2026-01-07,Cena,P-03,4,Pasta Carbonara IA,Principal
T-74286,2026-01-07,Comida,P-17,1,Brownie con Helado,Postre
T-56970,2026-01-07,Comida,P-25,4,Canelones de Carne,Principal
T-48044,2026-01-07,Cena,P-23,4,Tiramisu de la Casa,Postre
T-93574,2026-01-07,Cena,P-13,2,Bacalao al Horno,Principal
T-71328,2026-01-07,Comida,P-15,2,Cerveza Artesana,Bebida
T-85916,2026-01-07,Comida,P-03,2,Pasta Carbonara IA,Principal
T-64581,2026-01-08,Cena,P-03,2,Pasta Carbonara IA,Principal
T-31552,2026-01-08,Comida,P-14,3,Tortilla de Patatas,Entrante
T-84484,2026-01-08,Comida,P-14,1,Tortilla de Patatas,Entrante
T-53364,2026-01-08,Cena,P-17,2,Brownie con Helado,Postre
T-48004,2026-01-08,Comida,P-22,2,Te Verde,Bebida
T-57755,2026-01-08,Comida,P-21,2,Cafe Solo,Bebida
T-77112,2026-01-08,Cena,P-10,1,Solomillo Iberico,Principal
T-85194,2026-01-09,Comida,P-05,3,Refresco Cola,Bebida
T-46544,2026-01-09,Cena,P-02,1,Ensalada Cesar,Entrante
T-52241,2026-01-09,Comida,P-17,4,Brownie con Helado,Postre
T-76120,2026-01-09,Cena,P-14,3,Tortilla de Patatas,Entrante
T-54012,2026-01-09,Cena,P-24,4,Nuggets de Pollo,Principal
T-31048,2026-01-09,Comida,P-19,2,Entrecot Ternera,Principal
T-86752,2026-01-09,Cena,P-20,3,Paella de Marisco,Principal
T-72891,2026-01-09,Cena,P-13,4,Bacalao al Horno,Principal
T-32363,2026-01-09,Cena,P-25,4,Canelones de Carne,Principal
T-47527,2026-01-09,Cena,P-10,4,Solomillo Iberico,Principal
T-97119,2026-01-09,Cena,P-16,2,Agua Mineral,Bebida
T-52562,2026-01-09,Comida,P-13,2,Bacalao al Horno,Principal
T-76557,2026-01-09,Cena,P-16,1,Agua Mineral,Bebida
T-88283,2026-01-09,Comida,P-20,2,Paella de Marisco,Principal
T-86221,2026-01-09,Comida,P-25,3,Canelones de Carne,Principal
T-64020,2026-01-09,Comida,P-09,1,Gazpacho Andaluz,Entrante
T-67054,2026-01-09,Comida,P-16,3,Agua Mineral,Bebida
T-67948,2026-01-09,Cena,P-06,2,Vino Tinto Copa,Bebida
T-25958,2026-01-09,Comida,P-17,3,Brownie con Helado,Postre
T-74333,2026-01-09,Cena,P-22,3,Te Verde,Bebida
T-86156,2026-01-09,Cena,P-14,4,Tortilla de Patatas,Entrante
T-88499,2026-01-09,Cena,P-13,1,Bacalao al Horno,Principal
T-65991,2026-01-09,Cena,P-14,4,Tortilla de Patatas,Entrante
T-26722,2026-01-09,Comida,P-10,2,Solomillo Iberico,Principal
T-38501,2026-01-09,Cena,P-10,4,Solomillo Iberico,Principal
T-92703,2026-01-09,Comida,P-09,2,Gazpacho Andaluz,Entrante
T-94221,2026-01-09,Cena,P-05,2,Refresco Cola,Bebida
T-92584,2026-01-09,Cena,P-06,3,Vino Tinto Copa,Bebida
T-51937,2026-01-09,Comida,P-12,3,Risotto de Setas,Principal
T-93057,2026-01-09,Comida,P-03,4,Pasta Carbonara IA,Principal
T-29291,2026-01-09,Comida,P-03,4,Pasta Carbonara IA,Principal
T-89236,2026-01-09,Comida,P-25,4,Canelones de Carne,Principal
T-24967,2026-01-10,Comida,P-14,1,Tortilla de Patatas,Entrante
T-50619,2026-01-10,Comida,P-16,2,Agua Mineral,Bebida
T-31267,2026-01-10,Cena,P-01,4,Hamburguesa Smart,Principal
T-35604,2026-01-10,Comida,P-09,4,Gazpacho Andaluz,Entrante
T-80837,2026-01-10,Comida,P-03,1,Pasta Carbonara IA,Principal
T-24685,2026-01-10,Comida,P-16,2,Agua Mineral,Bebida
T-72502,2026-01-10,Cena,P-10,4,Solomillo Iberico,Principal
T-36344,2026-01-10,Comida,P-03,3,Pasta Carbonara IA,Principal
T-47132,2026-01-10,Comida,P-06,2,Vino Tinto Copa,Bebida
T-75729,2026-01-10,Cena,P-04,4,Tarta de Queso Casera,Postre
T-59380,2026-01-10,Comida,P-14,2,Tortilla de Patatas,Entrante
T-65392,2026-01-10,Comida,P-10,2,Solomillo Iberico,Principal
T-54977,2026-01-10,Cena,P-12,4,Risotto de Setas,Principal
T-41717,2026-01-10,Cena,P-17,1,Brownie con Helado,Postre
T-58176,2026-01-10,Cena,P-08,2,Croquetas de Jamon,Entrante
T-69342,2026-01-10,Comida,P-24,4,Nuggets de Pollo,Principal
T-30635,2026-01-10,Cena,P-25,2,Canelones de Carne,Principal
T-35184,2026-01-10,Cena,P-13,2,Bacalao al Horno,Principal
T-31926,2026-01-10,Cena,P-17,3,Brownie con Helado,Postre
T-65014,2026-01-10,Cena,P-21,1,Cafe Solo,Bebida
T-85865,2026-01-10,Cena,P-15,3,Cerveza Artesana,Bebida
T-90807,2026-01-10,Cena,P-12,4,Risotto de Setas,Principal
T-72242,2026-01-10,Cena,P-19,4,Entrecot Ternera,Principal
T-78373,2026-01-10,Cena,P-10,3,Solomillo Iberico,Principal
T-78020,2026-01-10,Cena,P-09,3,Gazpacho Andaluz,Entrante
T-38309,2026-01-10,Cena,P-23,1,Tiramisu de la Casa,Postre
T-57091,2026-01-10,Comida,P-09,2,Gazpacho Andaluz,Entrante
T-52030,2026-01-10,Cena,P-17,4,Brownie con Helado,Postre
T-98333,2026-01-11,Comida,P-09,3,Gazpacho Andaluz,Entrante
T-85625,2026-01-11,Cena,P-06,1,Vino Tinto Copa,Bebida
T-99518,2026-01-11,Cena,P-25,3,Canelones de Carne,Principal
T-93450,2026-01-11,Comida,P-12,3,Risotto de Setas,Principal
T-47541,2026-01-11,Comida,P-21,1,Cafe Solo,Bebida
T-73275,2026-01-11,Cena,P-19,1,Entrecot Ternera,Principal
T-43256,2026-01-11,Comida,P-04,1,Tarta de Queso Casera,Postre
T-48238,2026-01-11,Cena,P-05,2,Refresco Cola,Bebida
T-84235,2026-01-11,Cena,P-23,4,Tiramisu de la Casa,Postre
T-99347,2026-01-11,Cena,P-17,2,Brownie con Helado,Postre
T-61345,2026-01-11,Comida,P-21,3,Cafe Solo,Bebida
T-69911,2026-01-11,Cena,P-10,2,Solomillo Iberico,Principal
T-75408,2026-01-11,Cena,P-10,4,Solomillo Iberico,Principal
T-23560,2026-01-11,Cena,P-14,3,Tortilla de Patatas,Entrante
T-38018,2026-01-11,Comida,P-20,4,Paella de Marisco,Principal
T-45459,2026-01-11,Cena,P-21,4,Cafe Solo,Bebida
T-32623,2026-01-11,Comida,P-13,2,Bacalao al Horno,Principal
T-52431,2026-01-11,Cena,P-20,2,Paella de Marisco,Principal
T-94994,2026-01-11,Comida,P-25,3,Canelones de Carne,Principal
T-85394,2026-01-11,Cena,P-18,2,Ensaladilla Rusa,Entrante
T-42294,2026-01-11,Cena,P-14,2,Tortilla de Patatas,Entrante
T-88363,2026-01-11,Cena,P-02,1,Ensalada Cesar,Entrante
T-81767,2026-01-11,Cena,P-07,2,Pizza Margarita,Principal
T-34538,2026-01-11,Cena,P-12,2,Risotto de Setas,Principal
T-72645,2026-01-11,Cena,P-12,1,Risotto de Setas,Principal
T-40187,2026-01-12,Cena,P-08,1,Croquetas de Jamon,Entrante
T-84653,2026-01-12,Cena,P-18,3,Ensaladilla Rusa,Entrante
T-64035,2026-01-12,Comida,P-14,1,Tortilla de Patatas,Entrante
T-35198,2026-01-12,Cena,P-04,2,Tarta de Queso Casera,Postre
T-33654,2026-01-12,Comida,P-06,1,Vino Tinto Copa,Bebida
T-22609,2026-01-12,Cena,P-02,2,Ensalada Cesar,Entrante
T-79736,2026-01-12,Comida,P-09,3,Gazpacho Andaluz,Entrante
T-87669,2026-01-12,Cena,P-24,1,Nuggets de Pollo,Principal
T-91332,2026-01-12,Cena,P-01,4,Hamburguesa Smart,Principal
T-21998,2026-01-12,Cena,P-25,1,Canelones de Carne,Principal
T-45637,2026-01-12,Cena,P-23,1,Tiramisu de la Casa,Postre
T-93297,2026-01-12,Cena,P-02,3,Ensalada Cesar,Entrante
T-55959,2026-01-12,Comida,P-25,4,Canelones de Carne,Principal
T-25198,2026-01-12,Cena,P-15,4,Cerveza Artesana,Bebida
T-72583,2026-01-12,Comida,P-10,3,Solomillo Iberico,Principal
T-96593,2026-01-12,Comida,P-20,2,Paella de Marisco,Principal
T-31393,2026-01-13,Cena,P-12,2,Risotto de Setas,Principal
T-32426,2026-01-13,Comida,P-24,3,Nuggets de Pollo,Principal
T-70866,2026-01-13,Comida,P-14,4,Tortilla de Patatas,Entrante
T-96869,2026-01-13,Comida,P-21,3,Cafe Solo,Bebida
T-94875,2026-01-13,Comida,P-02,3,Ensalada Cesar,Entrante
T-68838,2026-01-13,Comida,P-15,2,Cerveza Artesana,Bebida
T-31365,2026-01-13,Comida,P-18,3,Ensaladilla Rusa,Entrante
T-65885,2026-01-13,Cena,P-02,2,Ensalada Cesar,Entrante
T-95030,2026-01-13,Comida,P-23,4,Tiramisu de la Casa,Postre
T-89591,2026-01-13,Cena,P-19,1,Entrecot Ternera,Principal
T-75148,2026-01-13,Comida,P-03,1,Pasta Carbonara IA,Principal
T-90471,2026-01-13,Cena,P-10,1,Solomillo Iberico,Principal
T-51999,2026-01-13,Comida,P-07,4,Pizza Margarita,Principal
T-63443,2026-01-13,Cena,P-17,4,Brownie con Helado,Postre
T-26964,2026-01-13,Comida,P-22,4,Te Verde,Bebida
T-26899,2026-01-13,Cena,P-15,2,Cerveza Artesana,Bebida
T-42301,2026-01-13,Comida,P-12,4,Risotto de Setas,Principal
T-88316,2026-01-13,Cena,P-16,3,Agua Mineral,Bebida
T-22513,2026-01-13,Cena,P-07,4,Pizza Margarita,Principal
T-66667,2026-01-13,Comida,P-03,2,Pasta Carbonara IA,Principal
T-40721,2026-01-14,Cena,P-01,3,Hamburguesa Smart,Principal
T-69769,2026-01-14,Cena,P-05,2,Refresco Cola,Bebida
T-79559,2026-01-14,Cena,P-24,3,Nuggets de Pollo,Principal
T-48738,2026-01-14,Cena,P-11,2,Salmon a la Plancha,Principal
T-69903,2026-01-14,Cena,P-03,3,Pasta Carbonara IA,Principal
T-39967,2026-01-14,Comida,P-18,3,Ensaladilla Rusa,Entrante
T-62075,2026-01-14,Cena,P-13,2,Bacalao al Horno,Principal
T-61811,2026-01-14,Cena,P-14,4,Tortilla de Patatas,Entrante
T-88199,2026-01-14,Cena,P-13,2,Bacalao al Horno,Principal
T-81830,2026-01-14,Cena,P-11,2,Salmon a la Plancha,Principal
T-71688,2026-01-14,Comida,P-12,2,Risotto de Setas,Principal
T-70232,2026-01-14,Cena,P-19,2,Entrecot Ternera,Principal
T-54431,2026-01-14,Cena,P-20,1,Paella de Marisco,Principal
T-84285,2026-01-14,Comida,P-25,2,Canelones de Carne,Principal
T-58006,2026-01-14,Cena,P-12,3,Risotto de Setas,Principal
T-20827,2026-01-14,Cena,P-14,2,Tortilla de Patatas,Entrante
T-87257,2026-01-14,Comida,P-15,2,Cerveza Artesana,Bebida
T-85226,2026-01-15,Cena,P-10,3,Solomillo Iberico,Principal
T-71231,2026-01-15,Comida,P-02,2,Ensalada Cesar,Entrante
T-86294,2026-01-15,Cena,P-14,2,Tortilla de Patatas,Entrante
T-30964,2026-01-15,Comida,P-22,3,Te Verde,Bebida
T-39711,2026-01-15,Cena,P-10,2,Solomillo Iberico,Principal
T-72626,2026-01-15,Comida,P-07,2,Pizza Margarita,Principal
T-75601,2026-01-15,Comida,P-07,4,Pizza Margarita,Principal
T-45639,2026-01-15,Cena,P-05,4,Refresco Cola,Bebida
T-59338,2026-01-15,Cena,P-10,2,Solomillo Iberico,Principal
T-29106,2026-01-15,Cena,P-12,4,Risotto de Setas,Principal
T-92602,2026-01-15,Comida,P-03,2,Pasta Carbonara IA,Principal
T-35101,2026-01-15,Comida,P-05,4,Refresco Cola,Bebida
T-74403,2026-01-15,Cena,P-11,2,Salmon a la Plancha,Principal
T-95178,2026-01-15,Comida,P-24,1,Nuggets de Pollo,Principal
T-25294,2026-01-15,Comida,P-06,3,Vino Tinto Copa,Bebida
T-53295,2026-01-15,Cena,P-06,4,Vino Tinto Copa,Bebida
T-62203,2026-01-15,Cena,P-15,1,Cerveza Artesana,Bebida
T-75028,2026-01-15,Cena,P-23,1,Tiramisu de la Casa,Postre
T-43497,2026-01-15,Cena,P-15,3,Cerveza Artesana,Bebida
T-79736,2026-01-15,Comida,P-07,4,Pizza Margarita,Principal
T-85689,2026-01-15,Comida,P-19,3,Entrecot Ternera,Principal
T-40846,2026-01-15,Cena,P-22,4,Te Verde,Bebida
T-95780,2026-01-16,Cena,P-06,1,Vino Tinto Copa,Bebida
T-86121,2026-01-16,Cena,P-09,3,Gazpacho Andaluz,Entrante
T-62984,2026-01-16,Comida,P-15,4,Cerveza Artesana,Bebida
T-48368,2026-01-16,Cena,P-22,2,Te Verde,Bebida
T-97432,2026-01-16,Comida,P-05,4,Refresco Cola,Bebida
T-63535,2026-01-16,Comida,P-21,1,Cafe Solo,Bebida
T-26469,2026-01-16,Comida,P-22,3,Te Verde,Bebida
T-30635,2026-01-16,Cena,P-05,2,Refresco Cola,Bebida
T-61481,2026-01-16,Comida,P-15,1,Cerveza Artesana,Bebida
T-70888,2026-01-16,Cena,P-14,4,Tortilla de Patatas,Entrante
T-68249,2026-01-16,Comida,P-04,3,Tarta de Queso Casera,Postre
T-38761,2026-01-17,Cena,P-07,3,Pizza Margarita,Principal
T-51128,2026-01-17,Cena,P-22,4,Te Verde,Bebida
T-58609,2026-01-17,Cena,P-03,4,Pasta Carbonara IA,Principal
T-89301,2026-01-17,Cena,P-25,2,Canelones de Carne,Principal
T-99470,2026-01-17,Comida,P-24,3,Nuggets de Pollo,Principal
T-67159,2026-01-17,Cena,P-21,1,Cafe Solo,Bebida
T-59886,2026-01-17,Comida,P-03,2,Pasta Carbonara IA,Principal
T-57153,2026-01-17,Cena,P-17,3,Brownie con Helado,Postre
T-83274,2026-01-17,Cena,P-06,2,Vino Tinto Copa,Bebida
T-81839,2026-01-17,Cena,P-17,2,Brownie con Helado,Postre
T-43679,2026-01-17,Cena,P-20,1,Paella de Marisco,Principal
T-36408,2026-01-17,Comida,P-07,3,Pizza Margarita,Principal
T-72327,2026-01-17,Cena,P-19,1,Entrecot Ternera,Principal
T-47231,2026-01-17,Cena,P-05,2,Refresco Cola,Bebida
T-69257,2026-01-17,Comida,P-13,4,Bacalao al Horno,Principal
T-31099,2026-01-17,Cena,P-21,1,Cafe Solo,Bebida
T-98259,2026-01-17,Comida,P-11,2,Salmon a la Plancha,Principal
T-77843,2026-01-17,Comida,P-03,2,Pasta Carbonara IA,Principal
T-45051,2026-01-17,Cena,P-13,4,Bacalao al Horno,Principal
T-44338,2026-01-18,Cena,P-09,2,Gazpacho Andaluz,Entrante
T-88995,2026-01-18,Comida,P-21,4,Cafe Solo,Bebida
T-47384,2026-01-18,Comida,P-21,4,Cafe Solo,Bebida
T-77031,2026-01-18,Cena,P-23,4,Tiramisu de la Casa,Postre
T-96261,2026-01-18,Comida,P-22,2,Te Verde,Bebida
T-81973,2026-01-18,Cena,P-06,3,Vino Tinto Copa,Bebida
T-21912,2026-01-18,Cena,P-25,3,Canelones de Carne,Principal
T-52688,2026-01-18,Cena,P-08,1,Croquetas de Jamon,Entrante
T-70808,2026-01-18,Cena,P-02,2,Ensalada Cesar,Entrante
T-79122,2026-01-18,Cena,P-14,4,Tortilla de Patatas,Entrante
T-99620,2026-01-18,Comida,P-09,1,Gazpacho Andaluz,Entrante
T-71358,2026-01-18,Cena,P-03,1,Pasta Carbonara IA,Principal
T-67415,2026-01-18,Cena,P-09,3,Gazpacho Andaluz,Entrante
T-48202,2026-01-18,Comida,P-08,2,Croquetas de Jamon,Entrante
T-78175,2026-01-18,Comida,P-16,4,Agua Mineral,Bebida
T-93936,2026-01-18,Comida,P-16,4,Agua Mineral,Bebida
T-24290,2026-01-18,Cena,P-10,2,Solomillo Iberico,Principal
T-64172,2026-01-18,Comida,P-05,1,Refresco Cola,Bebida
T-71637,2026-01-18,Cena,P-21,4,Cafe Solo,Bebida
T-33480,2026-01-18,Comida,P-04,4,Tarta de Queso Casera,Postre
T-30818,2026-01-18,Comida,P-06,1,Vino Tinto Copa,Bebida
T-88620,2026-01-18,Cena,P-19,3,Entrecot Ternera,Principal
T-24121,2026-01-19,Cena,P-01,3,Hamburguesa Smart,Principal
T-39677,2026-01-19,Cena,P-20,4,Paella de Marisco,Principal
T-93895,2026-01-19,Comida,P-17,1,Brownie con Helado,Postre
T-84336,2026-01-19,Cena,P-19,2,Entrecot Ternera,Principal
T-21076,2026-01-19,Cena,P-17,1,Brownie con Helado,Postre
T-84102,2026-01-19,Cena,P-16,2,Agua Mineral,Bebida
T-46122,2026-01-19,Comida,P-25,1,Canelones de Carne,Principal
T-39731,2026-01-19,Comida,P-19,4,Entrecot Ternera,Principal
T-27431,2026-01-19,Cena,P-17,3,Brownie con Helado,Postre
T-78821,2026-01-19,Comida,P-21,3,Cafe Solo,Bebida
T-45545,2026-01-19,Comida,P-22,1,Te Verde,Bebida
T-53502,2026-01-19,Cena,P-18,3,Ensaladilla Rusa,Entrante
T-48843,2026-01-19,Cena,P-03,1,Pasta Carbonara IA,Principal
T-31038,2026-01-19,Cena,P-24,2,Nuggets de Pollo,Principal
T-78942,2026-01-19,Cena,P-23,2,Tiramisu de la Casa,Postre
T-55836,2026-01-19,Cena,P-16,4,Agua Mineral,Bebida
T-76723,2026-01-19,Comida,P-14,1,Tortilla de Patatas,Entrante
T-85367,2026-01-19,Cena,P-14,3,Tortilla de Patatas,Entrante
T-45549,2026-01-19,Comida,P-14,4,Tortilla de Patatas,Entrante
T-65524,2026-01-19,Comida,P-07,2,Pizza Margarita,Principal
T-21546,2026-01-19,Cena,P-10,3,Solomillo Iberico,Principal
T-88642,2026-01-19,Cena,P-15,4,Cerveza Artesana,Bebida
T-54597,2026-01-19,Comida,P-08,2,Croquetas de Jamon,Entrante
T-64222,2026-01-19,Cena,P-08,4,Croquetas de Jamon,Entrante
T-56561,2026-01-19,Cena,P-08,3,Croquetas de Jamon,Entrante
T-34979,2026-01-19,Comida,P-03,1,Pasta Carbonara IA,Principal
T-94850,2026-01-19,Cena,P-25,3,Canelones de Carne,Principal
T-87002,2026-01-19,Cena,P-13,1,Bacalao al Horno,Principal
T-61319,2026-01-20,Cena,P-12,4,Risotto de Setas,Principal
T-84334,2026-01-20,Cena,P-03,4,Pasta Carbonara IA,Principal
T-86885,2026-01-20,Comida,P-18,3,Ensaladilla Rusa,Entrante
T-41955,2026-01-20,Comida,P-10,4,Solomillo Iberico,Principal
T-38664,2026-01-20,Cena,P-22,3,Te Verde,Bebida
T-32524,2026-01-20,Cena,P-24,1,Nuggets de Pollo,Principal
T-33095,2026-01-20,Cena,P-19,4,Entrecot Ternera,Principal
T-89690,2026-01-20,Cena,P-03,1,Pasta Carbonara IA,Principal
T-58143,2026-01-20,Comida,P-17,1,Brownie con Helado,Postre
T-52592,2026-01-20,Cena,P-21,3,Cafe Solo,Bebida
T-34829,2026-01-20,Cena,P-19,2,Entrecot Ternera,Principal
T-64638,2026-01-20,Comida,P-16,3,Agua Mineral,Bebida
T-40891,2026-01-20,Cena,P-23,3,Tiramisu de la Casa,Postre
T-34057,2026-01-20,Cena,P-10,2,Solomillo Iberico,Principal
T-92809,2026-01-20,Cena,P-22,4,Te Verde,Bebida
T-34738,2026-01-20,Cena,P-08,4,Croquetas de Jamon,Entrante
T-24238,2026-01-20,Comida,P-02,4,Ensalada Cesar,Entrante
T-50050,2026-01-20,Cena,P-18,4,Ensaladilla Rusa,Entrante
T-20370,2026-01-20,Cena,P-21,1,Cafe Solo,Bebida
T-87213,2026-01-21,Cena,P-01,2,Hamburguesa Smart,Principal
T-44302,2026-01-21,Cena,P-21,4,Cafe Solo,Bebida
T-96809,2026-01-21,Cena,P-10,1,Solomillo Iberico,Principal
T-73309,2026-01-21,Cena,P-09,3,Gazpacho Andaluz,Entrante
T-83874,2026-01-21,Comida,P-19,4,Entrecot Ternera,Principal
T-83194,2026-01-21,Comida,P-10,4,Solomillo Iberico,Principal
T-57047,2026-01-21,Cena,P-25,2,Canelones de Carne,Principal
T-47692,2026-01-21,Cena,P-08,4,Croquetas de Jamon,Entrante
T-54971,2026-01-21,Cena,P-01,3,Hamburguesa Smart,Principal
T-83486,2026-01-21,Cena,P-20,3,Paella de Marisco,Principal
T-69498,2026-01-21,Comida,P-15,3,Cerveza Artesana,Bebida
T-48067,2026-01-21,Cena,P-13,1,Bacalao al Horno,Principal
T-24212,2026-01-21,Comida,P-20,4,Paella de Marisco,Principal
T-77492,2026-01-21,Comida,P-10,1,Solomillo Iberico,Principal
T-81503,2026-01-21,Cena,P-08,1,Croquetas de Jamon,Entrante
T-42496,2026-01-21,Cena,P-15,1,Cerveza Artesana,Bebida
T-78233,2026-01-21,Comida,P-17,2,Brownie con Helado,Postre
T-80120,2026-01-21,Comida,P-06,3,Vino Tinto Copa,Bebida
T-40827,2026-01-21,Cena,P-18,2,Ensaladilla Rusa,Entrante
T-46456,2026-01-21,Cena,P-20,2,Paella de Marisco,Principal
T-73187,2026-01-21,Comida,P-15,3,Cerveza Artesana,Bebida
T-94045,2026-01-21,Cena,P-15,3,Cerveza Artesana,Bebida
T-82377,2026-01-21,Cena,P-21,2,Cafe Solo,Bebida
T-92906,2026-01-21,Cena,P-11,3,Salmon a la Plancha,Principal
T-56133,2026-01-21,Cena,P-24,1,Nuggets de Pollo,Principal
T-39371,2026-01-21,Comida,P-18,1,Ensaladilla Rusa,Entrante
T-59128,2026-01-21,Cena,P-23,3,Tiramisu de la Casa,Postre
T-48231,2026-01-22,Cena,P-19,1,Entrecot Ternera,Principal
T-20041,2026-01-22,Cena,P-04,4,Tarta de Queso Casera,Postre
T-88228,2026-01-22,Cena,P-15,1,Cerveza Artesana,Bebida
T-78170,2026-01-22,Cena,P-25,2,Canelones de Carne,Principal
T-94059,2026-01-22,Cena,P-19,1,Entrecot Ternera,Principal
T-84410,2026-01-22,Comida,P-07,3,Pizza Margarita,Principal
T-73061,2026-01-22,Cena,P-09,2,Gazpacho Andaluz,Entrante
T-79383,2026-01-22,Comida,P-14,1,Tortilla de Patatas,Entrante
T-94966,2026-01-22,Cena,P-11,3,Salmon a la Plancha,Principal
T-59217,2026-01-22,Cena,P-13,3,Bacalao al Horno,Principal
T-95349,2026-01-22,Cena,P-06,1,Vino Tinto Copa,Bebida
T-58071,2026-01-22,Cena,P-14,1,Tortilla de Patatas,Entrante
T-75163,2026-01-22,Cena,P-18,3,Ensaladilla Rusa,Entrante
T-35931,2026-01-22,Comida,P-06,4,Vino Tinto Copa,Bebida
T-93505,2026-01-22,Cena,P-02,2,Ensalada Cesar,Entrante
T-50479,2026-01-22,Cena,P-09,3,Gazpacho Andaluz,Entrante
T-80977,2026-01-22,Cena,P-22,1,Te Verde,Bebida
T-49553,2026-01-22,Comida,P-10,3,Solomillo Iberico,Principal
T-88961,2026-01-22,Cena,P-18,3,Ensaladilla Rusa,Entrante
T-24434,2026-01-22,Comida,P-25,4,Canelones de Carne,Principal
T-61692,2026-01-22,Cena,P-24,2,Nuggets de Pollo,Principal
T-46761,2026-01-22,Cena,P-23,4,Tiramisu de la Casa,Postre
T-76995,2026-01-22,Cena,P-20,1,Paella de Marisco,Principal
T-88088,2026-01-22,Comida,P-14,2,Tortilla de Patatas,Entrante
T-84810,2026-01-23,Comida,P-02,3,Ensalada Cesar,Entrante
T-92249,2026-01-23,Cena,P-02,2,Ensalada Cesar,Entrante
T-33703,2026-01-23,Cena,P-07,1,Pizza Margarita,Principal
T-24450,2026-01-23,Cena,P-16,1,Agua Mineral,Bebida
T-41372,2026-01-23,Cena,P-07,4,Pizza Margarita,Principal
T-20678,2026-01-23,Cena,P-23,1,Tiramisu de la Casa,Postre
T-67291,2026-01-23,Comida,P-12,2,Risotto de Setas,Principal
T-80325,2026-01-23,Cena,P-01,2,Hamburguesa Smart,Principal
T-79966,2026-01-23,Comida,P-25,3,Canelones de Carne,Principal
T-95502,2026-01-23,Comida,P-06,1,Vino Tinto Copa,Bebida
T-50567,2026-01-23,Cena,P-19,4,Entrecot Ternera,Principal
T-44931,2026-01-23,Comida,P-15,2,Cerveza Artesana,Bebida
T-64410,2026-01-23,Cena,P-18,2,Ensaladilla Rusa,Entrante
T-52614,2026-01-23,Comida,P-06,1,Vino Tinto Copa,Bebida
T-50042,2026-01-23,Cena,P-05,3,Refresco Cola,Bebida
T-21872,2026-01-23,Cena,P-20,4,Paella de Marisco,Principal
T-48463,2026-01-23,Cena,P-13,2,Bacalao al Horno,Principal
T-39794,2026-01-23,Comida,P-08,4,Croquetas de Jamon,Entrante
T-92855,2026-01-23,Cena,P-06,3,Vino Tinto Copa,Bebida
T-34099,2026-01-23,Cena,P-21,2,Cafe Solo,Bebida
T-78472,2026-01-24,Cena,P-05,4,Refresco Cola,Bebida
T-95133,2026-01-24,Cena,P-02,1,Ensalada Cesar,Entrante
T-95199,2026-01-24,Comida,P-21,2,Cafe Solo,Bebida
T-92189,2026-01-24,Cena,P-25,3,Canelones de Carne,Principal
T-51994,2026-01-24,Cena,P-21,3,Cafe Solo,Bebida
T-37797,2026-01-24,Cena,P-16,1,Agua Mineral,Bebida
T-92223,2026-01-24,Comida,P-03,2,Pasta Carbonara IA,Principal
T-97076,2026-01-24,Cena,P-21,1,Cafe Solo,Bebida
T-61233,2026-01-24,Cena,P-04,4,Tarta de Queso Casera,Postre
T-45118,2026-01-24,Comida,P-14,3,Tortilla de Patatas,Entrante
T-34158,2026-01-24,Cena,P-01,4,Hamburguesa Smart,Principal
T-88918,2026-01-24,Cena,P-19,3,Entrecot Ternera,Principal
T-31189,2026-01-25,Cena,P-21,1,Cafe Solo,Bebida
T-31582,2026-01-25,Comida,P-02,1,Ensalada Cesar,Entrante
T-29871,2026-01-25,Cena,P-04,3,Tarta de Queso Casera,Postre
T-95212,2026-01-25,Cena,P-06,1,Vino Tinto Copa,Bebida
T-84311,2026-01-25,Comida,P-20,1,Paella de Marisco,Principal
T-73054,2026-01-25,Cena,P-10,4,Solomillo Iberico,Principal
T-88938,2026-01-25,Cena,P-06,1,Vino Tinto Copa,Bebida
T-46008,2026-01-25,Comida,P-10,2,Solomillo Iberico,Principal
T-40126,2026-01-25,Cena,P-24,4,Nuggets de Pollo,Principal
T-69425,2026-01-25,Cena,P-11,1,Salmon a la Plancha,Principal
T-88919,2026-01-25,Cena,P-22,4,Te Verde,Bebida
T-70933,2026-01-25,Cena,P-02,2,Ensalada Cesar,Entrante
T-56747,2026-01-25,Cena,P-15,3,Cerveza Artesana,Bebida
T-78819,2026-01-25,Cena,P-04,1,Tarta de Queso Casera,Postre
T-76837,2026-01-25,Comida,P-20,2,Paella de Marisco,Principal
T-30080,2026-01-25,Cena,P-04,2,Tarta de Queso Casera,Postre
T-65483,2026-01-25,Comida,P-11,1,Salmon a la Plancha,Principal
T-59252,2026-01-25,Comida,P-08,2,Croquetas de Jamon,Entrante
T-23244,2026-01-25,Cena,P-20,3,Paella de Marisco,Principal
T-28111,2026-01-25,Cena,P-10,2,Solomillo Iberico,Principal
T-79452,2026-01-25,Comida,P-23,3,Tiramisu de la Casa,Postre
T-97322,2026-01-25,Cena,P-20,2,Paella de Marisco,Principal
T-41556,2026-01-25,Comida,P-05,2,Refresco Cola,Bebida
T-40982,2026-01-25,Cena,P-23,2,Tiramisu de la Casa,Postre
T-49681,2026-01-25,Cena,P-20,3,Paella de Marisco,Principal
T-40568,2026-01-25,Cena,P-11,4,Salmon a la Plancha,Principal
T-67668,2026-01-25,Cena,P-02,2,Ensalada Cesar,Entrante
T-38634,2026-01-26,Cena,P-25,4,Canelones de Carne,Principal
T-26760,2026-01-26,Cena,P-09,3,Gazpacho Andaluz,Entrante
T-99479,2026-01-26,Cena,P-06,3,Vino Tinto Copa,Bebida
T-90871,2026-01-26,Cena,P-06,1,Vino Tinto Copa,Bebida
T-80431,2026-01-26,Comida,P-16,1,Agua Mineral,Bebida
T-75137,2026-01-26,Comida,P-19,1,Entrecot Ternera,Principal
T-82249,2026-01-26,Cena,P-22,4,Te Verde,Bebida
T-96801,2026-01-26,Comida,P-24,3,Nuggets de Pollo,Principal
T-52782,2026-01-26,Cena,P-10,4,Solomillo Iberico,Principal
T-45598,2026-01-26,Cena,P-23,2,Tiramisu de la Casa,Postre
T-37677,2026-01-26,Comida,P-03,3,Pasta Carbonara IA,Principal
T-97882,2026-01-26,Comida,P-01,4,Hamburguesa Smart,Principal
T-63771,2026-01-26,Cena,P-23,3,Tiramisu de la Casa,Postre
T-86347,2026-01-26,Cena,P-18,2,Ensaladilla Rusa,Entrante
T-76705,2026-01-26,Comida,P-13,3,Bacalao al Horno,Principal
T-51669,2026-01-26,Cena,P-08,1,Croquetas de Jamon,Entrante
T-60784,2026-01-26,Cena,P-05,2,Refresco Cola,Bebida
T-57877,2026-01-26,Cena,P-17,2,Brownie con Helado,Postre
T-56454,2026-01-26,Comida,P-19,2,Entrecot Ternera,Principal
T-29424,2026-01-26,Comida,P-21,2,Cafe Solo,Bebida
T-61669,2026-01-26,Comida,P-25,4,Canelones de Carne,Principal
T-23757,2026-01-26,Cena,P-03,1,Pasta Carbonara IA,Principal
T-23153,2026-01-26,Cena,P-02,3,Ensalada Cesar,Entrante
T-91389,2026-01-26,Comida,P-01,3,Hamburguesa Smart,Principal
T-87220,2026-01-26,Comida,P-06,1,Vino Tinto Copa,Bebida
T-76174,2026-01-26,Cena,P-13,2,Bacalao al Horno,Principal
T-94413,2026-01-26,Cena,P-24,3,Nuggets de Pollo,Principal
T-53176,2026-01-26,Comida,P-07,2,Pizza Margarita,Principal
T-38304,2026-01-26,Cena,P-07,2,Pizza Margarita,Principal
T-97397,2026-01-26,Cena,P-23,4,Tiramisu de la Casa,Postre
T-47270,2026-01-26,Cena,P-21,2,Cafe Solo,Bebida
T-99582,2026-01-26,Cena,P-18,4,Ensaladilla Rusa,Entrante
T-88689,2026-01-27,Comida,P-08,4,Croquetas de Jamon,Entrante
T-56047,2026-01-27,Cena,P-11,3,Salmon a la Plancha,Principal
T-77671,2026-01-27,Cena,P-19,3,Entrecot Ternera,Principal
T-90211,2026-01-27,Cena,P-25,4,Canelones de Carne,Principal
T-68213,2026-01-27,Comida,P-03,2,Pasta Carbonara IA,Principal
T-74080,2026-01-27,Comida,P-01,3,Hamburguesa Smart,Principal
T-47216,2026-01-27,Comida,P-13,3,Bacalao al Horno,Principal
T-37598,2026-01-27,Cena,P-15,2,Cerveza Artesana,Bebida
T-86254,2026-01-27,Comida,P-17,1,Brownie con Helado,Postre
T-25504,2026-01-27,Comida,P-24,2,Nuggets de Pollo,Principal
T-88478,2026-01-27,Cena,P-03,3,Pasta Carbonara IA,Principal
T-32614,2026-01-27,Comida,P-20,3,Paella de Marisco,Principal
T-72989,2026-01-27,Cena,P-11,4,Salmon a la Plancha,Principal
T-31610,2026-01-27,Cena,P-10,3,Solomillo Iberico,Principal
T-91861,2026-01-27,Cena,P-15,3,Cerveza Artesana,Bebida
T-64624,2026-01-28,Comida,P-11,4,Salmon a la Plancha,Principal
T-74909,2026-01-28,Comida,P-15,3,Cerveza Artesana,Bebida
T-36573,2026-01-28,Cena,P-12,4,Risotto de Setas,Principal
T-43801,2026-01-28,Comida,P-05,4,Refresco Cola,Bebida
T-60588,2026-01-28,Cena,P-04,2,Tarta de Queso Casera,Postre
T-51078,2026-01-28,Comida,P-23,1,Tiramisu de la Casa,Postre
T-76955,2026-01-28,Cena,P-08,1,Croquetas de Jamon,Entrante
T-26866,2026-01-28,Comida,P-23,1,Tiramisu de la Casa,Postre
T-32261,2026-01-28,Cena,P-09,2,Gazpacho Andaluz,Entrante
T-26538,2026-01-28,Comida,P-18,4,Ensaladilla Rusa,Entrante
T-37680,2026-01-28,Cena,P-16,1,Agua Mineral,Bebida
T-73996,2026-01-28,Cena,P-10,4,Solomillo Iberico,Principal
T-99068,2026-01-28,Comida,P-13,3,Bacalao al Horno,Principal
T-55433,2026-01-28,Comida,P-19,1,Entrecot Ternera,Principal
T-68130,2026-01-28,Cena,P-16,2,Agua Mineral,Bebida
T-50794,2026-01-28,Cena,P-08,2,Croquetas de Jamon,Entrante
T-65340,2026-01-28,Cena,P-03,1,Pasta Carbonara IA,Principal
T-94401,2026-01-28,Cena,P-10,3,Solomillo Iberico,Principal
T-77160,2026-01-28,Comida,P-14,2,Tortilla de Patatas,Entrante
T-37411,2026-01-28,Cena,P-13,1,Bacalao al Horno,Principal
T-43785,2026-01-28,Comida,P-10,1,Solomillo Iberico,Principal
T-73843,2026-01-28,Cena,P-19,1,Entrecot Ternera,Principal
T-66906,2026-01-28,Comida,P-21,2,Cafe Solo,Bebida
T-36035,2026-01-28,Comida,P-09,1,Gazpacho Andaluz,Entrante
T-65371,2026-01-28,Cena,P-15,1,Cerveza Artesana,Bebida
T-46442,2026-01-28,Cena,P-08,2,Croquetas de Jamon,Entrante
T-25816,2026-01-28,Cena,P-04,1,Tarta de Queso Casera,Postre
T-35667,2026-01-28,Comida,P-03,4,Pasta Carbonara IA,Principal
T-40102,2026-01-29,Cena,P-18,3,Ensaladilla Rusa,Entrante
T-36541,2026-01-29,Cena,P-04,4,Tarta de Queso Casera,Postre
T-94071,2026-01-29,Cena,P-23,4,Tiramisu de la Casa,Postre
T-60548,2026-01-29,Comida,P-03,1,Pasta Carbonara IA,Principal
T-90506,2026-01-29,Cena,P-19,2,Entrecot Ternera,Principal
T-25282,2026-01-29,Cena,P-02,2,Ensalada Cesar,Entrante
T-33134,2026-01-29,Comida,P-11,2,Salmon a la Plancha,Principal
T-34791,2026-01-29,Comida,P-13,3,Bacalao al Horno,Principal
T-67022,2026-01-29,Comida,P-20,1,Paella de Marisco,Principal
T-43749,2026-01-29,Comida,P-02,1,Ensalada Cesar,Entrante
T-57743,2026-01-29,Comida,P-02,1,Ensalada Cesar,Entrante
T-73157,2026-01-29,Cena,P-13,1,Bacalao al Horno,Principal
T-80469,2026-01-29,Cena,P-12,2,Risotto de Setas,Principal
T-27502,2026-01-29,Comida,P-02,1,Ensalada Cesar,Entrante
T-55565,2026-01-29,Cena,P-12,4,Risotto de Setas,Principal
T-53870,2026-01-29,Cena,P-08,4,Croquetas de Jamon,Entrante
T-69529,2026-01-29,Cena,P-04,3,Tarta de Queso Casera,Postre
T-86893,2026-01-29,Cena,P-23,1,Tiramisu de la Casa,Postre
T-79742,2026-01-29,Cena,P-01,1,Hamburguesa Smart,Principal
T-80001,2026-01-30,Cena,P-22,4,Te Verde,Bebida
T-76701,2026-01-30,Cena,P-05,3,Refresco Cola,Bebida
T-21290,2026-01-30,Cena,P-15,3,Cerveza Artesana,Bebida
T-37453,2026-01-30,Cena,P-16,2,Agua Mineral,Bebida
T-92031,2026-01-30,Cena,P-20,4,Paella de Marisco,Principal
T-25222,2026-01-30,Comida,P-25,1,Canelones de Carne,Principal
T-77693,2026-01-30,Cena,P-03,4,Pasta Carbonara IA,Principal
T-53732,2026-01-30,Cena,P-03,4,Pasta Carbonara IA,Principal
T-86549,2026-01-30,Cena,P-15,3,Cerveza Artesana,Bebida
T-58782,2026-01-30,Comida,P-07,3,Pizza Margarita,Principal
T-90458,2026-01-30,Cena,P-18,2,Ensaladilla Rusa,Entrante
T-41072,2026-01-30,Comida,P-05,1,Refresco Cola,Bebida
T-66536,2026-01-30,Comida,P-07,4,Pizza Margarita,Principal
T-56069,2026-01-30,Comida,P-23,4,Tiramisu de la Casa,Postre
T-91094,2026-01-30,Cena,P-25,1,Canelones de Carne,Principal
T-63620,2026-01-30,Cena,P-17,1,Brownie con Helado,Postre
T-94775,2026-01-30,Cena,P-19,4,Entrecot Ternera,Principal
T-24758,2026-01-30,Cena,P-09,4,Gazpacho Andaluz,Entrante
T-87528,2026-01-30,Cena,P-22,2,Te Verde,Bebida
T-43290,2026-01-30,Comida,P-24,2,Nuggets de Pollo,Principal
T-56600,2026-01-30,Comida,P-05,1,Refresco Cola,Bebida
T-63961,2026-01-30,Cena,P-21,3,Cafe Solo,Bebida
T-99557,2026-01-30,Comida,P-23,4,Tiramisu de la Casa,Postre
T-88177,2026-01-30,Cena,P-23,3,Tiramisu de la Casa,Postre
T-32518,2026-01-30,Comida,P-05,4,Refresco Cola,Bebida
T-48822,2026-01-30,Comida,P-19,3,Entrecot Ternera,Principal
T-55512,2026-01-31,Comida,P-16,3,Agua Mineral,Bebida
T-22901,2026-01-31,Cena,P-06,3,Vino Tinto Copa,Bebida
T-64756,2026-01-31,Comida,P-14,4,Tortilla de Patatas,Entrante
T-24878,2026-01-31,Cena,P-01,1,Hamburguesa Smart,Principal
T-83315,2026-01-31,Comida,P-04,3,Tarta de Queso Casera,Postre
T-49367,2026-01-31,Cena,P-22,1,Te Verde,Bebida
T-92540,2026-01-31,Comida,P-06,3,Vino Tinto Copa,Bebida
T-21786,2026-01-31,Comida,P-06,1,Vino Tinto Copa,Bebida
T-60377,2026-01-31,Cena,P-23,4,Tiramisu de la Casa,Postre
T-86362,2026-01-31,Cena,P-24,2,Nuggets de Pollo,Principal
T-59415,2026-01-31,Cena,P-24,4,Nuggets de Pollo,Principal
T-31163,2026-01-31,Cena,P-20,1,Paella de Marisco,Principal
T-64936,2026-01-31,Cena,P-07,2,Pizza Margarita,Principal
T-36090,2026-01-31,Cena,P-17,4,Brownie con Helado,Postre
T-46984,2026-01-31,Cena,P-17,1,Brownie con Helado,Postre
T-99518,2026-01-31,Cena,P-07,2,Pizza Margarita,Principal
T-84876,2026-01-31,Comida,P-05,1,Refresco Cola,Bebida
T-93673,2026-01-31,Cena,P-14,1,Tortilla de Patatas,Entrante
T-43341,2026-01-31,Cena,P-22,3,Te Verde,Bebida
T-56109,2026-01-31,Cena,P-04,2,Tarta de Queso Casera,Postre
T-77790,2026-01-31,Cena,P-02,1,Ensalada Cesar,Entrante
T-69948,2026-01-31,Cena,P-09,3,Gazpacho Andaluz,Entrante
T-35294,2026-01-31,Cena,P-07,1,Pizza Margarita,Principal
T-72584,2026-01-31,Comida,P-18,3,Ensaladilla Rusa,Entrante
T-93988,2026-01-31,Comida,P-11,2,Salmon a la Plancha,Principal
T-36594,2026-01-31,Cena,P-12,1,Risotto de Setas,Principal
T-47773,2026-01-31,Comida,P-12,2,Risotto de Setas,Principal
T-35262,2026-01-31,Comida,P-25,2,Canelones de Carne,Principal
T-71680,2026-01-31,Comida,P-12,3,Risotto de Setas,Principal
T-43319,2026-01-31,Cena,P-10,1,Solomillo Iberico,Principal
T-49453,2026-01-31,Cena,P-05,2,Refresco Cola,Bebida
T-84471,2026-02-01,Comida,P-21,4,Cafe Solo,Bebida
T-79148,2026-02-01,Comida,P-12,4,Risotto de Setas,Principal
T-79360,2026-02-01,Cena,P-20,1,Paella de Marisco,Principal
T-84550,2026-02-01,Comida,P-16,3,Agua Mineral,Bebida
T-27826,2026-02-01,Cena,P-17,2,Brownie con Helado,Postre
T-93236,2026-02-01,Cena,P-06,1,Vino Tinto Copa,Bebida
T-69099,2026-02-01,Comida,P-08,2,Croquetas de Jamon,Entrante
T-41679,2026-02-01,Cena,P-17,1,Brownie con Helado,Postre
T-26859,2026-02-01,Comida,P-05,4,Refresco Cola,Bebida
T-58100,2026-02-01,Cena,P-23,4,Tiramisu de la Casa,Postre
T-94330,2026-02-01,Comida,P-12,1,Risotto de Setas,Principal
T-68418,2026-02-01,Cena,P-15,4,Cerveza Artesana,Bebida
T-51493,2026-02-01,Cena,P-21,1,Cafe Solo,Bebida
T-75800,2026-02-01,Comida,P-14,1,Tortilla de Patatas,Entrante
T-41642,2026-02-02,Cena,P-11,3,Salmon a la Plancha,Principal
T-87910,2026-02-02,Cena,P-15,4,Cerveza Artesana,Bebida
T-21897,2026-02-02,Cena,P-18,4,Ensaladilla Rusa,Entrante
T-77836,2026-02-02,Cena,P-24,2,Nuggets de Pollo,Principal
T-89877,2026-02-02,Comida,P-03,1,Pasta Carbonara IA,Principal
T-57750,2026-02-02,Cena,P-09,1,Gazpacho Andaluz,Entrante
T-72261,2026-02-02,Comida,P-10,4,Solomillo Iberico,Principal
T-33423,2026-02-02,Comida,P-25,4,Canelones de Carne,Principal
T-52661,2026-02-02,Comida,P-14,2,Tortilla de Patatas,Entrante
T-95461,2026-02-02,Comida,P-14,3,Tortilla de Patatas,Entrante
T-46182,2026-02-02,Cena,P-05,2,Refresco Cola,Bebida
T-68322,2026-02-02,Cena,P-06,3,Vino Tinto Copa,Bebida
T-96276,2026-02-02,Cena,P-18,4,Ensaladilla Rusa,Entrante
T-97522,2026-02-02,Cena,P-17,3,Brownie con Helado,Postre
T-66807,2026-02-02,Cena,P-25,2,Canelones de Carne,Principal
T-65104,2026-02-02,Cena,P-07,4,Pizza Margarita,Principal
T-41190,2026-02-03,Comida,P-17,3,Brownie con Helado,Postre
T-91976,2026-02-03,Comida,P-17,3,Brownie con Helado,Postre
T-86030,2026-02-03,Cena,P-17,1,Brownie con Helado,Postre
T-79832,2026-02-03,Cena,P-16,4,Agua Mineral,Bebida
T-53958,2026-02-03,Comida,P-20,3,Paella de Marisco,Principal
T-86425,2026-02-03,Cena,P-23,1,Tiramisu de la Casa,Postre
T-78490,2026-02-03,Comida,P-19,3,Entrecot Ternera,Principal
T-97681,2026-02-03,Cena,P-06,4,Vino Tinto Copa,Bebida
T-46699,2026-02-03,Cena,P-14,4,Tortilla de Patatas,Entrante
T-81575,2026-02-03,Comida,P-12,1,Risotto de Setas,Principal
T-23520,2026-02-03,Comida,P-25,2,Canelones de Carne,Principal
T-72355,2026-02-03,Cena,P-18,1,Ensaladilla Rusa,Entrante
T-33783,2026-02-03,Cena,P-08,4,Croquetas de Jamon,Entrante
T-26558,2026-02-03,Comida,P-19,4,Entrecot Ternera,Principal
T-99583,2026-02-03,Comida,P-23,2,Tiramisu de la Casa,Postre
T-43154,2026-02-03,Cena,P-22,3,Te Verde,Bebida
T-61532,2026-02-03,Cena,P-06,4,Vino Tinto Copa,Bebida
T-62828,2026-02-03,Cena,P-01,3,Hamburguesa Smart,Principal
T-35568,2026-02-03,Cena,P-25,1,Canelones de Carne,Principal
T-92986,2026-02-03,Cena,P-15,3,Cerveza Artesana,Bebida
T-60727,2026-02-03,Cena,P-06,2,Vino Tinto Copa,Bebida
T-76474,2026-02-03,Comida,P-01,2,Hamburguesa Smart,Principal
T-87341,2026-02-04,Cena,P-03,2,Pasta Carbonara IA,Principal
T-85246,2026-02-04,Cena,P-22,4,Te Verde,Bebida
T-43485,2026-02-04,Comida,P-08,2,Croquetas de Jamon,Entrante
T-98277,2026-02-04,Comida,P-09,3,Gazpacho Andaluz,Entrante
T-60384,2026-02-04,Cena,P-09,2,Gazpacho Andaluz,Entrante
T-85059,2026-02-04,Cena,P-14,4,Tortilla de Patatas,Entrante
T-95000,2026-02-04,Comida,P-13,1,Bacalao al Horno,Principal
T-38853,2026-02-04,Cena,P-01,3,Hamburguesa Smart,Principal
T-30541,2026-02-04,Cena,P-23,4,Tiramisu de la Casa,Postre
T-74552,2026-02-04,Cena,P-25,2,Canelones de Carne,Principal
T-62095,2026-02-04,Cena,P-13,3,Bacalao al Horno,Principal
T-40200,2026-02-04,Comida,P-10,2,Solomillo Iberico,Principal
T-71136,2026-02-04,Comida,P-25,1,Canelones de Carne,Principal
T-37271,2026-02-04,Comida,P-12,4,Risotto de Setas,Principal
T-95948,2026-02-04,Cena,P-14,1,Tortilla de Patatas,Entrante
T-42701,2026-02-04,Comida,P-15,1,Cerveza Artesana,Bebida
T-58289,2026-02-04,Cena,P-15,4,Cerveza Artesana,Bebida
T-43652,2026-02-04,Cena,P-05,3,Refresco Cola,Bebida
T-21593,2026-02-04,Cena,P-12,2,Risotto de Setas,Principal
T-99939,2026-02-04,Comida,P-01,1,Hamburguesa Smart,Principal
T-34933,2026-02-04,Cena,P-12,1,Risotto de Setas,Principal
T-71395,2026-02-04,Comida,P-25,2,Canelones de Carne,Principal
T-86740,2026-02-04,Cena,P-25,1,Canelones de Carne,Principal
T-29427,2026-02-04,Cena,P-19,3,Entrecot Ternera,Principal
T-33182,2026-02-04,Cena,P-10,3,Solomillo Iberico,Principal
T-85232,2026-02-04,Cena,P-07,3,Pizza Margarita,Principal
T-89763,2026-02-04,Comida,P-10,3,Solomillo Iberico,Principal
T-22039,2026-02-04,Comida,P-25,3,Canelones de Carne,Principal
T-58590,2026-02-04,Cena,P-01,4,Hamburguesa Smart,Principal
T-84079,2026-02-04,Cena,P-10,1,Solomillo Iberico,Principal
T-43584,2026-02-04,Comida,P-08,2,Croquetas de Jamon,Entrante
T-54947,2026-02-04,Cena,P-25,4,Canelones de Carne,Principal
T-82033,2026-02-05,Comida,P-20,3,Paella de Marisco,Principal
T-67196,2026-02-05,Comida,P-10,2,Solomillo Iberico,Principal
T-22488,2026-02-05,Cena,P-25,2,Canelones de Carne,Principal
T-50256,2026-02-05,Comida,P-22,1,Te Verde,Bebida
T-71801,2026-02-05,Cena,P-18,3,Ensaladilla Rusa,Entrante
T-40961,2026-02-05,Comida,P-13,2,Bacalao al Horno,Principal
T-69972,2026-02-05,Cena,P-20,1,Paella de Marisco,Principal
T-76301,2026-02-05,Cena,P-22,4,Te Verde,Bebida
T-99422,2026-02-05,Cena,P-14,2,Tortilla de Patatas,Entrante
T-24336,2026-02-05,Comida,P-06,3,Vino Tinto Copa,Bebida
T-65708,2026-02-05,Comida,P-11,2,Salmon a la Plancha,Principal
T-82649,2026-02-05,Cena,P-23,2,Tiramisu de la Casa,Postre
T-62927,2026-02-05,Comida,P-25,4,Canelones de Carne,Principal
T-50276,2026-02-05,Cena,P-23,4,Tiramisu de la Casa,Postre
T-30407,2026-02-05,Cena,P-02,4,Ensalada Cesar,Entrante
T-45308,2026-02-05,Cena,P-05,3,Refresco Cola,Bebida
T-82387,2026-02-05,Comida,P-03,2,Pasta Carbonara IA,Principal
T-97925,2026-02-06,Comida,P-16,3,Agua Mineral,Bebida
T-85324,2026-02-06,Cena,P-02,4,Ensalada Cesar,Entrante
T-28052,2026-02-06,Cena,P-16,2,Agua Mineral,Bebida
T-35926,2026-02-06,Comida,P-23,1,Tiramisu de la Casa,Postre
T-41509,2026-02-06,Comida,P-15,2,Cerveza Artesana,Bebida
T-74924,2026-02-06,Comida,P-22,3,Te Verde,Bebida
T-95535,2026-02-06,Cena,P-08,4,Croquetas de Jamon,Entrante
T-20735,2026-02-06,Cena,P-14,1,Tortilla de Patatas,Entrante
T-69244,2026-02-06,Cena,P-02,2,Ensalada Cesar,Entrante
T-59403,2026-02-06,Comida,P-02,3,Ensalada Cesar,Entrante
T-37734,2026-02-06,Comida,P-06,4,Vino Tinto Copa,Bebida
T-90362,2026-02-06,Comida,P-10,3,Solomillo Iberico,Principal
T-72118,2026-02-06,Cena,P-01,2,Hamburguesa Smart,Principal
T-42015,2026-02-06,Cena,P-04,4,Tarta de Queso Casera,Postre
T-32077,2026-02-06,Cena,P-14,4,Tortilla de Patatas,Entrante
T-56443,2026-02-06,Comida,P-13,4,Bacalao al Horno,Principal
T-63637,2026-02-06,Comida,P-23,2,Tiramisu de la Casa,Postre
T-84448,2026-02-06,Comida,P-17,3,Brownie con Helado,Postre
T-99359,2026-02-07,Cena,P-23,3,Tiramisu de la Casa,Postre
T-33644,2026-02-07,Comida,P-20,4,Paella de Marisco,Principal
T-88830,2026-02-07,Comida,P-17,1,Brownie con Helado,Postre
T-24861,2026-02-07,Comida,P-02,1,Ensalada Cesar,Entrante
T-73915,2026-02-07,Cena,P-16,3,Agua Mineral,Bebida
T-92058,2026-02-07,Cena,P-17,1,Brownie con Helado,Postre
T-36968,2026-02-07,Cena,P-21,3,Cafe Solo,Bebida
T-20231,2026-02-07,Cena,P-03,1,Pasta Carbonara IA,Principal
T-43329,2026-02-07,Comida,P-07,3,Pizza Margarita,Principal
T-99775,2026-02-07,Comida,P-18,3,Ensaladilla Rusa,Entrante
T-30324,2026-02-07,Cena,P-16,1,Agua Mineral,Bebida
T-64065,2026-02-07,Cena,P-06,4,Vino Tinto Copa,Bebida
T-99863,2026-02-07,Cena,P-09,2,Gazpacho Andaluz,Entrante
T-80772,2026-02-07,Cena,P-13,1,Bacalao al Horno,Principal
T-76264,2026-02-07,Cena,P-15,4,Cerveza Artesana,Bebida
T-79956,2026-02-07,Comida,P-17,1,Brownie con Helado,Postre
T-83502,2026-02-07,Comida,P-22,4,Te Verde,Bebida
T-29810,2026-02-07,Cena,P-10,1,Solomillo Iberico,Principal
T-48815,2026-02-07,Cena,P-05,2,Refresco Cola,Bebida
T-59156,2026-02-07,Cena,P-22,4,Te Verde,Bebida
T-32647,2026-02-07,Comida,P-15,3,Cerveza Artesana,Bebida
T-50374,2026-02-07,Cena,P-25,2,Canelones de Carne,Principal
T-68999,2026-02-07,Cena,P-05,4,Refresco Cola,Bebida
T-46458,2026-02-07,Cena,P-19,2,Entrecot Ternera,Principal
T-20832,2026-02-07,Cena,P-07,1,Pizza Margarita,Principal
T-22109,2026-02-07,Cena,P-19,4,Entrecot Ternera,Principal
T-39459,2026-02-07,Cena,P-14,3,Tortilla de Patatas,Entrante
T-62085,2026-02-08,Cena,P-13,4,Bacalao al Horno,Principal
T-95377,2026-02-08,Cena,P-01,3,Hamburguesa Smart,Principal
T-62489,2026-02-08,Cena,P-20,3,Paella de Marisco,Principal
T-87455,2026-02-08,Comida,P-04,1,Tarta de Queso Casera,Postre
T-61093,2026-02-08,Cena,P-15,1,Cerveza Artesana,Bebida
T-53978,2026-02-08,Comida,P-12,2,Risotto de Setas,Principal
T-77102,2026-02-08,Comida,P-21,1,Cafe Solo,Bebida
T-27323,2026-02-08,Cena,P-13,3,Bacalao al Horno,Principal
T-35429,2026-02-08,Comida,P-21,1,Cafe Solo,Bebida
T-77135,2026-02-08,Cena,P-25,4,Canelones de Carne,Principal
T-55830,2026-02-08,Cena,P-23,4,Tiramisu de la Casa,Postre
T-78236,2026-02-08,Cena,P-10,2,Solomillo Iberico,Principal
T-66921,2026-02-08,Cena,P-21,1,Cafe Solo,Bebida
T-26955,2026-02-08,Cena,P-06,4,Vino Tinto Copa,Bebida
T-60187,2026-02-08,Cena,P-03,1,Pasta Carbonara IA,Principal
T-69629,2026-02-08,Comida,P-14,4,Tortilla de Patatas,Entrante
T-82129,2026-02-08,Comida,P-14,2,Tortilla de Patatas,Entrante
T-43784,2026-02-08,Cena,P-06,4,Vino Tinto Copa,Bebida
T-91888,2026-02-08,Cena,P-05,2,Refresco Cola,Bebida
T-71398,2026-02-08,Cena,P-07,1,Pizza Margarita,Principal
T-67746,2026-02-08,Cena,P-18,2,Ensaladilla Rusa,Entrante
T-33499,2026-02-08,Comida,P-01,4,Hamburguesa Smart,Principal
T-65283,2026-02-08,Cena,P-13,2,Bacalao al Horno,Principal
T-96799,2026-02-08,Comida,P-11,1,Salmon a la Plancha,Principal
T-20341,2026-02-09,Comida,P-09,1,Gazpacho Andaluz,Entrante
T-97769,2026-02-09,Comida,P-25,1,Canelones de Carne,Principal
T-27281,2026-02-09,Comida,P-01,1,Hamburguesa Smart,Principal
T-85596,2026-02-09,Comida,P-21,2,Cafe Solo,Bebida
T-93496,2026-02-09,Comida,P-04,3,Tarta de Queso Casera,Postre
T-91678,2026-02-09,Cena,P-20,3,Paella de Marisco,Principal
T-38473,2026-02-09,Comida,P-25,4,Canelones de Carne,Principal
T-42683,2026-02-09,Cena,P-23,2,Tiramisu de la Casa,Postre
T-54931,2026-02-09,Cena,P-03,2,Pasta Carbonara IA,Principal
T-84934,2026-02-09,Cena,P-18,4,Ensaladilla Rusa,Entrante
T-45982,2026-02-09,Comida,P-07,4,Pizza Margarita,Principal
T-30150,2026-02-09,Comida,P-05,1,Refresco Cola,Bebida
T-21074,2026-02-09,Cena,P-18,4,Ensaladilla Rusa,Entrante
T-31606,2026-02-09,Cena,P-20,3,Paella de Marisco,Principal
T-48501,2026-02-09,Cena,P-15,2,Cerveza Artesana,Bebida
T-75849,2026-02-09,Comida,P-17,2,Brownie con Helado,Postre
T-23344,2026-02-09,Cena,P-08,4,Croquetas de Jamon,Entrante
T-89050,2026-02-09,Cena,P-12,1,Risotto de Setas,Principal
T-46044,2026-02-09,Comida,P-25,3,Canelones de Carne,Principal
T-53731,2026-02-09,Cena,P-03,2,Pasta Carbonara IA,Principal
T-23796,2026-02-09,Comida,P-05,1,Refresco Cola,Bebida
T-61126,2026-02-10,Comida,P-21,2,Cafe Solo,Bebida
T-97235,2026-02-10,Cena,P-08,1,Croquetas de Jamon,Entrante
T-78959,2026-02-10,Cena,P-07,1,Pizza Margarita,Principal
T-90703,2026-02-10,Cena,P-11,1,Salmon a la Plancha,Principal
T-91502,2026-02-10,Comida,P-22,2,Te Verde,Bebida
T-56347,2026-02-10,Comida,P-22,4,Te Verde,Bebida
T-60264,2026-02-10,Comida,P-14,2,Tortilla de Patatas,Entrante
T-22676,2026-02-10,Cena,P-22,4,Te Verde,Bebida
T-53845,2026-02-10,Comida,P-05,2,Refresco Cola,Bebida
T-33401,2026-02-10,Cena,P-21,1,Cafe Solo,Bebida
T-30371,2026-02-10,Cena,P-15,4,Cerveza Artesana,Bebida
T-40889,2026-02-10,Cena,P-22,3,Te Verde,Bebida
T-64585,2026-02-10,Comida,P-02,1,Ensalada Cesar,Entrante
T-59924,2026-02-10,Cena,P-10,1,Solomillo Iberico,Principal
T-27437,2026-02-10,Cena,P-11,1,Salmon a la Plancha,Principal
T-81082,2026-02-10,Comida,P-02,1,Ensalada Cesar,Entrante
T-67423,2026-02-10,Cena,P-10,3,Solomillo Iberico,Principal
T-56310,2026-02-11,Cena,P-03,3,Pasta Carbonara IA,Principal
T-73138,2026-02-11,Cena,P-17,3,Brownie con Helado,Postre
T-68387,2026-02-11,Cena,P-23,1,Tiramisu de la Casa,Postre
T-29979,2026-02-11,Cena,P-08,2,Croquetas de Jamon,Entrante
T-46350,2026-02-11,Cena,P-15,3,Cerveza Artesana,Bebida
T-20520,2026-02-11,Comida,P-16,4,Agua Mineral,Bebida
T-98988,2026-02-11,Comida,P-14,2,Tortilla de Patatas,Entrante
T-85356,2026-02-11,Cena,P-02,1,Ensalada Cesar,Entrante
T-56486,2026-02-11,Comida,P-04,3,Tarta de Queso Casera,Postre
T-80493,2026-02-11,Comida,P-07,1,Pizza Margarita,Principal
T-57591,2026-02-11,Cena,P-02,4,Ensalada Cesar,Entrante
T-96472,2026-02-11,Comida,P-13,1,Bacalao al Horno,Principal
T-50953,2026-02-11,Comida,P-11,1,Salmon a la Plancha,Principal
T-99390,2026-02-11,Cena,P-01,2,Hamburguesa Smart,Principal
T-29756,2026-02-11,Cena,P-18,3,Ensaladilla Rusa,Entrante
T-64240,2026-02-11,Cena,P-14,4,Tortilla de Patatas,Entrante
T-59420,2026-02-11,Cena,P-06,3,Vino Tinto Copa,Bebida
T-27793,2026-02-11,Comida,P-07,4,Pizza Margarita,Principal
T-24673,2026-02-11,Comida,P-25,1,Canelones de Carne,Principal
T-28258,2026-02-11,Cena,P-13,1,Bacalao al Horno,Principal
T-28094,2026-02-12,Cena,P-24,4,Nuggets de Pollo,Principal
T-31484,2026-02-12,Cena,P-23,3,Tiramisu de la Casa,Postre
T-42571,2026-02-12,Comida,P-21,3,Cafe Solo,Bebida
T-57863,2026-02-12,Comida,P-18,1,Ensaladilla Rusa,Entrante
T-77724,2026-02-12,Cena,P-14,2,Tortilla de Patatas,Entrante
T-22372,2026-02-12,Cena,P-14,1,Tortilla de Patatas,Entrante
T-30095,2026-02-12,Comida,P-15,1,Cerveza Artesana,Bebida
T-32778,2026-02-12,Comida,P-14,4,Tortilla de Patatas,Entrante
T-44720,2026-02-12,Comida,P-16,4,Agua Mineral,Bebida
T-51371,2026-02-12,Comida,P-21,2,Cafe Solo,Bebida
T-62090,2026-02-12,Cena,P-15,1,Cerveza Artesana,Bebida
T-61490,2026-02-12,Comida,P-01,1,Hamburguesa Smart,Principal
T-46345,2026-02-12,Cena,P-04,4,Tarta de Queso Casera,Postre
T-65466,2026-02-12,Comida,P-18,2,Ensaladilla Rusa,Entrante
T-96958,2026-02-12,Comida,P-09,2,Gazpacho Andaluz,Entrante
T-60179,2026-02-12,Comida,P-25,2,Canelones de Carne,Principal
T-48432,2026-02-13,Cena,P-10,4,Solomillo Iberico,Principal
T-38816,2026-02-13,Comida,P-15,2,Cerveza Artesana,Bebida
T-75152,2026-02-13,Comida,P-12,1,Risotto de Setas,Principal
T-44929,2026-02-13,Cena,P-08,1,Croquetas de Jamon,Entrante
T-50842,2026-02-13,Cena,P-09,1,Gazpacho Andaluz,Entrante
T-25724,2026-02-13,Cena,P-08,1,Croquetas de Jamon,Entrante
T-77731,2026-02-13,Comida,P-10,3,Solomillo Iberico,Principal
T-93658,2026-02-13,Cena,P-14,1,Tortilla de Patatas,Entrante
T-58634,2026-02-13,Cena,P-05,2,Refresco Cola,Bebida
T-70034,2026-02-13,Comida,P-10,4,Solomillo Iberico,Principal
T-47663,2026-02-13,Comida,P-12,3,Risotto de Setas,Principal
T-66482,2026-02-13,Cena,P-16,1,Agua Mineral,Bebida
T-80498,2026-02-13,Cena,P-18,1,Ensaladilla Rusa,Entrante
T-48628,2026-02-13,Cena,P-15,3,Cerveza Artesana,Bebida
T-92001,2026-02-13,Cena,P-09,1,Gazpacho Andaluz,Entrante
T-97883,2026-02-13,Cena,P-10,4,Solomillo Iberico,Principal
T-61538,2026-02-13,Comida,P-09,3,Gazpacho Andaluz,Entrante
T-81344,2026-02-13,Cena,P-18,4,Ensaladilla Rusa,Entrante
T-56491,2026-02-13,Cena,P-14,2,Tortilla de Patatas,Entrante
T-53421,2026-02-13,Cena,P-01,4,Hamburguesa Smart,Principal
T-34726,2026-02-13,Cena,P-24,1,Nuggets de Pollo,Principal
T-47360,2026-02-14,Cena,P-08,4,Croquetas de Jamon,Entrante
T-95473,2026-02-14,Comida,P-05,1,Refresco Cola,Bebida
T-47001,2026-02-14,Cena,P-05,3,Refresco Cola,Bebida
T-43390,2026-02-14,Cena,P-15,1,Cerveza Artesana,Bebida
T-58130,2026-02-14,Cena,P-15,2,Cerveza Artesana,Bebida
T-81815,2026-02-14,Comida,P-02,1,Ensalada Cesar,Entrante
T-36311,2026-02-14,Comida,P-18,4,Ensaladilla Rusa,Entrante
T-44783,2026-02-14,Comida,P-23,4,Tiramisu de la Casa,Postre
T-54376,2026-02-14,Comida,P-22,3,Te Verde,Bebida
T-44865,2026-02-14,Cena,P-03,1,Pasta Carbonara IA,Principal
T-29205,2026-02-14,Comida,P-08,4,Croquetas de Jamon,Entrante
T-23232,2026-02-14,Comida,P-13,1,Bacalao al Horno,Principal
T-44577,2026-02-14,Comida,P-21,2,Cafe Solo,Bebida
T-84010,2026-02-14,Cena,P-24,4,Nuggets de Pollo,Principal
T-34474,2026-02-14,Comida,P-14,1,Tortilla de Patatas,Entrante
T-73843,2026-02-14,Comida,P-06,1,Vino Tinto Copa,Bebida
T-21735,2026-02-14,Cena,P-18,1,Ensaladilla Rusa,Entrante
T-25502,2026-02-14,Comida,P-25,2,Canelones de Carne,Principal
T-53872,2026-02-14,Cena,P-08,3,Croquetas de Jamon,Entrante
T-65669,2026-02-14,Comida,P-04,2,Tarta de Queso Casera,Postre
T-50740,2026-02-14,Comida,P-20,4,Paella de Marisco,Principal
T-23331,2026-02-14,Cena,P-10,1,Solomillo Iberico,Principal
T-87046,2026-02-14,Comida,P-23,1,Tiramisu de la Casa,Postre
T-64782,2026-02-14,Comida,P-07,4,Pizza Margarita,Principal
T-89759,2026-02-14,Cena,P-01,3,Hamburguesa Smart,Principal
T-80533,2026-02-14,Cena,P-04,4,Tarta de Queso Casera,Postre
T-54820,2026-02-14,Comida,P-07,4,Pizza Margarita,Principal
T-43715,2026-02-14,Comida,P-06,1,Vino Tinto Copa,Bebida
T-44388,2026-02-14,Comida,P-14,2,Tortilla de Patatas,Entrante
T-81140,2026-02-14,Cena,P-18,2,Ensaladilla Rusa,Entrante
T-40240,2026-02-14,Cena,P-15,2,Cerveza Artesana,Bebida
T-34063,2026-02-15,Cena,P-17,1,Brownie con Helado,Postre
T-70327,2026-02-15,Cena,P-01,3,Hamburguesa Smart,Principal
T-47397,2026-02-15,Cena,P-21,4,Cafe Solo,Bebida
T-25630,2026-02-15,Comida,P-09,3,Gazpacho Andaluz,Entrante
T-82544,2026-02-15,Comida,P-25,4,Canelones de Carne,Principal
T-20918,2026-02-15,Comida,P-15,3,Cerveza Artesana,Bebida
T-65075,2026-02-15,Comida,P-20,2,Paella de Marisco,Principal
T-61219,2026-02-15,Cena,P-10,4,Solomillo Iberico,Principal
T-39768,2026-02-15,Cena,P-04,3,Tarta de Queso Casera,Postre
T-41381,2026-02-15,Cena,P-04,3,Tarta de Queso Casera,Postre
T-64971,2026-02-15,Comida,P-24,3,Nuggets de Pollo,Principal
T-86083,2026-02-15,Comida,P-05,1,Refresco Cola,Bebida
T-22035,2026-02-15,Comida,P-19,4,Entrecot Ternera,Principal
T-94071,2026-02-15,Cena,P-19,4,Entrecot Ternera,Principal
T-75989,2026-02-15,Cena,P-08,1,Croquetas de Jamon,Entrante
T-76641,2026-02-15,Cena,P-21,1,Cafe Solo,Bebida
T-77932,2026-02-15,Cena,P-19,2,Entrecot Ternera,Principal
T-35622,2026-02-16,Cena,P-05,2,Refresco Cola,Bebida
T-85583,2026-02-16,Comida,P-12,2,Risotto de Setas,Principal
T-44690,2026-02-16,Comida,P-12,1,Risotto de Setas,Principal
T-93255,2026-02-16,Cena,P-15,2,Cerveza Artesana,Bebida
T-89393,2026-02-16,Comida,P-20,2,Paella de Marisco,Principal
T-23484,2026-02-16,Cena,P-08,1,Croquetas de Jamon,Entrante
T-32999,2026-02-16,Cena,P-13,3,Bacalao al Horno,Principal
T-61044,2026-02-16,Comida,P-07,4,Pizza Margarita,Principal
T-32504,2026-02-16,Cena,P-09,2,Gazpacho Andaluz,Entrante
T-52493,2026-02-16,Cena,P-07,2,Pizza Margarita,Principal
T-60300,2026-02-16,Cena,P-16,4,Agua Mineral,Bebida
T-23197,2026-02-16,Comida,P-05,3,Refresco Cola,Bebida
T-22475,2026-02-16,Comida,P-25,1,Canelones de Carne,Principal
T-22043,2026-02-16,Comida,P-05,1,Refresco Cola,Bebida
T-93284,2026-02-16,Comida,P-10,2,Solomillo Iberico,Principal
T-94674,2026-02-16,Comida,P-10,3,Solomillo Iberico,Principal
T-45198,2026-02-16,Cena,P-18,4,Ensaladilla Rusa,Entrante
T-96043,2026-02-16,Cena,P-07,1,Pizza Margarita,Principal
T-52603,2026-02-16,Cena,P-01,4,Hamburguesa Smart,Principal
T-97039,2026-02-16,Cena,P-08,3,Croquetas de Jamon,Entrante
T-58300,2026-02-16,Comida,P-23,1,Tiramisu de la Casa,Postre
T-45121,2026-02-16,Comida,P-24,2,Nuggets de Pollo,Principal
T-34223,2026-02-16,Comida,P-07,1,Pizza Margarita,Principal
T-62715,2026-02-16,Cena,P-02,1,Ensalada Cesar,Entrante
T-57451,2026-02-16,Comida,P-19,4,Entrecot Ternera,Principal
T-31458,2026-02-16,Cena,P-12,3,Risotto de Setas,Principal
T-68311,2026-02-16,Comida,P-15,1,Cerveza Artesana,Bebida
T-43080,2026-02-16,Comida,P-01,4,Hamburguesa Smart,Principal
T-71801,2026-02-16,Cena,P-21,4,Cafe Solo,Bebida
T-67948,2026-02-16,Cena,P-18,3,Ensaladilla Rusa,Entrante
T-29741,2026-02-16,Comida,P-01,1,Hamburguesa Smart,Principal
T-63902,2026-02-17,Cena,P-15,4,Cerveza Artesana,Bebida
T-31911,2026-02-17,Cena,P-23,3,Tiramisu de la Casa,Postre
T-39944,2026-02-17,Cena,P-05,4,Refresco Cola,Bebida
T-73543,2026-02-17,Cena,P-23,3,Tiramisu de la Casa,Postre
T-40774,2026-02-17,Comida,P-09,3,Gazpacho Andaluz,Entrante
T-46599,2026-02-17,Cena,P-08,2,Croquetas de Jamon,Entrante
T-91865,2026-02-17,Cena,P-24,2,Nuggets de Pollo,Principal
T-69354,2026-02-17,Cena,P-25,4,Canelones de Carne,Principal
T-99733,2026-02-17,Comida,P-04,1,Tarta de Queso Casera,Postre
T-39959,2026-02-17,Comida,P-09,2,Gazpacho Andaluz,Entrante
T-98753,2026-02-17,Comida,P-12,1,Risotto de Setas,Principal
T-87189,2026-02-17,Comida,P-22,1,Te Verde,Bebida
T-46772,2026-02-17,Cena,P-01,4,Hamburguesa Smart,Principal
T-61262,2026-02-17,Cena,P-10,1,Solomillo Iberico,Principal
T-99868,2026-02-17,Cena,P-20,2,Paella de Marisco,Principal
T-58734,2026-02-17,Cena,P-17,3,Brownie con Helado,Postre
T-73080,2026-02-17,Comida,P-21,3,Cafe Solo,Bebida
T-39829,2026-02-17,Cena,P-05,1,Refresco Cola,Bebida
T-54112,2026-02-17,Cena,P-04,3,Tarta de Queso Casera,Postre
T-63594,2026-02-17,Cena,P-22,3,Te Verde,Bebida
T-31008,2026-02-18,Comida,P-04,1,Tarta de Queso Casera,Postre
T-37779,2026-02-18,Cena,P-24,1,Nuggets de Pollo,Principal
T-71297,2026-02-18,Cena,P-16,1,Agua Mineral,Bebida
T-34486,2026-02-18,Cena,P-11,3,Salmon a la Plancha,Principal
T-44842,2026-02-18,Cena,P-22,1,Te Verde,Bebida
T-30601,2026-02-18,Cena,P-09,1,Gazpacho Andaluz,Entrante
T-74092,2026-02-18,Comida,P-07,2,Pizza Margarita,Principal
T-46435,2026-02-18,Comida,P-25,3,Canelones de Carne,Principal
T-87612,2026-02-18,Cena,P-02,2,Ensalada Cesar,Entrante
T-56882,2026-02-18,Cena,P-08,3,Croquetas de Jamon,Entrante
T-45285,2026-02-18,Cena,P-21,3,Cafe Solo,Bebida
T-56991,2026-02-18,Cena,P-16,1,Agua Mineral,Bebida
T-42772,2026-02-18,Comida,P-05,2,Refresco Cola,Bebida
T-50954,2026-02-18,Comida,P-18,3,Ensaladilla Rusa,Entrante
T-67886,2026-02-18,Comida,P-06,3,Vino Tinto Copa,Bebida
T-27633,2026-02-18,Comida,P-21,3,Cafe Solo,Bebida
T-35503,2026-02-18,Comida,P-01,2,Hamburguesa Smart,Principal
T-87778,2026-02-18,Cena,P-23,2,Tiramisu de la Casa,Postre
T-86761,2026-02-18,Comida,P-15,4,Cerveza Artesana,Bebida
T-95377,2026-02-18,Cena,P-10,1,Solomillo Iberico,Principal
T-51848,2026-02-18,Cena,P-17,2,Brownie con Helado,Postre
T-27023,2026-02-18,Cena,P-12,1,Risotto de Setas,Principal
T-76892,2026-02-18,Comida,P-09,1,Gazpacho Andaluz,Entrante
T-39883,2026-02-18,Comida,P-09,1,Gazpacho Andaluz,Entrante
T-88067,2026-02-18,Cena,P-13,2,Bacalao al Horno,Principal
T-53103,2026-02-18,Cena,P-19,4,Entrecot Ternera,Principal
T-41835,2026-02-18,Comida,P-09,2,Gazpacho Andaluz,Entrante
T-37173,2026-02-18,Comida,P-15,3,Cerveza Artesana,Bebida
T-39443,2026-02-18,Cena,P-12,1,Risotto de Setas,Principal
T-36266,2026-02-18,Comida,P-14,2,Tortilla de Patatas,Entrante
T-68959,2026-02-18,Cena,P-03,3,Pasta Carbonara IA,Principal
T-46693,2026-02-18,Cena,P-03,1,Pasta Carbonara IA,Principal
T-58929,2026-02-18,Comida,P-15,1,Cerveza Artesana,Bebida
T-97045,2026-02-18,Cena,P-11,2,Salmon a la Plancha,Principal
T-82828,2026-02-19,Comida,P-24,1,Nuggets de Pollo,Principal
T-86979,2026-02-19,Cena,P-16,4,Agua Mineral,Bebida
T-44387,2026-02-19,Comida,P-16,4,Agua Mineral,Bebida
T-22639,2026-02-19,Cena,P-11,2,Salmon a la Plancha,Principal
T-62288,2026-02-19,Cena,P-18,2,Ensaladilla Rusa,Entrante
T-36866,2026-02-19,Comida,P-06,4,Vino Tinto Copa,Bebida
T-28026,2026-02-19,Cena,P-20,3,Paella de Marisco,Principal
T-94136,2026-02-19,Cena,P-01,1,Hamburguesa Smart,Principal
T-69773,2026-02-19,Cena,P-03,3,Pasta Carbonara IA,Principal
T-89899,2026-02-19,Comida,P-16,2,Agua Mineral,Bebida
T-77517,2026-02-19,Cena,P-22,2,Te Verde,Bebida
T-80352,2026-02-19,Cena,P-16,1,Agua Mineral,Bebida
T-86232,2026-02-19,Comida,P-08,1,Croquetas de Jamon,Entrante
T-35050,2026-02-19,Comida,P-12,1,Risotto de Setas,Principal
T-34112,2026-02-19,Comida,P-25,1,Canelones de Carne,Principal
T-91978,2026-02-19,Cena,P-10,4,Solomillo Iberico,Principal
T-63981,2026-02-19,Cena,P-11,2,Salmon a la Plancha,Principal
T-96017,2026-02-19,Cena,P-09,4,Gazpacho Andaluz,Entrante
T-28026,2026-02-19,Cena,P-07,4,Pizza Margarita,Principal
T-69608,2026-02-19,Comida,P-15,3,Cerveza Artesana,Bebida
T-84125,2026-02-19,Comida,P-15,2,Cerveza Artesana,Bebida
T-96661,2026-02-19,Cena,P-07,3,Pizza Margarita,Principal
T-99315,2026-02-19,Cena,P-06,1,Vino Tinto Copa,Bebida
T-39051,2026-02-19,Comida,P-22,2,Te Verde,Bebida
T-20598,2026-02-19,Comida,P-18,4,Ensaladilla Rusa,Entrante
T-58596,2026-02-19,Cena,P-20,3,Paella de Marisco,Principal
T-63576,2026-02-19,Cena,P-24,3,Nuggets de Pollo,Principal
T-93124,2026-02-19,Cena,P-04,4,Tarta de Queso Casera,Postre
T-56747,2026-02-20,Comida,P-13,4,Bacalao al Horno,Principal
T-45505,2026-02-20,Cena,P-10,1,Solomillo Iberico,Principal
T-35390,2026-02-20,Cena,P-05,3,Refresco Cola,Bebida
T-41552,2026-02-20,Comida,P-10,3,Solomillo Iberico,Principal
T-34251,2026-02-20,Comida,P-25,2,Canelones de Carne,Principal
T-93829,2026-02-20,Comida,P-22,4,Te Verde,Bebida
T-51789,2026-02-20,Cena,P-01,4,Hamburguesa Smart,Principal
T-83945,2026-02-20,Cena,P-21,3,Cafe Solo,Bebida
T-37506,2026-02-20,Cena,P-16,3,Agua Mineral,Bebida
T-90512,2026-02-20,Cena,P-04,4,Tarta de Queso Casera,Postre
T-61744,2026-02-20,Cena,P-04,3,Tarta de Queso Casera,Postre
T-61432,2026-02-20,Cena,P-13,3,Bacalao al Horno,Principal
T-76008,2026-02-20,Cena,P-08,2,Croquetas de Jamon,Entrante
T-86150,2026-02-20,Cena,P-12,4,Risotto de Setas,Principal
T-93462,2026-02-20,Cena,P-02,2,Ensalada Cesar,Entrante
T-21161,2026-02-20,Comida,P-17,2,Brownie con Helado,Postre
T-29665,2026-02-20,Comida,P-09,2,Gazpacho Andaluz,Entrante
T-34262,2026-02-20,Cena,P-18,4,Ensaladilla Rusa,Entrante
T-67486,2026-02-20,Cena,P-09,2,Gazpacho Andaluz,Entrante
T-74288,2026-02-20,Cena,P-21,2,Cafe Solo,Bebida
T-30363,2026-02-20,Comida,P-20,1,Paella de Marisco,Principal
T-29562,2026-02-21,Cena,P-02,1,Ensalada Cesar,Entrante
T-41253,2026-02-21,Cena,P-23,3,Tiramisu de la Casa,Postre
T-28883,2026-02-21,Cena,P-07,3,Pizza Margarita,Principal
T-61563,2026-02-21,Comida,P-22,1,Te Verde,Bebida
T-39444,2026-02-21,Cena,P-12,3,Risotto de Setas,Principal
T-91321,2026-02-21,Comida,P-03,1,Pasta Carbonara IA,Principal
T-56564,2026-02-21,Cena,P-11,4,Salmon a la Plancha,Principal
T-21055,2026-02-21,Comida,P-10,3,Solomillo Iberico,Principal
T-63779,2026-02-21,Comida,P-15,1,Cerveza Artesana,Bebida
T-79073,2026-02-21,Cena,P-20,3,Paella de Marisco,Principal
T-77540,2026-02-21,Comida,P-19,4,Entrecot Ternera,Principal
T-69069,2026-02-21,Cena,P-12,1,Risotto de Setas,Principal
T-93027,2026-02-21,Cena,P-02,4,Ensalada Cesar,Entrante
T-33949,2026-02-21,Cena,P-12,1,Risotto de Setas,Principal
T-34640,2026-02-21,Cena,P-04,3,Tarta de Queso Casera,Postre
T-80020,2026-02-21,Comida,P-06,4,Vino Tinto Copa,Bebida
T-67426,2026-02-21,Comida,P-06,2,Vino Tinto Copa,Bebida
T-39558,2026-02-21,Cena,P-04,4,Tarta de Queso Casera,Postre
T-80116,2026-02-21,Comida,P-09,4,Gazpacho Andaluz,Entrante
T-58111,2026-02-21,Comida,P-08,3,Croquetas de Jamon,Entrante
T-49956,2026-02-21,Cena,P-22,1,Te Verde,Bebida
T-45424,2026-02-21,Comida,P-21,2,Cafe Solo,Bebida
T-36961,2026-02-21,Comida,P-23,3,Tiramisu de la Casa,Postre
T-51609,2026-02-21,Comida,P-15,1,Cerveza Artesana,Bebida
T-96462,2026-02-21,Comida,P-03,1,Pasta Carbonara IA,Principal
T-87259,2026-02-21,Comida,P-18,2,Ensaladilla Rusa,Entrante
T-32518,2026-02-21,Comida,P-01,2,Hamburguesa Smart,Principal
T-30985,2026-02-21,Comida,P-13,2,Bacalao al Horno,Principal
T-62973,2026-02-21,Comida,P-09,1,Gazpacho Andaluz,Entrante
T-34765,2026-02-21,Comida,P-10,2,Solomillo Iberico,Principal
T-95210,2026-02-21,Cena,P-16,1,Agua Mineral,Bebida
T-48418,2026-02-21,Comida,P-19,3,Entrecot Ternera,Principal
T-44502,2026-02-21,Cena,P-10,1,Solomillo Iberico,Principal
T-74908,2026-02-21,Cena,P-06,1,Vino Tinto Copa,Bebida
T-21255,2026-02-22,Cena,P-18,2,Ensaladilla Rusa,Entrante
T-60950,2026-02-22,Comida,P-02,3,Ensalada Cesar,Entrante
T-44134,2026-02-22,Comida,P-19,1,Entrecot Ternera,Principal
T-26340,2026-02-22,Comida,P-03,1,Pasta Carbonara IA,Principal
T-36894,2026-02-22,Cena,P-18,1,Ensaladilla Rusa,Entrante
T-54365,2026-02-22,Cena,P-20,4,Paella de Marisco,Principal
T-44641,2026-02-22,Comida,P-08,4,Croquetas de Jamon,Entrante
T-62469,2026-02-22,Comida,P-04,2,Tarta de Queso Casera,Postre
T-96730,2026-02-22,Cena,P-23,2,Tiramisu de la Casa,Postre
T-88140,2026-02-22,Cena,P-20,3,Paella de Marisco,Principal
T-22551,2026-02-22,Cena,P-19,1,Entrecot Ternera,Principal
T-37456,2026-02-22,Cena,P-24,3,Nuggets de Pollo,Principal
T-73669,2026-02-22,Comida,P-23,2,Tiramisu de la Casa,Postre
T-57861,2026-02-22,Comida,P-17,2,Brownie con Helado,Postre
T-67854,2026-02-22,Cena,P-18,1,Ensaladilla Rusa,Entrante
T-40587,2026-02-22,Cena,P-05,4,Refresco Cola,Bebida
T-47177,2026-02-22,Cena,P-14,4,Tortilla de Patatas,Entrante
T-32488,2026-02-22,Comida,P-23,2,Tiramisu de la Casa,Postre
T-47085,2026-02-22,Comida,P-16,2,Agua Mineral,Bebida
T-91075,2026-02-22,Cena,P-09,2,Gazpacho Andaluz,Entrante
T-50326,2026-02-22,Comida,P-14,2,Tortilla de Patatas,Entrante
T-71025,2026-02-22,Comida,P-03,1,Pasta Carbonara IA,Principal
T-21030,2026-02-22,Cena,P-12,3,Risotto de Setas,Principal
T-84332,2026-02-22,Cena,P-07,3,Pizza Margarita,Principal
T-68924,2026-02-22,Cena,P-01,4,Hamburguesa Smart,Principal
T-95359,2026-02-22,Cena,P-25,1,Canelones de Carne,Principal
T-65843,2026-02-23,Cena,P-18,2,Ensaladilla Rusa,Entrante
T-72747,2026-02-23,Comida,P-01,3,Hamburguesa Smart,Principal
T-81221,2026-02-23,Cena,P-01,1,Hamburguesa Smart,Principal
T-91924,2026-02-23,Cena,P-14,3,Tortilla de Patatas,Entrante
T-27520,2026-02-23,Comida,P-25,1,Canelones de Carne,Principal
T-98767,2026-02-23,Cena,P-08,1,Croquetas de Jamon,Entrante
T-49197,2026-02-23,Cena,P-21,4,Cafe Solo,Bebida
T-47734,2026-02-23,Comida,P-18,2,Ensaladilla Rusa,Entrante
T-54671,2026-02-23,Comida,P-05,4,Refresco Cola,Bebida
T-61680,2026-02-23,Comida,P-08,2,Croquetas de Jamon,Entrante
T-91765,2026-02-23,Cena,P-25,3,Canelones de Carne,Principal
T-95191,2026-02-23,Cena,P-12,4,Risotto de Setas,Principal
T-54063,2026-02-23,Comida,P-05,1,Refresco Cola,Bebida
T-68114,2026-02-23,Cena,P-12,4,Risotto de Setas,Principal
T-34223,2026-02-23,Comida,P-18,2,Ensaladilla Rusa,Entrante
T-57763,2026-02-23,Comida,P-10,3,Solomillo Iberico,Principal
T-91218,2026-02-23,Comida,P-06,4,Vino Tinto Copa,Bebida
T-21206,2026-02-23,Cena,P-02,4,Ensalada Cesar,Entrante
T-87131,2026-02-23,Cena,P-25,4,Canelones de Carne,Principal
T-55120,2026-02-23,Cena,P-08,1,Croquetas de Jamon,Entrante
T-87202,2026-02-23,Cena,P-19,3,Entrecot Ternera,Principal
T-87981,2026-02-23,Comida,P-11,2,Salmon a la Plancha,Principal
T-53118,2026-02-23,Comida,P-21,1,Cafe Solo,Bebida
T-43055,2026-02-23,Cena,P-25,1,Canelones de Carne,Principal
T-52113,2026-02-24,Comida,P-04,4,Tarta de Queso Casera,Postre
T-95455,2026-02-24,Comida,P-08,2,Croquetas de Jamon,Entrante
T-35121,2026-02-24,Cena,P-23,4,Tiramisu de la Casa,Postre
T-35751,2026-02-24,Comida,P-12,3,Risotto de Setas,Principal
T-54741,2026-02-24,Cena,P-18,1,Ensaladilla Rusa,Entrante
T-66808,2026-02-24,Comida,P-04,3,Tarta de Queso Casera,Postre
T-71030,2026-02-24,Cena,P-03,2,Pasta Carbonara IA,Principal
T-33592,2026-02-24,Comida,P-05,2,Refresco Cola,Bebida
T-89262,2026-02-24,Cena,P-17,4,Brownie con Helado,Postre
T-95595,2026-02-24,Cena,P-10,4,Solomillo Iberico,Principal
T-61010,2026-02-24,Cena,P-13,1,Bacalao al Horno,Principal
T-97917,2026-02-24,Comida,P-12,1,Risotto de Setas,Principal
T-76454,2026-02-24,Cena,P-02,3,Ensalada Cesar,Entrante
T-25228,2026-02-24,Comida,P-12,4,Risotto de Setas,Principal
T-77372,2026-02-24,Comida,P-01,1,Hamburguesa Smart,Principal
T-70752,2026-02-24,Cena,P-16,1,Agua Mineral,Bebida
T-59179,2026-02-24,Cena,P-17,2,Brownie con Helado,Postre
T-51550,2026-02-24,Comida,P-11,2,Salmon a la Plancha,Principal
T-28406,2026-02-24,Cena,P-05,4,Refresco Cola,Bebida
T-84236,2026-02-24,Cena,P-24,2,Nuggets de Pollo,Principal
T-49346,2026-02-24,Cena,P-04,1,Tarta de Queso Casera,Postre
T-56643,2026-02-25,Comida,P-07,1,Pizza Margarita,Principal
T-51417,2026-02-25,Cena,P-12,3,Risotto de Setas,Principal
T-90320,2026-02-25,Cena,P-03,4,Pasta Carbonara IA,Principal
T-83419,2026-02-25,Comida,P-07,2,Pizza Margarita,Principal
T-88411,2026-02-25,Comida,P-08,3,Croquetas de Jamon,Entrante
T-39917,2026-02-25,Cena,P-22,1,Te Verde,Bebida
T-66743,2026-02-25,Cena,P-12,4,Risotto de Setas,Principal
T-39518,2026-02-25,Cena,P-18,3,Ensaladilla Rusa,Entrante
T-45998,2026-02-25,Cena,P-24,1,Nuggets de Pollo,Principal
T-81637,2026-02-25,Cena,P-25,1,Canelones de Carne,Principal
T-87817,2026-02-25,Comida,P-13,1,Bacalao al Horno,Principal
T-32192,2026-02-25,Cena,P-04,3,Tarta de Queso Casera,Postre
T-95332,2026-02-25,Comida,P-22,2,Te Verde,Bebida
T-35996,2026-02-25,Cena,P-15,3,Cerveza Artesana,Bebida
T-47047,2026-02-25,Cena,P-19,1,Entrecot Ternera,Principal
T-83188,2026-02-25,Cena,P-25,4,Canelones de Carne,Principal
T-53153,2026-02-25,Cena,P-02,4,Ensalada Cesar,Entrante
T-29396,2026-02-25,Comida,P-22,1,Te Verde,Bebida
T-30201,2026-02-25,Comida,P-12,1,Risotto de Setas,Principal
T-73939,2026-02-25,Cena,P-16,3,Agua Mineral,Bebida
T-77708,2026-02-25,Comida,P-19,4,Entrecot Ternera,Principal
T-45902,2026-02-25,Comida,P-15,2,Cerveza Artesana,Bebida
T-64930,2026-02-26,Cena,P-19,3,Entrecot Ternera,Principal
T-64914,2026-02-26,Comida,P-08,3,Croquetas de Jamon,Entrante
T-24952,2026-02-26,Comida,P-12,4,Risotto de Setas,Principal
T-59921,2026-02-26,Comida,P-03,4,Pasta Carbonara IA,Principal
T-57527,2026-02-26,Comida,P-15,4,Cerveza Artesana,Bebida
T-54003,2026-02-26,Cena,P-11,1,Salmon a la Plancha,Principal
T-37120,2026-02-26,Cena,P-01,3,Hamburguesa Smart,Principal
T-23716,2026-02-26,Cena,P-25,3,Canelones de Carne,Principal
T-23033,2026-02-26,Comida,P-24,4,Nuggets de Pollo,Principal
T-77776,2026-02-26,Cena,P-09,3,Gazpacho Andaluz,Entrante
T-66205,2026-02-26,Cena,P-21,4,Cafe Solo,Bebida
T-89242,2026-02-26,Comida,P-24,1,Nuggets de Pollo,Principal
T-61391,2026-02-26,Cena,P-10,2,Solomillo Iberico,Principal
T-35945,2026-02-26,Comida,P-17,2,Brownie con Helado,Postre
T-89973,2026-02-26,Cena,P-22,1,Te Verde,Bebida
T-88107,2026-02-27,Cena,P-17,4,Brownie con Helado,Postre
T-90993,2026-02-27,Comida,P-07,1,Pizza Margarita,Principal
T-51251,2026-02-27,Cena,P-06,1,Vino Tinto Copa,Bebida
T-54803,2026-02-27,Comida,P-20,2,Paella de Marisco,Principal
T-64090,2026-02-27,Comida,P-17,3,Brownie con Helado,Postre
T-64678,2026-02-27,Comida,P-22,2,Te Verde,Bebida
T-44592,2026-02-27,Comida,P-20,3,Paella de Marisco,Principal
T-77137,2026-02-27,Cena,P-17,3,Brownie con Helado,Postre
T-31730,2026-02-27,Comida,P-23,3,Tiramisu de la Casa,Postre
T-64175,2026-02-27,Cena,P-17,1,Brownie con Helado,Postre
T-80497,2026-02-27,Cena,P-24,2,Nuggets de Pollo,Principal
T-89688,2026-02-27,Comida,P-02,4,Ensalada Cesar,Entrante
T-29690,2026-02-27,Cena,P-23,3,Tiramisu de la Casa,Postre
T-42016,2026-02-27,Cena,P-19,2,Entrecot Ternera,Principal
T-45506,2026-02-27,Cena,P-19,4,Entrecot Ternera,Principal
T-54508,2026-02-27,Cena,P-18,3,Ensaladilla Rusa,Entrante
T-52285,2026-02-27,Cena,P-05,3,Refresco Cola,Bebida
T-64469,2026-02-27,Cena,P-01,3,Hamburguesa Smart,Principal
T-77645,2026-02-28,Cena,P-25,2,Canelones de Carne,Principal
T-85771,2026-02-28,Cena,P-21,3,Cafe Solo,Bebida
T-61135,2026-02-28,Cena,P-01,2,Hamburguesa Smart,Principal
T-31537,2026-02-28,Comida,P-17,3,Brownie con Helado,Postre
T-67471,2026-02-28,Cena,P-18,3,Ensaladilla Rusa,Entrante
T-70571,2026-02-28,Comida,P-04,4,Tarta de Queso Casera,Postre
T-77896,2026-02-28,Cena,P-21,2,Cafe Solo,Bebida
T-23541,2026-02-28,Cena,P-20,4,Paella de Marisco,Principal
T-54863,2026-02-28,Comida,P-24,1,Nuggets de Pollo,Principal
T-30478,2026-02-28,Comida,P-05,4,Refresco Cola,Bebida
T-84247,2026-02-28,Cena,P-12,1,Risotto de Setas,Principal
T-70894,2026-02-28,Comida,P-13,1,Bacalao al Horno,Principal
T-62392,2026-02-28,Cena,P-18,4,Ensaladilla Rusa,Entrante
T-30061,2026-03-01,Comida,P-11,3,Salmon a la Plancha,Principal
T-27393,2026-03-01,Cena,P-22,1,Te Verde,Bebida
T-82267,2026-03-01,Comida,P-22,2,Te Verde,Bebida
T-22304,2026-03-01,Cena,P-08,1,Croquetas de Jamon,Entrante
T-58168,2026-03-01,Cena,P-11,2,Salmon a la Plancha,Principal
T-44079,2026-03-01,Cena,P-07,1,Pizza Margarita,Principal
T-56835,2026-03-01,Comida,P-06,1,Vino Tinto Copa,Bebida
T-34813,2026-03-01,Cena,P-16,2,Agua Mineral,Bebida
T-46662,2026-03-01,Comida,P-25,1,Canelones de Carne,Principal
T-25451,2026-03-01,Cena,P-02,2,Ensalada Cesar,Entrante
T-95387,2026-03-01,Comida,P-04,2,Tarta de Queso Casera,Postre
T-37769,2026-03-01,Comida,P-21,2,Cafe Solo,Bebida
T-75002,2026-03-01,Comida,P-10,2,Solomillo Iberico,Principal
T-60593,2026-03-01,Cena,P-02,3,Ensalada Cesar,Entrante
T-42496,2026-03-01,Cena,P-04,2,Tarta de Queso Casera,Postre
T-20484,2026-03-01,Comida,P-24,3,Nuggets de Pollo,Principal
T-50400,2026-03-01,Cena,P-17,4,Brownie con Helado,Postre
T-51444,2026-03-01,Comida,P-05,2,Refresco Cola,Bebida
T-32795,2026-03-01,Cena,P-09,4,Gazpacho Andaluz,Entrante
T-83961,2026-03-01,Cena,P-11,2,Salmon a la Plancha,Principal
T-26877,2026-03-01,Cena,P-08,1,Croquetas de Jamon,Entrante
T-78026,2026-03-02,Cena,P-25,1,Canelones de Carne,Principal
T-55414,2026-03-02,Cena,P-01,4,Hamburguesa Smart,Principal
T-88956,2026-03-02,Comida,P-01,3,Hamburguesa Smart,Principal
T-63600,2026-03-02,Cena,P-05,1,Refresco Cola,Bebida
T-40297,2026-03-02,Comida,P-13,3,Bacalao al Horno,Principal
T-26238,2026-03-02,Cena,P-12,3,Risotto de Setas,Principal
T-22364,2026-03-02,Comida,P-16,1,Agua Mineral,Bebida
T-70790,2026-03-02,Cena,P-24,1,Nuggets de Pollo,Principal
T-83196,2026-03-02,Cena,P-21,3,Cafe Solo,Bebida
T-83509,2026-03-02,Comida,P-22,4,Te Verde,Bebida
T-31529,2026-03-02,Comida,P-22,3,Te Verde,Bebida
T-70426,2026-03-02,Cena,P-25,4,Canelones de Carne,Principal
T-81968,2026-03-02,Comida,P-23,4,Tiramisu de la Casa,Postre
T-55406,2026-03-02,Cena,P-23,2,Tiramisu de la Casa,Postre
T-70592,2026-03-02,Cena,P-13,2,Bacalao al Horno,Principal
T-72756,2026-03-02,Cena,P-17,2,Brownie con Helado,Postre
T-34788,2026-03-02,Cena,P-21,3,Cafe Solo,Bebida
T-93537,2026-03-02,Cena,P-12,1,Risotto de Setas,Principal
T-99603,2026-03-02,Comida,P-07,2,Pizza Margarita,Principal
T-91252,2026-03-02,Cena,P-07,1,Pizza Margarita,Principal
T-73399,2026-03-02,Comida,P-20,2,Paella de Marisco,Principal
T-92437,2026-03-02,Cena,P-23,4,Tiramisu de la Casa,Postre
T-51057,2026-03-02,Comida,P-03,4,Pasta Carbonara IA,Principal
T-92349,2026-03-02,Cena,P-14,2,Tortilla de Patatas,Entrante
T-90299,2026-03-03,Cena,P-16,3,Agua Mineral,Bebida
T-87501,2026-03-03,Cena,P-19,4,Entrecot Ternera,Principal
T-76933,2026-03-03,Cena,P-03,1,Pasta Carbonara IA,Principal
T-68956,2026-03-03,Cena,P-16,4,Agua Mineral,Bebida
T-80322,2026-03-03,Cena,P-04,3,Tarta de Queso Casera,Postre
T-36965,2026-03-03,Comida,P-20,4,Paella de Marisco,Principal
T-40229,2026-03-03,Cena,P-11,4,Salmon a la Plancha,Principal
T-30201,2026-03-03,Comida,P-22,2,Te Verde,Bebida
T-32041,2026-03-03,Cena,P-09,4,Gazpacho Andaluz,Entrante
T-56034,2026-03-03,Comida,P-23,1,Tiramisu de la Casa,Postre
T-20242,2026-03-03,Cena,P-17,3,Brownie con Helado,Postre
T-96204,2026-03-03,Comida,P-04,2,Tarta de Queso Casera,Postre
T-78446,2026-03-03,Cena,P-13,3,Bacalao al Horno,Principal
T-50946,2026-03-03,Comida,P-10,4,Solomillo Iberico,Principal
T-29747,2026-03-03,Cena,P-15,2,Cerveza Artesana,Bebida
T-36165,2026-03-03,Cena,P-05,4,Refresco Cola,Bebida
T-56317,2026-03-03,Comida,P-21,1,Cafe Solo,Bebida
T-78699,2026-03-03,Cena,P-04,4,Tarta de Queso Casera,Postre
T-82867,2026-03-03,Cena,P-21,1,Cafe Solo,Bebida
T-66495,2026-03-03,Cena,P-12,4,Risotto de Setas,Principal
T-30076,2026-03-03,Cena,P-15,2,Cerveza Artesana,Bebida
T-93223,2026-03-03,Cena,P-21,3,Cafe Solo,Bebida
T-71987,2026-03-03,Cena,P-09,1,Gazpacho Andaluz,Entrante
T-21738,2026-03-03,Cena,P-06,2,Vino Tinto Copa,Bebida
T-29197,2026-03-03,Cena,P-04,2,Tarta de Queso Casera,Postre
T-98807,2026-03-03,Comida,P-15,2,Cerveza Artesana,Bebida
T-36229,2026-03-03,Cena,P-22,2,Te Verde,Bebida
T-53127,2026-03-03,Cena,P-10,4,Solomillo Iberico,Principal
T-82278,2026-03-03,Cena,P-23,4,Tiramisu de la Casa,Postre
T-33813,2026-03-03,Cena,P-08,3,Croquetas de Jamon,Entrante
T-29054,2026-03-03,Cena,P-20,1,Paella de Marisco,Principal
T-96437,2026-03-04,Cena,P-25,2,Canelones de Carne,Principal
T-70366,2026-03-04,Cena,P-09,2,Gazpacho Andaluz,Entrante
T-98720,2026-03-04,Cena,P-24,1,Nuggets de Pollo,Principal
T-43172,2026-03-04,Cena,P-24,4,Nuggets de Pollo,Principal
T-32416,2026-03-04,Comida,P-21,2,Cafe Solo,Bebida
T-60932,2026-03-04,Comida,P-03,3,Pasta Carbonara IA,Principal
T-45342,2026-03-04,Comida,P-22,4,Te Verde,Bebida
T-59616,2026-03-04,Comida,P-02,4,Ensalada Cesar,Entrante
T-97538,2026-03-04,Cena,P-20,2,Paella de Marisco,Principal
T-30578,2026-03-04,Cena,P-06,4,Vino Tinto Copa,Bebida
T-67394,2026-03-04,Cena,P-25,2,Canelones de Carne,Principal
T-80129,2026-03-04,Comida,P-09,4,Gazpacho Andaluz,Entrante
T-59219,2026-03-04,Comida,P-04,3,Tarta de Queso Casera,Postre
T-30674,2026-03-04,Cena,P-06,1,Vino Tinto Copa,Bebida
T-72428,2026-03-04,Cena,P-24,3,Nuggets de Pollo,Principal
T-82886,2026-03-04,Cena,P-10,3,Solomillo Iberico,Principal
T-52260,2026-03-04,Cena,P-14,1,Tortilla de Patatas,Entrante
T-73198,2026-03-04,Cena,P-13,2,Bacalao al Horno,Principal
T-40480,2026-03-04,Comida,P-11,3,Salmon a la Plancha,Principal
T-47796,2026-03-04,Cena,P-21,2,Cafe Solo,Bebida
T-84798,2026-03-04,Comida,P-07,3,Pizza Margarita,Principal
T-53657,2026-03-04,Comida,P-03,2,Pasta Carbonara IA,Principal
T-91381,2026-03-04,Comida,P-17,3,Brownie con Helado,Postre
T-50876,2026-03-04,Cena,P-16,4,Agua Mineral,Bebida
T-31626,2026-03-04,Comida,P-18,1,Ensaladilla Rusa,Entrante
T-92582,2026-03-04,Cena,P-15,3,Cerveza Artesana,Bebida
T-70270,2026-03-04,Cena,P-07,1,Pizza Margarita,Principal
T-93534,2026-03-04,Cena,P-15,2,Cerveza Artesana,Bebida
T-42642,2026-03-04,Cena,P-14,2,Tortilla de Patatas,Entrante
T-91932,2026-03-05,Cena,P-01,1,Hamburguesa Smart,Principal
T-97876,2026-03-05,Comida,P-08,2,Croquetas de Jamon,Entrante
T-43433,2026-03-05,Cena,P-20,1,Paella de Marisco,Principal
T-38641,2026-03-05,Comida,P-17,4,Brownie con Helado,Postre
T-24783,2026-03-05,Cena,P-03,3,Pasta Carbonara IA,Principal
T-56144,2026-03-05,Comida,P-19,3,Entrecot Ternera,Principal
T-78519,2026-03-05,Comida,P-08,1,Croquetas de Jamon,Entrante
T-40428,2026-03-05,Cena,P-01,3,Hamburguesa Smart,Principal
T-41742,2026-03-05,Cena,P-08,1,Croquetas de Jamon,Entrante
T-63490,2026-03-05,Comida,P-14,1,Tortilla de Patatas,Entrante
T-69800,2026-03-05,Cena,P-05,2,Refresco Cola,Bebida
T-56218,2026-03-05,Cena,P-16,2,Agua Mineral,Bebida
T-77763,2026-03-05,Cena,P-03,4,Pasta Carbonara IA,Principal
T-72989,2026-03-05,Cena,P-03,4,Pasta Carbonara IA,Principal
T-30641,2026-03-05,Comida,P-03,3,Pasta Carbonara IA,Principal
T-38067,2026-03-05,Cena,P-05,1,Refresco Cola,Bebida
T-52691,2026-03-05,Comida,P-03,4,Pasta Carbonara IA,Principal
T-42567,2026-03-05,Comida,P-19,2,Entrecot Ternera,Principal
T-68038,2026-03-05,Cena,P-18,2,Ensaladilla Rusa,Entrante
T-98849,2026-03-05,Cena,P-10,1,Solomillo Iberico,Principal
T-73457,2026-03-05,Comida,P-19,3,Entrecot Ternera,Principal
T-50292,2026-03-05,Comida,P-17,3,Brownie con Helado,Postre
T-64620,2026-03-05,Cena,P-21,1,Cafe Solo,Bebida
T-65544,2026-03-05,Comida,P-01,1,Hamburguesa Smart,Principal
T-44976,2026-03-05,Comida,P-16,1,Agua Mineral,Bebida
T-26115,2026-03-06,Cena,P-16,1,Agua Mineral,Bebida
T-73312,2026-03-06,Comida,P-23,4,Tiramisu de la Casa,Postre
T-97749,2026-03-06,Comida,P-07,1,Pizza Margarita,Principal
T-67783,2026-03-06,Cena,P-24,1,Nuggets de Pollo,Principal
T-33953,2026-03-06,Comida,P-08,1,Croquetas de Jamon,Entrante
T-32104,2026-03-06,Comida,P-17,4,Brownie con Helado,Postre
T-38512,2026-03-06,Comida,P-13,4,Bacalao al Horno,Principal
T-79499,2026-03-06,Cena,P-22,4,Te Verde,Bebida
T-69887,2026-03-06,Cena,P-06,3,Vino Tinto Copa,Bebida
T-58874,2026-03-06,Comida,P-10,4,Solomillo Iberico,Principal
T-74705,2026-03-06,Cena,P-17,1,Brownie con Helado,Postre
T-48361,2026-03-06,Comida,P-19,2,Entrecot Ternera,Principal
T-43965,2026-03-06,Comida,P-16,4,Agua Mineral,Bebida
T-27325,2026-03-06,Cena,P-09,1,Gazpacho Andaluz,Entrante
T-30214,2026-03-06,Cena,P-19,2,Entrecot Ternera,Principal
T-52319,2026-03-06,Comida,P-10,1,Solomillo Iberico,Principal
T-38284,2026-03-06,Cena,P-23,4,Tiramisu de la Casa,Postre
T-57742,2026-03-06,Cena,P-01,4,Hamburguesa Smart,Principal
T-36754,2026-03-06,Cena,P-15,1,Cerveza Artesana,Bebida
T-79057,2026-03-06,Cena,P-19,2,Entrecot Ternera,Principal
T-84297,2026-03-06,Cena,P-10,3,Solomillo Iberico,Principal
T-72888,2026-03-06,Cena,P-04,3,Tarta de Queso Casera,Postre
T-82181,2026-03-06,Comida,P-11,4,Salmon a la Plancha,Principal
T-28446,2026-03-07,Comida,P-07,1,Pizza Margarita,Principal
T-73659,2026-03-07,Comida,P-07,2,Pizza Margarita,Principal
T-70632,2026-03-07,Comida,P-09,1,Gazpacho Andaluz,Entrante
T-28299,2026-03-07,Cena,P-17,1,Brownie con Helado,Postre
T-90011,2026-03-07,Comida,P-25,4,Canelones de Carne,Principal
T-31427,2026-03-07,Comida,P-18,1,Ensaladilla Rusa,Entrante
T-98992,2026-03-07,Cena,P-02,2,Ensalada Cesar,Entrante
T-51109,2026-03-07,Comida,P-19,2,Entrecot Ternera,Principal
T-59519,2026-03-07,Cena,P-15,3,Cerveza Artesana,Bebida
T-36896,2026-03-07,Cena,P-15,3,Cerveza Artesana,Bebida
T-66594,2026-03-07,Cena,P-19,1,Entrecot Ternera,Principal
T-32279,2026-03-07,Comida,P-04,4,Tarta de Queso Casera,Postre
T-86022,2026-03-07,Comida,P-17,2,Brownie con Helado,Postre
T-47141,2026-03-07,Cena,P-15,1,Cerveza Artesana,Bebida
T-42906,2026-03-07,Comida,P-02,1,Ensalada Cesar,Entrante
T-34707,2026-03-07,Comida,P-25,3,Canelones de Carne,Principal
T-51118,2026-03-07,Comida,P-19,2,Entrecot Ternera,Principal
T-70963,2026-03-07,Cena,P-03,1,Pasta Carbonara IA,Principal
T-99082,2026-03-07,Comida,P-15,3,Cerveza Artesana,Bebida
T-21541,2026-03-07,Cena,P-24,4,Nuggets de Pollo,Principal
T-58235,2026-03-07,Comida,P-16,4,Agua Mineral,Bebida
T-71323,2026-03-07,Comida,P-07,1,Pizza Margarita,Principal
T-38428,2026-03-07,Comida,P-19,1,Entrecot Ternera,Principal
T-48064,2026-03-07,Comida,P-25,4,Canelones de Carne,Principal
T-75226,2026-03-07,Comida,P-04,1,Tarta de Queso Casera,Postre
T-26582,2026-03-08,Cena,P-10,2,Solomillo Iberico,Principal
T-21333,2026-03-08,Cena,P-07,2,Pizza Margarita,Principal
T-90066,2026-03-08,Cena,P-22,3,Te Verde,Bebida
T-28306,2026-03-08,Cena,P-18,3,Ensaladilla Rusa,Entrante
T-26091,2026-03-08,Cena,P-03,2,Pasta Carbonara IA,Principal
T-72215,2026-03-08,Cena,P-04,1,Tarta de Queso Casera,Postre
T-74141,2026-03-08,Cena,P-01,2,Hamburguesa Smart,Principal
T-63752,2026-03-08,Cena,P-06,1,Vino Tinto Copa,Bebida
T-48387,2026-03-08,Comida,P-11,1,Salmon a la Plancha,Principal
T-90155,2026-03-08,Cena,P-04,4,Tarta de Queso Casera,Postre
T-80043,2026-03-08,Comida,P-16,3,Agua Mineral,Bebida
T-48866,2026-03-08,Cena,P-10,3,Solomillo Iberico,Principal
T-39673,2026-03-08,Comida,P-07,1,Pizza Margarita,Principal
T-33801,2026-03-08,Cena,P-08,1,Croquetas de Jamon,Entrante
T-93492,2026-03-08,Cena,P-06,4,Vino Tinto Copa,Bebida
T-95972,2026-03-09,Cena,P-01,2,Hamburguesa Smart,Principal
T-58036,2026-03-09,Comida,P-20,3,Paella de Marisco,Principal
T-93083,2026-03-09,Comida,P-02,1,Ensalada Cesar,Entrante
T-81446,2026-03-09,Cena,P-17,1,Brownie con Helado,Postre
T-34448,2026-03-09,Comida,P-20,3,Paella de Marisco,Principal
T-95387,2026-03-09,Comida,P-09,4,Gazpacho Andaluz,Entrante
T-53404,2026-03-09,Cena,P-23,2,Tiramisu de la Casa,Postre
T-77453,2026-03-09,Cena,P-13,3,Bacalao al Horno,Principal
T-89790,2026-03-09,Cena,P-12,2,Risotto de Setas,Principal
T-98903,2026-03-09,Comida,P-22,1,Te Verde,Bebida
T-61749,2026-03-09,Comida,P-17,4,Brownie con Helado,Postre
T-44427,2026-03-09,Cena,P-11,4,Salmon a la Plancha,Principal
T-69904,2026-03-09,Comida,P-04,1,Tarta de Queso Casera,Postre
T-34093,2026-03-09,Cena,P-15,2,Cerveza Artesana,Bebida
T-27021,2026-03-09,Cena,P-20,4,Paella de Marisco,Principal
T-44794,2026-03-09,Cena,P-21,4,Cafe Solo,Bebida
T-91536,2026-03-09,Comida,P-17,3,Brownie con Helado,Postre
T-85491,2026-03-09,Comida,P-24,1,Nuggets de Pollo,Principal
T-85372,2026-03-09,Cena,P-15,2,Cerveza Artesana,Bebida
T-93167,2026-03-09,Comida,P-12,3,Risotto de Setas,Principal
T-45183,2026-03-09,Cena,P-18,2,Ensaladilla Rusa,Entrante
T-74080,2026-03-09,Comida,P-02,4,Ensalada Cesar,Entrante
T-71927,2026-03-09,Cena,P-03,1,Pasta Carbonara IA,Principal
T-50020,2026-03-09,Cena,P-22,1,Te Verde,Bebida
T-60676,2026-03-09,Comida,P-16,3,Agua Mineral,Bebida
T-27345,2026-03-09,Cena,P-11,3,Salmon a la Plancha,Principal
T-70686,2026-03-09,Comida,P-14,1,Tortilla de Patatas,Entrante
T-27344,2026-03-09,Cena,P-13,4,Bacalao al Horno,Principal
T-65155,2026-03-10,Cena,P-17,4,Brownie con Helado,Postre
T-42412,2026-03-10,Comida,P-04,2,Tarta de Queso Casera,Postre
T-98606,2026-03-10,Comida,P-08,4,Croquetas de Jamon,Entrante
T-84436,2026-03-10,Cena,P-04,3,Tarta de Queso Casera,Postre
T-64574,2026-03-10,Comida,P-17,2,Brownie con Helado,Postre
T-75089,2026-03-10,Cena,P-12,3,Risotto de Setas,Principal
T-87155,2026-03-10,Cena,P-12,1,Risotto de Setas,Principal
T-50248,2026-03-10,Cena,P-21,2,Cafe Solo,Bebida
T-97719,2026-03-10,Cena,P-14,2,Tortilla de Patatas,Entrante
T-60957,2026-03-10,Comida,P-13,1,Bacalao al Horno,Principal
T-87374,2026-03-10,Cena,P-15,2,Cerveza Artesana,Bebida
T-88693,2026-03-10,Cena,P-06,3,Vino Tinto Copa,Bebida
T-89249,2026-03-10,Comida,P-10,3,Solomillo Iberico,Principal
T-42296,2026-03-10,Comida,P-23,3,Tiramisu de la Casa,Postre
T-52451,2026-03-10,Cena,P-11,2,Salmon a la Plancha,Principal
T-67421,2026-03-10,Cena,P-24,1,Nuggets de Pollo,Principal
T-38617,2026-03-10,Cena,P-03,2,Pasta Carbonara IA,Principal
T-85071,2026-03-11,Cena,P-17,3,Brownie con Helado,Postre
T-85844,2026-03-11,Comida,P-21,2,Cafe Solo,Bebida
T-88494,2026-03-11,Cena,P-05,1,Refresco Cola,Bebida
T-99061,2026-03-11,Comida,P-09,2,Gazpacho Andaluz,Entrante
T-20192,2026-03-11,Comida,P-02,1,Ensalada Cesar,Entrante
T-41575,2026-03-11,Comida,P-13,3,Bacalao al Horno,Principal
T-76449,2026-03-11,Cena,P-17,3,Brownie con Helado,Postre
T-71269,2026-03-11,Cena,P-09,3,Gazpacho Andaluz,Entrante
T-81767,2026-03-11,Comida,P-06,4,Vino Tinto Copa,Bebida
T-24160,2026-03-11,Comida,P-13,2,Bacalao al Horno,Principal
T-50876,2026-03-11,Cena,P-25,1,Canelones de Carne,Principal
T-94233,2026-03-11,Cena,P-02,4,Ensalada Cesar,Entrante
T-82416,2026-03-11,Comida,P-09,3,Gazpacho Andaluz,Entrante
T-98522,2026-03-11,Comida,P-22,2,Te Verde,Bebida
T-68061,2026-03-11,Cena,P-23,1,Tiramisu de la Casa,Postre
T-40741,2026-03-11,Comida,P-17,1,Brownie con Helado,Postre
T-45718,2026-03-11,Cena,P-05,3,Refresco Cola,Bebida
T-64604,2026-03-12,Cena,P-19,4,Entrecot Ternera,Principal
T-71251,2026-03-12,Cena,P-18,4,Ensaladilla Rusa,Entrante
T-30676,2026-03-12,Comida,P-02,2,Ensalada Cesar,Entrante
T-41679,2026-03-12,Cena,P-11,2,Salmon a la Plancha,Principal
T-94388,2026-03-12,Cena,P-09,2,Gazpacho Andaluz,Entrante
T-36084,2026-03-12,Comida,P-02,4,Ensalada Cesar,Entrante
T-26113,2026-03-12,Cena,P-16,2,Agua Mineral,Bebida
T-77524,2026-03-12,Comida,P-20,3,Paella de Marisco,Principal
T-69051,2026-03-12,Cena,P-03,3,Pasta Carbonara IA,Principal
T-34198,2026-03-12,Comida,P-14,3,Tortilla de Patatas,Entrante
T-87956,2026-03-12,Cena,P-15,4,Cerveza Artesana,Bebida
T-49180,2026-03-12,Cena,P-19,4,Entrecot Ternera,Principal
T-59332,2026-03-12,Cena,P-10,2,Solomillo Iberico,Principal
T-53478,2026-03-12,Comida,P-01,1,Hamburguesa Smart,Principal
T-91200,2026-03-12,Cena,P-24,4,Nuggets de Pollo,Principal
T-69135,2026-03-12,Cena,P-23,4,Tiramisu de la Casa,Postre
T-46692,2026-03-12,Comida,P-02,3,Ensalada Cesar,Entrante
T-94223,2026-03-12,Comida,P-01,2,Hamburguesa Smart,Principal
T-36222,2026-03-12,Cena,P-07,1,Pizza Margarita,Principal
T-82779,2026-03-13,Cena,P-12,3,Risotto de Setas,Principal
T-32415,2026-03-13,Cena,P-04,2,Tarta de Queso Casera,Postre
T-72438,2026-03-13,Cena,P-17,4,Brownie con Helado,Postre
T-82649,2026-03-13,Cena,P-17,4,Brownie con Helado,Postre
T-23410,2026-03-13,Cena,P-15,2,Cerveza Artesana,Bebida
T-83012,2026-03-13,Comida,P-15,2,Cerveza Artesana,Bebida
T-45761,2026-03-13,Cena,P-23,4,Tiramisu de la Casa,Postre
T-94972,2026-03-13,Comida,P-17,1,Brownie con Helado,Postre
T-50624,2026-03-13,Cena,P-25,2,Canelones de Carne,Principal
T-67493,2026-03-13,Cena,P-11,2,Salmon a la Plancha,Principal
T-31069,2026-03-13,Cena,P-15,2,Cerveza Artesana,Bebida
T-59522,2026-03-13,Cena,P-01,3,Hamburguesa Smart,Principal
T-25906,2026-03-13,Comida,P-20,4,Paella de Marisco,Principal
T-59325,2026-03-13,Comida,P-15,2,Cerveza Artesana,Bebida
T-54694,2026-03-13,Comida,P-06,3,Vino Tinto Copa,Bebida
T-92916,2026-03-13,Cena,P-10,2,Solomillo Iberico,Principal
T-59064,2026-03-13,Comida,P-16,4,Agua Mineral,Bebida
T-28794,2026-03-13,Comida,P-25,3,Canelones de Carne,Principal
T-54487,2026-03-13,Comida,P-22,4,Te Verde,Bebida
T-40496,2026-03-14,Comida,P-10,3,Solomillo Iberico,Principal
T-41149,2026-03-14,Cena,P-05,1,Refresco Cola,Bebida
T-65953,2026-03-14,Comida,P-02,2,Ensalada Cesar,Entrante
T-82816,2026-03-14,Cena,P-15,3,Cerveza Artesana,Bebida
T-66631,2026-03-14,Cena,P-18,4,Ensaladilla Rusa,Entrante
T-43692,2026-03-14,Comida,P-24,3,Nuggets de Pollo,Principal
T-61457,2026-03-14,Cena,P-09,3,Gazpacho Andaluz,Entrante
T-56500,2026-03-14,Comida,P-11,2,Salmon a la Plancha,Principal
T-33660,2026-03-14,Cena,P-17,1,Brownie con Helado,Postre
T-79242,2026-03-14,Cena,P-20,4,Paella de Marisco,Principal
T-56974,2026-03-14,Comida,P-19,2,Entrecot Ternera,Principal
T-86075,2026-03-14,Comida,P-15,4,Cerveza Artesana,Bebida
T-90596,2026-03-14,Cena,P-20,2,Paella de Marisco,Principal
T-47452,2026-03-14,Comida,P-03,3,Pasta Carbonara IA,Principal
T-51556,2026-03-14,Cena,P-11,2,Salmon a la Plancha,Principal
T-67440,2026-03-14,Comida,P-01,1,Hamburguesa Smart,Principal
T-84193,2026-03-14,Cena,P-01,4,Hamburguesa Smart,Principal
T-33368,2026-03-14,Cena,P-15,1,Cerveza Artesana,Bebida
T-73093,2026-03-14,Cena,P-25,4,Canelones de Carne,Principal
T-72781,2026-03-14,Cena,P-05,1,Refresco Cola,Bebida
T-31996,2026-03-15,Comida,P-06,2,Vino Tinto Copa,Bebida
T-41081,2026-03-15,Cena,P-11,2,Salmon a la Plancha,Principal
T-57523,2026-03-15,Comida,P-03,4,Pasta Carbonara IA,Principal
T-41150,2026-03-15,Comida,P-24,2,Nuggets de Pollo,Principal
T-90195,2026-03-15,Cena,P-07,3,Pizza Margarita,Principal
T-32128,2026-03-15,Cena,P-03,2,Pasta Carbonara IA,Principal
T-26960,2026-03-15,Cena,P-06,2,Vino Tinto Copa,Bebida
T-48256,2026-03-15,Cena,P-11,4,Salmon a la Plancha,Principal
T-87919,2026-03-15,Cena,P-16,3,Agua Mineral,Bebida
T-34294,2026-03-15,Cena,P-14,1,Tortilla de Patatas,Entrante
T-61577,2026-03-15,Cena,P-02,4,Ensalada Cesar,Entrante
T-71093,2026-03-15,Cena,P-21,3,Cafe Solo,Bebida
T-36618,2026-03-15,Cena,P-04,3,Tarta de Queso Casera,Postre
T-56163,2026-03-15,Cena,P-07,1,Pizza Margarita,Principal
T-59677,2026-03-15,Comida,P-04,1,Tarta de Queso Casera,Postre
T-52235,2026-03-15,Comida,P-10,2,Solomillo Iberico,Principal
T-57784,2026-03-15,Cena,P-10,3,Solomillo Iberico,Principal
T-34082,2026-03-15,Cena,P-02,2,Ensalada Cesar,Entrante
T-86946,2026-03-15,Comida,P-20,4,Paella de Marisco,Principal
T-85075,2026-03-15,Cena,P-21,3,Cafe Solo,Bebida
T-94494,2026-03-15,Cena,P-19,3,Entrecot Ternera,Principal
T-70938,2026-03-15,Cena,P-05,3,Refresco Cola,Bebida
T-85711,2026-03-15,Comida,P-04,2,Tarta de Queso Casera,Postre
T-84634,2026-03-15,Comida,P-13,2,Bacalao al Horno,Principal
T-82692,2026-03-15,Cena,P-11,4,Salmon a la Plancha,Principal
T-37278,2026-03-15,Comida,P-16,3,Agua Mineral,Bebida
T-46431,2026-03-16,Cena,P-13,2,Bacalao al Horno,Principal
T-61844,2026-03-16,Comida,P-18,1,Ensaladilla Rusa,Entrante
T-35915,2026-03-16,Comida,P-11,3,Salmon a la Plancha,Principal
T-34785,2026-03-16,Cena,P-03,4,Pasta Carbonara IA,Principal
T-32503,2026-03-16,Cena,P-23,1,Tiramisu de la Casa,Postre
T-79559,2026-03-16,Cena,P-18,1,Ensaladilla Rusa,Entrante
T-79205,2026-03-16,Cena,P-12,4,Risotto de Setas,Principal
T-80474,2026-03-16,Cena,P-02,2,Ensalada Cesar,Entrante
T-73223,2026-03-16,Comida,P-03,2,Pasta Carbonara IA,Principal
T-29492,2026-03-16,Cena,P-25,1,Canelones de Carne,Principal
T-25247,2026-03-16,Cena,P-25,3,Canelones de Carne,Principal
T-95617,2026-03-16,Cena,P-01,4,Hamburguesa Smart,Principal
T-48100,2026-03-16,Cena,P-15,1,Cerveza Artesana,Bebida
T-34886,2026-03-16,Comida,P-18,2,Ensaladilla Rusa,Entrante
T-72812,2026-03-16,Comida,P-03,4,Pasta Carbonara IA,Principal
T-70938,2026-03-16,Cena,P-13,1,Bacalao al Horno,Principal
T-24890,2026-03-16,Cena,P-11,4,Salmon a la Plancha,Principal
T-51285,2026-03-16,Comida,P-21,1,Cafe Solo,Bebida
T-94442,2026-03-16,Cena,P-22,3,Te Verde,Bebida
T-53587,2026-03-16,Cena,P-22,1,Te Verde,Bebida
T-80905,2026-03-16,Comida,P-21,3,Cafe Solo,Bebida
T-39434,2026-03-16,Cena,P-05,3,Refresco Cola,Bebida
T-20993,2026-03-16,Comida,P-18,4,Ensaladilla Rusa,Entrante
T-24152,2026-03-17,Comida,P-02,1,Ensalada Cesar,Entrante
T-69168,2026-03-17,Comida,P-07,2,Pizza Margarita,Principal
T-60258,2026-03-17,Cena,P-08,2,Croquetas de Jamon,Entrante
T-63463,2026-03-17,Comida,P-12,2,Risotto de Setas,Principal
T-83595,2026-03-17,Cena,P-19,3,Entrecot Ternera,Principal
T-28308,2026-03-17,Comida,P-15,3,Cerveza Artesana,Bebida
T-65526,2026-03-17,Cena,P-10,2,Solomillo Iberico,Principal
T-69841,2026-03-17,Comida,P-24,1,Nuggets de Pollo,Principal
T-93620,2026-03-17,Cena,P-23,2,Tiramisu de la Casa,Postre
T-68257,2026-03-17,Comida,P-20,1,Paella de Marisco,Principal
T-27705,2026-03-17,Comida,P-01,1,Hamburguesa Smart,Principal
T-62976,2026-03-17,Comida,P-07,4,Pizza Margarita,Principal
T-23130,2026-03-17,Cena,P-23,1,Tiramisu de la Casa,Postre
T-82387,2026-03-17,Comida,P-04,1,Tarta de Queso Casera,Postre
T-65937,2026-03-17,Comida,P-12,4,Risotto de Setas,Principal
T-50050,2026-03-17,Cena,P-05,1,Refresco Cola,Bebida
T-81219,2026-03-17,Cena,P-16,2,Agua Mineral,Bebida
T-29990,2026-03-17,Cena,P-23,2,Tiramisu de la Casa,Postre
T-37607,2026-03-17,Cena,P-04,1,Tarta de Queso Casera,Postre
T-67528,2026-03-17,Cena,P-24,4,Nuggets de Pollo,Principal
T-65740,2026-03-17,Comida,P-14,3,Tortilla de Patatas,Entrante
T-89605,2026-03-17,Cena,P-19,3,Entrecot Ternera,Principal
T-40389,2026-03-17,Cena,P-01,3,Hamburguesa Smart,Principal
T-46653,2026-03-17,Cena,P-17,2,Brownie con Helado,Postre
T-77424,2026-03-17,Comida,P-20,3,Paella de Marisco,Principal
T-39423,2026-03-17,Cena,P-01,4,Hamburguesa Smart,Principal
T-58745,2026-03-17,Cena,P-24,4,Nuggets de Pollo,Principal
T-73577,2026-03-17,Comida,P-23,4,Tiramisu de la Casa,Postre
T-31871,2026-03-17,Cena,P-21,4,Cafe Solo,Bebida
T-25929,2026-03-17,Cena,P-02,3,Ensalada Cesar,Entrante
T-44033,2026-03-17,Cena,P-01,2,Hamburguesa Smart,Principal
T-40042,2026-03-18,Cena,P-10,1,Solomillo Iberico,Principal
T-69273,2026-03-18,Cena,P-15,3,Cerveza Artesana,Bebida
T-30169,2026-03-18,Cena,P-03,2,Pasta Carbonara IA,Principal
T-89495,2026-03-18,Cena,P-06,2,Vino Tinto Copa,Bebida
T-83832,2026-03-18,Cena,P-23,3,Tiramisu de la Casa,Postre
T-91677,2026-03-18,Cena,P-08,4,Croquetas de Jamon,Entrante
T-27344,2026-03-18,Cena,P-19,4,Entrecot Ternera,Principal
T-82447,2026-03-18,Cena,P-06,4,Vino Tinto Copa,Bebida
T-21050,2026-03-18,Comida,P-04,3,Tarta de Queso Casera,Postre
T-54528,2026-03-18,Comida,P-16,4,Agua Mineral,Bebida
T-64109,2026-03-18,Comida,P-09,3,Gazpacho Andaluz,Entrante
T-23988,2026-03-18,Comida,P-13,1,Bacalao al Horno,Principal
T-89280,2026-03-18,Cena,P-20,3,Paella de Marisco,Principal
T-79033,2026-03-18,Cena,P-22,2,Te Verde,Bebida
T-25409,2026-03-18,Cena,P-23,3,Tiramisu de la Casa,Postre
T-33226,2026-03-18,Cena,P-20,3,Paella de Marisco,Principal
T-69047,2026-03-18,Cena,P-06,3,Vino Tinto Copa,Bebida
T-22476,2026-03-18,Cena,P-12,4,Risotto de Setas,Principal
T-72997,2026-03-18,Cena,P-23,1,Tiramisu de la Casa,Postre
T-53189,2026-03-18,Comida,P-22,1,Te Verde,Bebida
T-29754,2026-03-18,Comida,P-19,3,Entrecot Ternera,Principal
T-56010,2026-03-18,Cena,P-12,2,Risotto de Setas,Principal
T-64195,2026-03-18,Comida,P-01,3,Hamburguesa Smart,Principal
T-40081,2026-03-18,Cena,P-12,4,Risotto de Setas,Principal
T-35025,2026-03-18,Comida,P-04,1,Tarta de Queso Casera,Postre
T-67477,2026-03-18,Comida,P-07,1,Pizza Margarita,Principal
T-34599,2026-03-19,Comida,P-22,3,Te Verde,Bebida
T-36096,2026-03-19,Comida,P-09,3,Gazpacho Andaluz,Entrante
T-22698,2026-03-19,Comida,P-24,3,Nuggets de Pollo,Principal
T-23603,2026-03-19,Cena,P-07,2,Pizza Margarita,Principal
T-86685,2026-03-19,Comida,P-04,4,Tarta de Queso Casera,Postre
T-52640,2026-03-19,Cena,P-16,3,Agua Mineral,Bebida
T-71679,2026-03-19,Comida,P-08,2,Croquetas de Jamon,Entrante
T-99513,2026-03-19,Comida,P-18,2,Ensaladilla Rusa,Entrante
T-53804,2026-03-19,Cena,P-09,4,Gazpacho Andaluz,Entrante
T-60120,2026-03-19,Comida,P-25,3,Canelones de Carne,Principal
T-64239,2026-03-19,Cena,P-14,1,Tortilla de Patatas,Entrante
T-24785,2026-03-19,Cena,P-03,4,Pasta Carbonara IA,Principal
T-22385,2026-03-19,Comida,P-12,4,Risotto de Setas,Principal
T-30891,2026-03-19,Comida,P-23,3,Tiramisu de la Casa,Postre
T-73990,2026-03-19,Cena,P-11,3,Salmon a la Plancha,Principal
T-75206,2026-03-19,Cena,P-14,4,Tortilla de Patatas,Entrante
T-38304,2026-03-19,Cena,P-15,3,Cerveza Artesana,Bebida
T-29532,2026-03-19,Comida,P-21,2,Cafe Solo,Bebida
T-21266,2026-03-19,Comida,P-06,3,Vino Tinto Copa,Bebida
T-26762,2026-03-20,Comida,P-11,1,Salmon a la Plancha,Principal
T-25471,2026-03-20,Cena,P-05,2,Refresco Cola,Bebida
T-48971,2026-03-20,Comida,P-20,3,Paella de Marisco,Principal
T-96780,2026-03-20,Cena,P-05,4,Refresco Cola,Bebida
T-37803,2026-03-20,Cena,P-15,4,Cerveza Artesana,Bebida
T-21228,2026-03-20,Cena,P-04,2,Tarta de Queso Casera,Postre
T-31864,2026-03-20,Cena,P-02,1,Ensalada Cesar,Entrante
T-82575,2026-03-20,Comida,P-20,3,Paella de Marisco,Principal
T-83873,2026-03-20,Cena,P-08,4,Croquetas de Jamon,Entrante
T-95362,2026-03-20,Cena,P-16,3,Agua Mineral,Bebida
T-48557,2026-03-20,Cena,P-23,4,Tiramisu de la Casa,Postre
T-53115,2026-03-20,Comida,P-18,2,Ensaladilla Rusa,Entrante
T-32920,2026-03-20,Cena,P-16,2,Agua Mineral,Bebida
T-34876,2026-03-20,Comida,P-20,1,Paella de Marisco,Principal
T-38811,2026-03-20,Cena,P-13,2,Bacalao al Horno,Principal
T-86382,2026-03-20,Cena,P-19,4,Entrecot Ternera,Principal
T-70645,2026-03-20,Cena,P-25,3,Canelones de Carne,Principal
T-75326,2026-03-20,Cena,P-11,2,Salmon a la Plancha,Principal
T-48785,2026-03-20,Comida,P-08,4,Croquetas de Jamon,Entrante
T-96038,2026-03-20,Comida,P-10,3,Solomillo Iberico,Principal
T-27034,2026-03-20,Cena,P-02,1,Ensalada Cesar,Entrante
T-60301,2026-03-20,Comida,P-11,1,Salmon a la Plancha,Principal
T-31084,2026-03-20,Cena,P-14,1,Tortilla de Patatas,Entrante
T-92404,2026-03-20,Cena,P-07,3,Pizza Margarita,Principal
T-90428,2026-03-20,Cena,P-13,2,Bacalao al Horno,Principal
T-66846,2026-03-20,Cena,P-19,2,Entrecot Ternera,Principal
T-33671,2026-03-21,Comida,P-22,4,Te Verde,Bebida
T-50926,2026-03-21,Comida,P-18,2,Ensaladilla Rusa,Entrante
T-69291,2026-03-21,Comida,P-11,3,Salmon a la Plancha,Principal
T-40882,2026-03-21,Comida,P-09,3,Gazpacho Andaluz,Entrante
T-72447,2026-03-21,Cena,P-01,2,Hamburguesa Smart,Principal
T-35888,2026-03-21,Cena,P-22,1,Te Verde,Bebida
T-39092,2026-03-21,Cena,P-14,1,Tortilla de Patatas,Entrante
T-91716,2026-03-21,Cena,P-24,4,Nuggets de Pollo,Principal
T-32016,2026-03-21,Cena,P-25,1,Canelones de Carne,Principal
T-23962,2026-03-21,Comida,P-21,3,Cafe Solo,Bebida
T-61305,2026-03-21,Comida,P-09,3,Gazpacho Andaluz,Entrante
T-21571,2026-03-21,Comida,P-18,4,Ensaladilla Rusa,Entrante
T-46984,2026-03-21,Cena,P-05,4,Refresco Cola,Bebida
T-60405,2026-03-21,Cena,P-04,1,Tarta de Queso Casera,Postre
T-65083,2026-03-21,Cena,P-21,3,Cafe Solo,Bebida
T-26664,2026-03-21,Comida,P-11,4,Salmon a la Plancha,Principal
T-46309,2026-03-21,Comida,P-04,1,Tarta de Queso Casera,Postre
T-70591,2026-03-21,Comida,P-09,2,Gazpacho Andaluz,Entrante
T-29087,2026-03-21,Comida,P-21,2,Cafe Solo,Bebida
T-44302,2026-03-21,Cena,P-01,1,Hamburguesa Smart,Principal
T-54144,2026-03-21,Comida,P-09,1,Gazpacho Andaluz,Entrante
T-30467,2026-03-21,Cena,P-02,4,Ensalada Cesar,Entrante
T-90465,2026-03-21,Comida,P-04,4,Tarta de Queso Casera,Postre
T-85745,2026-03-21,Comida,P-10,3,Solomillo Iberico,Principal
T-62609,2026-03-21,Comida,P-15,1,Cerveza Artesana,Bebida
T-76542,2026-03-21,Comida,P-06,3,Vino Tinto Copa,Bebida
T-73157,2026-03-21,Cena,P-20,1,Paella de Marisco,Principal
T-73475,2026-03-21,Cena,P-25,1,Canelones de Carne,Principal
T-93930,2026-03-22,Comida,P-19,3,Entrecot Ternera,Principal
T-55137,2026-03-22,Comida,P-06,4,Vino Tinto Copa,Bebida
T-23156,2026-03-22,Comida,P-06,2,Vino Tinto Copa,Bebida
T-29030,2026-03-22,Comida,P-19,3,Entrecot Ternera,Principal
T-92227,2026-03-22,Cena,P-17,4,Brownie con Helado,Postre
T-96140,2026-03-22,Cena,P-22,3,Te Verde,Bebida
T-75433,2026-03-22,Comida,P-11,1,Salmon a la Plancha,Principal
T-80896,2026-03-22,Cena,P-07,4,Pizza Margarita,Principal
T-73322,2026-03-22,Cena,P-16,3,Agua Mineral,Bebida
T-47787,2026-03-22,Cena,P-23,2,Tiramisu de la Casa,Postre
T-69409,2026-03-22,Comida,P-23,2,Tiramisu de la Casa,Postre
T-96945,2026-03-22,Comida,P-17,4,Brownie con Helado,Postre
T-63542,2026-03-22,Comida,P-05,3,Refresco Cola,Bebida
T-95177,2026-03-22,Cena,P-16,2,Agua Mineral,Bebida
T-29793,2026-03-22,Cena,P-23,2,Tiramisu de la Casa,Postre
T-61421,2026-03-22,Comida,P-16,2,Agua Mineral,Bebida
T-64028,2026-03-22,Comida,P-15,4,Cerveza Artesana,Bebida
T-39600,2026-03-22,Cena,P-11,1,Salmon a la Plancha,Principal
T-47342,2026-03-22,Cena,P-10,1,Solomillo Iberico,Principal
T-54861,2026-03-22,Cena,P-15,2,Cerveza Artesana,Bebida
T-65796,2026-03-22,Comida,P-08,2,Croquetas de Jamon,Entrante
T-38861,2026-03-22,Cena,P-13,2,Bacalao al Horno,Principal
T-89192,2026-03-22,Cena,P-06,1,Vino Tinto Copa,Bebida
T-57246,2026-03-22,Comida,P-14,1,Tortilla de Patatas,Entrante
T-82496,2026-03-22,Cena,P-24,4,Nuggets de Pollo,Principal
T-90565,2026-03-22,Cena,P-04,2,Tarta de Queso Casera,Postre
T-76762,2026-03-22,Cena,P-14,3,Tortilla de Patatas,Entrante
T-94062,2026-03-22,Comida,P-16,4,Agua Mineral,Bebida
T-75794,2026-03-22,Cena,P-03,3,Pasta Carbonara IA,Principal
T-77646,2026-03-22,Cena,P-03,3,Pasta Carbonara IA,Principal
T-97050,2026-03-22,Comida,P-12,4,Risotto de Setas,Principal
T-98737,2026-03-22,Comida,P-07,2,Pizza Margarita,Principal
T-56262,2026-03-23,Comida,P-23,4,Tiramisu de la Casa,Postre
T-50387,2026-03-23,Comida,P-07,1,Pizza Margarita,Principal
T-57379,2026-03-23,Comida,P-12,3,Risotto de Setas,Principal
T-90597,2026-03-23,Cena,P-02,4,Ensalada Cesar,Entrante
T-57614,2026-03-23,Comida,P-02,3,Ensalada Cesar,Entrante
T-50241,2026-03-23,Cena,P-07,3,Pizza Margarita,Principal
T-30873,2026-03-23,Comida,P-07,4,Pizza Margarita,Principal
T-82601,2026-03-23,Cena,P-01,4,Hamburguesa Smart,Principal
T-51407,2026-03-23,Cena,P-18,3,Ensaladilla Rusa,Entrante
T-65994,2026-03-23,Cena,P-17,1,Brownie con Helado,Postre
T-92195,2026-03-23,Cena,P-06,1,Vino Tinto Copa,Bebida
T-35181,2026-03-23,Cena,P-09,3,Gazpacho Andaluz,Entrante
T-77135,2026-03-23,Cena,P-03,4,Pasta Carbonara IA,Principal
T-37464,2026-03-23,Cena,P-19,2,Entrecot Ternera,Principal
T-86676,2026-03-23,Comida,P-06,1,Vino Tinto Copa,Bebida
T-87641,2026-03-23,Comida,P-02,2,Ensalada Cesar,Entrante
T-84122,2026-03-23,Cena,P-06,1,Vino Tinto Copa,Bebida
T-79808,2026-03-23,Comida,P-25,2,Canelones de Carne,Principal
T-74417,2026-03-23,Comida,P-06,4,Vino Tinto Copa,Bebida
T-47466,2026-03-23,Cena,P-15,3,Cerveza Artesana,Bebida
T-50019,2026-03-23,Cena,P-25,3,Canelones de Carne,Principal
T-40719,2026-03-23,Cena,P-06,3,Vino Tinto Copa,Bebida
T-43178,2026-03-23,Cena,P-21,1,Cafe Solo,Bebida
T-46290,2026-03-23,Cena,P-20,2,Paella de Marisco,Principal
T-81321,2026-03-23,Cena,P-01,2,Hamburguesa Smart,Principal
T-36099,2026-03-23,Cena,P-14,3,Tortilla de Patatas,Entrante
T-87450,2026-03-23,Comida,P-02,3,Ensalada Cesar,Entrante
T-34078,2026-03-23,Cena,P-10,3,Solomillo Iberico,Principal
T-71214,2026-03-23,Cena,P-02,4,Ensalada Cesar,Entrante
T-76892,2026-03-24,Comida,P-19,1,Entrecot Ternera,Principal
T-45669,2026-03-24,Comida,P-19,3,Entrecot Ternera,Principal
T-91354,2026-03-24,Cena,P-13,2,Bacalao al Horno,Principal
T-64801,2026-03-24,Comida,P-18,1,Ensaladilla Rusa,Entrante
T-86288,2026-03-24,Comida,P-06,1,Vino Tinto Copa,Bebida
T-49251,2026-03-24,Cena,P-04,1,Tarta de Queso Casera,Postre
T-90391,2026-03-24,Comida,P-23,4,Tiramisu de la Casa,Postre
T-38016,2026-03-24,Comida,P-24,1,Nuggets de Pollo,Principal
T-31952,2026-03-24,Cena,P-14,3,Tortilla de Patatas,Entrante
T-27682,2026-03-24,Cena,P-12,4,Risotto de Setas,Principal
T-31763,2026-03-24,Comida,P-08,3,Croquetas de Jamon,Entrante
T-85630,2026-03-24,Comida,P-25,4,Canelones de Carne,Principal
T-32371,2026-03-24,Cena,P-10,1,Solomillo Iberico,Principal
T-73883,2026-03-24,Cena,P-09,2,Gazpacho Andaluz,Entrante
T-80728,2026-03-24,Comida,P-05,4,Refresco Cola,Bebida
T-38663,2026-03-24,Cena,P-21,2,Cafe Solo,Bebida
T-95987,2026-03-24,Cena,P-16,4,Agua Mineral,Bebida
T-75167,2026-03-24,Cena,P-03,4,Pasta Carbonara IA,Principal
T-57621,2026-03-25,Cena,P-10,2,Solomillo Iberico,Principal
T-71640,2026-03-25,Comida,P-05,1,Refresco Cola,Bebida
T-40934,2026-03-25,Cena,P-13,1,Bacalao al Horno,Principal
T-32752,2026-03-25,Comida,P-16,1,Agua Mineral,Bebida
T-90513,2026-03-25,Cena,P-02,1,Ensalada Cesar,Entrante
T-56026,2026-03-25,Cena,P-22,3,Te Verde,Bebida
T-38158,2026-03-25,Comida,P-15,4,Cerveza Artesana,Bebida
T-74772,2026-03-25,Cena,P-20,3,Paella de Marisco,Principal
T-53351,2026-03-25,Comida,P-09,1,Gazpacho Andaluz,Entrante
T-90327,2026-03-25,Cena,P-21,1,Cafe Solo,Bebida
T-27873,2026-03-25,Cena,P-10,3,Solomillo Iberico,Principal
T-98562,2026-03-25,Cena,P-17,4,Brownie con Helado,Postre
T-28739,2026-03-26,Cena,P-24,4,Nuggets de Pollo,Principal
T-43155,2026-03-26,Comida,P-11,3,Salmon a la Plancha,Principal
T-38981,2026-03-26,Cena,P-14,2,Tortilla de Patatas,Entrante
T-75734,2026-03-26,Cena,P-20,2,Paella de Marisco,Principal
T-73390,2026-03-26,Comida,P-07,4,Pizza Margarita,Principal
T-75960,2026-03-26,Cena,P-18,3,Ensaladilla Rusa,Entrante
T-90155,2026-03-26,Cena,P-02,4,Ensalada Cesar,Entrante
T-34334,2026-03-26,Comida,P-04,3,Tarta de Queso Casera,Postre
T-79623,2026-03-26,Cena,P-09,4,Gazpacho Andaluz,Entrante
T-66032,2026-03-26,Comida,P-10,3,Solomillo Iberico,Principal
T-33708,2026-03-26,Comida,P-07,1,Pizza Margarita,Principal
T-51923,2026-03-26,Comida,P-18,4,Ensaladilla Rusa,Entrante
T-56025,2026-03-27,Comida,P-03,2,Pasta Carbonara IA,Principal
T-80376,2026-03-27,Cena,P-11,2,Salmon a la Plancha,Principal
T-55732,2026-03-27,Cena,P-17,1,Brownie con Helado,Postre
T-62468,2026-03-27,Comida,P-07,2,Pizza Margarita,Principal
T-84496,2026-03-27,Comida,P-17,4,Brownie con Helado,Postre
T-32598,2026-03-27,Cena,P-17,1,Brownie con Helado,Postre
T-24392,2026-03-27,Cena,P-23,4,Tiramisu de la Casa,Postre
T-74026,2026-03-27,Comida,P-07,4,Pizza Margarita,Principal
T-70484,2026-03-27,Comida,P-17,4,Brownie con Helado,Postre
T-51041,2026-03-27,Cena,P-20,3,Paella de Marisco,Principal
T-64671,2026-03-27,Cena,P-03,2,Pasta Carbonara IA,Principal
T-25875,2026-03-27,Cena,P-08,1,Croquetas de Jamon,Entrante
T-98610,2026-03-27,Cena,P-07,2,Pizza Margarita,Principal
T-33226,2026-03-27,Cena,P-07,2,Pizza Margarita,Principal
T-63728,2026-03-27,Comida,P-03,1,Pasta Carbonara IA,Principal
T-30484,2026-03-27,Comida,P-17,3,Brownie con Helado,Postre
T-96411,2026-03-27,Cena,P-20,1,Paella de Marisco,Principal
T-90748,2026-03-27,Cena,P-09,2,Gazpacho Andaluz,Entrante
T-83585,2026-03-27,Comida,P-12,1,Risotto de Setas,Principal
T-99717,2026-03-27,Comida,P-18,1,Ensaladilla Rusa,Entrante
T-48277,2026-03-27,Cena,P-19,4,Entrecot Ternera,Principal
T-85482,2026-03-27,Cena,P-21,3,Cafe Solo,Bebida
T-20284,2026-03-27,Cena,P-17,4,Brownie con Helado,Postre
T-99962,2026-03-27,Comida,P-07,3,Pizza Margarita,Principal
T-23509,2026-03-27,Comida,P-04,4,Tarta de Queso Casera,Postre
T-72100,2026-03-27,Cena,P-18,2,Ensaladilla Rusa,Entrante
T-38646,2026-03-27,Cena,P-13,1,Bacalao al Horno,Principal
T-44694,2026-03-27,Cena,P-09,1,Gazpacho Andaluz,Entrante
T-28364,2026-03-27,Comida,P-14,4,Tortilla de Patatas,Entrante
T-71292,2026-03-28,Cena,P-15,1,Cerveza Artesana,Bebida
T-63193,2026-03-28,Cena,P-21,4,Cafe Solo,Bebida
T-53842,2026-03-28,Cena,P-06,1,Vino Tinto Copa,Bebida
T-22409,2026-03-28,Comida,P-11,1,Salmon a la Plancha,Principal
T-39636,2026-03-28,Cena,P-08,2,Croquetas de Jamon,Entrante
T-35767,2026-03-28,Cena,P-09,3,Gazpacho Andaluz,Entrante
T-87932,2026-03-28,Cena,P-19,3,Entrecot Ternera,Principal
T-90719,2026-03-28,Cena,P-06,1,Vino Tinto Copa,Bebida
T-96827,2026-03-28,Cena,P-06,3,Vino Tinto Copa,Bebida
T-27098,2026-03-28,Comida,P-11,3,Salmon a la Plancha,Principal
T-52431,2026-03-28,Cena,P-12,4,Risotto de Setas,Principal
T-70038,2026-03-28,Cena,P-06,3,Vino Tinto Copa,Bebida
T-94030,2026-03-28,Cena,P-23,4,Tiramisu de la Casa,Postre
T-58819,2026-03-28,Comida,P-08,3,Croquetas de Jamon,Entrante
T-47951,2026-03-29,Comida,P-04,3,Tarta de Queso Casera,Postre
T-46328,2026-03-29,Cena,P-23,3,Tiramisu de la Casa,Postre
T-78896,2026-03-29,Comida,P-03,1,Pasta Carbonara IA,Principal
T-21961,2026-03-29,Cena,P-07,3,Pizza Margarita,Principal
T-80632,2026-03-29,Cena,P-17,3,Brownie con Helado,Postre
T-38226,2026-03-29,Comida,P-08,4,Croquetas de Jamon,Entrante
T-93252,2026-03-29,Cena,P-02,1,Ensalada Cesar,Entrante
T-55321,2026-03-29,Comida,P-04,3,Tarta de Queso Casera,Postre
T-41155,2026-03-29,Cena,P-11,3,Salmon a la Plancha,Principal
T-56507,2026-03-29,Cena,P-08,2,Croquetas de Jamon,Entrante
T-49595,2026-03-29,Cena,P-09,3,Gazpacho Andaluz,Entrante
T-28422,2026-03-29,Comida,P-25,4,Canelones de Carne,Principal
T-79627,2026-03-29,Comida,P-08,4,Croquetas de Jamon,Entrante
T-93172,2026-03-29,Cena,P-06,3,Vino Tinto Copa,Bebida
T-35127,2026-03-29,Comida,P-09,2,Gazpacho Andaluz,Entrante
T-62623,2026-03-29,Comida,P-18,4,Ensaladilla Rusa,Entrante
T-57598,2026-03-29,Comida,P-14,3,Tortilla de Patatas,Entrante
T-63492,2026-03-29,Comida,P-16,3,Agua Mineral,Bebida
T-27047,2026-03-29,Comida,P-15,3,Cerveza Artesana,Bebida
T-89138,2026-03-29,Comida,P-25,4,Canelones de Carne,Principal
T-56373,2026-03-29,Comida,P-01,4,Hamburguesa Smart,Principal
T-47700,2026-03-29,Cena,P-08,4,Croquetas de Jamon,Entrante
T-76811,2026-03-29,Comida,P-20,2,Paella de Marisco,Principal
T-99991,2026-03-29,Cena,P-15,2,Cerveza Artesana,Bebida
T-89886,2026-03-30,Comida,P-12,1,Risotto de Setas,Principal
T-29932,2026-03-30,Comida,P-01,2,Hamburguesa Smart,Principal
T-34927,2026-03-30,Cena,P-24,3,Nuggets de Pollo,Principal
T-75535,2026-03-30,Cena,P-14,1,Tortilla de Patatas,Entrante
T-65297,2026-03-30,Cena,P-12,3,Risotto de Setas,Principal
T-87635,2026-03-30,Comida,P-25,4,Canelones de Carne,Principal
T-96586,2026-03-30,Cena,P-25,1,Canelones de Carne,Principal
T-45435,2026-03-30,Comida,P-19,1,Entrecot Ternera,Principal
T-36878,2026-03-30,Comida,P-13,4,Bacalao al Horno,Principal
T-29867,2026-03-30,Comida,P-18,1,Ensaladilla Rusa,Entrante
T-70667,2026-03-30,Cena,P-05,2,Refresco Cola,Bebida
T-55814,2026-03-30,Comida,P-05,2,Refresco Cola,Bebida
T-63884,2026-03-30,Cena,P-06,2,Vino Tinto Copa,Bebida
T-85073,2026-03-30,Comida,P-06,2,Vino Tinto Copa,Bebida
T-61803,2026-03-30,Cena,P-20,2,Paella de Marisco,Principal
T-59320,2026-03-30,Comida,P-19,3,Entrecot Ternera,Principal
T-38745,2026-03-30,Comida,P-03,4,Pasta Carbonara IA,Principal
T-24619,2026-03-30,Cena,P-20,3,Paella de Marisco,Principal
T-68587,2026-03-30,Comida,P-22,3,Te Verde,Bebida
T-91716,2026-03-30,Cena,P-11,2,Salmon a la Plancha,Principal
T-61205,2026-03-31,Cena,P-21,4,Cafe Solo,Bebida
T-44817,2026-03-31,Cena,P-24,4,Nuggets de Pollo,Principal
T-34098,2026-03-31,Comida,P-20,2,Paella de Marisco,Principal
T-74085,2026-03-31,Comida,P-16,4,Agua Mineral,Bebida
T-29733,2026-03-31,Cena,P-04,1,Tarta de Queso Casera,Postre
T-45900,2026-03-31,Comida,P-09,1,Gazpacho Andaluz,Entrante
T-42169,2026-03-31,Comida,P-08,4,Croquetas de Jamon,Entrante
T-74225,2026-03-31,Cena,P-25,1,Canelones de Carne,Principal
T-97172,2026-03-31,Cena,P-14,1,Tortilla de Patatas,Entrante
T-30006,2026-03-31,Comida,P-23,2,Tiramisu de la Casa,Postre
T-50514,2026-03-31,Comida,P-11,1,Salmon a la Plancha,Principal
T-24467,2026-03-31,Comida,P-14,4,Tortilla de Patatas,Entrante
T-52830,2026-03-31,Comida,P-08,4,Croquetas de Jamon,Entrante
T-39959,2026-03-31,Comida,P-22,3,Te Verde,Bebida
T-38620,2026-03-31,Comida,P-22,2,Te Verde,Bebida
T-89949,2026-04-01,Comida,P-08,2,Croquetas de Jamon,Entrante
T-73988,2026-04-01,Cena,P-08,3,Croquetas de Jamon,Entrante
T-64234,2026-04-01,Comida,P-11,1,Salmon a la Plancha,Principal
T-42215,2026-04-01,Cena,P-08,2,Croquetas de Jamon,Entrante
T-50060,2026-04-01,Comida,P-20,3,Paella de Marisco,Principal
T-31529,2026-04-01,Comida,P-14,1,Tortilla de Patatas,Entrante
T-86910,2026-04-01,Comida,P-16,3,Agua Mineral,Bebida
T-92220,2026-04-01,Comida,P-10,4,Solomillo Iberico,Principal
T-82800,2026-04-01,Cena,P-13,2,Bacalao al Horno,Principal
T-67541,2026-04-01,Cena,P-17,3,Brownie con Helado,Postre
T-39707,2026-04-01,Cena,P-16,4,Agua Mineral,Bebida
T-76796,2026-04-01,Comida,P-24,1,Nuggets de Pollo,Principal
T-63582,2026-04-01,Cena,P-19,3,Entrecot Ternera,Principal
T-64399,2026-04-01,Comida,P-04,1,Tarta de Queso Casera,Postre
T-72495,2026-04-01,Cena,P-20,4,Paella de Marisco,Principal
T-54404,2026-04-01,Cena,P-08,3,Croquetas de Jamon,Entrante
T-90382,2026-04-01,Cena,P-15,1,Cerveza Artesana,Bebida
T-35953,2026-04-01,Cena,P-16,2,Agua Mineral,Bebida
T-40298,2026-04-01,Cena,P-22,2,Te Verde,Bebida
T-28340,2026-04-01,Cena,P-24,4,Nuggets de Pollo,Principal
T-80982,2026-04-01,Cena,P-20,3,Paella de Marisco,Principal
T-45335,2026-04-01,Cena,P-24,3,Nuggets de Pollo,Principal
T-29401,2026-04-01,Cena,P-13,1,Bacalao al Horno,Principal
T-23987,2026-04-01,Cena,P-07,2,Pizza Margarita,Principal
T-67185,2026-04-01,Cena,P-24,4,Nuggets de Pollo,Principal
T-53013,2026-04-01,Cena,P-16,4,Agua Mineral,Bebida
T-22917,2026-04-02,Cena,P-18,2,Ensaladilla Rusa,Entrante
T-33271,2026-04-02,Cena,P-22,3,Te Verde,Bebida
T-93711,2026-04-02,Cena,P-21,4,Cafe Solo,Bebida
T-93594,2026-04-02,Cena,P-12,3,Risotto de Setas,Principal
T-56890,2026-04-02,Cena,P-23,4,Tiramisu de la Casa,Postre
T-56491,2026-04-02,Cena,P-09,2,Gazpacho Andaluz,Entrante
T-22381,2026-04-02,Comida,P-04,4,Tarta de Queso Casera,Postre
T-23276,2026-04-02,Comida,P-02,1,Ensalada Cesar,Entrante
T-81048,2026-04-02,Cena,P-01,1,Hamburguesa Smart,Principal
T-30610,2026-04-02,Cena,P-17,2,Brownie con Helado,Postre
T-68327,2026-04-02,Cena,P-05,4,Refresco Cola,Bebida
T-69942,2026-04-02,Comida,P-20,2,Paella de Marisco,Principal
T-68380,2026-04-02,Cena,P-22,2,Te Verde,Bebida
T-32836,2026-04-02,Comida,P-15,2,Cerveza Artesana,Bebida
T-37627,2026-04-02,Comida,P-04,1,Tarta de Queso Casera,Postre
T-31763,2026-04-02,Comida,P-03,1,Pasta Carbonara IA,Principal
T-83016,2026-04-02,Comida,P-25,2,Canelones de Carne,Principal
T-75850,2026-04-02,Comida,P-07,2,Pizza Margarita,Principal
T-27888,2026-04-02,Comida,P-15,1,Cerveza Artesana,Bebida
T-40363,2026-04-02,Cena,P-11,3,Salmon a la Plancha,Principal
T-67523,2026-04-02,Cena,P-11,4,Salmon a la Plancha,Principal
T-63763,2026-04-02,Comida,P-16,1,Agua Mineral,Bebida
T-97711,2026-04-02,Comida,P-14,1,Tortilla de Patatas,Entrante
T-36004,2026-04-02,Comida,P-17,3,Brownie con Helado,Postre
T-89545,2026-04-02,Comida,P-21,1,Cafe Solo,Bebida
T-24174,2026-04-02,Comida,P-21,3,Cafe Solo,Bebida
T-46328,2026-04-02,Comida,P-02,4,Ensalada Cesar,Entrante
T-66331,2026-04-02,Cena,P-17,4,Brownie con Helado,Postre
T-82814,2026-04-02,Cena,P-11,1,Salmon a la Plancha,Principal
T-61007,2026-04-02,Comida,P-24,4,Nuggets de Pollo,Principal
T-36995,2026-04-02,Comida,P-07,4,Pizza Margarita,Principal
T-60098,2026-04-03,Comida,P-16,3,Agua Mineral,Bebida
T-66547,2026-04-03,Comida,P-03,3,Pasta Carbonara IA,Principal
T-88780,2026-04-03,Comida,P-21,3,Cafe Solo,Bebida
T-47367,2026-04-03,Cena,P-14,3,Tortilla de Patatas,Entrante
T-53867,2026-04-03,Comida,P-06,4,Vino Tinto Copa,Bebida
T-68358,2026-04-03,Cena,P-03,4,Pasta Carbonara IA,Principal
T-52820,2026-04-03,Comida,P-16,1,Agua Mineral,Bebida
T-47717,2026-04-03,Cena,P-02,3,Ensalada Cesar,Entrante
T-26255,2026-04-03,Cena,P-24,2,Nuggets de Pollo,Principal
T-29648,2026-04-03,Cena,P-06,3,Vino Tinto Copa,Bebida
T-41452,2026-04-03,Comida,P-04,2,Tarta de Queso Casera,Postre
T-35392,2026-04-03,Cena,P-07,3,Pizza Margarita,Principal
T-89768,2026-04-03,Cena,P-10,3,Solomillo Iberico,Principal
T-44330,2026-04-03,Cena,P-08,1,Croquetas de Jamon,Entrante
T-81424,2026-04-03,Cena,P-17,1,Brownie con Helado,Postre
T-79602,2026-04-03,Cena,P-04,3,Tarta de Queso Casera,Postre
T-56938,2026-04-03,Comida,P-02,2,Ensalada Cesar,Entrante
T-87896,2026-04-03,Cena,P-16,2,Agua Mineral,Bebida
T-38891,2026-04-03,Cena,P-01,3,Hamburguesa Smart,Principal
T-29813,2026-04-03,Comida,P-23,4,Tiramisu de la Casa,Postre
T-36756,2026-04-03,Cena,P-09,1,Gazpacho Andaluz,Entrante
T-92352,2026-04-03,Comida,P-07,4,Pizza Margarita,Principal
T-71576,2026-04-03,Cena,P-02,2,Ensalada Cesar,Entrante
T-46302,2026-04-03,Cena,P-13,4,Bacalao al Horno,Principal
T-98600,2026-04-03,Comida,P-25,2,Canelones de Carne,Principal
T-39092,2026-04-03,Cena,P-07,1,Pizza Margarita,Principal
T-63359,2026-04-03,Cena,P-15,2,Cerveza Artesana,Bebida
T-44390,2026-04-04,Cena,P-19,3,Entrecot Ternera,Principal
T-36668,2026-04-04,Cena,P-23,3,Tiramisu de la Casa,Postre
T-71563,2026-04-04,Comida,P-13,3,Bacalao al Horno,Principal
T-70713,2026-04-04,Cena,P-14,2,Tortilla de Patatas,Entrante
T-63516,2026-04-04,Comida,P-04,4,Tarta de Queso Casera,Postre
T-21783,2026-04-04,Comida,P-24,2,Nuggets de Pollo,Principal
T-96192,2026-04-04,Cena,P-13,4,Bacalao al Horno,Principal
T-61319,2026-04-04,Cena,P-12,1,Risotto de Setas,Principal
T-23078,2026-04-04,Cena,P-23,3,Tiramisu de la Casa,Postre
T-89920,2026-04-04,Comida,P-06,2,Vino Tinto Copa,Bebida
T-41656,2026-04-04,Comida,P-04,1,Tarta de Queso Casera,Postre
T-60414,2026-04-04,Cena,P-01,2,Hamburguesa Smart,Principal
T-53194,2026-04-04,Comida,P-25,3,Canelones de Carne,Principal
T-69690,2026-04-04,Comida,P-22,4,Te Verde,Bebida
T-46299,2026-04-04,Comida,P-17,3,Brownie con Helado,Postre
T-67980,2026-04-04,Comida,P-04,1,Tarta de Queso Casera,Postre
T-74642,2026-04-04,Comida,P-12,1,Risotto de Setas,Principal
T-67278,2026-04-04,Cena,P-04,2,Tarta de Queso Casera,Postre
T-36644,2026-04-04,Cena,P-17,2,Brownie con Helado,Postre
T-95946,2026-04-04,Comida,P-07,4,Pizza Margarita,Principal
T-70561,2026-04-04,Cena,P-04,4,Tarta de Queso Casera,Postre
T-78940,2026-04-04,Comida,P-01,4,Hamburguesa Smart,Principal
T-48699,2026-04-04,Cena,P-10,4,Solomillo Iberico,Principal
T-98492,2026-04-04,Cena,P-24,3,Nuggets de Pollo,Principal
T-47571,2026-04-04,Cena,P-07,1,Pizza Margarita,Principal
T-76668,2026-04-04,Comida,P-21,1,Cafe Solo,Bebida
T-73855,2026-04-04,Comida,P-18,3,Ensaladilla Rusa,Entrante
T-95233,2026-04-04,Comida,P-20,2,Paella de Marisco,Principal
T-84193,2026-04-05,Cena,P-12,1,Risotto de Setas,Principal
T-81004,2026-04-05,Comida,P-01,2,Hamburguesa Smart,Principal
T-36454,2026-04-05,Cena,P-05,4,Refresco Cola,Bebida
T-37314,2026-04-05,Comida,P-07,1,Pizza Margarita,Principal
T-47085,2026-04-05,Cena,P-14,2,Tortilla de Patatas,Entrante
T-77809,2026-04-05,Comida,P-13,4,Bacalao al Horno,Principal
T-47899,2026-04-05,Comida,P-24,2,Nuggets de Pollo,Principal
T-97730,2026-04-05,Comida,P-14,4,Tortilla de Patatas,Entrante
T-49900,2026-04-05,Comida,P-19,2,Entrecot Ternera,Principal
T-79898,2026-04-05,Cena,P-12,4,Risotto de Setas,Principal
T-91622,2026-04-05,Cena,P-03,1,Pasta Carbonara IA,Principal
T-80159,2026-04-05,Cena,P-24,3,Nuggets de Pollo,Principal
T-50359,2026-04-05,Cena,P-23,2,Tiramisu de la Casa,Postre
T-49115,2026-04-05,Cena,P-24,3,Nuggets de Pollo,Principal
T-63707,2026-04-05,Comida,P-09,1,Gazpacho Andaluz,Entrante
T-85654,2026-04-05,Comida,P-16,1,Agua Mineral,Bebida
T-48788,2026-04-05,Cena,P-22,1,Te Verde,Bebida
T-52387,2026-04-05,Comida,P-15,4,Cerveza Artesana,Bebida
T-38035,2026-04-05,Cena,P-23,1,Tiramisu de la Casa,Postre
T-94259,2026-04-05,Cena,P-19,4,Entrecot Ternera,Principal
T-79671,2026-04-05,Cena,P-20,2,Paella de Marisco,Principal
T-27314,2026-04-05,Comida,P-22,4,Te Verde,Bebida
T-26857,2026-04-06,Comida,P-21,4,Cafe Solo,Bebida
T-36020,2026-04-06,Comida,P-04,2,Tarta de Queso Casera,Postre
T-95846,2026-04-06,Comida,P-23,3,Tiramisu de la Casa,Postre
T-60854,2026-04-06,Comida,P-13,1,Bacalao al Horno,Principal
T-82162,2026-04-06,Cena,P-17,1,Brownie con Helado,Postre
T-77690,2026-04-06,Cena,P-23,1,Tiramisu de la Casa,Postre
T-63411,2026-04-06,Cena,P-19,3,Entrecot Ternera,Principal
T-91764,2026-04-06,Cena,P-25,2,Canelones de Carne,Principal
T-57544,2026-04-06,Cena,P-19,2,Entrecot Ternera,Principal
T-45483,2026-04-06,Comida,P-11,1,Salmon a la Plancha,Principal
T-42394,2026-04-06,Cena,P-22,4,Te Verde,Bebida
T-29285,2026-04-06,Cena,P-20,3,Paella de Marisco,Principal
T-49669,2026-04-06,Cena,P-01,3,Hamburguesa Smart,Principal
T-74763,2026-04-06,Cena,P-05,4,Refresco Cola,Bebida
T-98593,2026-04-06,Comida,P-23,3,Tiramisu de la Casa,Postre
T-51501,2026-04-06,Cena,P-24,3,Nuggets de Pollo,Principal
T-82914,2026-04-06,Cena,P-21,4,Cafe Solo,Bebida
T-89830,2026-04-06,Comida,P-21,1,Cafe Solo,Bebida
T-26270,2026-04-06,Comida,P-17,3,Brownie con Helado,Postre
T-37770,2026-04-06,Comida,P-21,4,Cafe Solo,Bebida
T-79326,2026-04-06,Cena,P-08,4,Croquetas de Jamon,Entrante
T-41767,2026-04-07,Cena,P-17,3,Brownie con Helado,Postre
T-99106,2026-04-07,Comida,P-22,1,Te Verde,Bebida
T-99751,2026-04-07,Cena,P-25,4,Canelones de Carne,Principal
T-45808,2026-04-07,Comida,P-25,1,Canelones de Carne,Principal
T-29696,2026-04-07,Cena,P-20,1,Paella de Marisco,Principal
T-28879,2026-04-07,Cena,P-07,2,Pizza Margarita,Principal
T-27826,2026-04-07,Cena,P-17,3,Brownie con Helado,Postre
T-82134,2026-04-07,Comida,P-19,3,Entrecot Ternera,Principal
T-54360,2026-04-07,Cena,P-10,3,Solomillo Iberico,Principal
T-80516,2026-04-07,Cena,P-20,4,Paella de Marisco,Principal
T-66675,2026-04-07,Comida,P-12,4,Risotto de Setas,Principal
T-91954,2026-04-07,Comida,P-04,4,Tarta de Queso Casera,Postre
T-85211,2026-04-07,Cena,P-14,4,Tortilla de Patatas,Entrante
T-22445,2026-04-07,Cena,P-05,4,Refresco Cola,Bebida
T-62027,2026-04-07,Cena,P-12,4,Risotto de Setas,Principal
T-53877,2026-04-07,Comida,P-19,3,Entrecot Ternera,Principal
T-51529,2026-04-07,Cena,P-24,1,Nuggets de Pollo,Principal
T-68084,2026-04-07,Cena,P-02,4,Ensalada Cesar,Entrante
T-23642,2026-04-07,Cena,P-23,2,Tiramisu de la Casa,Postre
T-73281,2026-04-07,Comida,P-01,1,Hamburguesa Smart,Principal
T-33109,2026-04-07,Cena,P-07,3,Pizza Margarita,Principal
T-47700,2026-04-07,Cena,P-18,4,Ensaladilla Rusa,Entrante
T-51451,2026-04-07,Cena,P-08,2,Croquetas de Jamon,Entrante
T-84657,2026-04-08,Cena,P-13,4,Bacalao al Horno,Principal
T-40230,2026-04-08,Cena,P-25,3,Canelones de Carne,Principal
T-34776,2026-04-08,Cena,P-09,2,Gazpacho Andaluz,Entrante
T-75816,2026-04-08,Cena,P-16,2,Agua Mineral,Bebida
T-32269,2026-04-08,Cena,P-05,4,Refresco Cola,Bebida
T-84214,2026-04-08,Cena,P-08,2,Croquetas de Jamon,Entrante
T-26180,2026-04-08,Cena,P-13,2,Bacalao al Horno,Principal
T-47778,2026-04-08,Cena,P-02,2,Ensalada Cesar,Entrante
T-49082,2026-04-08,Cena,P-21,2,Cafe Solo,Bebida
T-63013,2026-04-08,Cena,P-14,1,Tortilla de Patatas,Entrante
T-49384,2026-04-09,Comida,P-08,3,Croquetas de Jamon,Entrante
T-83428,2026-04-09,Cena,P-24,2,Nuggets de Pollo,Principal
T-58918,2026-04-09,Cena,P-15,1,Cerveza Artesana,Bebida
T-41194,2026-04-09,Comida,P-21,1,Cafe Solo,Bebida
T-89427,2026-04-09,Cena,P-12,3,Risotto de Setas,Principal
T-92778,2026-04-09,Comida,P-11,1,Salmon a la Plancha,Principal
T-90062,2026-04-09,Cena,P-06,2,Vino Tinto Copa,Bebida
T-22151,2026-04-09,Comida,P-14,4,Tortilla de Patatas,Entrante
T-44538,2026-04-09,Cena,P-08,2,Croquetas de Jamon,Entrante
T-96674,2026-04-09,Cena,P-02,3,Ensalada Cesar,Entrante
T-21414,2026-04-09,Cena,P-03,2,Pasta Carbonara IA,Principal
T-74973,2026-04-09,Cena,P-07,3,Pizza Margarita,Principal
T-52329,2026-04-09,Cena,P-11,4,Salmon a la Plancha,Principal
T-75645,2026-04-09,Cena,P-15,3,Cerveza Artesana,Bebida
T-59415,2026-04-09,Cena,P-03,2,Pasta Carbonara IA,Principal
T-70487,2026-04-09,Cena,P-16,4,Agua Mineral,Bebida
T-95806,2026-04-09,Cena,P-17,1,Brownie con Helado,Postre
T-29159,2026-04-10,Cena,P-18,1,Ensaladilla Rusa,Entrante
T-77769,2026-04-10,Cena,P-15,2,Cerveza Artesana,Bebida
T-39783,2026-04-10,Cena,P-25,4,Canelones de Carne,Principal
T-36229,2026-04-10,Cena,P-18,1,Ensaladilla Rusa,Entrante
T-85248,2026-04-10,Comida,P-12,2,Risotto de Setas,Principal
T-51009,2026-04-10,Cena,P-25,2,Canelones de Carne,Principal
T-33690,2026-04-10,Cena,P-16,4,Agua Mineral,Bebida
T-91349,2026-04-10,Comida,P-01,1,Hamburguesa Smart,Principal
T-67505,2026-04-10,Comida,P-03,1,Pasta Carbonara IA,Principal
T-69258,2026-04-10,Cena,P-19,2,Entrecot Ternera,Principal
T-68692,2026-04-10,Cena,P-14,3,Tortilla de Patatas,Entrante
T-80274,2026-04-10,Cena,P-18,2,Ensaladilla Rusa,Entrante
T-38305,2026-04-10,Comida,P-06,1,Vino Tinto Copa,Bebida
T-97195,2026-04-10,Cena,P-03,2,Pasta Carbonara IA,Principal
T-64207,2026-04-11,Comida,P-04,1,Tarta de Queso Casera,Postre
T-27447,2026-04-11,Cena,P-23,1,Tiramisu de la Casa,Postre
T-37664,2026-04-11,Cena,P-14,2,Tortilla de Patatas,Entrante
T-25997,2026-04-11,Comida,P-08,3,Croquetas de Jamon,Entrante
T-75421,2026-04-11,Cena,P-17,2,Brownie con Helado,Postre
T-70706,2026-04-11,Comida,P-24,1,Nuggets de Pollo,Principal
T-31782,2026-04-11,Cena,P-24,1,Nuggets de Pollo,Principal
T-29447,2026-04-11,Cena,P-24,2,Nuggets de Pollo,Principal
T-50669,2026-04-11,Comida,P-11,1,Salmon a la Plancha,Principal
T-34602,2026-04-11,Comida,P-02,2,Ensalada Cesar,Entrante
T-92104,2026-04-11,Cena,P-09,4,Gazpacho Andaluz,Entrante
T-93244,2026-04-11,Cena,P-06,2,Vino Tinto Copa,Bebida
T-49774,2026-04-11,Comida,P-13,1,Bacalao al Horno,Principal
T-36338,2026-04-11,Cena,P-20,3,Paella de Marisco,Principal
T-74403,2026-04-11,Comida,P-22,1,Te Verde,Bebida
T-40094,2026-04-11,Cena,P-24,2,Nuggets de Pollo,Principal
T-77000,2026-04-11,Cena,P-16,3,Agua Mineral,Bebida
T-63890,2026-04-11,Comida,P-24,3,Nuggets de Pollo,Principal
T-86588,2026-04-11,Cena,P-03,1,Pasta Carbonara IA,Principal
T-99942,2026-04-11,Comida,P-08,2,Croquetas de Jamon,Entrante
T-73123,2026-04-11,Cena,P-07,2,Pizza Margarita,Principal
T-88259,2026-04-11,Comida,P-08,3,Croquetas de Jamon,Entrante
T-59527,2026-04-11,Cena,P-12,2,Risotto de Setas,Principal
T-51534,2026-04-11,Cena,P-22,3,Te Verde,Bebida
T-69684,2026-04-11,Comida,P-04,2,Tarta de Queso Casera,Postre
T-90063,2026-04-12,Comida,P-17,4,Brownie con Helado,Postre
T-30051,2026-04-12,Comida,P-21,2,Cafe Solo,Bebida
T-67643,2026-04-12,Cena,P-12,2,Risotto de Setas,Principal
T-85257,2026-04-12,Comida,P-23,1,Tiramisu de la Casa,Postre
T-56224,2026-04-12,Cena,P-04,1,Tarta de Queso Casera,Postre
T-98649,2026-04-12,Comida,P-04,3,Tarta de Queso Casera,Postre
T-27181,2026-04-12,Cena,P-18,4,Ensaladilla Rusa,Entrante
T-78828,2026-04-12,Comida,P-22,1,Te Verde,Bebida
T-68975,2026-04-12,Cena,P-16,1,Agua Mineral,Bebida
T-89984,2026-04-12,Cena,P-09,4,Gazpacho Andaluz,Entrante
T-71233,2026-04-12,Comida,P-02,1,Ensalada Cesar,Entrante
T-90738,2026-04-12,Cena,P-08,3,Croquetas de Jamon,Entrante
T-93373,2026-04-12,Comida,P-10,2,Solomillo Iberico,Principal
T-26596,2026-04-12,Comida,P-11,4,Salmon a la Plancha,Principal
T-89850,2026-04-12,Cena,P-24,4,Nuggets de Pollo,Principal
T-72341,2026-04-12,Cena,P-16,4,Agua Mineral,Bebida
T-37185,2026-04-12,Cena,P-22,2,Te Verde,Bebida
T-88896,2026-04-12,Comida,P-21,1,Cafe Solo,Bebida
T-53557,2026-04-12,Cena,P-17,3,Brownie con Helado,Postre
T-22420,2026-04-12,Cena,P-23,4,Tiramisu de la Casa,Postre
T-43671,2026-04-12,Comida,P-06,2,Vino Tinto Copa,Bebida
T-69155,2026-04-12,Comida,P-08,3,Croquetas de Jamon,Entrante
T-61709,2026-04-12,Comida,P-22,2,Te Verde,Bebida
T-51305,2026-04-12,Comida,P-17,4,Brownie con Helado,Postre
T-37459,2026-04-12,Comida,P-24,4,Nuggets de Pollo,Principal
T-93060,2026-04-13,Cena,P-13,2,Bacalao al Horno,Principal
T-59476,2026-04-13,Cena,P-01,1,Hamburguesa Smart,Principal
T-72858,2026-04-13,Comida,P-12,4,Risotto de Setas,Principal
T-95817,2026-04-13,Comida,P-08,1,Croquetas de Jamon,Entrante
T-45294,2026-04-13,Comida,P-18,4,Ensaladilla Rusa,Entrante
T-79459,2026-04-13,Cena,P-11,3,Salmon a la Plancha,Principal
T-62291,2026-04-13,Cena,P-07,2,Pizza Margarita,Principal
T-89551,2026-04-13,Cena,P-04,2,Tarta de Queso Casera,Postre
T-38182,2026-04-13,Cena,P-24,4,Nuggets de Pollo,Principal
T-45379,2026-04-13,Cena,P-17,2,Brownie con Helado,Postre
T-54583,2026-04-13,Cena,P-13,2,Bacalao al Horno,Principal
T-63312,2026-04-13,Comida,P-12,4,Risotto de Setas,Principal
T-91079,2026-04-13,Comida,P-22,4,Te Verde,Bebida
T-96391,2026-04-13,Cena,P-03,2,Pasta Carbonara IA,Principal
T-42752,2026-04-13,Comida,P-03,2,Pasta Carbonara IA,Principal
T-97948,2026-04-13,Comida,P-19,3,Entrecot Ternera,Principal
T-47003,2026-04-13,Cena,P-04,3,Tarta de Queso Casera,Postre
T-55108,2026-04-13,Cena,P-08,4,Croquetas de Jamon,Entrante
T-85075,2026-04-13,Cena,P-19,2,Entrecot Ternera,Principal
T-66745,2026-04-13,Cena,P-11,2,Salmon a la Plancha,Principal
T-78403,2026-04-13,Cena,P-13,1,Bacalao al Horno,Principal
T-56041,2026-04-13,Comida,P-19,4,Entrecot Ternera,Principal
T-80080,2026-04-13,Comida,P-23,3,Tiramisu de la Casa,Postre
T-48306,2026-04-13,Cena,P-25,1,Canelones de Carne,Principal
T-93396,2026-04-13,Cena,P-12,2,Risotto de Setas,Principal
T-22373,2026-04-13,Comida,P-16,3,Agua Mineral,Bebida
T-25978,2026-04-13,Comida,P-01,3,Hamburguesa Smart,Principal
T-61770,2026-04-13,Comida,P-21,2,Cafe Solo,Bebida
T-98844,2026-04-13,Cena,P-21,3,Cafe Solo,Bebida
T-86251,2026-04-14,Cena,P-12,2,Risotto de Setas,Principal
T-51355,2026-04-14,Cena,P-24,1,Nuggets de Pollo,Principal
T-97290,2026-04-14,Cena,P-13,4,Bacalao al Horno,Principal
T-67416,2026-04-14,Cena,P-19,4,Entrecot Ternera,Principal
T-89489,2026-04-14,Cena,P-25,2,Canelones de Carne,Principal
T-42621,2026-04-14,Comida,P-21,3,Cafe Solo,Bebida
T-46322,2026-04-14,Cena,P-15,2,Cerveza Artesana,Bebida
T-48796,2026-04-14,Cena,P-17,3,Brownie con Helado,Postre
T-72052,2026-04-14,Cena,P-13,4,Bacalao al Horno,Principal
T-69168,2026-04-14,Comida,P-03,1,Pasta Carbonara IA,Principal
T-97028,2026-04-14,Comida,P-02,3,Ensalada Cesar,Entrante
T-87374,2026-04-14,Cena,P-07,4,Pizza Margarita,Principal
T-24387,2026-04-14,Cena,P-06,2,Vino Tinto Copa,Bebida
T-30058,2026-04-14,Comida,P-15,4,Cerveza Artesana,Bebida
T-73218,2026-04-14,Cena,P-19,4,Entrecot Ternera,Principal
T-56073,2026-04-14,Comida,P-13,4,Bacalao al Horno,Principal
T-48026,2026-04-14,Comida,P-08,2,Croquetas de Jamon,Entrante
T-66063,2026-04-14,Cena,P-16,3,Agua Mineral,Bebida
T-91164,2026-04-14,Cena,P-13,3,Bacalao al Horno,Principal
T-48882,2026-04-14,Comida,P-21,1,Cafe Solo,Bebida
T-44926,2026-04-14,Cena,P-09,3,Gazpacho Andaluz,Entrante
T-88209,2026-04-14,Cena,P-20,3,Paella de Marisco,Principal
T-77263,2026-04-14,Cena,P-23,4,Tiramisu de la Casa,Postre
T-50330,2026-04-14,Cena,P-13,1,Bacalao al Horno,Principal
T-64242,2026-04-14,Cena,P-13,2,Bacalao al Horno,Principal
T-52696,2026-04-14,Cena,P-07,3,Pizza Margarita,Principal
T-93788,2026-04-14,Cena,P-04,2,Tarta de Queso Casera,Postre
T-39772,2026-04-14,Comida,P-12,1,Risotto de Setas,Principal
T-49699,2026-04-15,Cena,P-10,1,Solomillo Iberico,Principal
T-29275,2026-04-15,Cena,P-02,2,Ensalada Cesar,Entrante
T-51840,2026-04-15,Comida,P-19,3,Entrecot Ternera,Principal
T-27968,2026-04-15,Comida,P-10,3,Solomillo Iberico,Principal
T-82159,2026-04-15,Comida,P-04,2,Tarta de Queso Casera,Postre
T-32156,2026-04-15,Cena,P-14,4,Tortilla de Patatas,Entrante
T-31684,2026-04-15,Comida,P-19,3,Entrecot Ternera,Principal
T-77565,2026-04-15,Cena,P-20,3,Paella de Marisco,Principal
T-47457,2026-04-15,Cena,P-01,3,Hamburguesa Smart,Principal
T-71175,2026-04-15,Cena,P-04,2,Tarta de Queso Casera,Postre
T-93378,2026-04-15,Cena,P-01,4,Hamburguesa Smart,Principal
T-23589,2026-04-15,Comida,P-19,4,Entrecot Ternera,Principal
T-52288,2026-04-15,Cena,P-14,3,Tortilla de Patatas,Entrante
T-98130,2026-04-15,Cena,P-07,1,Pizza Margarita,Principal
T-76487,2026-04-15,Comida,P-06,2,Vino Tinto Copa,Bebida
T-61256,2026-04-15,Cena,P-24,4,Nuggets de Pollo,Principal
T-57423,2026-04-15,Cena,P-15,4,Cerveza Artesana,Bebida
T-94107,2026-04-15,Cena,P-01,1,Hamburguesa Smart,Principal
T-97763,2026-04-15,Comida,P-21,4,Cafe Solo,Bebida
T-24223,2026-04-15,Comida,P-14,4,Tortilla de Patatas,Entrante
T-45285,2026-04-15,Comida,P-05,2,Refresco Cola,Bebida
T-23158,2026-04-15,Comida,P-22,4,Te Verde,Bebida
T-32183,2026-04-15,Comida,P-17,4,Brownie con Helado,Postre
T-65226,2026-04-15,Comida,P-08,1,Croquetas de Jamon,Entrante
T-44289,2026-04-15,Cena,P-01,1,Hamburguesa Smart,Principal
T-94413,2026-04-15,Cena,P-09,3,Gazpacho Andaluz,Entrante
T-76912,2026-04-15,Comida,P-11,3,Salmon a la Plancha,Principal
T-43919,2026-04-15,Cena,P-18,2,Ensaladilla Rusa,Entrante
T-47238,2026-04-15,Cena,P-04,2,Tarta de Queso Casera,Postre
T-70440,2026-04-15,Comida,P-04,3,Tarta de Queso Casera,Postre
