id_ticket,fecha,turno,id_plato,cantidad
T-13610,2024-12-28,N/A,P-01,4
T-13374,30/03/2024,Desayuno?,P-01,1
T-10770,2024-09-07,Desayuno?,P-99,4
T-16164,2024-12-03,  Cena  ,P-22,2
T-13040,2025-07-03,comida,P-02,1
T-16803,2024-10-18,Comida,P-09,1
T-17880,2025-09-27,Desayuno?,P-24,4
T-12241,2025-04-24,Desayuno?,P-11,2
T-12980,19/04/2025,Comida,P-06,4
T-14977,2024-11-13,CENA,P-08,4
T-16634,2024-01-18,CENA,P-17,2
T-13151,2024-05-21,Cena,P-04,1
T-12045,2025-03-21,N/A,P-10,1
T-17181,2024-05-15,Comida,P-07,1
T-14513,2024-04-15,Desayuno?,P-03,1
T-17485,2025-08-21,Cena,P-04,4
T-11139,2024-09-26,Comida,P-20,1
T-10581,2025-01-22,  Cena  ,P-04,1
T-10529,2025-12-19,CENA,P-09,1
T-13094,2025-03-13,Cena,P-10,2
T-13601,2025-01-09,comida,P-20,2
T-13183,2024-10-09,NULL,P-18,3
T-14813,27/12/2024,NULL,P-16,3
T-11267,2024-11-03,CENA,P-20,1
T-11078,2025-08-03,  Cena  ,P-13,4
T-11787,2024-12-07,comida,P-03,3
T-14328,2024-12-14,  Cena  ,P-07,3
T-10434,2024-07-31,comida,P-01,3
T-13558,2025-04-25,Cena,P-15,4
T-13303,2025-11-12,Desayuno?,P-07,3
T-17866,2025-03-06,Cena,P-99,1
T-14676,2025-03-25,Desayuno?,P-01,4
T-12423,2024-10-13,CENA,P-15,3
T-12394,09/06/2025,,P-13,2
T-14284,2024-11-25,N/A,P-23,4
T-14015,2024-02-04,Cena,P-13,2
T-12596,2024-08-07,,P-99,2
T-12524,2024-03-16,CENA,P-23,2
T-14877,2025-10-04,  Cena  ,P-25,4
T-16836,2025-09-28,Comida,P-05,3
T-14580,2024-12-02,Cena,P-17,1
T-12492,2024-11-14,,P-14,4
T-10801,2025-06-02,Comida,P-05,2
T-12622,2024-04-29,Desayuno?,P-09,2
T-14191,03/07/2024,N/A,P-19,2
T-10220,2025-04-29,comida,P-05,2
T-13519,31/01/2024,,P-03,1
T-10242,2025-11-02,  Cena  ,P-11,1
T-12713,23/06/2024,N/A,P-01,1
T-16897,2024-12-22,N/A,P-22,4
T-17028,2025-06-22,N/A,P-08,3
T-17495,2024-02-29,  Cena  ,P-24,3
T-10219,2024-08-17,Desayuno?,P-04,2
T-12185,2025-04-23,Cena,P-11,3
T-13998,2024-07-28,N/A,P-18,2
T-11181,2024-08-18,comida,P-07,4
T-15371,2025-07-03,Desayuno?,P-08,3
T-14990,2025-11-28,Desayuno?,P-12,4
T-17255,2024-08-26,comida,P-02,1
T-16995,2024-01-20,CENA,P-23,2
T-16498,2025-06-29,N/A,P-24,3
T-16612,2025-06-01,Cena,P-15,2
T-17680,2025-10-08,Comida,P-17,3
T-12634,2024-01-29,NULL,P-11,2
T-12145,2024-02-26,Desayuno?,P-09,2
T-14011,2025-07-09,CENA,P-13,4
T-15886,2024-03-27,  Cena  ,P-21,2
T-10409,2025-10-13,N/A,P-03,1
T-12511,2025-04-05,Cena,P-02,3
T-17442,2024-06-19,Comida,P-01,4
T-13147,2024-01-08,comida,P-03,1
T-12080,2024-12-21,  Cena  ,P-25,4
T-17490,2025-11-27,Desayuno?,P-10,2
T-12258,2024-10-09,  Cena  ,P-08,2
T-14043,2024-07-10,,P-18,4
T-15617,2024-09-24,N/A,P-16,4
T-13921,2025-10-10,Comida,P-02,2
T-14180,2025-04-06,N/A,P-23,1
T-10505,2024-11-19,NULL,P-25,4
T-10527,2024-04-13,Desayuno?,P-03,3
T-13228,2025-07-09,N/A,P-08,1
T-17974,2025-05-27,Cena,P-21,1
T-10969,2024-08-05,Cena,P-16,2
T-14765,2025-01-03,NULL,P-21,3
T-17660,10/06/2025,Desayuno?,P-22,2
T-11664,2024-03-06,  Cena  ,P-05,4
T-16976,2024-09-16,Desayuno?,P-04,1
T-17382,2025-03-28,Comida,P-15,4
T-14796,2025-12-29,N/A,P-13,2
T-14383,2025-10-02,NULL,P-03,-1
T-14030,2025-09-20,Comida,P-10,4
T-11070,2024-09-29,Cena,P-17,2
T-16833,2024-06-07,comida,P-06,1
T-13509,2024-10-27,N/A,P-04,4
T-11676,2024-01-14,Desayuno?,P-12,4
T-17086,2024-03-22,N/A,P-11,3
T-13189,2025-11-11,N/A,P-17,2
T-12229,2024-11-10,NULL,P-02,1
T-13418,2024-08-26,Desayuno?,P-23,3
T-17747,2025-01-28,comida,P-19,3
T-13139,2024-01-23,Comida,P-02,2
T-16932,2024-06-26,  Cena  ,P-16,4
T-13223,2024-11-01,CENA,P-11,4
T-16219,2025-12-25,Desayuno?,P-25,2
T-12626,29/06/2024,Desayuno?,P-13,4
T-16746,2024-03-08,  Cena  ,P-17,4
T-11503,2024-06-06,Desayuno?,P-13,3
T-12011,2025-01-30,CENA,P-22,4
T-17610,2024-07-17,N/A,P-04,3
T-10391,2024-04-13,CENA,P-01,4
T-14906,2025-01-27,CENA,P-17,4
T-13274,2024-01-28,CENA,P-01,2
T-17923,2025-02-04,N/A,P-01,1
T-11715,2025-06-22,Desayuno?,P-10,3
T-11790,2024-10-23,N/A,P-02,3
T-12478,2024-08-31,Cena,P-25,1
T-13144,2024-05-26,Comida,P-99,3
T-14774,2024-04-04,CENA,P-11,1
T-15103,2024-09-19,CENA,P-18,3
T-12296,2024-02-01,  Cena  ,P-02,4
T-12945,10/11/2024,Comida,P-24,4
T-11793,2024-07-05,Cena,P-13,3
T-15524,2025-05-30,Cena,P-17,4
T-12937,2025-05-16,Comida,P-24,4
T-14513,2025-03-02,  Cena  ,P-06,2
T-17191,2025-01-12,  Cena  ,P-19,1
T-14950,2025-03-15,Desayuno?,P-22,4
T-15844,2025-06-12,NULL,P-01,4
T-14417,2025-06-30,  Cena  ,P-02,3
T-17248,2024-08-15,CENA,P-17,4
T-11136,2025-02-02,Cena,P-05,2
T-15665,2025-05-18,  Cena  ,P-17,2
T-17380,2024-12-24,NULL,P-19,2
T-13676,2025-04-21,,P-04,2
T-16001,2024-07-11,NULL,P-21,2
T-10475,2024-05-05,NULL,P-04,1
T-15194,2024-03-24,N/A,P-04,4
T-16543,2024-03-01,Desayuno?,P-21,4
T-10632,2025-06-03,Comida,P-18,3
T-16019,2025-05-29,Desayuno?,P-06,3
T-15765,2024-03-30,Desayuno?,P-07,2
T-10589,2025-03-28,  Cena  ,P-06,2
T-16374,2025-12-12,Desayuno?,P-03,2
T-11458,2024-12-13,N/A,P-22,3
T-11800,2024-07-24,NULL,P-17,4
T-16631,2025-11-11,  Cena  ,P-09,3
T-13043,2024-08-14,Comida,P-06,3
T-14758,2025-09-19,,P-20,1
T-14181,2025-05-03,Cena,P-24,1
T-15902,2024-09-15,Comida,P-08,3
T-11834,2025-03-29,  Cena  ,P-02,3
T-10376,2024-04-12,CENA,P-09,3
T-16480,2025-06-23,Comida,P-12,3
T-14948,2025-03-05,CENA,P-18,3
T-10219,2024-09-01,N/A,P-20,2
T-10204,2024-05-22,  Cena  ,P-11,2
T-10268,2024-03-17,N/A,P-12,1
T-11427,2025-12-08,  Cena  ,P-04,1
T-11946,2024-07-29,Cena,P-16,4
T-15572,2024-01-14,Desayuno?,P-01,4
T-15891,2024-05-14,NULL,P-04,4
T-11312,2024-05-24,Desayuno?,P-19,3
T-10944,2025-11-29,Comida,P-14,3
T-14075,2024-11-16,N/A,P-14,3
T-16729,2024-03-31,Comida,P-13,2
T-17398,2025-12-19,CENA,P-23,1
T-11790,2025-02-16,comida,P-24,3
T-13218,2024-12-26,CENA,P-01,4
T-17256,2024-11-30,comida,P-05,3
T-14081,2025-10-14,comida,P-20,3
T-10013,09/05/2024,CENA,P-08,3
T-14496,2025-08-20,comida,P-15,3
T-11748,2024-01-18,comida,P-04,3
T-11254,2024-07-13,  Cena  ,P-05,3
T-10689,2024-04-11,comida,P-23,2
T-16629,2025-05-10,CENA,P-19,4
T-14782,2024-04-29,N/A,P-10,2
T-12205,2024-03-30,,P-11,4
T-11388,2025-03-17,N/A,P-11,2
T-11770,24/02/2024,Desayuno?,P-99,1
T-14375,2024-05-30,comida,P-22,2
T-16797,2025-09-19,CENA,P-21,3
T-14646,2025-01-31,,P-17,3
T-17604,2024-02-08,CENA,P-20,3
T-16139,2024-03-15,N/A,P-16,3
T-17898,2025-07-11,NULL,P-03,4
T-15169,2025-06-01,N/A,P-13,2
T-14263,2024-08-17,NULL,P-03,1
T-14898,2025-09-26,Cena,P-06,4
T-11098,2024-10-18,NULL,P-10,4
T-12583,2025-10-24,Cena,P-25,1
T-12175,2025-12-07,  Cena  ,P-01,4
T-10544,2025-03-28,NULL,P-14,3
T-11791,2024-11-29,  Cena  ,P-11,1
T-12978,2024-08-30,  Cena  ,P-25,4
T-14386,2025-01-01,Desayuno?,P-05,1
T-15251,2024-08-08,N/A,P-13,1
T-15377,2024-09-05,comida,P-19,3
T-16195,2025-02-21,Cena,P-03,2
T-15553,2024-02-07,CENA,P-02,3
T-12090,2025-06-22,  Cena  ,P-15,1
T-16705,2025-08-28,N/A,P-18,2
T-12617,2025-08-04,N/A,P-11,2
T-16980,2024-02-06,comida,P-11,4
T-16809,2025-04-07,N/A,P-02,1
T-17223,2024-05-07,N/A,P-08,2
T-15098,2024-04-05,comida,P-21,4
T-13706,2025-07-28,Desayuno?,P-18,2
T-17191,2024-08-05,,P-22,3
T-16644,2024-03-09,Desayuno?,P-09,1
T-14509,2024-10-06,Cena,P-99,1
T-12084,2024-09-25,CENA,P-24,1
T-12621,2024-04-12,N/A,P-12,2
T-17033,2024-08-23,N/A,P-24,4
T-14414,2025-07-27,  Cena  ,P-01,3
T-13782,2025-10-13,,P-10,1
T-15468,2025-11-10,Desayuno?,P-02,2
T-11845,2025-11-10,N/A,P-09,4
T-17848,2024-07-09,  Cena  ,P-25,3
T-10940,2024-01-13,Comida,P-08,3
T-10823,2024-04-11,N/A,P-11,2
T-10445,2025-03-19,CENA,P-11,1
T-14098,2024-12-07,comida,P-17,1
T-11969,2024-11-03,CENA,P-17,1
T-13179,2024-11-16,CENA,P-24,4
T-12781,2025-12-20,NULL,P-05,4
T-14218,2025-09-08,Desayuno?,P-25,1
T-11123,2024-10-22,N/A,P-21,2
T-11357,2025-07-12,NULL,P-15,2
T-12837,2024-12-12,  Cena  ,P-22,2
T-13835,2025-08-01,N/A,P-18,4
T-15874,2024-12-24,NULL,P-21,4
T-11828,2025-09-23,Desayuno?,P-20,1
T-12772,2025-02-01,CENA,P-17,2
T-12032,2024-03-28,Desayuno?,P-03,1
T-17830,2024-02-24,CENA,P-03,2
T-12408,2024-11-22,N/A,P-10,3
T-14806,2024-04-15,Cena,P-23,3
T-12745,20/04/2025,CENA,P-17,3
T-14068,2024-01-23,Comida,P-14,3
T-16679,2025-08-17,N/A,P-06,4
T-17622,2024-03-14,CENA,P-07,2
T-12677,28/03/2025,comida,P-19,2
T-13102,2024-08-09,Desayuno?,P-19,1
T-17032,2025-03-10,NULL,P-02,4
T-12878,2024-08-08,Cena,P-10,4
T-13660,2025-02-20,comida,P-19,2
T-17842,2025-12-29,Comida,P-22,3
T-11542,2025-03-05,N/A,P-04,1
T-17832,2025-07-09,Desayuno?,P-25,4
T-14475,2024-08-31,  Cena  ,P-02,1
T-12205,2024-04-05,comida,P-99,3
T-16275,2025-08-12,Cena,P-11,4
T-14843,2024-04-14,Comida,P-20,3
T-15797,2025-09-21,CENA,P-02,4
T-16614,2024-02-07,  Cena  ,P-22,3
T-15112,2025-10-03,Desayuno?,P-02,4
T-16682,2024-03-29,Desayuno?,P-23,3
T-16462,2024-01-02,comida,P-21,3
T-10527,2024-03-11,Desayuno?,P-10,1
T-13591,2025-01-01,CENA,P-04,3
T-13878,03/08/2024,CENA,P-10,2
T-16457,28/10/2025,CENA,P-22,2
T-15875,2025-03-03,Desayuno?,P-15,1
T-12812,2025-09-10,N/A,P-04,1
T-17043,2024-12-14,,P-19,1
T-13913,2025-07-21,NULL,P-13,4
T-13511,2025-10-19,  Cena  ,P-18,1
T-13861,2025-03-15,Cena,P-25,4
T-16687,2025-03-18,Comida,P-03,4
T-15777,2025-03-27,  Cena  ,P-03,1
T-16132,2024-11-08,,P-05,3
T-16391,2025-07-26,Desayuno?,P-02,4
T-16350,2024-02-29,Comida,P-22,2
T-15682,2025-04-02,N/A,P-08,1
T-13247,2025-02-10,N/A,P-09,2
T-12422,2024-08-22,  Cena  ,P-06,4
T-10850,2024-08-29,comida,P-07,3
T-10161,2024-11-04,Cena,P-11,4
T-12596,2024-05-27,Desayuno?,P-11,3
T-11002,2025-12-08,  Cena  ,P-08,1
T-10869,2024-01-22,Desayuno?,P-24,4
T-10876,2024-02-21,Desayuno?,P-23,1
T-17603,2024-07-02,NULL,P-23,4
T-13428,2024-07-09,N/A,P-01,2
T-14753,2025-05-11,NULL,P-07,2
T-12320,2024-09-21,CENA,P-11,3
T-16867,2024-05-12,  Cena  ,P-08,1
T-16690,2024-06-04,Desayuno?,P-24,3
T-11210,2024-03-26,Cena,P-21,1
T-15793,2024-10-22,Desayuno?,P-21,1
T-11344,2024-04-19,,P-07,4
T-15670,2024-04-03,Desayuno?,P-08,3
T-12371,2025-08-29,,P-13,3
T-13224,07/12/2025,N/A,P-21,1
T-11541,2025-10-26,CENA,P-10,1
T-10254,2024-06-03,Cena,P-16,3
T-15398,2025-10-08,  Cena  ,P-23,4
T-15090,2025-10-11,Comida,P-22,2
T-17218,2024-10-14,NULL,P-17,2
T-14829,2024-08-27,  Cena  ,P-21,2
T-16477,06/10/2024,N/A,P-19,4
T-16280,2025-09-18,N/A,P-13,4
T-17979,2025-07-11,  Cena  ,P-14,1
T-11979,2025-08-07,  Cena  ,P-17,4
T-14103,2024-08-31,Comida,P-21,2
T-16347,2024-11-17,comida,P-24,3
T-11734,2025-08-29,,P-18,1
T-15794,2025-06-26,NULL,P-14,2
T-12235,2024-09-24,N/A,P-02,4
T-16837,03/11/2024,comida,P-21,1
T-12955,2024-02-16,,P-15,1
T-17685,2024-07-03,CENA,P-24,3
T-14651,2024-10-31,comida,P-23,4
T-14957,2024-11-27,comida,P-12,4
T-14643,2025-02-15,Comida,P-20,2
T-15821,2024-05-13,NULL,P-09,1
T-10517,2024-04-22,Cena,P-13,4
T-13435,2024-12-31,  Cena  ,P-19,2
T-12835,2024-09-08,CENA,P-18,1
T-15768,2025-10-24,Comida,P-09,2
T-17929,2025-07-16,Desayuno?,P-19,3
T-10748,2024-12-24,comida,P-25,4
T-12824,2024-02-06,CENA,P-07,3
T-17188,2025-05-29,comida,P-05,2
T-12834,2025-01-24,comida,P-20,3
T-10509,2025-08-10,Cena,P-02,4
T-10494,2024-04-18,NULL,P-08,3
T-14681,2024-09-24,  Cena  ,P-21,1
T-10414,2025-03-26,CENA,P-20,2
T-11883,2025-02-26,Cena,P-19,2
T-10287,2024-10-08,Comida,P-04,3
T-12018,2025-07-11,NULL,P-09,2
T-10702,2025-07-03,Comida,P-13,4
T-10117,2024-02-02,comida,P-24,2
T-17063,2024-05-30,NULL,P-05,2
T-14314,2025-02-25,Comida,P-06,1
T-13512,2025-11-18,Desayuno?,P-18,4
T-13824,2024-05-27,comida,P-07,4
T-12987,2024-06-11,comida,P-09,3
T-10687,2024-12-18,comida,P-03,4
T-11791,2025-04-15,Comida,P-24,2
T-17868,2024-10-31,  Cena  ,P-24,3
T-17018,2024-07-24,N/A,P-11,4
T-12126,2024-01-21,CENA,P-13,2
T-14619,2025-02-26,NULL,P-24,2
T-17469,09/08/2025,N/A,P-13,1
T-14699,2024-06-13,NULL,P-10,3
T-10719,2024-07-05,Desayuno?,P-17,4
T-12034,2025-07-08,NULL,P-12,4
T-16178,2025-07-14,Cena,P-06,4
T-17046,2024-08-24,,P-15,4
T-17577,2025-07-17,Desayuno?,P-18,3
T-11683,2025-10-12,N/A,P-15,4
T-11734,2025-09-07,comida,P-02,4
T-12940,2025-01-21,N/A,P-07,2
T-11743,2025-03-07,Cena,P-19,4
T-12766,2025-10-17,  Cena  ,P-14,2
T-10305,2024-07-22,comida,P-23,1
T-15742,2025-07-18,Desayuno?,P-20,1
T-10150,2025-09-30,Comida,P-11,3
T-12721,03/11/2025,comida,P-01,4
T-12726,2025-09-07,Cena,P-03,2
T-14796,2024-07-05,NULL,P-25,1
T-11970,2024-11-18,  Cena  ,P-24,2
T-10919,2025-08-06,Cena,P-17,3
T-17383,2024-07-19,Cena,P-14,2
T-11177,2024-12-06,  Cena  ,P-18,3
T-11276,2025-10-27,comida,P-21,1
T-15571,2025-05-31,comida,P-01,4
T-14530,2025-07-08,Cena,P-16,1
T-14104,2024-08-02,CENA,P-14,3
T-12393,2025-03-29,,P-15,1
T-16815,2024-08-15,comida,P-04,4
T-12284,2025-06-28,Comida,P-15,3
T-15039,2024-07-11,Desayuno?,P-17,4
T-17466,07/05/2024,CENA,P-05,2
T-12776,2025-07-21,N/A,P-22,2
T-12751,2024-07-01,CENA,P-03,4
T-10050,2024-12-29,Comida,P-13,3
T-10361,2024-06-13,Cena,P-12,3
T-16610,2025-06-14,CENA,P-11,4
T-11910,2025-11-24,N/A,P-22,2
T-15084,2025-01-15,Cena,P-10,1
T-17646,2025-02-16,Comida,P-99,2
T-12801,2024-01-27,CENA,P-12,2
T-14051,2025-05-10,  Cena  ,P-01,4
T-12898,2025-11-18,Comida,P-01,1
T-10302,2024-01-10,comida,P-17,4
T-13065,2025-08-22,Comida,P-15,4
T-15443,2025-04-07,Desayuno?,P-23,4
T-11527,2025-03-21,CENA,P-09,1
T-10890,2024-03-20,comida,P-99,3
T-17040,2025-11-29,  Cena  ,P-23,2
T-13872,2024-12-23,comida,P-10,3
T-15016,2024-04-22,CENA,P-10,3
T-15756,2025-01-03,  Cena  ,P-24,4
T-17721,2025-04-23,CENA,P-19,1
T-10679,2024-01-24,  Cena  ,P-19,2
T-10988,2025-04-04,CENA,P-16,1
T-15640,2024-04-08,NULL,P-12,1
T-11021,2024-04-29,comida,P-15,2
T-12581,2024-06-25,  Cena  ,P-11,3
T-15679,2025-04-10,Comida,P-20,3
T-16233,2024-08-30,  Cena  ,P-11,1
T-11514,2024-09-26,Comida,P-10,4
T-10785,2025-03-12,,P-17,-1
T-15739,2024-01-29,Cena,P-03,2
T-15757,21/09/2024,Comida,P-09,2
T-10538,2025-02-01,  Cena  ,P-20,2
T-14111,2025-04-05,Comida,P-09,4
T-15717,2024-01-11,Cena,P-01,2
T-10607,24/10/2024,comida,P-01,4
T-11916,2025-12-05,comida,P-08,2
T-12201,2024-08-15,,P-18,3
T-14193,2024-09-17,Desayuno?,P-19,3
T-11511,2025-04-03,N/A,P-20,1
T-12078,2025-11-11,  Cena  ,P-15,1
T-12713,2024-08-18,  Cena  ,P-20,1
T-15074,2024-02-18,CENA,P-12,2
T-15766,2025-04-08,Comida,P-24,2
T-17412,2024-10-06,NULL,P-21,2
T-16680,2024-03-19,  Cena  ,P-03,3
T-17020,2024-02-21,Desayuno?,P-14,2
T-16049,2024-03-16,NULL,P-16,4
T-13364,2025-01-01,  Cena  ,P-02,4
T-16117,2025-07-30,comida,P-14,1
T-15043,2025-03-19,  Cena  ,P-18,1
T-12379,2024-11-14,comida,P-12,1
T-14684,2025-04-30,NULL,P-01,4
T-11205,2024-03-12,Comida,P-12,2
T-10167,2025-08-16,Comida,P-21,1
T-14746,2024-01-22,comida,P-12,1
T-12144,2025-03-13,Comida,P-23,3
T-14413,2025-12-27,N/A,P-02,1
T-11665,2025-09-29,N/A,P-09,2
T-14056,2024-07-05,Cena,P-14,3
T-17533,2025-12-28,  Cena  ,P-11,2
T-10898,2024-02-15,NULL,P-05,2
T-14218,2025-12-09,  Cena  ,P-21,2
T-17831,2024-09-24,  Cena  ,P-10,1
T-15835,2025-12-18,,P-20,3
T-12946,2024-02-27,Desayuno?,P-22,2
T-10134,2024-02-22,comida,P-13,1
T-10157,2025-05-29,Desayuno?,P-05,2
T-14187,2024-09-23,comida,P-20,4
T-16043,2025-07-30,comida,P-11,4
T-17899,2025-08-05,Comida,P-23,2
T-10225,2025-12-20,Cena,P-02,1
T-10086,2025-05-19,  Cena  ,P-06,2
T-12299,2025-07-06,Comida,P-16,2
T-17580,2025-10-24,N/A,P-01,1
T-17622,2024-03-03,NULL,P-14,4
T-10705,2025-08-19,N/A,P-10,4
T-14451,2024-11-15,  Cena  ,P-17,4
T-17958,2024-11-01,Cena,P-18,2
T-11362,2025-03-16,comida,P-10,3
T-14545,2025-10-25,NULL,P-03,2
T-12062,2024-08-07,CENA,P-99,3
T-11312,2024-07-03,Cena,P-19,4
T-13016,2024-02-25,Desayuno?,P-14,1
T-11587,2024-02-23,  Cena  ,P-05,4
T-16595,2024-09-21,Comida,P-10,4
T-13432,2025-10-05,N/A,P-08,2
T-12166,2025-07-30,Comida,P-06,3
T-13962,2024-01-03,Desayuno?,P-10,1
T-14830,29/10/2024,Comida,P-17,2
T-16628,2024-07-08,NULL,P-08,2
T-16191,2025-09-07,comida,P-14,4
T-10377,2025-02-05,CENA,P-17,2
T-17184,2025-05-14,Cena,P-20,1
T-11857,2025-08-14,NULL,P-19,3
T-12950,2025-11-16,N/A,P-25,1
T-15539,2024-11-20,Comida,P-06,2
T-17852,2025-09-26,NULL,P-22,3
T-17065,2025-05-24,NULL,P-16,3
T-11583,2025-04-30,comida,P-14,4
T-13283,2024-03-05,NULL,P-05,1
T-15684,2024-04-16,NULL,P-02,1
T-13252,2025-08-10,CENA,P-15,3
T-17209,2025-05-20,Cena,P-23,4
T-13703,2024-03-07,CENA,P-19,3
T-17957,2024-10-23,comida,P-01,2
T-14599,2024-03-05,,P-21,3
T-17402,2025-04-07,Desayuno?,P-04,1
T-16641,2025-12-25,N/A,P-19,1
T-12429,2024-02-16,CENA,P-09,3
T-10388,2024-10-25,  Cena  ,P-13,1
T-16827,2024-12-25,CENA,P-03,2
T-13109,2025-05-28,  Cena  ,P-25,1
T-16930,2025-12-10,,P-10,3
T-12757,2025-10-10,CENA,P-21,2
T-16941,2024-01-27,comida,P-02,3
T-16141,2024-11-28,Comida,P-25,1
T-14147,2025-09-19,comida,P-06,4
T-13150,2024-02-10,NULL,P-21,4
T-17968,2024-12-13,N/A,P-19,4
T-15052,2024-05-08,comida,P-17,4
T-12022,2025-07-21,,P-24,2
T-15160,2024-07-30,N/A,P-17,1
T-10319,2025-04-15,N/A,P-16,1
T-13803,2025-06-11,comida,P-01,2
T-14888,2024-08-28,comida,P-01,2
T-17285,2024-07-20,Desayuno?,P-04,4
T-15337,2024-12-13,N/A,P-06,1
T-15419,2024-06-13,Cena,P-02,1
T-16072,2024-08-28,,P-19,2
T-17735,2025-09-09,CENA,P-14,3
T-12841,2024-07-21,N/A,P-04,4
T-13440,2024-10-20,Cena,P-25,3
T-10327,2025-11-26,Comida,P-08,4
T-14611,2025-01-02,CENA,P-07,4
T-13526,2024-08-16,Desayuno?,P-10,3
T-15159,2024-01-04,Comida,P-99,1
T-17674,2024-10-05,NULL,P-20,4
T-11768,2025-08-27,NULL,P-04,3
T-13452,2024-09-20,N/A,P-15,3
T-13309,2025-04-05,  Cena  ,P-04,3
T-11374,2024-10-30,  Cena  ,P-23,4
T-15753,2025-03-30,CENA,P-02,4
T-17250,2024-06-23,N/A,P-19,2
T-13655,2025-10-14,,P-16,1
T-11298,2025-10-17,N/A,P-12,2
T-13727,2024-07-07,comida,P-12,2
T-17208,2024-01-18,Comida,P-25,4
T-14119,2024-04-25,Desayuno?,P-03,4
T-12489,2025-12-07,Cena,P-20,3
T-10834,2025-09-30,  Cena  ,P-25,3
T-11355,2025-01-17,Comida,P-06,2
T-15500,02/08/2025,CENA,P-17,2
T-10269,2024-02-26,,P-17,4
T-16064,2024-06-09,Comida,P-18,2
T-11052,2025-04-19,Desayuno?,P-12,4
T-16469,2025-08-06,NULL,P-07,4
T-14152,2024-12-13,N/A,P-24,2
T-10679,2024-08-07,Comida,P-02,1
T-13805,2025-03-04,Cena,P-20,4
T-16373,2025-08-01,Cena,P-07,4
T-17346,2024-07-04,N/A,P-02,4
T-15701,2025-02-07,Cena,P-03,4
T-17228,2025-08-27,  Cena  ,P-19,3
T-15990,2024-06-09,CENA,P-22,2
T-13360,2024-07-04,Cena,P-11,1
T-10474,2024-11-26,CENA,P-07,3
T-15002,2024-01-22,comida,P-24,2
T-11561,2024-02-23,NULL,P-21,3
T-15809,2024-03-01,Cena,P-99,3
T-17894,2024-09-28,Desayuno?,P-19,3
T-10966,2025-01-10,N/A,P-99,1
T-17851,2024-07-31,N/A,P-01,3
T-16972,2024-08-16,  Cena  ,P-02,3
T-12826,18/10/2024,Cena,P-14,2
T-10590,25/07/2024,  Cena  ,P-17,1
T-16656,2025-06-24,Comida,P-22,2
T-14113,2024-03-08,Desayuno?,P-10,3
T-12790,2024-01-01,NULL,P-01,1
T-14639,2025-04-11,Comida,P-06,3
T-12099,21/07/2024,Comida,P-21,1
T-13255,2024-08-21,CENA,P-17,1
T-15217,2025-11-28,N/A,P-25,1
T-13344,2024-06-01,Desayuno?,P-14,2
T-13214,2025-12-10,Comida,P-03,2
T-14382,2024-02-29,Cena,P-03,1
T-17889,2025-02-13,NULL,P-14,1
T-12491,2024-01-20,comida,P-10,1
T-16954,2024-11-21,NULL,P-15,3
T-12643,2024-02-27,  Cena  ,P-20,4
T-14206,2025-03-28,comida,P-11,1
T-14398,2025-03-19,comida,P-21,4
T-14191,2025-02-02,Desayuno?,P-21,4
T-12497,2024-05-03,N/A,P-01,4
T-10165,2025-10-20,N/A,P-01,4
T-16346,2024-06-25,Comida,P-13,3
T-13626,31/01/2024,NULL,P-01,1
T-12823,2025-07-19,comida,P-10,4
T-17215,2025-03-19,Desayuno?,P-20,2
T-10257,2025-03-05,  Cena  ,P-10,2
T-11216,2024-05-10,N/A,P-20,1
T-13699,2025-11-16,comida,P-14,3
T-17159,2024-01-04,Desayuno?,P-08,3
T-10686,2025-12-25,  Cena  ,P-25,4
T-14314,2024-06-03,comida,P-20,4
T-15710,2025-06-26,N/A,P-08,2
T-14103,2025-12-21,CENA,P-25,4
T-14489,15/08/2024,N/A,P-08,2
T-16061,2024-02-19,CENA,P-17,3
T-10500,2025-02-10,Desayuno?,P-23,1
T-16640,2024-09-16,CENA,P-03,3
T-13984,11/01/2025,N/A,P-12,4
T-16605,2024-03-20,Comida,P-23,4
T-15746,2025-11-18,Cena,P-09,4
T-10397,2024-02-23,N/A,P-19,1
T-11889,2024-11-06,Desayuno?,P-14,1
T-14157,2025-09-19,Desayuno?,P-12,4
T-17061,2024-03-07,CENA,P-13,2
T-11869,2024-09-18,CENA,P-12,4
T-15621,2024-04-27,Cena,P-16,4
T-14327,2024-03-25,comida,P-23,4
T-15999,2025-05-03,,P-99,4
T-13983,2025-03-09,N/A,P-21,3
T-16703,23/06/2025,comida,P-16,1
T-12655,2025-03-03,  Cena  ,P-99,3
T-12914,2024-06-24,CENA,P-13,4
T-14074,2025-12-31,comida,P-12,2
T-12504,2025-11-09,Desayuno?,P-99,4
T-11213,2024-07-03,NULL,P-01,2
T-12527,2024-06-01,comida,P-15,1
T-10022,2024-11-29,N/A,P-05,2
T-12068,2025-03-16,Desayuno?,P-21,4
T-11372,2024-04-19,,P-99,4
T-10020,2024-03-18,Cena,P-02,3
T-17221,2025-08-09,Cena,P-04,2
T-13002,2025-02-21,N/A,P-04,3
T-15422,26/09/2025,Comida,P-11,1
T-15929,2025-06-25,Desayuno?,P-25,4
T-17305,2024-02-07,Comida,P-13,4
T-11603,2025-06-25,Comida,P-10,1
T-12372,2024-03-15,CENA,P-02,3
T-12900,08/10/2024,CENA,P-18,1
T-15163,2024-09-16,NULL,P-10,4
T-13861,2024-10-14,CENA,P-99,4
T-11542,2025-02-11,,P-11,2
T-12179,2025-05-31,Comida,P-25,3
T-17409,2024-12-01,Desayuno?,P-21,1
T-12043,2025-12-11,  Cena  ,P-05,4
T-10357,2025-09-03,Comida,P-09,3
T-14806,2024-12-30,Desayuno?,P-18,2
T-12584,2025-09-22,N/A,P-21,1
T-16841,2024-10-29,Cena,P-25,3
T-10559,2024-08-16,CENA,P-02,3
T-12843,2024-10-12,  Cena  ,P-17,3
T-13326,2025-09-01,,P-11,2
T-14794,2025-04-14,N/A,P-04,2
T-12676,2024-01-11,N/A,P-12,4
T-17585,2025-10-28,comida,P-11,4
T-11146,2024-06-16,N/A,P-24,1
T-12142,13/06/2024,NULL,P-16,1
T-15490,2025-02-17,  Cena  ,P-08,3
T-15334,2025-03-29,Cena,P-21,3
T-15815,2024-02-20,Cena,P-07,2
T-11742,25/08/2024,N/A,P-12,3
T-17120,2025-03-18,  Cena  ,P-05,1
T-11311,2024-09-29,Desayuno?,P-22,1
T-11440,2024-02-27,  Cena  ,P-22,4
T-10554,2024-12-30,  Cena  ,P-18,4
T-12472,2024-04-19,comida,P-17,2
T-11153,2024-03-01,Comida,P-12,2
T-10804,2024-10-06,Desayuno?,P-03,4
T-13126,2025-11-11,Desayuno?,P-23,3
T-15032,2024-10-22,NULL,P-02,2
T-16060,2024-03-15,Cena,P-20,2
T-10031,2025-06-28,Cena,P-06,2
T-10856,2025-01-09,,P-07,4
T-11540,2024-12-21,Desayuno?,P-07,1
T-12054,2025-09-11,Comida,P-24,1
T-10257,2024-11-08,  Cena  ,P-22,3
T-17976,2025-10-16,  Cena  ,P-16,1
T-15785,13/04/2025,Cena,P-11,2
T-15093,2025-07-04,CENA,P-17,1
T-14706,2024-09-04,Desayuno?,P-04,4
T-16878,2024-04-27,Desayuno?,P-09,3
T-17516,2024-05-07,  Cena  ,P-11,1
T-16721,2025-03-04,Desayuno?,P-20,4
T-17400,2024-09-09,NULL,P-07,3
T-12945,2024-08-13,comida,P-22,4
T-11673,2024-04-05,  Cena  ,P-06,1
T-17871,2024-02-17,,P-24,4
T-15876,2024-05-12,Comida,P-22,3
T-17481,2024-12-01,  Cena  ,P-24,1
T-16867,2025-08-17,  Cena  ,P-09,3
T-14736,2024-01-04,Cena,P-07,3
T-17182,2025-10-01,  Cena  ,P-13,2
T-10934,2024-05-23,Comida,P-15,3
T-15281,2024-03-31,comida,P-14,3
T-10470,2024-05-28,CENA,P-06,1
T-17134,2025-10-22,comida,P-09,3
T-10001,2025-06-16,NULL,P-10,2
T-11116,2024-12-22,N/A,P-21,1
T-13492,2024-10-06,comida,P-11,1
T-11010,2025-08-13,comida,P-08,3
T-16501,2025-03-10,Comida,P-08,4
T-16108,2024-09-07,Comida,P-23,3
T-10650,2024-04-28,comida,P-13,-1
T-15747,2024-03-30,Cena,P-99,4
T-17798,2024-11-16,N/A,P-15,3
T-13074,2025-12-14,Cena,P-21,4
T-13627,2024-05-07,,P-05,4
T-15532,2024-09-20,Desayuno?,P-15,2
T-17611,2025-03-10,Cena,P-07,4
T-13407,2025-10-23,NULL,P-12,4
T-15520,10/02/2025,Cena,P-07,4
T-17153,2025-10-19,CENA,P-22,2
T-15339,2025-12-28,N/A,P-14,3
T-12993,2024-08-17,  Cena  ,P-22,3
T-10819,2025-10-18,Cena,P-19,4
T-10704,2025-09-18,N/A,P-08,3
T-13284,2025-06-30,Comida,P-06,1
T-14967,2024-04-07,CENA,P-02,4
T-10245,2024-11-08,Desayuno?,P-22,4
T-16709,2024-07-09,CENA,P-08,3
T-15634,2024-05-31,CENA,P-14,4
T-11784,2025-07-09,  Cena  ,P-20,-1
T-16404,2024-10-25,Comida,P-19,2
T-15485,2024-03-29,CENA,P-21,3
T-13687,2025-10-16,Desayuno?,P-22,4
T-15592,2024-06-05,Desayuno?,P-08,2
T-10602,2025-07-19,,P-02,4
T-14525,2025-06-27,CENA,P-03,1
T-14122,2024-11-16,,P-04,2
T-17009,2024-06-14,comida,P-23,2
T-13855,2024-10-20,N/A,P-12,2
T-10934,2024-02-09,comida,P-15,1
T-11227,20/06/2024,CENA,P-08,3
T-13147,2024-06-25,,P-21,2
T-16685,2025-12-04,Comida,P-04,3
T-12642,2024-02-05,N/A,P-14,1
T-15167,2025-01-19,CENA,P-06,4
T-11308,2025-10-17,N/A,P-13,1
T-11756,2024-02-05,CENA,P-20,4
T-13463,2024-05-11,comida,P-13,4
T-16461,2024-09-23,CENA,P-11,3
T-15875,2024-01-01,Comida,P-24,1
T-14996,2024-02-27,Cena,P-13,3
T-15184,2025-03-14,NULL,P-16,4
T-16302,2024-11-03,Cena,P-17,2
T-14997,02/01/2024,Cena,P-17,3
T-13396,2025-06-22,CENA,P-13,3
T-15874,2025-11-06,N/A,P-09,4
T-13426,2024-07-09,comida,P-14,2
T-15768,2024-06-09,  Cena  ,P-11,4
T-17846,2025-04-12,Desayuno?,P-12,3
T-12676,2025-06-15,Cena,P-09,3
T-11881,2025-01-10,Desayuno?,P-18,1
T-11814,2024-03-08,Cena,P-02,3
T-16124,2025-01-14,Desayuno?,P-25,1
T-11576,2025-10-03,,P-17,3
T-10981,2025-09-11,Desayuno?,P-05,4
T-10125,2024-10-27,,P-02,1
T-14816,2025-03-25,Comida,P-16,1
T-14857,2025-01-09,N/A,P-24,1
T-10644,2024-04-11,Cena,P-07,1
T-10080,2024-07-29,Comida,P-05,4
T-13522,2024-10-24,Cena,P-99,2
T-15315,2025-01-11,N/A,P-18,1
T-16858,2025-02-22,,P-04,4
T-12586,2024-08-15,Comida,P-03,4
T-17031,2024-06-22,comida,P-02,1
T-12197,2025-02-12,Desayuno?,P-20,2
T-13274,2025-07-27,Cena,P-15,1
T-10520,2025-03-28,NULL,P-03,3
T-17146,2025-12-09,  Cena  ,P-19,2
T-16331,2024-07-19,comida,P-25,2
T-11458,2025-01-17,Desayuno?,P-99,3
T-13467,2024-07-26,comida,P-17,2
T-14136,13/06/2025,CENA,P-22,2
T-11576,2025-03-16,comida,P-25,1
T-17126,2025-04-02,  Cena  ,P-08,3
T-16392,2025-03-04,Cena,P-06,2
T-12163,2025-12-12,Comida,P-07,2
T-16740,05/05/2024,Cena,P-06,4
T-16048,2025-08-23,  Cena  ,P-08,3
T-15342,2024-04-10,  Cena  ,P-17,2
T-13998,2025-03-31,Desayuno?,P-99,1
T-15842,06/08/2024,  Cena  ,P-07,4
T-15506,2024-02-10,comida,P-05,2
T-16399,2024-09-12,comida,P-22,1
T-16118,2024-10-03,NULL,P-21,1
T-17787,2024-09-01,CENA,P-08,3
T-10657,2025-10-12,,P-17,2
T-10219,2025-01-24,NULL,P-06,2
T-15074,2024-04-29,Desayuno?,P-06,2
T-16501,2025-02-05,CENA,P-12,3
T-10186,2024-08-21,Desayuno?,P-05,2
T-16008,2025-10-27,N/A,P-25,4
T-17348,2025-04-14,comida,P-23,1
T-14328,2025-06-21,N/A,P-20,2
T-16545,2025-08-21,Comida,P-05,3
T-11324,2024-01-28,CENA,P-12,3
T-12885,2025-02-07,NULL,P-16,3
T-15212,2024-12-26,Cena,P-19,3
T-11468,2025-01-29,N/A,P-23,4
T-16330,2025-09-29,Desayuno?,P-20,2
T-12290,2024-05-26,N/A,P-15,3
T-16320,2024-07-22,Cena,P-14,1
T-10407,2025-04-17,comida,P-19,3
T-10120,2024-06-18,N/A,P-17,4
T-14853,2024-07-29,  Cena  ,P-25,3
T-13282,2025-05-31,  Cena  ,P-07,4
T-17266,2024-01-18,Desayuno?,P-06,2
T-12469,2025-02-22,Cena,P-18,3
T-15720,2025-06-13,Cena,P-07,1
T-15677,2024-12-20,Comida,P-19,4
T-10694,2025-03-14,NULL,P-12,1
T-16993,2025-05-11,Desayuno?,P-18,1
T-17501,2024-07-02,N/A,P-19,2
T-14458,2024-12-13,Comida,P-02,2
T-13650,2024-05-21,N/A,P-04,1
T-10980,2024-11-14,Cena,P-10,2
T-12354,2024-05-15,NULL,P-03,2
T-11046,2025-12-06,Desayuno?,P-06,2
T-14937,2025-09-23,Cena,P-11,3
T-12890,12/03/2024,N/A,P-10,1
T-16871,2025-09-10,Desayuno?,P-03,3
T-17567,2024-03-21,CENA,P-19,3
T-14000,2025-02-24,N/A,P-23,2
T-15519,2025-07-23,N/A,P-03,4
T-13516,2024-04-13,CENA,P-01,4
T-11129,2024-12-07,NULL,P-01,3
T-15362,2024-10-06,N/A,P-05,4
T-16256,2024-10-11,CENA,P-02,1
T-13736,2025-03-01,CENA,P-03,4
T-11493,2025-07-31,comida,P-20,1
T-13045,2025-03-07,Comida,P-10,3
T-16404,2024-05-28,Desayuno?,P-20,4
T-16545,2025-05-05,Desayuno?,P-04,2
T-13183,2024-12-27,NULL,P-02,2
T-12222,2024-03-18,comida,P-06,4
T-14387,2025-09-07,comida,P-11,2
T-14211,2025-02-06,NULL,P-04,1
T-12713,2024-11-14,N/A,P-20,3
T-15465,2024-11-22,Desayuno?,P-15,2
T-16525,2025-08-05,,P-20,2
T-11618,2025-09-15,  Cena  ,P-18,3
T-12587,21/07/2025,Comida,P-02,1
T-16003,2025-04-21,Comida,P-12,4
T-10376,2024-11-23,NULL,P-16,4
T-16425,2024-01-15,comida,P-21,2
T-10817,2024-10-01,Comida,P-14,1
T-15679,2024-03-22,NULL,P-03,1
T-13367,2024-02-03,NULL,P-05,1
T-10477,2024-05-03,Desayuno?,P-22,1
T-11994,2024-03-31,comida,P-12,2
T-17790,2025-01-21,NULL,P-24,1
T-15636,2025-05-15,Comida,P-99,2
T-17262,2025-03-17,CENA,P-20,2
T-14148,2024-04-13,Cena,P-03,1
T-13141,2024-12-23,,P-09,3
T-16212,2025-11-15,Comida,P-24,1
T-11501,2025-01-06,N/A,P-19,2
T-16478,2025-07-15,Desayuno?,P-18,2
T-17267,23/05/2025,NULL,P-18,4
T-11369,2024-02-09,N/A,P-09,3
T-12540,2025-01-28,Comida,P-02,2
T-16803,2025-04-21,Desayuno?,P-17,4
T-16234,2025-10-14,NULL,P-24,3
T-13216,2024-06-26,  Cena  ,P-08,4
T-12154,2025-07-17,N/A,P-12,1
T-17437,2024-12-05,comida,P-25,2
T-17872,2024-07-04,comida,P-13,3
T-13750,19/06/2024,Comida,P-07,2
T-14675,2025-04-05,CENA,P-08,4
T-12668,2024-06-05,NULL,P-14,3
T-14456,2025-12-14,CENA,P-04,1
T-10564,2025-09-19,comida,P-05,1
T-10695,2024-02-08,Comida,P-25,4
T-14701,2024-06-16,  Cena  ,P-24,4
T-16042,2025-10-06,Comida,P-23,2
T-12457,2025-01-18,Cena,P-16,3
T-11981,2025-12-01,Comida,P-11,3
T-11591,2024-03-08,CENA,P-19,1
T-11431,2025-11-17,,P-24,4
T-13307,2024-01-09,CENA,P-16,3
T-12374,2024-05-10,Comida,P-25,1
T-14218,29/06/2025,  Cena  ,P-05,1
T-17863,2025-05-31,Cena,P-14,3
T-15040,2025-04-09,NULL,P-05,1
T-12147,2025-09-19,  Cena  ,P-19,1
T-14481,2024-03-04,Comida,P-03,2
T-15407,2024-12-13,CENA,P-13,2
T-15926,2025-01-30,N/A,P-19,4
T-10965,2025-03-05,CENA,P-05,2
T-17949,2024-03-27,Cena,P-22,3
T-10197,02/04/2024,Comida,P-09,4
T-17653,2025-09-03,  Cena  ,P-10,1
T-16163,2025-11-21,CENA,P-20,3
T-16577,2025-01-12,Desayuno?,P-20,2
T-16424,2024-01-22,N/A,P-08,3
T-14480,2024-08-07,  Cena  ,P-18,3
T-16719,2024-09-30,CENA,P-06,2
T-15091,2024-06-09,NULL,P-09,2
T-14924,2025-06-30,CENA,P-01,3
T-14041,2024-02-16,CENA,P-17,2
T-10446,2024-05-05,Comida,P-06,4
T-17041,2024-07-28,N/A,P-21,2
T-13611,2025-05-10,,P-07,1
T-10261,2025-07-17,N/A,P-08,1
T-13838,2025-08-24,CENA,P-08,3
T-13582,2024-03-20,N/A,P-08,1
T-14338,2025-01-11,N/A,P-22,1
T-10470,2025-08-15,N/A,P-03,2
T-17601,2024-07-15,Cena,P-11,2
T-13279,2025-06-09,Cena,P-24,1
T-10723,2024-08-20,  Cena  ,P-04,1
T-10673,2025-01-17,comida,P-16,1
T-12769,2024-10-09,Comida,P-18,1
T-12132,2025-07-01,Desayuno?,P-13,1
T-17846,2025-02-05,CENA,P-18,3
T-10806,2025-01-07,  Cena  ,P-09,1
T-11318,2025-09-03,CENA,P-19,2
T-15680,2024-03-01,NULL,P-04,3
T-15795,2025-12-25,Cena,P-17,4
T-12435,2025-12-30,Cena,P-24,2
T-12406,2025-10-14,  Cena  ,P-24,1
T-16908,2025-09-11,N/A,P-21,4
T-16358,2024-11-04,CENA,P-11,1
T-14098,2025-05-09,  Cena  ,P-09,2
T-16453,2024-05-14,NULL,P-17,2
T-16186,15/10/2024,comida,P-06,2
T-16354,2025-08-01,N/A,P-17,1
T-14061,2024-02-13,comida,P-08,2
T-17395,2024-07-26,  Cena  ,P-07,1
T-16448,2025-12-30,Comida,P-08,4
T-15639,2025-06-06,CENA,P-23,1
T-11928,2024-02-28,Comida,P-09,2
T-12356,2024-05-30,Comida,P-10,2
T-13213,2024-08-02,Cena,P-23,1
T-14690,2024-06-22,comida,P-07,4
T-12116,2024-01-08,comida,P-22,2
T-13556,2025-07-29,Desayuno?,P-01,2
T-14723,2025-12-19,comida,P-10,1
T-10833,2025-08-02,N/A,P-05,-1
T-15856,2024-11-16,NULL,P-07,2
T-11238,2024-02-13,  Cena  ,P-13,3
T-15704,2025-01-04,Comida,P-02,1
T-12412,2025-11-08,comida,P-08,4
T-11360,2024-03-28,Desayuno?,P-16,2
T-11545,2025-08-21,CENA,P-15,3
T-11084,2025-08-25,NULL,P-14,1
T-13974,2024-07-19,N/A,P-01,3
T-13558,13/07/2025,NULL,P-22,2
T-10881,2025-08-08,N/A,P-11,1
T-16361,2025-05-18,Desayuno?,P-15,4
T-10829,2024-12-16,  Cena  ,P-02,1
T-16902,2024-06-06,Comida,P-10,4
T-15783,2025-01-16,Desayuno?,P-10,1
T-13205,2024-11-26,Desayuno?,P-07,3
T-15601,2025-04-14,N/A,P-17,3
T-15743,2024-09-17,Desayuno?,P-14,3
T-15546,2024-05-08,NULL,P-17,4
T-15076,2024-09-07,NULL,P-07,4
T-13118,2024-09-09,N/A,P-09,1
T-14035,2024-12-28,comida,P-16,1
T-17167,2025-08-09,CENA,P-21,2
T-12022,2025-06-09,comida,P-05,1
T-12940,2024-10-30,N/A,P-09,3
T-10107,2024-05-31,comida,P-05,4
T-16102,17/12/2025,NULL,P-01,1
T-11284,2024-08-02,,P-17,2
T-10423,2025-07-25,NULL,P-04,4
T-10084,2025-08-31,CENA,P-04,3
T-11402,2025-10-17,  Cena  ,P-02,3
T-11081,2025-04-16,Comida,P-02,3
T-13453,2024-01-12,  Cena  ,P-16,4
T-14461,2024-04-19,N/A,P-20,1
T-17427,2024-11-20,comida,P-06,4
T-17711,2024-05-25,CENA,P-01,4
T-14005,2025-02-07,Desayuno?,P-19,4
T-14470,09/06/2024,N/A,P-15,4
T-16563,2024-09-12,Cena,P-08,4
T-11920,2024-04-14,CENA,P-10,4
T-17287,2024-10-11,comida,P-24,1
T-15360,2025-06-13,Cena,P-18,3
T-17139,2025-12-13,  Cena  ,P-21,3
T-16422,2025-03-10,  Cena  ,P-10,1
T-14745,2024-07-31,NULL,P-04,2
T-17280,2025-12-17,,P-13,1
T-12771,2025-07-15,comida,P-13,1
T-16739,2024-11-06,NULL,P-06,1
T-11367,2024-02-12,  Cena  ,P-06,2
T-14961,2025-11-21,N/A,P-23,3
T-17780,2024-09-14,Comida,P-14,2
T-11424,2024-06-04,Comida,P-22,4
T-10055,2025-08-20,  Cena  ,P-14,3
T-16727,2024-09-24,Desayuno?,P-03,4
T-15918,2025-05-29,Cena,P-06,4
T-16666,2024-12-12,CENA,P-16,3
T-15108,2025-03-18,Desayuno?,P-18,1
T-13185,2025-12-20,N/A,P-01,3
T-15031,2025-04-30,NULL,P-99,2
T-15007,2024-09-01,Desayuno?,P-07,2
T-16549,2025-04-20,Desayuno?,P-01,1
T-17792,2025-09-12,CENA,P-24,2
T-16799,2025-02-17,CENA,P-19,4
T-15053,2025-12-21,comida,P-12,1
T-16975,2024-09-04,  Cena  ,P-09,2
T-10811,2025-07-29,,P-24,2
T-10477,2024-06-13,CENA,P-25,2
T-14139,2025-06-22,Desayuno?,P-17,4
T-14908,2024-04-07,  Cena  ,P-05,1
T-16846,2025-07-23,comida,P-13,2
T-15156,2025-11-10,N/A,P-21,1
T-10431,2025-07-18,Cena,P-14,1
T-17970,2024-08-26,N/A,P-13,1
T-13164,2024-10-28,Comida,P-04,2
T-10041,2025-09-02,CENA,P-24,4
T-15973,2024-02-08,CENA,P-13,4
T-11855,2025-03-08,Cena,P-02,-1
T-10837,2024-10-13,Comida,P-17,1
T-10445,2024-08-21,Cena,P-06,1
T-14744,2024-11-22,comida,P-21,1
T-15445,2025-12-27,Cena,P-15,4
T-11778,2025-09-08,CENA,P-17,2
T-12033,2025-05-18,NULL,P-25,4
T-14449,07/06/2024,  Cena  ,P-06,2
T-16499,2025-10-08,Desayuno?,P-06,2
T-14743,2024-12-23,CENA,P-15,3
T-10864,2025-11-19,N/A,P-09,4
T-14503,2024-07-24,  Cena  ,P-07,1
T-12759,2025-01-27,comida,P-21,2
T-11640,2025-03-21,Cena,P-13,2
T-15600,2024-06-19,N/A,P-04,4
T-13214,2025-10-20,  Cena  ,P-09,4
T-14949,2024-02-05,  Cena  ,P-05,1
T-16086,2024-05-04,N/A,P-14,2
T-13411,2025-02-20,  Cena  ,P-14,2
T-11003,2024-12-20,comida,P-15,1
T-15992,2025-07-01,Desayuno?,P-15,4
T-14175,2024-10-16,Desayuno?,P-09,1
T-16943,2024-01-22,Desayuno?,P-17,2
T-17419,2025-11-07,Desayuno?,P-15,4
T-13946,2024-03-22,Comida,P-19,2
T-16796,2025-05-21,Desayuno?,P-19,2
T-13012,2024-05-20,Comida,P-02,4
T-10429,2025-06-19,NULL,P-18,2
T-15617,2025-05-02,Desayuno?,P-04,1
T-17849,2025-09-12,Comida,P-17,1
T-11606,2025-06-15,CENA,P-01,1
T-11842,2024-06-21,comida,P-11,2
T-13344,2024-04-30,  Cena  ,P-16,-1
T-17738,2025-02-05,CENA,P-19,4
T-10721,2024-10-14,N/A,P-16,3
T-15289,2025-06-12,comida,P-22,4
T-17923,10/11/2024,N/A,P-11,3
T-15291,2024-02-14,,P-10,2
T-10958,2024-08-26,Desayuno?,P-07,3
T-14874,2024-04-22,NULL,P-06,1
T-14624,2024-07-12,  Cena  ,P-18,2
T-14119,12/10/2025,N/A,P-13,3
T-11347,2025-07-19,Comida,P-09,1
T-13171,2024-05-16,Cena,P-05,1
T-14816,2025-06-08,  Cena  ,P-05,4
T-11094,2025-09-22,,P-13,2
T-16387,2025-05-10,Comida,P-21,2
T-12470,2025-02-23,Comida,P-24,4
T-15825,2025-04-25,Cena,P-03,2
T-12461,2025-05-12,CENA,P-20,1
T-10652,2025-09-23,  Cena  ,P-99,1
T-17894,2024-10-02,NULL,P-19,1
T-12768,2024-08-12,Cena,P-02,4
T-11730,2024-08-29,CENA,P-24,2
T-13038,2025-07-08,  Cena  ,P-25,2
T-10612,2025-09-17,,P-12,3
T-12976,2025-11-16,,P-23,1
T-17366,2025-03-09,Desayuno?,P-20,1
T-17790,2024-05-03,Comida,P-05,2
T-17859,2025-10-02,comida,P-19,1
T-14954,2025-08-23,NULL,P-11,2
T-13603,2025-12-29,  Cena  ,P-03,4
T-14388,2024-11-13,Desayuno?,P-10,4
T-16647,2024-03-30,Comida,P-13,3
T-17655,2025-05-17,N/A,P-18,1
T-15781,2025-11-22,N/A,P-05,1
T-15704,23/01/2025,NULL,P-16,2
T-14663,2024-06-29,Cena,P-16,4
T-15471,2025-04-02,CENA,P-06,1
T-14186,2024-09-03,CENA,P-21,1
T-16729,18/11/2025,  Cena  ,P-18,4
T-17383,2025-03-12,,P-12,1
T-17097,2025-03-24,NULL,P-05,4
T-16825,2025-05-06,  Cena  ,P-19,3
T-15917,2025-09-09,Cena,P-13,3
T-13649,2024-06-28,Desayuno?,P-13,1
T-17685,08/06/2024,N/A,P-13,1
T-14451,2025-12-17,Cena,P-03,1
T-17516,2024-08-15,CENA,P-13,3
T-14156,2025-12-16,  Cena  ,P-19,3
T-12307,2024-06-26,Cena,P-25,1
T-12286,2025-07-15,Comida,P-20,1
T-10293,2025-07-20,N/A,P-22,4
T-14038,2024-04-03,  Cena  ,P-25,1
T-13060,2025-02-06,Cena,P-21,1
T-12777,2024-09-27,CENA,P-08,3
T-17463,2025-01-02,Cena,P-22,1
T-11618,2024-02-19,Cena,P-06,1
T-14190,2024-08-03,N/A,P-24,1
T-13009,2024-04-15,NULL,P-15,3
T-11461,2024-06-29,N/A,P-03,4
T-17664,2024-04-21,N/A,P-24,3
T-13963,2024-07-16,Cena,P-24,3
T-15261,2024-04-09,CENA,P-20,3
T-10189,2025-09-23,comida,P-06,4
T-11221,13/10/2024,Cena,P-01,4
T-15465,2025-06-13,NULL,P-16,3
T-16028,2024-11-02,Cena,P-13,2
T-13485,2025-01-05,  Cena  ,P-16,2
T-14345,2024-11-03,  Cena  ,P-17,1
T-15164,2024-11-17,Desayuno?,P-01,2
T-14846,2024-03-30,Cena,P-01,2
T-12700,2025-04-19,,P-02,-1
T-12059,2025-01-07,comida,P-99,4
T-13488,2024-07-04,N/A,P-21,3
T-16992,2024-06-02,comida,P-19,1
T-10530,2025-09-26,N/A,P-01,2
T-10784,2025-03-20,Desayuno?,P-08,2
T-12912,2025-04-20,N/A,P-15,1
T-14168,2025-01-04,NULL,P-14,1
T-13375,2025-07-20,CENA,P-10,1
T-14738,2024-07-05,Cena,P-19,1
T-14746,2025-08-13,Comida,P-19,4
T-11603,2024-01-03,  Cena  ,P-99,2
T-14991,2024-11-04,comida,P-99,3
T-11348,2024-05-21,NULL,P-11,2
T-11213,2024-07-28,comida,P-21,1
T-10845,2025-07-10,N/A,P-03,2
T-12861,2025-02-25,  Cena  ,P-13,2
T-12581,2024-06-27,comida,P-99,3
T-14005,2024-10-07,comida,P-02,3
T-13468,2024-06-30,comida,P-06,2
T-11132,2025-07-11,Cena,P-05,3
T-10569,2024-03-27,  Cena  ,P-21,4
T-14211,2025-05-26,comida,P-15,3
T-14190,2025-12-19,  Cena  ,P-14,1
T-10671,2024-11-20,comida,P-07,2
T-13035,28/02/2025,comida,P-22,1
T-14654,2025-08-10,Desayuno?,P-18,3
T-10656,2025-07-14,Desayuno?,P-08,-1
T-10061,2025-12-23,Desayuno?,P-18,4
T-17196,2025-09-25,NULL,P-10,1
T-17108,2025-08-26,N/A,P-23,1
T-11475,2025-05-12,Desayuno?,P-23,2
T-16664,2024-08-20,Desayuno?,P-18,2
T-16866,2024-10-07,Comida,P-07,4
T-12853,2025-07-23,NULL,P-99,2
T-13054,2025-09-07,  Cena  ,P-15,1
T-15332,2025-12-21,Cena,P-15,3
T-16154,2025-05-31,  Cena  ,P-07,1
T-12292,2025-03-11,  Cena  ,P-23,2
T-13055,2024-12-02,CENA,P-03,1
T-14160,23/06/2024,  Cena  ,P-25,2
T-12837,19/04/2024,comida,P-24,3
T-12119,2024-06-23,CENA,P-99,1
T-13538,2024-12-21,comida,P-13,1
T-10592,2024-06-08,  Cena  ,P-07,1
T-14017,2025-08-05,  Cena  ,P-07,3
T-11013,2024-01-20,comida,P-02,3
T-13876,24/05/2025,,P-25,1
T-14664,2025-01-23,Desayuno?,P-04,3
T-16458,2024-05-18,comida,P-14,2
T-16503,2024-10-18,Cena,P-02,1
T-17361,2025-05-11,NULL,P-01,3
T-16103,2024-02-22,CENA,P-18,4
T-11935,2024-09-04,comida,P-21,2
T-17343,2025-04-16,  Cena  ,P-04,4
T-15867,2024-06-17,CENA,P-13,1
T-15712,2024-02-12,,P-23,2
T-14833,09/10/2024,N/A,P-10,1
T-17396,2025-08-25,Desayuno?,P-01,4
T-14251,2024-01-31,comida,P-07,4
T-12792,11/01/2025,Desayuno?,P-11,2
T-11222,2025-07-29,Cena,P-02,1
T-13206,30/05/2025,Comida,P-07,3
T-11122,2025-03-03,comida,P-16,1
T-10630,2024-09-26,Desayuno?,P-06,1
T-15319,2025-12-09,Desayuno?,P-05,4
T-10831,2024-03-19,Comida,P-13,4
T-12330,2024-12-09,Cena,P-08,2
T-17080,2024-02-14,NULL,P-11,4
T-11520,2025-05-09,Comida,P-12,4
T-16928,2024-12-04,,P-08,2
T-14402,2024-07-24,Desayuno?,P-17,4
T-11843,2025-12-13,Cena,P-03,2
T-17060,2024-08-12,  Cena  ,P-04,4
T-10400,2024-06-18,NULL,P-10,3
T-11029,2024-12-18,Desayuno?,P-13,4
T-17818,2025-01-30,  Cena  ,P-02,2
T-11833,2024-09-28,  Cena  ,P-01,2
T-10286,2025-03-10,,P-06,1
T-10338,2025-08-01,Comida,P-21,1
T-15998,2024-06-16,N/A,P-13,2
T-13428,2025-07-06,CENA,P-23,2
T-14050,2024-02-08,NULL,P-01,2
T-17710,2025-08-17,NULL,P-10,4
T-16533,2024-03-01,comida,P-23,3
T-11844,2024-08-23,Cena,P-19,4
T-16622,2025-07-21,Comida,P-18,1
T-17879,2025-02-13,,P-19,1
T-14032,2024-08-19,N/A,P-10,2
T-13363,2025-02-28,Desayuno?,P-05,4
T-11220,2025-10-26,N/A,P-24,1
T-11740,2025-06-19,CENA,P-12,4
T-12823,12/09/2024,,P-13,3
T-11693,2024-12-25,N/A,P-11,1
T-16129,2025-12-15,CENA,P-15,2
T-12634,2025-06-02,  Cena  ,P-01,4
T-12816,2025-08-10,Cena,P-23,3
T-13642,2025-02-28,Cena,P-24,1
T-17395,2025-05-14,Cena,P-09,2
T-15976,2025-03-10,Comida,P-14,2
T-14741,2025-08-27,Cena,P-03,3
T-13114,2024-06-10,  Cena  ,P-08,3
T-13694,2025-07-29,  Cena  ,P-19,1
T-17375,2024-01-16,  Cena  ,P-11,3
T-14494,2025-04-02,Cena,P-03,2
T-17162,2025-12-23,N/A,P-25,2
T-17738,2024-04-12,NULL,P-04,2
T-17350,2025-07-27,CENA,P-99,1
T-12015,2025-01-03,N/A,P-21,4
T-14629,2024-07-03,,P-06,3
T-13460,2024-04-15,NULL,P-05,2
T-15515,2024-03-30,CENA,P-01,2
T-14912,2024-12-03,N/A,P-24,1
T-12375,2025-12-12,Cena,P-01,1
T-10332,2024-05-31,comida,P-23,2
T-16519,2025-03-11,comida,P-11,2
T-11712,2024-07-23,comida,P-19,2
T-15312,2025-08-23,NULL,P-20,3
T-10580,2025-11-20,Cena,P-17,3
T-14966,2025-03-07,  Cena  ,P-18,3
T-12294,02/09/2025,  Cena  ,P-12,3
T-14597,2024-01-16,Comida,P-24,1
T-11483,2024-08-29,CENA,P-06,1
T-15189,2024-04-07,Cena,P-18,4
T-11347,2025-10-09,Comida,P-02,4
T-15381,2025-05-28,Desayuno?,P-10,2
T-14217,2024-05-02,Desayuno?,P-18,2
T-12117,2025-02-27,Cena,P-13,2
T-14085,2025-05-27,Desayuno?,P-22,1
T-13389,2024-05-06,N/A,P-11,1
T-11069,2025-03-16,Desayuno?,P-14,3
T-14534,2024-06-07,CENA,P-24,1
T-11993,15/07/2025,,P-07,4
T-16433,2024-02-04,N/A,P-24,1
T-10386,2025-11-13,  Cena  ,P-09,1
T-16869,2025-11-22,Cena,P-18,4
T-15680,2024-02-29,Desayuno?,P-15,3
T-15553,2024-07-01,Comida,P-25,2
T-12119,2024-01-06,  Cena  ,P-03,-1
T-11452,2024-07-01,Cena,P-09,1
T-10894,2025-11-02,CENA,P-17,3
T-16104,2024-09-02,NULL,P-25,3
T-14454,2024-08-25,CENA,P-06,1
T-15176,2024-12-29,  Cena  ,P-25,4
T-13802,2025-09-13,Comida,P-21,4
T-13793,2025-01-20,  Cena  ,P-20,4
T-15958,2024-06-10,  Cena  ,P-04,2
T-17890,2024-08-20,Desayuno?,P-21,1
T-14801,2025-01-14,NULL,P-08,2
T-10533,2025-07-24,Desayuno?,P-06,3
T-16615,2024-07-09,  Cena  ,P-02,1
T-15087,2025-12-04,Desayuno?,P-17,3
T-14782,2024-08-19,NULL,P-18,1
T-13203,2024-08-10,N/A,P-05,1
T-13258,2024-07-21,N/A,P-07,2
T-10789,2024-11-17,Comida,P-04,3
T-11891,2024-02-29,Comida,P-10,2
T-13740,2025-09-02,NULL,P-13,1
T-15415,2025-11-14,CENA,P-19,4
T-10204,2025-06-17,  Cena  ,P-25,2
T-11375,2025-01-19,NULL,P-19,1
T-13600,2025-04-14,Comida,P-25,4
T-12291,2024-03-29,comida,P-23,2
T-17571,2024-12-12,NULL,P-02,4
T-11979,2024-06-15,N/A,P-01,2
T-10669,2024-06-04,Cena,P-06,4
T-14073,2024-09-06,,P-06,1
T-17169,2024-11-22,CENA,P-15,4
T-13095,2024-08-09,comida,P-23,3
T-15760,2024-05-13,Cena,P-19,1
T-12201,2025-06-16,Desayuno?,P-01,3
T-17926,2024-09-27,comida,P-16,1
T-16414,2024-09-26,NULL,P-10,1
T-17309,22/08/2024,N/A,P-11,2
T-13029,2024-11-06,NULL,P-22,3
T-17378,2024-07-23,,P-18,4
T-16654,2025-01-21,  Cena  ,P-24,2
T-10396,2024-08-08,CENA,P-02,1
T-16439,2024-08-29,N/A,P-01,3
T-14453,2025-02-06,CENA,P-16,4
T-14349,2024-07-03,comida,P-12,2
T-17051,2024-07-08,N/A,P-25,4
T-16130,2024-02-22,Cena,P-20,3
T-12396,2025-05-28,Cena,P-15,4
T-12319,2024-06-29,  Cena  ,P-03,1
T-13265,2025-06-30,  Cena  ,P-25,1
T-10087,2025-02-27,CENA,P-04,2
T-13419,25/11/2025,Comida,P-06,3
T-10747,2025-02-28,comida,P-05,1
T-16850,2025-06-29,CENA,P-10,4
T-10795,2024-06-07,,P-17,2
T-11053,2025-08-15,,P-16,4
T-13838,2025-04-22,N/A,P-15,4
T-13763,2025-12-07,Cena,P-15,2
T-14737,2025-06-19,Cena,P-02,3
T-11591,2025-03-09,Desayuno?,P-06,1
T-14474,2024-04-13,N/A,P-04,1
T-10831,2024-10-27,Desayuno?,P-20,2
T-13790,2025-07-03,NULL,P-01,1
T-11678,2024-12-13,N/A,P-16,3
T-13027,2024-01-24,comida,P-19,1
T-11886,2025-07-16,Desayuno?,P-02,1
T-11552,2025-09-03,comida,P-06,2
T-13781,2024-02-21,Desayuno?,P-09,1
T-13626,2024-08-08,CENA,P-07,1
T-11416,2024-04-29,,P-20,1
T-16857,2024-06-28,N/A,P-07,4
T-11433,2025-10-17,Cena,P-05,4
T-14242,2024-05-24,comida,P-07,3
T-10773,2025-08-15,  Cena  ,P-99,2
T-14713,2024-02-14,,P-11,1
T-15781,2025-08-17,Cena,P-04,1
T-10189,2024-08-18,CENA,P-02,2
T-12681,2024-10-31,  Cena  ,P-07,4
T-13746,2024-02-24,CENA,P-13,1
T-12095,2024-12-07,CENA,P-16,3
T-16660,2024-02-03,Cena,P-21,3
T-10185,2024-10-29,NULL,P-25,1
T-10909,2025-02-02,Desayuno?,P-02,1
T-15632,2024-07-12,Comida,P-06,1
T-12019,2024-04-20,CENA,P-09,2
T-13994,2025-01-26,NULL,P-24,2
T-11456,2025-12-03,N/A,P-24,3
T-11004,2025-11-26,  Cena  ,P-21,2
T-14542,25/02/2024,CENA,P-03,4
T-16982,2025-02-01,Cena,P-09,4
T-16842,2024-01-14,CENA,P-20,4
T-10667,2025-12-07,comida,P-10,4
T-10509,2024-12-03,Comida,P-25,1
T-16559,2025-08-31,N/A,P-14,4
T-11322,2025-12-29,comida,P-05,3
T-17738,2025-05-06,Desayuno?,P-02,1
T-17045,2025-03-01,Comida,P-22,2
T-17401,2024-08-07,Comida,P-16,2
T-11717,2024-04-30,Comida,P-99,1
T-10178,2024-02-11,comida,P-03,1
T-11182,2025-12-12,Comida,P-01,4
T-14990,2024-05-12,Desayuno?,P-18,3
T-17045,2025-06-09,CENA,P-10,1
T-17628,2025-12-16,comida,P-15,2
T-14266,2024-07-02,NULL,P-14,3
T-13374,07/12/2024,  Cena  ,P-01,2
T-16895,2024-04-12,Comida,P-20,3
T-12110,2024-09-12,  Cena  ,P-06,4
T-10069,2024-07-05,Cena,P-20,1
T-10041,2025-04-23,N/A,P-02,4
T-16324,2025-11-11,  Cena  ,P-19,2
T-14873,2024-03-25,Comida,P-99,2
T-13268,2025-05-28,CENA,P-12,2
T-12927,2024-01-24,comida,P-03,4
T-12820,2025-03-20,Comida,P-04,3
T-15708,2025-07-17,  Cena  ,P-23,2
T-14216,2024-09-04,Comida,P-23,3
T-14581,2025-04-14,Comida,P-09,4
T-15091,2024-08-03,NULL,P-06,2
T-17330,2025-06-26,N/A,P-04,2
T-13204,2025-08-22,N/A,P-01,1
T-13624,2024-04-17,  Cena  ,P-19,2
T-11051,2024-09-10,CENA,P-04,3
T-14312,2025-07-21,Desayuno?,P-16,4
T-11701,2025-10-22,,P-25,2
T-13129,2025-07-11,Comida,P-18,4
T-14636,2024-10-15,,P-19,-1
T-13060,2025-02-20,Cena,P-14,3
T-12113,2025-10-06,Cena,P-14,3
T-17265,2025-04-23,NULL,P-06,2
T-14202,2025-12-29,CENA,P-03,2
T-13432,2025-06-14,comida,P-12,2
T-11459,2024-12-23,N/A,P-05,3
T-17805,2024-02-27,  Cena  ,P-21,-1
T-17974,2024-07-04,NULL,P-04,4
T-16985,2024-12-05,  Cena  ,P-12,3
T-17976,2024-05-27,NULL,P-11,4
T-17869,2025-03-24,NULL,P-05,3
T-16150,2025-06-01,N/A,P-06,4
T-12751,2025-07-22,Desayuno?,P-99,4
T-13678,2024-05-31,Comida,P-17,1
T-10551,2025-08-11,comida,P-19,1
T-12620,2024-01-23,N/A,P-21,2
T-12543,2025-07-22,CENA,P-06,3
T-12028,2025-11-09,Comida,P-99,2
T-12508,2024-03-31,N/A,P-09,2
T-11410,2024-08-16,CENA,P-06,1
T-12635,2025-01-22,Desayuno?,P-15,4
T-12653,2025-11-04,,P-11,2
T-16046,2024-06-11,Comida,P-06,2
T-12674,2025-12-30,Cena,P-13,2
T-16467,2025-12-05,CENA,P-13,4
T-17812,2025-03-18,N/A,P-11,1
T-17501,2025-04-22,  Cena  ,P-19,2
T-16284,2025-08-30,Cena,P-01,2
T-12735,2024-07-24,Comida,P-16,3
T-12854,2025-01-26,Cena,P-25,3
T-13299,2025-02-22,  Cena  ,P-05,2
T-13001,2025-04-30,N/A,P-03,3
T-13756,2025-05-26,Cena,P-19,4
T-13312,2025-04-28,Cena,P-20,2
T-16812,2024-06-14,CENA,P-06,1
T-12874,2024-07-10,Cena,P-19,3
T-16799,2024-06-18,Desayuno?,P-20,4
T-13989,18/05/2025,  Cena  ,P-21,1
T-17133,2024-09-15,NULL,P-18,4
T-10854,2024-06-21,Desayuno?,P-20,1
T-14442,2024-12-01,NULL,P-13,4
T-16535,2025-06-04,comida,P-12,1
T-12890,2024-04-12,comida,P-18,1
T-10414,2024-01-07,Comida,P-08,3
T-15658,2024-05-08,NULL,P-08,2
T-16101,24/07/2025,Comida,P-12,4
T-14507,2024-05-06,NULL,P-15,2
T-16153,2025-08-16,Desayuno?,P-21,1
T-17508,2025-07-05,Desayuno?,P-03,1
T-11545,2024-03-25,N/A,P-19,2
T-13318,2025-03-15,CENA,P-06,1
T-16855,2024-06-08,NULL,P-11,4
T-15087,2025-05-31,NULL,P-22,1
T-14416,2024-01-19,CENA,P-17,2
T-16400,2025-07-30,comida,P-07,4
T-14428,2025-07-29,NULL,P-02,1
T-17844,2025-06-26,Cena,P-11,1
T-11932,2025-04-27,  Cena  ,P-10,1
T-11554,2025-07-03,N/A,P-05,4
T-14653,2024-06-24,Comida,P-16,3
T-16312,2025-02-01,comida,P-19,2
T-10434,25/10/2025,Comida,P-18,1
T-12568,2024-11-21,  Cena  ,P-20,4
T-11434,2025-10-25,  Cena  ,P-03,4
T-15972,2024-05-12,Comida,P-08,2
T-10443,2024-04-29,Desayuno?,P-01,2
T-17047,2024-02-16,,P-13,2
T-11196,2025-09-29,,P-03,2
T-13121,2024-10-23,NULL,P-03,3
T-16381,2025-03-21,  Cena  ,P-04,2
T-15405,2025-11-12,Cena,P-03,-1
T-13515,23/10/2025,Desayuno?,P-25,2
T-14106,2024-03-26,NULL,P-20,3
T-12374,2024-11-16,CENA,P-13,4
T-13791,2024-07-23,comida,P-01,3
T-10605,2024-06-14,  Cena  ,P-17,2
T-10399,2025-04-09,Cena,P-20,3
T-16861,2024-07-21,Desayuno?,P-25,3
T-13806,2025-08-28,NULL,P-13,2
T-14872,2024-09-04,N/A,P-09,2
T-13020,2024-05-05,N/A,P-99,4
T-10265,2024-11-03,Comida,P-15,2
T-11051,2024-05-25,comida,P-02,2
T-14872,2025-07-17,N/A,P-03,2
T-17378,2024-11-20,N/A,P-16,2
T-12848,2024-06-08,  Cena  ,P-07,4
T-16175,2025-01-13,Desayuno?,P-08,2
T-14633,2025-06-22,CENA,P-18,3
T-13981,2024-11-22,CENA,P-02,2
T-12422,2025-10-25,Comida,P-03,2
T-11781,2024-03-06,Comida,P-24,2
T-15583,2024-03-24,N/A,P-21,3
T-15336,2025-04-16,Comida,P-07,2
T-17860,2025-04-25,CENA,P-09,2
T-15854,2024-01-17,Comida,P-06,2
T-12960,2024-01-15,Comida,P-16,2
T-11606,2025-04-20,comida,P-17,1
T-15290,2024-10-06,Desayuno?,P-03,4
T-14797,2025-12-30,  Cena  ,P-23,3
T-13482,2025-03-06,Comida,P-19,1
T-17158,2025-06-16,Comida,P-20,4
T-17133,2025-08-18,Comida,P-23,3
T-12526,05/06/2025,  Cena  ,P-11,2
T-12831,2024-11-30,Cena,P-17,2
T-16380,2024-05-30,Cena,P-99,3
T-14617,2024-06-30,Comida,P-09,4
T-12113,2024-03-11,comida,P-02,2
T-11567,2024-06-09,comida,P-05,2
T-15631,2025-08-20,Desayuno?,P-06,3
T-11679,2025-10-17,N/A,P-17,1
T-16625,2025-05-16,N/A,P-01,2
T-13106,2025-02-17,Desayuno?,P-09,3
T-10396,2024-07-20,Comida,P-02,2
T-14607,2024-08-31,  Cena  ,P-01,3
T-14440,2024-03-19,  Cena  ,P-17,2
T-13594,2024-08-19,N/A,P-15,2
T-10589,2025-02-10,CENA,P-18,3
T-12570,2025-06-01,  Cena  ,P-08,2
T-11291,2024-10-09,Desayuno?,P-07,4
T-12593,2025-09-29,CENA,P-24,4
T-11506,2024-10-15,NULL,P-05,2
T-11535,2025-07-19,comida,P-22,2
T-10586,27/10/2025,NULL,P-08,2
T-16405,2025-05-04,,P-22,2
T-11212,06/05/2025,CENA,P-15,2
T-13657,2025-02-24,Comida,P-25,2
T-12529,2024-12-10,N/A,P-03,2
T-13553,2025-02-09,Desayuno?,P-18,4
T-13077,2025-06-23,comida,P-07,4
T-11554,2024-09-01,N/A,P-20,4
T-11451,2024-04-19,NULL,P-05,2
T-15152,2024-07-14,Cena,P-24,2
T-14571,2025-08-26,CENA,P-19,4
T-12263,2025-08-12,Comida,P-10,-1
T-10967,2025-07-20,  Cena  ,P-22,2
T-12311,2025-05-09,Comida,P-18,3
T-11149,2024-05-19,Comida,P-13,3
T-10372,2024-02-11,  Cena  ,P-25,2
T-16077,2025-05-09,CENA,P-01,1
T-15038,2025-05-16,Cena,P-01,2
T-11458,2024-03-31,,P-14,3
T-15455,09/10/2025,Comida,P-14,2
T-17464,2025-05-03,NULL,P-03,3
T-15858,2024-08-25,Cena,P-18,2
T-14767,2024-06-14,,P-24,2
T-11168,2024-09-06,Desayuno?,P-04,2
T-18000,2025-03-29,CENA,P-02,3
T-16322,2025-05-18,comida,P-01,3
T-12817,19/04/2025,NULL,P-06,1
T-14931,2025-04-24,CENA,P-99,3
T-16524,2025-08-31,,P-24,3
T-12029,2024-11-05,comida,P-23,1
T-12665,2024-10-18,CENA,P-01,4
T-15640,2024-05-11,Cena,P-25,2
T-14934,23/03/2025,  Cena  ,P-21,3
T-14863,2025-02-13,CENA,P-18,3
T-13858,2024-09-21,N/A,P-02,4
T-12694,2024-07-23,N/A,P-07,2
T-15988,2024-07-01,Cena,P-22,2
T-12185,2025-12-11,Comida,P-13,2
T-15041,2024-06-13,,P-25,2
T-14944,2024-02-26,  Cena  ,P-20,1
T-13281,2024-09-10,comida,P-13,4
T-11816,2024-10-06,Cena,P-05,4
T-17466,2025-10-09,NULL,P-24,4
T-12904,2024-02-14,comida,P-04,4
T-12277,2024-04-26,Desayuno?,P-22,1
T-16890,2025-02-05,N/A,P-23,1
T-10270,2024-01-01,N/A,P-21,2
T-14264,28/06/2025,N/A,P-11,4
T-16531,2025-04-27,CENA,P-10,4
T-16423,2024-12-01,CENA,P-14,2
T-17276,2025-06-02,  Cena  ,P-08,1
T-15961,2024-11-29,Desayuno?,P-25,2
T-10878,2025-01-11,Desayuno?,P-16,3
T-16545,2024-12-01,N/A,P-18,4
T-14887,2024-12-13,  Cena  ,P-04,3
T-14726,2024-02-24,  Cena  ,P-03,1
T-15139,2024-10-10,Cena,P-10,3
T-10058,2024-12-06,Cena,P-07,4
T-10796,2025-02-07,,P-01,3
T-16349,2024-12-18,NULL,P-01,2
T-14139,2025-01-11,Cena,P-09,2
T-12823,2024-12-19,N/A,P-11,4
T-13714,2025-08-12,Cena,P-05,3
T-15607,25/12/2024,Cena,P-07,1
T-16496,2024-03-27,N/A,P-25,1
T-13974,2025-12-08,Desayuno?,P-01,3
T-14751,2024-08-24,CENA,P-18,2
T-16328,2025-06-17,Comida,P-04,3
T-15312,2025-04-24,,P-14,3
T-16914,2024-08-13,Comida,P-01,3
T-16851,2024-11-03,N/A,P-15,3
T-16700,2025-06-20,  Cena  ,P-05,3
T-11849,2025-12-28,Comida,P-15,2
T-14131,2025-03-08,Comida,P-03,4
T-10278,2025-05-13,N/A,P-19,3
T-15055,2024-04-24,comida,P-05,3
T-15251,2025-11-02,NULL,P-24,2
T-12278,2025-09-04,Comida,P-14,4
T-13852,06/04/2025,Comida,P-19,4
T-12993,2025-09-08,Cena,P-05,4
T-12593,2024-05-31,CENA,P-23,3
T-12945,2024-08-30,Desayuno?,P-18,4
T-17722,2025-08-08,  Cena  ,P-01,3
T-16487,2024-09-13,CENA,P-02,1
T-17618,2025-09-15,Comida,P-08,1
T-13881,2025-12-26,Cena,P-20,1
T-13372,2025-02-05,Comida,P-06,2
T-12286,2025-03-17,NULL,P-08,1
T-10331,2024-08-16,  Cena  ,P-08,2
T-11956,2025-11-13,CENA,P-17,4
T-13739,2025-06-15,,P-09,2
T-11684,2025-03-16,NULL,P-23,4
T-17823,2025-03-01,NULL,P-22,2
T-13892,2024-04-17,Cena,P-22,-1
T-12260,2025-10-26,Comida,P-10,2
T-10309,2024-03-01,  Cena  ,P-25,1
T-10442,2024-05-18,Cena,P-19,1
T-15903,2024-08-06,  Cena  ,P-16,4
T-12314,2024-05-25,Cena,P-21,3
T-11239,2024-02-12,comida,P-25,4
T-17540,2024-09-20,comida,P-21,2
T-14459,2024-04-17,NULL,P-21,2
T-11343,2025-06-11,N/A,P-15,1
T-16970,2024-02-24,Comida,P-04,3
T-13464,2024-11-28,Comida,P-21,3
T-13559,2025-10-10,  Cena  ,P-16,4
T-11981,2025-01-03,CENA,P-13,4
T-14489,2024-07-31,comida,P-19,1
T-17644,2024-02-25,  Cena  ,P-17,1
T-10402,2024-02-24,Comida,P-11,4
T-14857,2024-07-06,CENA,P-22,4
T-11141,2025-10-27,  Cena  ,P-13,2
T-13356,2025-07-12,comida,P-15,3
T-17375,2025-12-14,Cena,P-05,1
T-11516,20/10/2024,Cena,P-04,3
T-17071,2024-10-17,NULL,P-09,3
T-15305,2024-05-10,Desayuno?,P-12,1
T-15341,2025-09-04,  Cena  ,P-15,1
T-15374,2024-01-30,CENA,P-20,4
T-11291,2025-08-15,Comida,P-09,2
T-16760,2024-01-27,N/A,P-06,1
T-14911,2024-09-13,Comida,P-14,4
T-16021,2024-12-16,Comida,P-17,4
T-16451,2025-08-12,NULL,P-01,2
T-14889,07/09/2025,  Cena  ,P-01,2
T-12388,2025-09-02,,P-23,2
T-12130,2024-06-19,N/A,P-15,2
T-17314,2025-07-30,Desayuno?,P-12,3
T-13474,2024-12-06,Cena,P-17,1
T-12924,2024-09-06,Desayuno?,P-19,4
T-12249,2025-05-01,CENA,P-18,4
T-13718,2024-09-19,Comida,P-22,1
T-12264,2024-01-24,Comida,P-24,2
T-17170,2024-12-01,  Cena  ,P-19,4
T-12465,2025-11-11,CENA,P-25,1
T-10883,2024-04-13,CENA,P-06,3
T-11712,2025-02-23,N/A,P-20,3
T-11713,2024-04-14,Comida,P-22,4
T-16598,2024-12-12,Desayuno?,P-21,2
T-17448,2024-07-12,  Cena  ,P-10,3
T-11233,2025-09-10,Desayuno?,P-16,1
T-16572,2025-10-04,Cena,P-22,3
T-11111,2024-01-03,comida,P-03,2
T-15678,2025-03-20,Cena,P-19,2
T-11822,2024-01-26,Cena,P-02,1
T-14866,2025-12-24,NULL,P-09,4
T-17130,2024-08-31,N/A,P-18,3
T-15526,30/01/2025,comida,P-11,2
T-15559,2025-08-04,NULL,P-06,1
T-13960,2025-08-01,N/A,P-11,3
T-10701,2024-08-18,N/A,P-05,3
T-15424,2024-11-15,NULL,P-04,3
T-14182,2024-07-06,Cena,P-14,2
T-17357,2024-12-24,,P-16,3
T-14927,2024-02-02,comida,P-04,4
T-17426,2024-06-29,NULL,P-11,1
T-11266,2024-04-30,  Cena  ,P-07,1
T-15489,2024-01-21,NULL,P-18,4
T-17261,2025-06-26,Desayuno?,P-15,3
T-13779,2024-06-13,NULL,P-21,4
T-13082,2025-06-28,Desayuno?,P-24,1
T-14033,2025-07-30,Comida,P-16,3
T-11911,2024-10-18,Cena,P-22,4
T-14936,2025-09-12,N/A,P-02,4
T-17688,2025-09-12,Comida,P-16,1
T-15385,2024-04-26,CENA,P-23,3
T-14302,2025-05-10,Cena,P-10,2
T-14622,2025-08-18,Cena,P-09,4
T-10400,29/01/2025,Desayuno?,P-20,4
T-17513,2024-08-03,CENA,P-01,4
T-13793,2025-03-18,Comida,P-25,2
T-17407,2024-07-26,NULL,P-24,2
T-14661,2025-10-14,NULL,P-11,3
T-16896,2025-06-29,N/A,P-20,4
T-11113,2024-09-04,  Cena  ,P-25,1
T-16150,2025-01-09,comida,P-18,1
T-16107,2025-07-17,Desayuno?,P-24,2
T-17197,2024-04-02,,P-10,1
T-12860,2024-11-04,CENA,P-11,4
T-15583,2024-08-30,NULL,P-25,2
T-15856,2024-09-28,Desayuno?,P-15,3
T-13103,2025-07-18,  Cena  ,P-15,2
T-10656,2025-12-15,,P-15,1
T-13231,2024-01-21,NULL,P-12,2
T-16182,2024-11-01,  Cena  ,P-15,2
T-14918,2025-08-17,comida,P-18,2
T-16858,2025-11-24,  Cena  ,P-01,4
T-11862,2025-08-05,CENA,P-13,2
T-10733,2024-08-18,Cena,P-22,2
T-12093,2025-08-23,NULL,P-23,3
T-13298,2024-02-11,comida,P-16,2
T-12699,21/02/2025,CENA,P-07,3
T-14263,2024-09-30,comida,P-21,2
T-12817,21/02/2025,NULL,P-02,4
T-14138,2024-01-08,  Cena  ,P-09,2
T-17192,2024-02-21,Cena,P-16,1
T-17775,2024-08-30,comida,P-25,3
T-15610,2024-06-24,Desayuno?,P-17,4
T-15682,2024-08-03,  Cena  ,P-22,3
T-11400,2025-06-25,N/A,P-24,1
T-12235,2025-07-09,comida,P-06,4
T-15398,2024-12-25,  Cena  ,P-23,2
T-11208,2025-02-09,N/A,P-05,1
T-12700,2025-07-30,CENA,P-23,4
T-12003,2025-07-15,comida,P-23,3
T-12720,2024-07-19,Desayuno?,P-08,4
T-15901,2025-12-06,Desayuno?,P-20,1
T-14140,2024-09-08,Cena,P-07,2
T-15990,2025-08-09,comida,P-10,2
T-17076,30/05/2024,NULL,P-03,3
T-10182,2025-08-18,N/A,P-22,4
T-16258,2025-08-13,Desayuno?,P-16,3
T-12648,2025-04-07,Comida,P-05,3
T-13133,2024-02-04,CENA,P-04,1
T-11229,2024-06-04,N/A,P-11,3
T-13252,2024-06-08,,P-02,4
T-11121,2024-01-31,Cena,P-17,2
T-10271,2025-04-22,N/A,P-18,1
T-11793,2024-08-29,CENA,P-21,4
T-12243,2025-09-25,comida,P-08,3
T-15193,2024-06-04,N/A,P-14,1
T-17754,2025-08-22,NULL,P-23,3
T-10607,2024-10-15,comida,P-04,3
T-14084,2024-03-03,CENA,P-99,3
T-14006,2025-02-25,,P-05,3
T-11816,2025-05-13,comida,P-08,4
T-17705,2025-02-10,Comida,P-21,4
T-14218,2024-04-30,comida,P-01,3
T-11397,2024-09-10,Desayuno?,P-14,3
T-16057,2025-11-01,Cena,P-25,1
T-10623,2024-09-09,Cena,P-09,2
T-15903,2025-05-27,Comida,P-03,1
T-10979,16/07/2025,comida,P-15,1
T-11820,2025-12-10,  Cena  ,P-16,2
T-12595,2025-03-18,,P-05,3
T-15491,2024-11-25,N/A,P-16,4
T-17693,2025-04-15,N/A,P-08,4
T-10022,2024-03-02,NULL,P-99,2
T-10119,2025-12-06,Comida,P-22,1
T-17794,2024-02-04,CENA,P-09,1
T-14575,2025-04-16,Desayuno?,P-22,3
T-10102,2025-08-25,  Cena  ,P-17,4
T-10166,2024-07-05,  Cena  ,P-05,2
T-14559,2024-02-09,comida,P-24,3
T-15346,2025-12-16,comida,P-15,3
T-10750,2024-07-10,Desayuno?,P-24,2
T-16080,2024-04-01,N/A,P-19,1
T-12276,2025-02-15,  Cena  ,P-14,2
T-12724,2024-10-29,N/A,P-17,3
T-17705,2025-01-10,N/A,P-06,1
T-10072,2025-09-30,Comida,P-02,4
T-15476,2024-01-15,Desayuno?,P-14,1
T-16596,2024-11-13,comida,P-07,2
T-16934,2024-01-26,Cena,P-24,1
T-14493,2025-10-14,NULL,P-20,3
T-10773,2025-10-16,Cena,P-04,3
T-16950,2025-07-13,Cena,P-02,1
T-11095,2025-09-27,comida,P-08,2
T-10632,2025-02-26,Desayuno?,P-23,1
T-16192,2024-01-17,comida,P-15,3
T-13641,2024-03-31,N/A,P-11,1
T-12080,2025-03-24,  Cena  ,P-10,1
T-17185,13/12/2025,Desayuno?,P-01,1
T-15691,2025-07-23,CENA,P-19,2
T-16983,2025-10-09,Comida,P-99,1
T-10004,2024-03-16,N/A,P-11,4
T-17088,2025-07-14,Desayuno?,P-03,1
T-16148,2025-04-27,Cena,P-14,4
T-13193,2024-04-23,N/A,P-03,1
T-14515,2025-02-13,  Cena  ,P-19,3
T-15534,2025-07-12,Desayuno?,P-24,4
T-12947,2025-08-11,Cena,P-24,2
T-15444,2024-11-11,Desayuno?,P-02,1
T-12732,2024-05-08,Cena,P-20,2
T-10690,2024-04-29,NULL,P-08,-1
T-12892,2025-02-28,comida,P-14,1
T-13574,2024-08-02,Desayuno?,P-23,3
T-11648,2025-04-20,NULL,P-23,2
T-16476,2025-01-08,Comida,P-24,2
T-16493,2024-07-13,Desayuno?,P-09,3
T-10730,2024-11-08,NULL,P-19,4
T-16370,2024-02-16,NULL,P-10,1
T-14236,2024-07-20,Desayuno?,P-15,1
T-12949,2024-12-04,Desayuno?,P-08,2
T-17759,2025-05-05,N/A,P-19,2
T-11907,2025-08-09,NULL,P-99,1
T-12953,2024-06-22,NULL,P-14,4
T-13994,2024-10-29,NULL,P-24,4
T-14619,2025-02-11,Cena,P-99,4
T-15071,2024-01-10,,P-06,2
T-16805,2024-05-31,comida,P-18,1
T-10343,2024-10-15,Desayuno?,P-12,3
T-12962,29/01/2025,  Cena  ,P-06,2
T-10053,2025-03-11,,P-19,2
T-15360,2025-07-27,NULL,P-04,1
T-12038,2024-07-26,Desayuno?,P-22,3
T-13279,2025-06-07,Comida,P-17,1
T-13876,2024-12-23,CENA,P-18,3
T-11923,2025-01-15,NULL,P-10,2
T-12920,2025-10-07,CENA,P-04,3
T-14945,2024-06-27,comida,P-14,2
T-14042,2025-01-20,NULL,P-16,1
T-11407,2024-04-21,comida,P-18,4
T-16990,2024-03-15,NULL,P-21,3
T-13665,2024-09-25,Desayuno?,P-04,4
T-10057,2025-01-03,Comida,P-10,1
T-13792,2024-01-07,CENA,P-20,4
T-13346,2025-10-04,Desayuno?,P-01,4
T-13642,2024-07-15,Desayuno?,P-12,3
T-14717,2024-01-04,N/A,P-17,4
T-12411,2025-02-23,,P-12,1
T-12658,2024-02-05,CENA,P-18,1
T-15771,2025-06-20,Cena,P-16,1
T-17990,2024-07-18,Desayuno?,P-09,3
T-17048,2024-07-01,  Cena  ,P-25,2
T-10823,2025-11-30,CENA,P-15,3
T-17823,2025-06-06,CENA,P-14,3
T-12566,2024-01-04,CENA,P-07,3
T-15509,2025-06-02,  Cena  ,P-16,1
T-11034,2025-09-11,N/A,P-22,2
T-13408,2024-07-23,Desayuno?,P-13,3
T-13040,2024-12-19,N/A,P-20,3
T-13230,2025-06-23,N/A,P-13,1
T-13871,2025-03-12,NULL,P-03,3
T-11162,2025-11-15,  Cena  ,P-18,4
T-13686,2025-10-12,Comida,P-05,3
T-11737,2024-12-19,Cena,P-07,2
T-16970,2025-06-04,,P-10,4
T-12837,2025-10-31,  Cena  ,P-04,4
T-11386,2024-06-16,  Cena  ,P-01,1
T-15767,2024-01-07,comida,P-15,1
T-11269,10/09/2024,comida,P-09,1
T-11987,2025-05-02,N/A,P-20,2
T-12494,2025-12-30,  Cena  ,P-13,1
T-14188,2024-04-07,Desayuno?,P-03,1
T-14276,2025-06-01,NULL,P-01,2
T-10437,2024-01-02,N/A,P-18,3
T-12164,2025-04-06,  Cena  ,P-16,2
T-16568,2024-03-10,  Cena  ,P-19,4
T-10218,2025-04-09,Cena,P-02,4
T-12380,2025-07-08,NULL,P-05,2
T-13260,2024-08-07,Comida,P-06,2
T-13827,2024-05-09,Desayuno?,P-16,3
T-13430,2025-07-05,N/A,P-13,4
T-13749,2024-09-08,,P-02,1
T-11887,2024-10-17,  Cena  ,P-11,2
T-17453,2025-05-14,comida,P-16,1
T-14396,2024-03-24,Comida,P-14,3
T-10328,27/01/2025,CENA,P-12,2
T-11177,2024-12-11,Comida,P-05,4
T-16570,2025-11-13,N/A,P-12,4
T-14154,2025-11-27,  Cena  ,P-05,1
T-10343,2025-02-20,Comida,P-13,2
T-16739,17/11/2025,Cena,P-15,2
T-13047,2024-09-13,  Cena  ,P-19,1
T-12870,2025-07-06,comida,P-12,2
T-16293,2025-11-22,Desayuno?,P-12,3
T-10677,2025-12-03,CENA,P-19,3
T-11162,2025-05-17,N/A,P-16,1
T-12185,2024-12-10,  Cena  ,P-09,4
T-14266,2024-06-29,Comida,P-19,3
T-16903,2025-03-03,Desayuno?,P-12,2
T-12227,23/07/2024,N/A,P-01,2
T-12142,2025-02-15,  Cena  ,P-25,2
T-13989,2024-01-25,comida,P-17,3
T-17158,2024-07-16,NULL,P-10,1
T-15606,2025-05-11,comida,P-22,2
T-12758,2024-05-04,Comida,P-23,3
T-15018,2025-05-13,Comida,P-09,4
T-10324,2025-07-08,NULL,P-07,2
T-12739,2024-08-12,Cena,P-22,1
T-12990,2024-12-21,Desayuno?,P-18,3
T-10150,2024-09-02,  Cena  ,P-10,4
T-10443,2025-03-02,Desayuno?,P-17,4
T-16070,2025-01-02,Cena,P-03,2
T-12055,2024-04-19,Comida,P-06,1
T-11129,2025-08-02,CENA,P-16,3
T-10077,2024-05-22,Desayuno?,P-01,2
T-16859,2025-07-19,Comida,P-02,4
T-17217,2025-12-02,,P-22,1
T-10779,2024-03-27,,P-23,4
T-11750,2024-10-08,Comida,P-03,1
T-14615,2024-08-01,NULL,P-01,1
T-14001,2025-08-29,CENA,P-99,4
T-10903,04/06/2024,  Cena  ,P-20,1
T-11814,2024-02-21,Desayuno?,P-10,2
T-11130,2024-07-27,Desayuno?,P-03,1
T-17070,2025-12-01,Comida,P-03,1
T-15783,2025-11-21,  Cena  ,P-08,3
T-16878,2025-10-31,CENA,P-17,2
T-12359,2024-08-11,,P-22,4
T-16230,2024-09-14,Desayuno?,P-11,2
T-13119,2025-08-13,comida,P-06,2
T-13420,2024-12-21,  Cena  ,P-24,3
T-11399,2025-07-15,Cena,P-25,3
T-14559,2024-10-02,Comida,P-16,2
T-17518,2024-02-16,Desayuno?,P-08,4
T-13031,2025-12-14,comida,P-24,1
T-12486,2025-05-26,CENA,P-04,3
T-10705,2025-12-25,Cena,P-15,1
T-17670,2024-06-12,NULL,P-06,4
T-16175,2024-10-21,NULL,P-10,2
T-10162,2024-08-17,comida,P-17,4
T-11135,2025-11-22,Desayuno?,P-11,2
T-16113,2024-04-19,comida,P-15,3
T-12605,2024-04-15,Cena,P-18,2
T-11221,2025-06-24,NULL,P-11,3
T-10670,2024-12-18,Comida,P-17,1
T-16074,2024-06-22,NULL,P-05,1
T-17820,2025-01-01,N/A,P-19,1
T-17990,2025-06-03,N/A,P-01,3
T-10376,03/08/2025,comida,P-14,1
T-16534,2024-05-02,Cena,P-22,2
T-11632,2025-09-12,CENA,P-15,3
T-13510,2024-02-06,NULL,P-03,3
T-15159,2024-10-24,Desayuno?,P-12,1
T-16798,2024-10-12,Comida,P-12,4
T-11535,2024-06-30,Desayuno?,P-08,3
T-15552,2025-04-09,NULL,P-13,-1
T-14416,2025-07-28,N/A,P-10,4
T-13394,19/02/2024,CENA,P-04,2
T-13500,2024-12-16,Cena,P-12,2
T-13314,2025-05-14,Comida,P-19,1
T-14115,2024-05-01,Cena,P-22,4
T-15969,2024-03-22,Cena,P-12,4
T-10173,2025-06-23,  Cena  ,P-11,3
T-15995,2025-01-23,Cena,P-16,1
T-15559,2024-05-05,CENA,P-05,4
T-10697,2024-03-18,CENA,P-99,4
T-12467,2024-02-26,CENA,P-20,4
T-13110,2025-04-15,  Cena  ,P-06,2
T-13462,2024-04-17,Desayuno?,P-10,4
T-16560,2025-02-09,Desayuno?,P-13,3
T-10119,2024-05-28,  Cena  ,P-20,1
T-16183,2024-06-11,NULL,P-13,4
T-16456,03/07/2024,Comida,P-08,4
T-16525,2024-05-23,N/A,P-07,2
T-17568,2025-11-06,NULL,P-19,4
T-16111,2024-03-15,NULL,P-15,2
T-10622,2024-09-10,Cena,P-20,1
T-12180,2025-04-06,Cena,P-23,3
T-14241,2025-03-29,Comida,P-25,1
T-14090,2024-01-04,Cena,P-23,3
T-13939,2024-03-17,Cena,P-20,4
T-11889,2025-11-17,N/A,P-16,-1
T-14398,2025-10-21,CENA,P-12,1
T-11622,2024-05-05,Cena,P-23,3
T-12501,2024-03-08,CENA,P-12,4
T-16772,2025-10-21,comida,P-22,4
T-17402,2025-11-01,Desayuno?,P-08,1
T-10050,2024-01-30,comida,P-22,4
T-14256,2025-08-04,Comida,P-15,1
T-13636,2024-01-07,  Cena  ,P-14,1
T-13197,2024-07-03,N/A,P-22,2
T-12923,2025-09-22,Desayuno?,P-21,3
T-11211,2024-03-20,Desayuno?,P-12,1
T-17958,2024-04-12,Desayuno?,P-10,1
T-13269,2025-09-19,  Cena  ,P-15,2
T-10364,2024-12-17,  Cena  ,P-16,1
T-10148,2025-11-26,comida,P-18,2
T-13436,2024-10-14,Cena,P-04,4
T-10521,2024-04-03,Comida,P-18,4
T-15990,2024-01-06,Desayuno?,P-10,1
T-14584,2024-01-08,,P-13,2
T-13409,2024-12-30,Comida,P-15,3
T-10387,20/11/2025,N/A,P-11,3
T-13941,2025-10-01,Comida,P-10,1
T-10104,2025-12-17,N/A,P-21,2
T-11279,2024-06-27,CENA,P-22,4
T-17067,2024-09-28,  Cena  ,P-18,3
T-10222,2025-03-01,Cena,P-05,2
T-10102,2025-05-18,Desayuno?,P-16,4
T-15982,2025-08-13,NULL,P-04,3
T-11761,2024-12-26,  Cena  ,P-02,2
T-14632,2024-03-17,NULL,P-99,1
T-12959,2024-01-07,Cena,P-17,2
T-16359,2024-04-04,NULL,P-01,3
T-12979,2024-01-19,Desayuno?,P-05,2
T-13328,2024-07-06,comida,P-04,2
T-14659,2024-01-08,CENA,P-22,1
T-13427,2024-03-25,CENA,P-16,2
T-15558,2024-07-08,Comida,P-22,3
T-16890,2025-11-18,N/A,P-13,2
T-13092,2025-01-19,N/A,P-25,2
T-10083,2024-06-18,CENA,P-11,4
T-10833,2024-08-01,Comida,P-17,4
T-12837,2025-05-11,CENA,P-19,2
T-15466,2024-09-29,NULL,P-17,4
T-16125,2025-06-21,Cena,P-10,1
T-16486,2025-10-04,,P-14,1
T-13504,2024-07-03,Desayuno?,P-24,2
T-11589,2025-10-20,N/A,P-06,3
T-14866,2024-02-29,Comida,P-01,1
T-12683,2024-09-29,Comida,P-11,2
T-11841,27/09/2024,comida,P-17,1
T-10070,01/06/2025,  Cena  ,P-19,1
T-15197,2024-11-12,Desayuno?,P-10,2
T-10963,2024-02-11,NULL,P-06,1
T-13635,2025-01-13,comida,P-06,2
T-16661,2024-10-12,  Cena  ,P-23,1
T-14501,2025-03-04,CENA,P-19,4
T-16892,2025-12-22,,P-05,1
T-13426,2024-05-06,CENA,P-25,1
T-10481,2025-05-22,  Cena  ,P-03,1
T-14068,2025-09-20,NULL,P-99,4
T-11373,2024-02-14,Comida,P-03,1
T-14101,2024-02-28,NULL,P-06,1
T-16194,2025-04-03,  Cena  ,P-05,4
T-15190,2025-07-30,Desayuno?,P-10,4
T-10522,2025-11-07,Cena,P-16,1
T-14104,2024-12-10,Comida,P-19,2
T-17302,2024-02-01,Comida,P-20,3
T-13281,09/08/2025,  Cena  ,P-20,1
T-14400,2024-01-23,  Cena  ,P-21,3
T-17897,2025-02-03,Cena,P-07,2
T-14457,2024-12-11,Cena,P-20,2
T-10245,2025-04-30,N/A,P-01,1
T-12400,2025-05-20,CENA,P-19,1
T-11551,2024-12-02,comida,P-13,3
T-14538,2024-03-19,CENA,P-08,3
T-16249,2025-01-01,,P-09,2
T-17375,2024-11-05,,P-04,3
T-17668,2024-02-28,NULL,P-05,3
T-17426,2024-09-25,Comida,P-19,4
T-14400,2025-01-03,Cena,P-05,2
T-14861,2025-05-08,CENA,P-07,1
T-17158,2025-12-12,N/A,P-05,1
T-13018,2024-12-23,Desayuno?,P-11,1
T-12975,2024-06-03,CENA,P-21,4
T-15159,2024-01-23,N/A,P-08,1
T-12188,2025-01-04,Cena,P-23,3
T-14584,2024-01-24,Cena,P-03,1
T-12173,2025-09-25,Comida,P-10,2
T-13762,2025-11-11,CENA,P-03,3
T-17820,2025-11-20,NULL,P-07,2
T-11369,2025-02-25,Desayuno?,P-19,3
T-17001,2024-11-23,NULL,P-16,2
T-17772,2025-06-24,N/A,P-16,2
T-17711,2025-05-07,N/A,P-15,3
T-10376,2024-01-18,,P-03,4
T-15040,2024-09-08,Desayuno?,P-02,1
T-10541,13/08/2025,comida,P-99,2
T-17859,2025-04-19,N/A,P-09,3
T-12647,2025-11-24,CENA,P-19,4
T-17179,2024-10-26,CENA,P-17,4
T-11301,2024-11-07,Desayuno?,P-07,3
T-15805,02/05/2025,,P-19,2
T-17064,2025-11-05,CENA,P-09,1
T-15504,2024-06-09,  Cena  ,P-99,2
T-12919,2024-11-05,Comida,P-16,2
T-11967,2024-08-04,,P-17,4
T-12707,2025-01-20,N/A,P-25,1
T-15858,2025-08-16,Comida,P-02,3
T-14362,2024-11-10,CENA,P-19,1
T-14195,2024-05-04,  Cena  ,P-16,4
T-12104,2024-12-12,Cena,P-08,2
T-10401,2025-06-27,Comida,P-11,4
T-11070,2025-03-20,N/A,P-08,4
T-14809,2025-02-27,CENA,P-10,3
T-10542,2024-11-04,NULL,P-11,4
T-16498,2024-12-26,comida,P-08,1
T-16325,2025-06-22,CENA,P-07,2
T-14581,2024-01-15,Desayuno?,P-24,4
T-13500,2025-07-13,  Cena  ,P-05,2
T-14215,2024-05-15,Desayuno?,P-23,2
T-15103,2025-06-26,Cena,P-08,3
T-14467,2024-08-24,Cena,P-04,1
T-10164,2025-12-10,N/A,P-14,3
T-15418,2024-06-30,CENA,P-22,4
T-12381,29/09/2024,  Cena  ,P-25,3
T-13391,2025-01-30,NULL,P-18,2
T-11734,2024-10-26,Comida,P-14,1
T-12126,2024-03-05,Desayuno?,P-16,2
T-13500,15/08/2024,Cena,P-07,4
T-14051,2024-08-12,Desayuno?,P-19,1
T-13610,2025-08-05,comida,P-14,1
T-17308,2025-10-15,comida,P-09,2
T-15957,2025-02-04,N/A,P-12,4
T-16245,2024-11-12,  Cena  ,P-21,2
T-17537,2025-08-10,,P-08,4
T-13072,2024-09-25,NULL,P-06,2
T-10740,2024-07-29,Comida,P-12,2
T-15117,2024-06-27,CENA,P-04,4
T-13524,2024-02-25,CENA,P-21,4
T-15532,2024-04-28,Desayuno?,P-01,1
T-14498,2025-02-22,Comida,P-09,3
T-14770,2024-11-11,comida,P-12,1
T-12712,2024-01-27,CENA,P-10,3
T-15373,2024-02-10,NULL,P-07,2
T-11295,2025-08-09,Cena,P-16,1
T-14067,2025-03-21,Cena,P-15,1
T-10732,2025-02-02,N/A,P-21,4
T-12884,2024-05-18,,P-08,2
T-14965,23/11/2024,  Cena  ,P-02,4
T-11743,2025-12-02,CENA,P-23,1
T-13593,2025-01-07,N/A,P-03,2
T-11712,28/06/2024,comida,P-06,2
T-14464,2024-09-23,Desayuno?,P-22,2
T-16367,2025-10-29,CENA,P-17,4
T-17510,2025-01-05,Cena,P-16,1
T-11779,2024-11-03,Comida,P-25,4
T-10066,2024-03-09,N/A,P-17,3
T-11068,2025-11-12,comida,P-23,2
T-15537,2024-03-05,,P-04,2
T-15040,2025-05-14,NULL,P-06,2
T-13789,2024-04-04,Desayuno?,P-12,4
T-13296,2024-08-20,CENA,P-01,1
T-15527,2024-10-02,Cena,P-11,3
T-11715,2024-11-17,Desayuno?,P-22,4
T-15857,2025-09-14,Comida,P-15,4
T-10434,2025-04-06,Cena,P-10,4
T-16995,2025-08-17,  Cena  ,P-10,2
T-12036,2024-03-29,comida,P-03,3
T-16356,2024-03-27,N/A,P-20,1
T-17868,2024-11-24,  Cena  ,P-17,4
T-10504,2024-06-12,Desayuno?,P-01,2
T-17565,2024-05-16,Desayuno?,P-14,4
T-14559,2025-09-25,Comida,P-20,3
T-17759,2024-12-03,NULL,P-15,2
T-17733,2024-05-25,CENA,P-10,4
T-16892,2025-01-07,comida,P-15,2
T-10221,2024-06-06,CENA,P-15,4
T-17668,2025-02-28,Cena,P-10,-1
T-13063,2025-09-13,comida,P-09,1
T-16663,2025-08-25,CENA,P-18,1
T-10383,2024-04-10,CENA,P-25,3
T-10878,2024-08-23,Cena,P-01,4
T-16049,16/02/2025,Comida,P-07,1
T-15607,2024-06-03,Desayuno?,P-17,4
T-17302,2025-04-19,N/A,P-18,2
T-10976,2025-10-22,NULL,P-10,1
T-17213,2025-04-06,Cena,P-07,1
T-13338,2025-09-26,comida,P-07,2
T-10581,2025-11-29,Cena,P-25,2
T-14020,23/03/2024,N/A,P-99,3
T-14931,2025-11-02,Cena,P-11,2
T-10095,2024-01-05,comida,P-25,1
T-17707,2025-12-12,CENA,P-03,4
T-16529,17/02/2025,,P-03,2
T-11893,2025-02-07,Cena,P-15,4
T-17587,2024-01-10,Cena,P-07,3
T-14082,2024-02-13,NULL,P-06,1
T-15892,2025-06-15,comida,P-02,4
T-17971,2024-09-03,Comida,P-14,4
T-13432,2024-06-18,Desayuno?,P-06,2
T-16515,2024-03-14,comida,P-19,4
T-17931,2024-11-01,N/A,P-18,4
T-11417,2025-04-12,,P-25,1
T-10004,2024-05-04,  Cena  ,P-25,1
T-10211,2025-12-16,Comida,P-21,4
T-17019,2025-05-15,NULL,P-03,4
T-11576,2025-06-12,CENA,P-23,3
T-13590,2025-02-03,  Cena  ,P-07,4
T-17904,2025-10-17,CENA,P-13,4
T-13141,2024-08-22,NULL,P-21,3
T-15877,2025-03-09,N/A,P-18,2
T-12286,2024-02-16,Cena,P-99,3
T-13194,2025-08-13,CENA,P-06,2
T-10454,2024-05-10,CENA,P-09,1
T-14214,29/10/2025,Cena,P-21,4
T-17066,2025-08-13,Comida,P-23,1
T-10981,2025-11-13,  Cena  ,P-05,1
T-15282,2025-08-16,  Cena  ,P-20,4
T-17934,2024-07-13,Comida,P-03,2
T-12821,2025-07-26,NULL,P-04,1
T-10622,2024-03-07,Comida,P-17,1
T-14800,2024-10-16,NULL,P-18,2
T-11724,2024-11-11,comida,P-06,1
T-13671,2025-11-30,CENA,P-12,1
T-10002,2025-03-05,N/A,P-09,2
T-15327,2025-03-11,comida,P-11,3
T-17889,2024-03-22,NULL,P-19,4
T-13149,2025-01-04,Cena,P-21,1
T-11534,21/06/2025,comida,P-24,3
T-13593,2025-04-03,Desayuno?,P-06,4
T-17593,2024-11-20,  Cena  ,P-16,4
T-12889,2024-10-02,,P-01,3
T-10619,2024-10-30,  Cena  ,P-02,4
T-15507,2025-02-11,N/A,P-17,4
T-16822,2024-04-26,N/A,P-15,2
T-13642,2025-05-17,Desayuno?,P-09,4
T-11202,2024-09-01,comida,P-13,1
T-15785,2024-03-03,Comida,P-21,3
T-16778,2024-05-29,NULL,P-99,2
T-16280,2024-12-30,comida,P-17,1
T-15539,2025-03-10,  Cena  ,P-16,1
T-14138,2025-01-07,Comida,P-13,1
T-11002,2025-10-29,comida,P-24,3
T-11818,2024-04-05,CENA,P-13,1
T-15580,2024-06-22,comida,P-22,2
T-13058,2025-05-17,  Cena  ,P-14,2
T-14795,2024-03-04,Comida,P-01,1
T-12045,2025-09-04,Desayuno?,P-15,4
T-17726,2025-02-27,NULL,P-05,2
T-10215,2025-05-14,Desayuno?,P-05,4
T-12332,2024-10-23,Desayuno?,P-01,3
T-12572,16/02/2024,Comida,P-24,4
T-17413,2024-11-29,Comida,P-25,4
T-11685,2025-02-08,CENA,P-21,1
T-15664,2024-08-22,N/A,P-24,4
T-13835,2024-12-14,CENA,P-22,2
T-14477,2024-12-01,  Cena  ,P-18,4
T-12942,2024-01-12,N/A,P-18,2
T-16759,2024-08-20,  Cena  ,P-02,2
T-11321,2025-04-05,CENA,P-99,4
T-11979,2024-11-15,CENA,P-11,4
T-15012,2025-10-05,N/A,P-10,1
T-17455,2024-12-20,NULL,P-19,3
T-17546,2025-01-01,Cena,P-15,1
T-16513,2024-08-03,NULL,P-04,4
T-16566,09/01/2025,CENA,P-08,1
T-10659,2024-04-21,CENA,P-10,4
T-16216,2025-10-07,NULL,P-17,4
T-17521,2024-09-01,comida,P-23,4
T-13676,2025-01-15,N/A,P-17,3
T-12108,2024-12-25,  Cena  ,P-25,3
T-16238,07/07/2024,  Cena  ,P-01,1
T-12927,2025-08-29,,P-24,2
T-16436,2025-02-20,  Cena  ,P-18,2
T-10484,2025-05-03,Cena,P-11,1
T-10516,2024-12-10,comida,P-03,1
T-15773,2025-01-06,Cena,P-03,2
T-13915,2025-12-17,Desayuno?,P-02,1
T-10063,2025-05-14,NULL,P-11,2
T-11495,2025-06-29,  Cena  ,P-99,2
T-16235,2024-09-28,NULL,P-05,4
T-12544,2025-05-05,Desayuno?,P-24,3
T-16992,2025-08-05,Cena,P-10,3
T-15789,2025-02-14,N/A,P-18,1
T-14499,2025-02-24,Cena,P-17,4
T-10399,2024-12-14,N/A,P-25,1
T-12416,05/10/2024,N/A,P-08,3
T-11304,2025-01-13,  Cena  ,P-24,2
T-17352,2024-11-20,  Cena  ,P-08,3
T-11010,2024-03-15,Cena,P-13,2
T-15742,2024-03-06,NULL,P-11,2
T-15610,2025-03-22,Comida,P-19,3
T-12259,2025-09-12,comida,P-13,2
T-17115,2025-10-16,CENA,P-21,3
T-14039,2025-06-21,Cena,P-14,2
T-13718,2025-06-13,Desayuno?,P-19,1
T-15583,2024-03-03,Cena,P-23,2
T-10322,2025-06-28,  Cena  ,P-13,4
T-10893,2024-07-12,comida,P-18,2
T-15673,2025-01-07,,P-05,1
T-15939,2025-01-29,Cena,P-16,2
T-16636,2025-06-26,  Cena  ,P-15,3
T-17110,2024-04-09,Desayuno?,P-12,1
T-17999,2025-12-30,Desayuno?,P-13,4
T-13646,2025-01-20,Desayuno?,P-15,3
T-15367,2024-09-13,NULL,P-05,3
T-13449,21/05/2024,,P-12,3
T-15770,2025-12-17,comida,P-13,4
T-13623,2025-02-22,comida,P-13,2
T-17129,2024-09-24,NULL,P-25,4
T-16059,2024-02-08,NULL,P-13,1
T-14503,2024-06-25,N/A,P-24,3
T-14997,2025-01-17,  Cena  ,P-25,2
T-13090,2025-01-31,N/A,P-14,3
T-14342,2024-03-13,NULL,P-12,2
T-12105,2025-05-16,comida,P-25,1
T-13342,2025-06-20,Desayuno?,P-19,3
T-14566,2024-07-25,N/A,P-11,1
T-16359,2024-05-24,  Cena  ,P-04,4
T-15249,2025-10-24,Comida,P-22,2
T-14180,2024-03-22,NULL,P-10,2
T-15487,2024-02-01,N/A,P-04,2
T-12504,2024-03-22,Desayuno?,P-22,3
T-16053,2025-10-18,NULL,P-18,3
T-17866,2025-01-29,comida,P-11,4
T-15977,2025-03-12,CENA,P-01,4
T-14831,2024-02-27,  Cena  ,P-15,3
T-12907,2024-02-11,NULL,P-24,3
T-11683,2024-01-14,  Cena  ,P-10,2
T-17314,2024-03-20,Desayuno?,P-19,3
T-14885,2025-01-26,Comida,P-03,4
T-16834,2025-08-03,  Cena  ,P-08,1
T-12518,2025-01-26,Cena,P-16,2
T-15146,2025-12-06,CENA,P-10,1
T-14880,2025-10-14,CENA,P-01,3
T-14359,2025-11-11,,P-14,2
T-10175,2024-11-08,NULL,P-20,1
T-14430,2025-06-05,NULL,P-07,2
T-10792,2025-11-04,comida,P-99,2
T-13639,08/07/2025,Cena,P-24,1
T-10069,2024-06-18,CENA,P-20,2
T-14864,2024-05-03,Desayuno?,P-07,1
T-14872,2024-08-01,Cena,P-16,4
T-15853,2024-06-21,  Cena  ,P-08,1
T-11421,2025-11-27,CENA,P-99,4
T-17760,2024-12-20,NULL,P-05,3
T-15600,2024-07-15,comida,P-07,3
T-14150,2024-08-06,,P-19,3
T-16082,2025-02-19,Comida,P-13,3
T-13524,2025-05-12,Cena,P-04,2
T-12802,2025-02-18,N/A,P-23,1
T-17155,2025-12-12,  Cena  ,P-13,1
T-10787,2024-11-19,N/A,P-13,3
T-10255,2025-06-13,  Cena  ,P-20,3
T-11058,2025-07-20,Comida,P-25,1
T-15491,2024-10-05,Desayuno?,P-16,4
T-12903,01/07/2025,N/A,P-03,4
T-10992,2025-02-21,Cena,P-24,3
T-11260,2024-07-03,CENA,P-22,1
T-15951,2025-04-12,  Cena  ,P-21,-1
T-10388,2024-07-21,CENA,P-04,1
T-12522,2024-10-27,CENA,P-25,3
T-15999,2024-01-30,comida,P-16,2
T-12874,2024-09-05,Desayuno?,P-06,4
T-11073,2024-08-09,N/A,P-20,1
T-14662,2025-09-24,Desayuno?,P-07,1
T-11657,2025-06-19,N/A,P-04,3
T-16863,2024-10-02,Cena,P-03,3
T-13515,2024-10-12,Desayuno?,P-03,1
T-17984,2024-09-15,NULL,P-02,2
T-14739,2025-02-04,Desayuno?,P-05,1
T-10348,2025-08-11,N/A,P-19,2
T-17569,2024-12-01,  Cena  ,P-13,1
T-12617,2025-12-15,Comida,P-18,2
T-10801,2024-10-20,N/A,P-23,3
T-13067,2024-09-24,Desayuno?,P-17,2
T-16227,2025-10-05,  Cena  ,P-19,3
T-13400,2024-04-02,CENA,P-19,4
T-14512,2025-01-16,Desayuno?,P-25,1
T-12417,2025-07-28,Comida,P-20,1
T-13701,2025-02-19,N/A,P-22,3
T-11353,2025-10-23,comida,P-13,2
T-10268,2025-02-06,N/A,P-15,3
T-17990,2024-07-31,NULL,P-04,3
T-16434,2025-05-07,Desayuno?,P-14,4
T-10273,2025-04-24,N/A,P-03,2
T-16921,2024-05-23,  Cena  ,P-01,2
T-17005,2025-12-12,N/A,P-12,2
T-11873,01/08/2024,NULL,P-21,1
T-16571,2024-09-13,Cena,P-24,4
T-17321,2024-09-03,NULL,P-23,2
T-10060,2024-12-04,Comida,P-25,4
T-12388,2025-03-10,CENA,P-06,2
T-11537,03/07/2024,Comida,P-02,4
T-15126,2025-01-06,Cena,P-02,4
T-17424,2025-05-07,N/A,P-09,1
T-14395,2024-10-11,NULL,P-07,2
T-15897,2025-09-07,  Cena  ,P-15,2
T-15143,2024-08-07,comida,P-07,3
T-11466,2024-04-30,  Cena  ,P-14,2
T-10554,2024-07-04,comida,P-11,1
T-14433,2024-08-10,NULL,P-14,2
T-13609,2024-03-06,NULL,P-14,1
T-10245,2025-08-22,NULL,P-02,3
T-14672,2025-07-01,Cena,P-99,3
T-17750,2025-12-22,N/A,P-11,3
T-10986,2025-02-13,N/A,P-15,1
T-10188,28/01/2024,,P-08,1
T-16535,2025-12-01,Desayuno?,P-15,3
T-13004,2025-05-21,  Cena  ,P-13,2
T-12524,25/06/2025,Desayuno?,P-24,3
T-10597,2024-01-27,Cena,P-22,4
T-13064,2024-05-08,NULL,P-08,1
T-17652,2024-06-18,comida,P-12,4
T-17433,2024-05-24,NULL,P-25,2
T-13884,2025-07-08,Comida,P-08,3
T-12313,2024-05-10,Desayuno?,P-15,2
T-13619,04/12/2025,N/A,P-09,3
T-12225,2025-08-07,Desayuno?,P-22,4
T-15458,2024-06-21,Cena,P-21,4
T-12517,2024-03-08,Cena,P-05,4
T-17382,2025-05-08,  Cena  ,P-03,4
T-13688,2025-03-26,Comida,P-11,2
T-12063,2025-08-28,Comida,P-14,4
T-15620,2025-04-24,CENA,P-02,3
T-12960,2024-05-11,  Cena  ,P-24,3
T-10501,2024-05-01,Desayuno?,P-08,2
T-17545,2025-08-26,comida,P-11,4
T-14119,2025-02-07,comida,P-03,4
T-13612,2025-05-25,Desayuno?,P-21,2
T-11222,2025-07-04,Desayuno?,P-18,2
T-15844,2024-11-22,,P-01,2
T-15770,2025-07-26,,P-25,4
T-13650,2025-10-15,CENA,P-07,4
T-13141,2024-06-09,  Cena  ,P-15,2
T-14267,2025-05-23,CENA,P-22,4
T-15169,2025-03-20,CENA,P-16,4
T-14860,2025-06-27,comida,P-12,3
T-13880,2025-01-29,comida,P-04,2
T-10609,28/05/2025,  Cena  ,P-13,3
T-11055,2024-01-18,CENA,P-18,3
T-13298,2024-06-22,Desayuno?,P-21,4
T-14610,2025-07-27,N/A,P-07,1
T-12994,2024-11-11,,P-09,1
T-13971,2025-02-22,N/A,P-01,3
T-10101,2024-09-19,  Cena  ,P-22,4
T-15801,2024-02-19,NULL,P-24,4
T-17451,2024-08-29,CENA,P-03,4
T-13555,2024-02-18,Desayuno?,P-07,3
T-16966,2025-03-28,Desayuno?,P-99,1
T-10257,2025-12-25,Cena,P-03,3
T-12640,2025-02-14,N/A,P-25,4
T-17720,2024-03-11,NULL,P-03,2
T-12319,13/11/2024,comida,P-05,1
T-15672,2024-09-15,Desayuno?,P-10,3
T-13243,2024-03-01,Desayuno?,P-12,1
T-15703,2025-06-19,NULL,P-20,2
T-16663,2025-01-25,  Cena  ,P-06,3
T-14636,2025-08-05,Cena,P-05,4
T-13741,2025-05-20,N/A,P-01,4
T-13337,2024-04-07,CENA,P-10,4
T-12866,2024-02-15,Desayuno?,P-22,4
T-10646,2025-08-08,NULL,P-24,3
T-11292,2025-07-02,NULL,P-18,4
T-14920,2024-11-05,  Cena  ,P-12,1
T-16334,2025-09-17,  Cena  ,P-05,3
T-10907,2025-07-26,Comida,P-24,2
T-12976,2025-03-06,N/A,P-07,2
T-17353,2024-04-05,comida,P-25,2
T-15550,2025-06-09,comida,P-23,3
T-10148,2025-03-31,NULL,P-25,4
T-16165,2025-12-15,NULL,P-19,2
T-11580,2024-05-31,NULL,P-21,1
T-10984,2024-12-16,N/A,P-24,4
T-16685,2025-05-27,CENA,P-06,1
T-11484,2025-04-09,N/A,P-23,1
T-13347,2024-08-12,,P-22,4
T-12793,2024-08-25,N/A,P-14,1
T-15977,2025-05-15,Desayuno?,P-04,1
T-15472,2024-12-19,N/A,P-01,1
T-12388,2025-09-17,comida,P-06,1
T-12489,2024-02-08,Comida,P-19,1
T-16510,18/08/2025,N/A,P-24,4
T-13405,2025-06-28,N/A,P-12,4
T-16078,2025-03-06,comida,P-25,2
T-13753,2025-07-14,N/A,P-14,1
T-10037,2025-07-06,Desayuno?,P-07,3
T-14239,2024-07-26,N/A,P-24,2
T-17469,2024-03-18,Desayuno?,P-20,1
T-15336,2024-02-08,Comida,P-03,1
T-12863,2024-08-16,,P-11,2
T-13122,2024-06-20,Desayuno?,P-14,3
T-13126,2024-03-17,CENA,P-06,1
T-17168,2024-05-19,comida,P-17,1
T-16251,2024-02-06,  Cena  ,P-01,1
T-14958,2024-06-07,CENA,P-20,4
T-12228,2024-07-31,comida,P-02,3
T-13040,2025-11-25,NULL,P-05,3
T-14147,2025-08-16,Desayuno?,P-02,4
T-11297,2025-10-19,CENA,P-13,1
T-12569,2025-05-31,Desayuno?,P-05,3
T-16024,2024-07-22,  Cena  ,P-01,3
T-15202,2025-09-29,N/A,P-24,3
T-14284,2024-08-11,N/A,P-03,3
T-11206,2024-02-02,Desayuno?,P-03,2
T-14856,2025-08-05,Comida,P-22,4
T-10894,2024-07-24,  Cena  ,P-07,3
T-16505,2024-01-25,N/A,P-24,3
T-14545,2024-04-03,  Cena  ,P-08,1
T-11872,2025-01-10,comida,P-24,3
T-16167,2024-11-26,Comida,P-01,2
T-15102,2025-04-20,N/A,P-17,1
T-14866,2025-03-12,Comida,P-24,2
T-16329,2024-09-14,N/A,P-03,2
T-16498,2025-08-01,Cena,P-10,3
T-15797,2024-09-25,CENA,P-21,2
T-17611,2024-04-16,Desayuno?,P-24,1
T-11122,2024-03-28,Desayuno?,P-11,4
T-15775,2024-07-19,Desayuno?,P-06,3
T-17395,2024-01-11,,P-17,4
T-15632,2025-09-11,Comida,P-06,2
T-14573,2024-02-17,Cena,P-12,1
T-11031,2025-08-30,comida,P-19,4
T-11667,2024-01-18,N/A,P-11,4
T-10123,2025-12-28,N/A,P-01,2
T-14863,2024-05-24,Cena,P-01,1
T-15053,2024-05-11,comida,P-05,3
T-10420,2025-05-31,Cena,P-99,1
T-17896,2024-01-14,Cena,P-17,4
T-17910,2024-02-03,  Cena  ,P-18,4
T-10100,2024-12-13,Desayuno?,P-04,4
T-11707,2024-10-20,comida,P-16,1
T-17792,2024-11-10,Comida,P-20,1
T-12657,2025-11-29,Desayuno?,P-20,1
T-11068,2024-10-20,Desayuno?,P-21,4
T-11086,2025-03-02,N/A,P-10,3
T-16512,2025-04-24,N/A,P-14,2
T-12000,2025-10-19,NULL,P-14,3
T-13293,2024-09-25,N/A,P-04,3
T-17287,08/12/2024,CENA,P-19,2
T-16185,2025-07-13,Comida,P-09,1
T-10387,2024-04-06,  Cena  ,P-04,2
T-16029,2025-10-20,,P-17,4
T-12476,2025-05-15,NULL,P-02,4
T-14648,2024-03-23,Cena,P-06,1
T-14165,2024-01-05,Desayuno?,P-09,3
T-10000,2024-10-01,  Cena  ,P-24,3
T-13646,2024-07-07,,P-12,3
T-10048,2025-09-18,  Cena  ,P-18,3
T-11135,2024-08-22,,P-13,2
T-16746,2024-01-08,  Cena  ,P-07,4
T-16599,2024-07-16,comida,P-10,2
T-11521,2025-03-28,comida,P-15,4
T-14318,2024-07-28,NULL,P-22,2
T-12407,2024-11-03,Cena,P-03,3
T-12880,2024-03-20,CENA,P-24,1
T-14031,2024-10-22,Desayuno?,P-02,2
T-16380,2024-11-17,CENA,P-18,3
T-12042,2024-01-16,  Cena  ,P-17,3
T-13282,2024-07-24,  Cena  ,P-12,2
T-11708,17/12/2025,  Cena  ,P-05,3
T-12516,2024-05-23,Cena,P-04,1
T-15427,2025-04-13,N/A,P-22,4
T-17949,2025-10-23,CENA,P-05,4
T-13607,2025-01-15,N/A,P-24,3
T-10922,2024-01-02,Comida,P-03,1
T-17177,2024-03-20,CENA,P-09,1
T-17526,2024-06-06,CENA,P-17,3
T-13096,17/07/2025,comida,P-07,1
T-12487,2025-08-08,  Cena  ,P-12,3
T-16951,2025-06-20,comida,P-20,3
T-14638,2024-01-01,Comida,P-16,3
T-14971,2024-01-15,CENA,P-12,3
T-14134,2024-01-19,  Cena  ,P-06,3
T-17640,2025-12-22,Cena,P-03,1
T-14133,2025-05-02,Cena,P-06,3
T-12282,2024-07-08,CENA,P-07,3
T-10406,2025-04-11,Comida,P-22,1
T-10381,2024-01-01,N/A,P-12,3
T-17456,2024-01-06,  Cena  ,P-13,2
T-10773,2024-10-25,Desayuno?,P-10,1
T-16278,2025-08-07,  Cena  ,P-07,4
T-14229,2024-01-30,  Cena  ,P-21,1
T-15922,2024-07-20,Desayuno?,P-11,3
T-14861,2025-10-12,CENA,P-21,3
T-17442,2024-03-25,  Cena  ,P-04,1
T-11739,2025-11-18,N/A,P-99,1
T-15476,2024-02-03,N/A,P-06,4
T-17297,2024-09-21,  Cena  ,P-02,1
T-13157,2025-08-17,  Cena  ,P-15,2
T-11771,2025-02-05,Cena,P-18,4
T-13155,2025-07-10,,P-11,4
T-15444,26/06/2024,CENA,P-02,1
T-13278,2024-03-19,CENA,P-09,2
T-10973,2025-09-14,comida,P-07,1
T-17005,2025-05-29,NULL,P-12,3
T-12610,2025-10-14,comida,P-15,2
T-13960,2025-11-03,NULL,P-12,2
T-11108,2024-02-21,,P-14,3
T-13487,2025-11-15,Cena,P-22,2
T-17870,2025-04-02,comida,P-06,3
T-14102,2024-12-26,NULL,P-25,1
T-10629,2025-12-11,NULL,P-24,1
T-13319,2025-11-18,N/A,P-07,2
T-11476,2025-04-23,comida,P-17,4
T-16589,2025-06-17,Desayuno?,P-08,3
T-17686,2025-07-08,Cena,P-24,4
T-17144,2025-06-08,N/A,P-09,4
T-12527,2025-04-16,N/A,P-08,4
T-14040,2025-12-05,Comida,P-06,3
T-17889,2024-10-02,N/A,P-15,2
T-13328,2025-04-02,,P-14,2
T-16545,2025-08-30,Comida,P-16,2
T-17030,09/02/2025,NULL,P-10,-1
T-12424,2025-10-21,  Cena  ,P-05,1
T-13426,2024-04-27,Desayuno?,P-06,4
T-14035,2025-08-01,Comida,P-21,1
T-11350,2024-07-02,comida,P-06,1
T-17182,2024-10-31,comida,P-16,1
T-15320,2024-11-15,NULL,P-09,3
T-16763,2025-08-20,N/A,P-21,3
T-11546,2024-05-25,CENA,P-06,3
T-12795,2025-04-11,Comida,P-11,4
T-11925,2025-12-22,NULL,P-03,1
T-13060,2024-04-28,Cena,P-04,2
T-13621,2025-05-03,  Cena  ,P-04,1
T-13972,2025-02-22,,P-08,3
T-14898,2025-07-23,,P-18,4
T-13888,2025-05-13,Cena,P-08,4
T-17651,2024-03-16,Cena,P-03,4
T-13907,2024-02-26,Cena,P-01,3
T-17736,2024-02-17,Cena,P-03,4
T-11628,2024-12-26,Cena,P-01,2
T-11077,2024-06-20,  Cena  ,P-07,3
T-10113,2025-01-05,NULL,P-24,1
T-11687,2024-04-11,comida,P-11,1
T-11023,2025-11-03,  Cena  ,P-13,2
T-10103,2025-04-26,comida,P-02,3
T-14457,2025-03-29,Cena,P-24,2
T-11834,2025-09-09,  Cena  ,P-13,2
T-14125,2025-04-26,,P-05,2
T-13414,2024-03-28,  Cena  ,P-01,1
T-11332,2024-01-13,N/A,P-05,3
T-12427,2025-03-08,Comida,P-19,4
T-15320,2025-05-17,N/A,P-20,3
T-13680,17/11/2024,NULL,P-05,2
T-12569,2024-10-08,CENA,P-20,2
T-13587,2025-07-29,  Cena  ,P-13,2
T-13752,2024-10-14,  Cena  ,P-08,1
T-12035,2024-12-29,Comida,P-02,3
T-17280,2024-03-22,Desayuno?,P-01,2
T-10837,2025-07-23,Desayuno?,P-08,4
T-17541,05/04/2025,Cena,P-04,4
T-12543,2024-04-26,comida,P-20,4
T-13665,2025-07-30,N/A,P-23,3
T-13664,16/10/2024,N/A,P-02,4
T-12564,2025-04-08,Comida,P-09,4
T-12345,2024-10-19,Desayuno?,P-12,3
T-11048,2025-05-13,  Cena  ,P-25,1
T-12585,2024-08-17,  Cena  ,P-04,4
T-10200,2024-03-03,comida,P-99,4
T-14737,2024-09-20,N/A,P-16,3
T-12430,2024-02-25,  Cena  ,P-03,4
T-16244,2025-06-30,NULL,P-25,4
T-11821,2024-07-19,CENA,P-10,1
T-17356,2024-08-13,comida,P-13,3
T-12380,2024-01-19,Comida,P-09,3
T-14280,2025-08-21,  Cena  ,P-18,4
T-12800,2025-03-13,comida,P-11,3
T-13584,2025-07-23,Comida,P-21,1
T-12844,2024-11-12,CENA,P-25,1
T-14497,2024-08-21,CENA,P-21,1
T-13525,2024-02-08,Desayuno?,P-16,4
T-11126,2024-07-24,CENA,P-11,1
T-12014,12/03/2025,Comida,P-11,2
T-12914,2025-05-15,  Cena  ,P-11,3
T-15180,2024-09-01,Comida,P-15,2
T-17502,2024-07-24,CENA,P-20,1
T-12668,2025-05-08,Comida,P-10,3
T-10885,2024-04-13,Cena,P-01,3
T-10091,2024-11-07,Comida,P-17,2
T-13654,2024-05-09,NULL,P-18,2
T-13992,2024-12-02,Comida,P-14,2
T-15376,2024-02-25,Desayuno?,P-01,3
T-10345,2025-08-10,  Cena  ,P-21,1
T-15558,2025-05-23,CENA,P-03,1
T-12362,2024-11-27,Desayuno?,P-13,3
T-14675,2024-04-03,Comida,P-04,3
T-10048,2024-07-05,Comida,P-01,4
T-12602,2024-02-13,comida,P-06,4
T-11492,2025-06-06,  Cena  ,P-15,2
T-17296,2025-09-13,Comida,P-06,4
T-13197,2024-07-20,  Cena  ,P-22,3
T-17767,2024-04-05,CENA,P-13,1
T-13885,2025-09-09,CENA,P-19,2
T-17610,2024-08-23,Desayuno?,P-17,1
T-12755,2025-02-05,,P-15,1
T-10303,2025-06-11,NULL,P-03,3
T-16479,2024-06-04,Desayuno?,P-21,1
T-11283,2025-05-06,CENA,P-20,2
T-13403,2025-09-14,Comida,P-05,4
T-14076,2025-06-09,comida,P-11,3
T-13272,2024-06-09,comida,P-08,2
T-13589,2025-10-10,  Cena  ,P-18,2
T-15020,2025-12-17,Comida,P-19,1
T-12344,2025-10-16,CENA,P-14,3
T-16616,2024-02-06,Desayuno?,P-18,1
T-14066,2024-08-17,N/A,P-15,1
T-12509,2024-05-10,CENA,P-24,3
T-17170,2024-01-30,CENA,P-03,4
T-12792,2025-01-22,Cena,P-99,1
T-11171,2025-12-21,NULL,P-11,1
T-15920,2024-07-21,  Cena  ,P-13,3
T-12549,2025-11-21,comida,P-15,2
T-14407,2025-08-22,comida,P-13,3
T-16699,2025-07-12,Comida,P-02,1
T-14334,2025-01-09,CENA,P-06,2
T-14468,2025-02-16,,P-18,1
T-17696,2025-11-04,Cena,P-20,3
T-11650,2025-01-05,Comida,P-15,1
T-12401,2025-06-18,Desayuno?,P-23,2
T-15434,2025-07-02,NULL,P-10,1
T-16787,2024-06-08,CENA,P-06,4
T-14016,2025-11-09,CENA,P-24,4
T-11852,2024-11-13,,P-03,1
T-16193,2025-06-15,N/A,P-10,2
T-14952,2025-06-02,,P-12,3
T-11782,2025-07-09,CENA,P-17,2
T-13325,2025-10-09,CENA,P-14,1
T-15946,2025-06-15,  Cena  ,P-07,2
T-11459,2025-01-11,NULL,P-22,4
T-13516,05/10/2024,Cena,P-23,2
T-16851,2024-09-21,CENA,P-25,1
T-15678,2025-02-11,  Cena  ,P-16,1
T-12077,2024-11-27,Comida,P-03,3
T-10392,2025-12-31,comida,P-24,2
T-14762,2025-07-19,,P-11,2
T-11514,2025-07-19,Cena,P-17,3
T-13312,2025-11-11,NULL,P-22,2
T-14484,2024-06-18,,P-06,4
T-10429,2024-06-28,N/A,P-21,3
T-14880,2024-01-04,,P-14,1
T-16185,2024-06-03,  Cena  ,P-20,1
T-17569,2025-07-17,NULL,P-14,3
T-11540,2025-09-19,CENA,P-07,1
T-11693,2025-06-29,Desayuno?,P-19,1
T-12436,2025-02-07,CENA,P-25,4
T-15977,2025-01-07,Desayuno?,P-09,2
T-15540,2025-02-04,comida,P-17,1
T-13097,2025-08-11,comida,P-23,1
T-13759,2025-10-02,N/A,P-13,2
T-14320,2024-08-26,NULL,P-14,2
T-10842,2024-09-03,NULL,P-19,2
T-10622,2024-04-27,CENA,P-04,4
T-11395,2025-02-28,Comida,P-12,2
T-11044,2025-04-08,comida,P-06,4
T-17864,2024-03-27,,P-13,2
T-11389,2025-01-27,comida,P-23,1
T-16037,2024-10-10,  Cena  ,P-01,1
T-10421,2024-04-27,Cena,P-06,2
T-11951,2024-12-02,Comida,P-01,1
T-17575,2025-04-10,  Cena  ,P-13,4
T-17083,2025-11-03,NULL,P-06,3
T-17079,2024-04-29,comida,P-15,3
T-14496,2025-04-30,NULL,P-09,2
T-16662,2024-01-22,N/A,P-12,3
T-17732,2024-02-25,,P-22,1
T-10785,2025-09-21,  Cena  ,P-20,4
T-11778,2024-12-08,Desayuno?,P-19,3
T-12357,2025-03-20,N/A,P-20,2
T-11206,2024-03-05,comida,P-25,4
T-10623,2024-10-22,CENA,P-14,2
T-13094,2024-03-24,Cena,P-02,4
T-15136,2024-05-21,  Cena  ,P-15,3
T-10669,24/07/2025,NULL,P-24,3
T-15044,2024-10-04,CENA,P-25,3
T-16170,2025-03-02,comida,P-15,3
T-14478,2025-02-09,  Cena  ,P-18,2
T-10914,2025-12-02,N/A,P-21,4
T-17829,2025-11-23,CENA,P-01,3
T-12811,2025-12-27,N/A,P-18,2
T-17795,2024-08-23,  Cena  ,P-03,1
T-13237,2025-01-23,comida,P-99,3
T-14050,2025-10-20,N/A,P-14,2
T-13021,2024-05-19,Cena,P-02,1
T-16917,2024-02-08,N/A,P-05,3
T-16959,2024-10-29,comida,P-04,3
T-16788,2025-11-06,Cena,P-06,1
T-13252,2025-03-16,Cena,P-18,3
T-12248,2024-07-11,N/A,P-02,4
T-10530,2025-10-14,Cena,P-22,2
T-17984,2024-09-30,Comida,P-99,2
T-12259,2024-07-05,comida,P-12,1
T-12487,30/01/2024,  Cena  ,P-05,4
T-14163,2025-03-19,NULL,P-18,1
T-10743,2024-04-04,  Cena  ,P-10,2
T-16260,2024-10-09,  Cena  ,P-11,1
T-15381,2024-06-08,Comida,P-06,1
T-15906,2025-01-12,N/A,P-11,1
T-11235,2024-03-25,Desayuno?,P-08,1
T-16888,2024-09-21,  Cena  ,P-07,2
T-15287,2025-02-02,N/A,P-15,-1
T-16412,2024-09-15,NULL,P-20,3
T-17839,2024-07-27,CENA,P-99,4
T-16169,2025-05-02,CENA,P-24,4
T-12420,2025-04-30,comida,P-02,3
T-13015,2025-10-24,Comida,P-07,4
T-17694,2025-01-23,Desayuno?,P-24,1
T-11692,2024-01-03,Comida,P-14,2
T-10057,2025-09-10,N/A,P-08,4
T-16421,2025-01-14,,P-02,1
T-15978,2025-10-26,NULL,P-99,3
T-10348,2025-02-17,Cena,P-20,3
T-13504,2024-08-23,Desayuno?,P-25,4
T-17021,2025-03-26,N/A,P-11,2
T-12093,2025-08-26,NULL,P-07,4
T-11375,2025-01-22,NULL,P-23,3
T-14649,2024-12-22,Desayuno?,P-11,1
T-15302,2024-07-28,Cena,P-13,1
T-16650,2024-10-02,Comida,P-12,1
T-11784,2024-03-11,CENA,P-19,1
T-16811,2024-01-09,comida,P-17,3
T-14754,2025-06-07,CENA,P-12,3
T-14248,2025-11-27,Cena,P-99,2
T-13136,2025-01-03,CENA,P-15,1
T-16930,2025-02-28,N/A,P-08,3
T-17264,2025-02-12,N/A,P-21,3
T-12534,2024-11-27,comida,P-09,3
T-15539,2024-01-14,NULL,P-07,4
T-16254,2025-02-27,  Cena  ,P-24,3
T-16907,2024-08-06,CENA,P-05,1
T-11757,2025-11-24,  Cena  ,P-05,4
T-11896,2024-08-07,  Cena  ,P-23,4
T-13097,2024-04-24,Cena,P-08,4
T-10331,2024-03-29,Cena,P-10,3
T-13755,2024-12-21,Comida,P-08,2
T-11458,2024-12-09,Desayuno?,P-06,4
T-15726,2025-05-17,Cena,P-03,1
T-16424,2025-03-22,CENA,P-25,2
T-14551,2024-03-14,comida,P-23,2
T-16473,2024-07-24,comida,P-25,3
T-11772,2025-10-09,Desayuno?,P-07,4
T-17453,2025-07-30,CENA,P-06,1
T-14713,2024-04-19,CENA,P-04,2
T-16649,2024-03-28,Desayuno?,P-23,4
T-17035,2024-09-30,N/A,P-02,3
T-16054,2025-06-09,N/A,P-11,1
T-16693,12/01/2024,NULL,P-23,3
T-15652,2025-11-03,NULL,P-11,1
T-16592,06/10/2024,comida,P-16,1
T-17165,2025-03-05,  Cena  ,P-08,-1
T-15935,2025-12-10,comida,P-13,2
T-11227,2024-04-29,  Cena  ,P-11,3
T-10983,2025-03-07,Desayuno?,P-09,4
T-11069,2025-10-07,Desayuno?,P-07,3
T-14477,2024-09-12,,P-08,3
T-13863,2025-08-25,CENA,P-17,1
T-12302,2025-09-11,N/A,P-09,3
T-12337,2024-04-24,  Cena  ,P-09,2
T-12827,2025-08-23,Desayuno?,P-18,1
T-10036,2024-10-30,comida,P-09,4
T-16865,2024-12-08,,P-25,2
T-13305,2024-04-20,Desayuno?,P-09,3
T-15300,2025-04-04,comida,P-11,3
T-17665,08/03/2024,  Cena  ,P-25,2
T-17773,06/12/2024,CENA,P-99,1
T-14993,2024-09-10,CENA,P-14,1
T-10047,2025-03-29,Desayuno?,P-21,4
T-10476,2025-09-20,Cena,P-17,-1
T-14987,2025-04-10,CENA,P-08,3
T-13085,2024-06-18,  Cena  ,P-10,3
T-10973,2024-04-12,Desayuno?,P-24,1
T-17988,2025-08-09,  Cena  ,P-21,1
T-15379,2024-01-05,comida,P-13,2
T-14017,2025-07-28,  Cena  ,P-13,1
T-14284,2025-03-31,Cena,P-16,4
T-15314,2025-01-08,CENA,P-01,2
T-13872,2025-12-12,,P-01,1
T-17405,2024-01-07,NULL,P-17,4
T-15580,2024-08-31,Cena,P-12,4
T-16210,2024-01-29,Comida,P-04,3
T-13710,2025-08-04,N/A,P-20,1
T-12529,2025-03-28,NULL,P-24,2
T-11907,2024-11-14,NULL,P-12,4
T-12980,2024-10-20,CENA,P-15,4
T-17172,2024-04-26,CENA,P-02,2
T-12338,2024-02-07,  Cena  ,P-02,2
T-13467,2024-05-31,N/A,P-19,3
T-11623,2025-06-27,N/A,P-21,1
T-16515,28/10/2024,NULL,P-22,1
T-15454,2024-04-11,Cena,P-23,3
T-15401,2025-06-08,Cena,P-03,4
T-15171,2024-10-26,comida,P-24,1
T-10669,2025-04-25,Cena,P-14,1
T-17877,2024-06-07,comida,P-24,4
T-10466,2024-08-07,CENA,P-17,2
T-17018,2024-04-13,  Cena  ,P-15,3
T-13563,17/02/2025,Cena,P-03,1
T-14303,2024-03-02,Desayuno?,P-10,1
T-15178,2024-06-16,Desayuno?,P-02,3
T-13390,20/02/2024,NULL,P-04,4
T-13784,2025-12-12,,P-06,3
T-16074,2024-04-09,comida,P-09,2
T-10503,2025-07-01,Desayuno?,P-03,1
T-10290,2025-05-01,CENA,P-04,2
T-14773,2025-03-28,Cena,P-24,4
T-10094,14/08/2025,Comida,P-15,2
T-14733,2024-05-17,N/A,P-15,2
T-16469,2024-09-17,Desayuno?,P-25,3
T-17136,2024-05-15,Comida,P-16,2
T-15230,2025-01-24,N/A,P-16,4
T-14234,2024-01-16,  Cena  ,P-17,2
T-14231,2025-06-13,,P-10,4
T-11684,2025-02-03,NULL,P-01,3
T-13748,2025-03-28,  Cena  ,P-04,1
T-10229,2024-01-09,Desayuno?,P-13,3
T-10261,2025-07-14,  Cena  ,P-20,4
T-11702,2024-03-31,CENA,P-21,1
T-17138,2024-09-24,Comida,P-07,4
T-15596,2025-04-04,Comida,P-25,4
T-16059,2024-08-25,Comida,P-05,2
T-15799,2024-12-10,  Cena  ,P-13,1
T-15523,09/09/2024,Cena,P-21,3
T-11998,2025-01-16,NULL,P-23,3
T-14051,2025-09-04,Comida,P-16,3
T-16761,2024-09-25,NULL,P-18,1
T-16872,2024-05-04,Desayuno?,P-09,4
T-13495,2025-12-23,CENA,P-11,2
T-17904,2024-01-30,Comida,P-09,3
T-11048,15/03/2024,Comida,P-09,3
T-14871,2024-04-19,comida,P-17,1
T-10800,2024-03-25,comida,P-17,2
T-17260,2024-06-13,comida,P-02,1
T-11002,2024-01-12,  Cena  ,P-19,2
T-11318,2025-12-12,Comida,P-04,1
T-13458,2025-01-06,CENA,P-05,3
T-15251,2024-04-24,Comida,P-25,2
T-17900,2024-01-16,  Cena  ,P-24,1
T-13103,2024-12-18,Desayuno?,P-08,1
T-12585,2025-01-03,N/A,P-07,2
T-15311,2025-09-06,comida,P-10,1
T-12295,2024-01-12,  Cena  ,P-04,3
T-10089,2024-06-01,Comida,P-05,2
T-11262,17/10/2025,  Cena  ,P-04,1
T-12554,2024-01-08,N/A,P-09,4
T-15561,29/11/2025,N/A,P-05,4
T-11668,2025-03-20,NULL,P-06,4
T-17774,2025-12-30,  Cena  ,P-22,2
T-11447,2025-12-07,comida,P-19,1
T-10808,2024-12-13,comida,P-01,3
T-11435,2025-06-03,CENA,P-16,3
T-15493,2025-06-19,N/A,P-17,3
T-10196,2025-10-12,NULL,P-11,1
T-17980,2024-09-24,Comida,P-01,4
T-13967,2025-03-08,comida,P-23,4
T-15460,2024-12-06,Comida,P-11,1
T-14959,2024-04-23,CENA,P-11,1
T-14733,05/10/2024,Cena,P-23,3
T-16358,2024-02-11,comida,P-04,4
T-17699,2025-05-30,  Cena  ,P-04,2
T-17025,2025-08-04,comida,P-04,1
T-17742,2025-12-04,Cena,P-16,1
T-17992,2025-06-13,Desayuno?,P-18,2
T-17828,2025-12-21,NULL,P-09,3
T-17111,2024-11-29,CENA,P-05,2
T-16472,2025-10-26,comida,P-19,1
T-15588,2024-03-30,Cena,P-23,1
T-13934,2025-04-15,N/A,P-07,4
T-15933,2025-10-26,  Cena  ,P-21,4
T-10720,2024-01-13,Cena,P-14,2
T-10081,2025-11-13,Desayuno?,P-08,4
T-13352,2024-11-05,Comida,P-08,2
T-10216,2025-07-28,  Cena  ,P-02,2
T-17520,2025-11-15,,P-07,2
T-10244,2024-12-11,N/A,P-13,2
T-17647,2025-06-14,  Cena  ,P-08,3
T-16230,2024-05-02,Cena,P-05,1
T-15767,2024-03-31,  Cena  ,P-07,4
T-13024,2024-06-16,N/A,P-17,2
T-12631,2024-06-09,Desayuno?,P-21,1
T-13294,2024-05-28,NULL,P-09,4
T-14361,2025-07-25,NULL,P-12,2
T-11134,2024-03-02,comida,P-25,3
T-12140,2024-03-14,N/A,P-21,2
T-12417,2025-04-10,  Cena  ,P-08,3
T-17118,2025-03-05,comida,P-14,4
T-14596,2024-03-10,N/A,P-17,1
T-14552,2025-11-18,NULL,P-14,2
T-17829,2025-06-26,  Cena  ,P-20,4
T-12948,2025-01-27,Cena,P-21,1
T-16211,2024-06-06,N/A,P-13,4
T-10238,2024-05-26,Comida,P-17,1
T-11044,2025-01-22,Cena,P-11,4
T-12678,2025-07-08,CENA,P-14,2
T-13894,2024-08-07,Cena,P-22,1
T-16871,2024-09-20,N/A,P-11,2
T-10929,2025-07-15,comida,P-03,4
T-15257,2024-02-11,comida,P-23,3
T-11728,2024-06-22,Desayuno?,P-25,1
T-12304,2025-05-10,Desayuno?,P-24,1
T-13397,2025-04-23,Cena,P-15,3
T-17430,02/07/2025,NULL,P-19,1
T-10384,2025-08-31,N/A,P-01,2
T-12095,2025-09-05,N/A,P-22,1
T-12596,2024-02-19,CENA,P-14,2
T-10624,2024-01-23,CENA,P-11,2
T-16156,2025-05-29,  Cena  ,P-10,3
T-14414,2025-12-24,NULL,P-09,1
T-16152,2024-11-04,comida,P-10,3
T-12099,2024-07-09,CENA,P-24,-1
T-15919,2025-11-11,comida,P-13,4
T-11768,2025-03-01,,P-22,2
T-16947,2025-05-06,Cena,P-19,2
T-17220,2024-03-01,comida,P-10,4
T-10422,2025-08-06,Cena,P-24,1
T-14238,2024-10-10,Desayuno?,P-02,3
T-10590,2025-10-18,N/A,P-05,2
T-14385,2024-06-19,comida,P-14,4
T-17825,2025-06-08,comida,P-25,3
T-11074,2024-07-14,Desayuno?,P-02,2
T-17949,2024-05-31,Cena,P-03,3
T-11606,2025-01-17,CENA,P-05,4
T-16654,2024-10-18,NULL,P-25,3
T-17906,2025-12-29,Cena,P-17,2
T-16394,2025-10-29,  Cena  ,P-03,3
T-12072,2024-07-28,NULL,P-05,2
T-16586,02/01/2025,N/A,P-12,4
T-14733,2024-10-03,NULL,P-11,1
T-11579,2025-01-14,CENA,P-14,1
T-11662,2024-02-26,N/A,P-08,1
T-10516,2024-05-03,Comida,P-10,2
T-15883,2025-02-07,Comida,P-12,4
T-11200,2025-09-29,  Cena  ,P-22,2
T-15718,2024-12-13,Desayuno?,P-01,4
T-12380,2024-11-17,NULL,P-12,3
T-15891,2025-10-15,,P-14,2
T-12036,2024-07-26,CENA,P-08,1
T-11622,2025-12-17,Cena,P-05,1
T-11103,2024-10-26,Desayuno?,P-20,2
T-16247,2025-07-13,CENA,P-10,3
T-10825,2025-03-18,Comida,P-15,2
T-12001,2024-11-04,  Cena  ,P-01,4
T-10144,2025-08-17,Comida,P-03,4
T-17098,2024-01-07,CENA,P-22,4
T-12865,2025-09-11,Desayuno?,P-05,1
T-13444,2024-07-27,NULL,P-15,3
T-15482,2024-12-11,Comida,P-19,4
T-16260,2025-04-09,Desayuno?,P-07,1
T-14429,2025-06-02,comida,P-13,3
T-15292,2024-12-31,NULL,P-14,3
T-12661,18/05/2024,Comida,P-04,4
T-15589,2024-01-26,CENA,P-02,1
T-12764,2024-06-10,N/A,P-07,1
T-16606,2025-04-03,Cena,P-20,4
T-17718,2024-04-23,,P-19,4
T-17362,2024-05-24,Desayuno?,P-07,2
T-12097,2025-10-12,NULL,P-10,3
T-13254,2025-06-02,,P-22,1
T-13760,2025-09-12,Cena,P-10,1
T-16362,2025-02-04,Cena,P-03,2
T-13405,2024-08-14,N/A,P-05,1
T-14401,2025-07-19,Desayuno?,P-24,3
T-10710,2025-10-17,N/A,P-17,2
T-16338,2024-05-29,N/A,P-16,3
T-15882,2024-12-16,  Cena  ,P-20,2
T-16038,2024-05-09,CENA,P-12,3
T-17055,2024-04-13,NULL,P-20,4
T-14125,2024-09-02,NULL,P-13,3
T-17671,2024-10-01,,P-04,4
T-10863,2025-08-29,CENA,P-16,3
T-15307,2024-07-18,Comida,P-11,1
T-10823,2024-07-12,Comida,P-24,3
T-15293,2025-11-01,N/A,P-18,3
T-11293,2025-05-14,CENA,P-07,4
T-14138,2024-04-08,Desayuno?,P-22,3
T-10073,2025-05-22,Comida,P-07,2
T-13956,2024-02-29,Cena,P-13,3
T-11064,2024-10-27,CENA,P-09,3
T-10759,2025-12-16,CENA,P-15,1
T-14229,2025-11-01,N/A,P-16,1
T-16147,2025-07-08,CENA,P-04,2
T-10047,2024-05-16,NULL,P-19,3
T-13387,2025-08-20,Comida,P-14,4
T-15613,2024-10-30,comida,P-05,3
T-16049,2024-11-05,,P-24,4
T-16754,2025-02-03,comida,P-20,4
T-17246,2024-11-14,N/A,P-19,3
T-14681,2025-04-20,comida,P-06,3
T-14579,2025-11-21,Comida,P-13,2
T-15627,2025-11-15,N/A,P-13,2
T-14901,2024-05-15,comida,P-13,2
T-12909,2025-12-23,N/A,P-10,3
T-13225,2025-10-27,  Cena  ,P-18,2
T-11675,2025-02-01,NULL,P-05,2
T-11042,2025-08-26,Comida,P-12,3
T-15596,2024-08-16,  Cena  ,P-16,3
T-17440,2025-11-02,,P-09,2
T-17392,2024-11-28,comida,P-13,3
T-11418,2025-11-10,NULL,P-07,4
T-12391,2025-01-14,CENA,P-05,2
T-11458,2024-12-12,Cena,P-03,2
T-11396,2025-04-15,Cena,P-16,2
T-17781,2025-10-16,,P-14,2
T-15297,2025-07-03,  Cena  ,P-13,2
T-15862,2024-05-31,,P-08,2
T-15854,2024-07-13,NULL,P-23,2
T-15602,2024-07-18,CENA,P-22,1
T-12490,2024-01-24,Comida,P-02,2
T-15637,2025-03-13,comida,P-23,1
T-15299,2025-01-13,N/A,P-11,3
T-12068,2025-05-28,N/A,P-17,1
T-10593,2025-07-27,Desayuno?,P-14,1
T-15979,2024-09-02,CENA,P-01,3
T-17136,2025-09-07,N/A,P-05,2
T-15576,2025-07-20,Cena,P-01,2
T-16099,2024-05-24,N/A,P-19,2
T-17720,2024-09-03,  Cena  ,P-05,2
T-13128,2025-11-09,Desayuno?,P-99,3
T-11273,2024-11-13,  Cena  ,P-20,1
T-12232,2025-10-23,  Cena  ,P-04,3
T-16930,2025-02-19,Cena,P-02,3
T-10779,2024-12-09,comida,P-08,2
T-10498,2024-03-05,Desayuno?,P-24,1
T-13253,2025-01-25,comida,P-15,2
T-17314,2025-03-03,Cena,P-19,2
T-11329,2024-11-21,  Cena  ,P-10,3
T-12986,2025-08-11,Desayuno?,P-14,2
T-10175,2024-08-26,CENA,P-21,3
T-17812,2025-06-14,Cena,P-99,4
T-15447,2025-11-20,NULL,P-15,3
T-13367,2024-06-04,Desayuno?,P-99,1
T-17214,2025-07-19,Cena,P-15,1
T-11497,2024-10-02,Desayuno?,P-12,2
T-11352,2024-05-13,Comida,P-18,2
T-11668,2025-04-22,N/A,P-17,4
T-17316,2024-04-03,Comida,P-20,4
T-14753,2024-11-18,N/A,P-02,3
T-11602,2025-12-10,Desayuno?,P-15,3
T-13078,2025-07-01,CENA,P-06,3
T-14950,2025-07-25,NULL,P-16,1
T-15576,2025-03-30,  Cena  ,P-17,4
T-10646,2025-07-20,N/A,P-15,4
T-13614,2025-01-22,N/A,P-21,3
T-14720,2025-08-23,N/A,P-06,2
T-16019,2024-09-12,N/A,P-06,2
T-10816,2025-07-15,Desayuno?,P-02,2
T-12678,2024-09-30,N/A,P-25,3
T-11306,2025-05-03,  Cena  ,P-99,1
T-15882,2025-01-31,  Cena  ,P-16,2
T-14738,2024-07-20,N/A,P-21,4
T-14056,2025-04-14,NULL,P-13,4
T-14020,2024-01-24,comida,P-03,3
T-15257,2024-04-27,Desayuno?,P-02,3
T-14900,2025-05-27,Cena,P-07,2
T-10808,10/06/2024,  Cena  ,P-21,2
T-13823,2024-07-31,Desayuno?,P-07,4
T-14024,2024-07-03,Cena,P-10,1
T-11222,2024-12-24,,P-18,2
T-14985,2025-01-08,Comida,P-06,1
T-15227,2024-09-26,comida,P-15,3
T-16471,2025-04-10,NULL,P-04,4
T-14528,2025-08-06,Desayuno?,P-25,1
T-15360,2025-12-22,  Cena  ,P-22,2
T-17323,2024-12-27,Comida,P-15,1
T-15365,2025-11-27,Desayuno?,P-14,1
T-13511,2024-08-15,N/A,P-04,4
T-12618,2024-02-22,NULL,P-14,1
T-14051,2025-02-04,  Cena  ,P-09,3
T-15321,2024-10-13,N/A,P-20,1
T-14989,2024-01-26,Cena,P-18,4
T-14213,2024-11-22,N/A,P-18,3
T-12159,2025-04-25,,P-02,4
T-14158,2024-11-26,Comida,P-02,1
T-13805,2025-09-11,  Cena  ,P-03,3
T-11207,2024-02-27,Cena,P-06,2
T-13378,2024-05-08,comida,P-04,3
T-15566,2025-11-06,  Cena  ,P-16,2
T-14320,2024-12-26,N/A,P-25,3
T-10209,2024-03-11,comida,P-12,3
T-14809,2025-04-18,N/A,P-03,3
T-13490,2025-01-05,Cena,P-13,4
T-12763,2025-11-26,NULL,P-05,3
T-12792,2024-04-13,NULL,P-22,3
T-16813,2024-03-20,Desayuno?,P-07,4
T-14707,2025-08-10,NULL,P-22,4
T-16179,2024-11-09,CENA,P-05,4
T-16482,2025-05-27,Comida,P-20,1
T-12322,2024-04-05,comida,P-11,1
T-11829,2024-07-16,NULL,P-09,2
T-10815,2024-08-01,NULL,P-22,2
T-15005,2024-09-03,,P-04,3
T-17697,2024-02-18,comida,P-08,3
T-16043,2025-10-24,Desayuno?,P-01,4
T-14023,27/04/2024,N/A,P-25,4
T-16634,2024-12-18,Desayuno?,P-23,1
T-16754,2024-05-25,comida,P-18,1
T-14832,2024-11-20,comida,P-13,2
T-15384,2025-06-22,Comida,P-17,4
T-15380,2025-03-15,NULL,P-07,2
T-12892,2024-04-18,CENA,P-02,4
T-15697,2024-11-14,comida,P-10,2
T-16747,2025-01-06,NULL,P-15,4
T-17680,2024-12-20,Comida,P-11,1
T-14463,2025-06-25,comida,P-12,4
T-16520,2024-06-26,N/A,P-01,4
T-13440,2025-05-16,Cena,P-05,4
T-14737,2024-10-26,Desayuno?,P-14,1
T-15450,2025-02-03,Desayuno?,P-07,4
T-17589,2024-06-17,Comida,P-06,3
T-15772,2025-07-19,Cena,P-21,4
T-11237,2025-05-25,Comida,P-12,3
T-10492,2024-11-27,CENA,P-01,1
T-13118,2025-07-12,  Cena  ,P-25,1
T-17584,2025-06-24,Comida,P-08,1
T-17034,2025-01-27,N/A,P-13,2
T-15126,2024-08-29,Cena,P-18,2
T-10487,2025-05-06,CENA,P-01,3
T-10490,2025-05-02,comida,P-20,1
T-13725,2025-07-11,Desayuno?,P-22,3
T-14603,2025-07-03,Cena,P-03,1
T-12491,2024-06-05,Cena,P-16,4
T-12226,2025-03-08,Desayuno?,P-10,1
T-10000,2025-03-19,comida,P-11,1
T-15146,2025-12-16,Desayuno?,P-99,3
T-15331,2025-06-29,NULL,P-04,2
T-11336,2024-09-22,N/A,P-23,2
T-11388,2024-05-25,Desayuno?,P-08,2
T-16721,2024-07-08,NULL,P-25,2
T-17422,2025-04-18,comida,P-08,1
T-17640,2024-10-07,Cena,P-03,3
T-13576,17/03/2024,CENA,P-99,4
T-15696,28/04/2025,  Cena  ,P-04,3
T-15947,2025-11-28,comida,P-22,2
T-16607,2024-05-09,Comida,P-10,1
T-10117,2025-10-16,comida,P-24,1
T-12299,2025-12-08,NULL,P-13,2
T-10322,2025-01-17,N/A,P-01,2
T-16082,2025-11-14,Cena,P-03,1
T-10949,2024-09-28,  Cena  ,P-22,2
T-15379,2025-07-09,NULL,P-08,3
T-17712,2025-03-27,CENA,P-14,2
T-13752,2025-12-26,Cena,P-25,2
T-10447,2025-06-16,Comida,P-24,4
T-15732,2024-03-27,Cena,P-08,1
T-15137,2024-04-15,Desayuno?,P-01,4
T-17638,2025-01-09,Cena,P-04,3
T-12435,2025-02-10,Comida,P-22,1
T-15615,2024-12-16,  Cena  ,P-15,1
T-11827,2025-04-01,N/A,P-09,1
T-14518,2024-02-20,comida,P-17,1
T-15599,2025-08-23,,P-03,4
T-15257,29/08/2025,comida,P-09,2
T-17146,22/04/2025,CENA,P-06,2
T-11626,2024-05-17,NULL,P-02,3
T-14967,2024-03-27,N/A,P-99,3
T-14913,2024-07-17,  Cena  ,P-12,3
T-13566,2025-06-28,Cena,P-15,4
T-12256,2025-03-31,CENA,P-12,2
T-12895,2025-12-18,Desayuno?,P-18,4
T-10340,2024-04-21,Cena,P-13,3
T-10593,2025-10-18,CENA,P-12,4
T-11559,2025-06-03,Desayuno?,P-02,3
T-16665,2024-08-10,Comida,P-12,3
T-15581,2025-12-26,Comida,P-13,4
T-12151,23/08/2025,comida,P-18,4
T-12642,2025-10-13,,P-01,3
T-15141,2025-03-01,comida,P-10,1
T-12569,2024-04-02,  Cena  ,P-17,2
T-15237,2024-12-15,Desayuno?,P-16,3
T-17633,2025-02-19,N/A,P-23,2
T-12533,13/01/2025,Desayuno?,P-22,2
T-11536,2025-04-17,  Cena  ,P-07,4
T-11200,2024-04-25,Desayuno?,P-13,2
T-10351,2025-09-09,N/A,P-09,3
T-17707,2025-11-26,NULL,P-10,3
T-11300,2024-09-30,NULL,P-08,-1
T-16145,2024-01-07,Cena,P-12,4
T-10324,2024-09-03,Cena,P-15,1
T-14421,2024-02-18,comida,P-24,3
T-15836,2024-02-03,Desayuno?,P-04,2
T-16004,2024-08-29,  Cena  ,P-99,3
T-11361,2024-06-26,  Cena  ,P-02,3
T-11068,2024-07-06,Desayuno?,P-18,2
T-11810,2024-04-08,Desayuno?,P-03,3
T-16337,2024-06-25,Cena,P-25,4
T-12879,2024-08-04,Cena,P-03,2
T-13003,2024-02-21,  Cena  ,P-15,1
T-12481,2024-02-03,  Cena  ,P-23,2
T-13331,2024-04-06,NULL,P-01,3
T-10320,2024-09-20,CENA,P-01,3
T-16261,2025-11-05,N/A,P-16,1
T-13069,2025-08-31,  Cena  ,P-11,3
T-16582,2024-01-10,comida,P-07,1
T-10670,2025-09-01,,P-25,-1
T-17370,2024-05-16,Comida,P-10,4
T-16459,2024-03-08,  Cena  ,P-04,4
T-16943,2025-11-21,NULL,P-06,1
T-13054,2025-04-11,N/A,P-21,3
T-13902,2025-05-26,comida,P-20,2
T-16231,2025-11-23,NULL,P-12,2
T-10791,2024-05-13,comida,P-21,3
T-10347,2024-07-23,CENA,P-09,4
T-10995,2024-09-21,NULL,P-07,1
T-15608,2024-09-25,Cena,P-18,1
T-12762,2025-06-13,NULL,P-16,3
T-16484,2024-11-07,CENA,P-15,3
T-12150,2024-12-30,  Cena  ,P-22,4
T-12719,2024-09-06,NULL,P-15,4
T-17543,2025-12-16,  Cena  ,P-17,3
T-13127,2024-12-10,Cena,P-09,4
T-14289,2025-01-16,NULL,P-21,4
T-14657,2025-03-04,comida,P-05,3
T-12711,2024-12-19,Comida,P-03,4
T-13320,2024-05-20,NULL,P-22,1
T-17301,2025-03-01,CENA,P-18,1
T-10320,2025-11-25,Cena,P-21,2
T-16644,2025-10-30,Comida,P-09,4
T-10887,2024-06-30,Cena,P-05,4
T-14407,20/09/2025,comida,P-14,4
T-12707,2024-12-07,Desayuno?,P-16,4
T-14386,2024-01-31,N/A,P-09,4
T-11678,2024-04-14,N/A,P-11,4
T-16774,2024-10-14,N/A,P-10,3
T-15596,2025-02-17,comida,P-03,3
T-12308,2025-02-12,Comida,P-23,3
T-13434,2025-07-31,Desayuno?,P-08,2
T-14683,2025-09-21,Desayuno?,P-18,3
T-17486,2025-10-03,,P-08,1
T-14529,2024-03-12,  Cena  ,P-18,2
T-10677,2024-01-01,Cena,P-11,4
T-14777,2025-06-17,Desayuno?,P-22,3
T-13880,2024-09-09,N/A,P-20,4
T-11877,2024-07-18,NULL,P-11,2
T-11442,2024-07-26,comida,P-25,4
T-12643,2024-10-06,Comida,P-23,2
T-15206,2024-02-29,  Cena  ,P-21,4
T-14188,2024-03-18,Comida,P-08,1
T-13962,2024-09-11,,P-11,1
T-14541,2024-03-10,Comida,P-02,1
T-16614,2025-10-14,Desayuno?,P-09,1
T-11317,2025-06-09,Cena,P-04,4
T-11671,2025-05-08,Comida,P-04,4
T-17483,2025-09-05,  Cena  ,P-17,2
T-14973,2025-11-18,CENA,P-23,4
T-16386,2024-04-07,NULL,P-01,1
T-15544,2025-10-06,Desayuno?,P-20,1
T-12463,2025-10-26,  Cena  ,P-04,-1
T-17173,2024-07-30,CENA,P-04,2
T-13273,2025-06-09,Cena,P-10,3
T-10380,2025-03-31,Cena,P-20,1
T-13676,2025-03-11,N/A,P-09,3
T-15902,2024-11-08,Desayuno?,P-11,4
T-13961,2025-06-17,comida,P-23,2
T-10689,2024-04-18,Desayuno?,P-21,2
T-12064,2025-08-01,NULL,P-16,1
T-17425,2024-03-03,N/A,P-04,2
T-15372,2025-02-26,comida,P-22,1
T-14160,2024-07-05,N/A,P-17,4
T-13016,2024-01-17,  Cena  ,P-06,4
T-13894,2024-12-19,Desayuno?,P-03,3
T-17418,2024-08-31,NULL,P-19,2
T-15053,27/02/2025,N/A,P-13,3
T-10629,2025-04-20,NULL,P-16,2
T-17029,2024-04-15,NULL,P-08,3
T-11369,2025-03-27,Desayuno?,P-06,1
T-14663,2024-03-11,NULL,P-24,1
T-10514,2024-04-06,comida,P-13,2
T-17788,2025-12-20,CENA,P-11,4
T-10206,2025-06-12,,P-14,4
T-13885,2025-02-04,Cena,P-25,4
T-12710,2024-11-24,Comida,P-08,1
T-17922,2025-03-16,comida,P-22,1
T-16304,2025-06-08,NULL,P-16,3
T-13386,2025-05-18,Cena,P-20,3
T-10438,2024-03-26,CENA,P-10,4
T-13526,2024-05-01,Comida,P-01,1
T-12585,2025-04-08,comida,P-06,3
T-12336,2025-05-13,  Cena  ,P-23,3
T-14949,2024-09-02,Cena,P-17,1
T-17126,2024-08-31,,P-10,4
T-14836,2025-06-14,Desayuno?,P-24,1
T-14837,2024-10-08,NULL,P-25,1
T-16871,2024-06-08,NULL,P-19,1
T-10744,2025-04-08,N/A,P-19,3
T-15741,2024-09-12,comida,P-13,4
T-15523,2025-11-08,Cena,P-15,1
T-11228,2025-06-21,Desayuno?,P-23,3
T-13962,2024-12-02,CENA,P-12,4
T-13984,2025-11-08,NULL,P-23,1
T-12335,2024-05-31,Desayuno?,P-19,2
T-15608,2025-04-24,  Cena  ,P-19,4
T-12725,2024-12-16,  Cena  ,P-04,4
T-12527,2025-02-27,comida,P-99,3
T-11356,2025-08-10,N/A,P-15,1
T-17805,2025-09-28,Comida,P-01,4
T-10835,2024-09-22,  Cena  ,P-06,2
T-15949,2024-01-06,Desayuno?,P-19,1
T-15120,2024-05-22,CENA,P-06,2
T-13563,2025-09-04,CENA,P-04,3
T-10672,14/05/2025,CENA,P-06,2
T-12634,2024-12-13,Desayuno?,P-22,4
T-17570,31/07/2024,N/A,P-22,2
T-17250,2024-09-11,CENA,P-17,1
T-16213,2024-10-30,CENA,P-14,2
T-14235,2025-12-08,  Cena  ,P-03,2
T-12377,2024-08-17,Comida,P-01,4
T-12295,2024-08-18,Cena,P-15,4
T-14888,2024-02-27,NULL,P-15,1
T-11758,2024-04-28,NULL,P-04,4
T-15511,2024-07-06,Cena,P-22,3
T-12908,2024-03-11,Desayuno?,P-08,1
T-10315,2024-08-13,comida,P-03,2
T-14993,2025-12-12,NULL,P-23,3
T-15475,2025-10-25,Cena,P-04,4
T-14518,2025-02-03,Comida,P-25,1
T-11869,2024-11-24,Cena,P-01,4
T-16021,2024-01-26,CENA,P-23,1
T-10112,16/01/2024,Desayuno?,P-18,4
T-16405,2024-04-01,N/A,P-10,1
T-16642,2025-02-09,Desayuno?,P-99,2
T-17914,2025-11-01,Comida,P-11,2
T-10650,2025-02-14,comida,P-09,4
T-15537,2025-03-06,Cena,P-20,3
T-16754,2024-05-18,Comida,P-20,4
T-11636,2025-04-03,Comida,P-17,4
T-10582,2024-06-16,Comida,P-20,2
T-11019,2024-07-25,Desayuno?,P-25,3
T-17102,2025-02-26,Comida,P-04,2
T-17415,2024-02-09,Desayuno?,P-04,2
T-12651,2025-04-03,N/A,P-04,1
T-10498,2025-05-30,N/A,P-09,3
T-12863,2025-06-01,Cena,P-18,4
T-15631,2024-03-06,Comida,P-06,3
T-10898,2024-04-09,Cena,P-06,2
T-15636,2024-10-06,NULL,P-01,2
T-11624,2024-11-24,NULL,P-09,4
T-17922,2025-11-22,  Cena  ,P-08,2
T-12206,2024-11-08,N/A,P-08,2
T-17708,2025-07-14,N/A,P-16,1
T-11799,2025-09-03,NULL,P-18,4
T-13684,2025-01-01,NULL,P-19,4
T-11716,2024-12-19,  Cena  ,P-07,1
T-15918,2025-02-27,Cena,P-22,3
T-17179,2024-07-16,Cena,P-22,1
T-13068,10/02/2024,NULL,P-15,4
T-16040,2024-12-25,NULL,P-17,4
T-14713,2024-06-22,N/A,P-17,2
T-11486,2025-06-13,N/A,P-06,4
T-13274,2024-01-12,  Cena  ,P-22,1
T-15518,2025-01-11,  Cena  ,P-02,4
T-13117,2024-09-02,N/A,P-04,3
T-14071,2025-08-23,comida,P-04,2
T-14994,2024-04-17,Comida,P-09,2
T-14819,2024-03-19,N/A,P-09,2
T-13335,2024-11-05,NULL,P-02,3
T-16179,2024-01-28,NULL,P-24,-1
T-14054,2024-01-28,comida,P-99,2
T-11858,2024-04-13,Cena,P-12,2
T-12534,2025-03-10,Cena,P-08,1
T-15191,2025-09-19,NULL,P-22,4
T-13175,2024-04-02,NULL,P-21,4
T-13422,2025-02-24,Desayuno?,P-01,4
T-11869,2024-01-25,,P-18,2
T-11627,2024-07-18,NULL,P-02,-1
T-11317,18/05/2024,Comida,P-18,1
T-15433,08/12/2024,CENA,P-09,4
T-11891,24/08/2024,  Cena  ,P-14,2
T-14419,2025-06-14,N/A,P-05,3
T-12874,2024-06-21,  Cena  ,P-25,4
T-15797,2024-07-18,N/A,P-12,2
T-14558,2025-04-09,N/A,P-07,3
T-16625,2025-02-04,CENA,P-02,2
T-16580,2024-03-18,Comida,P-15,4
T-11181,10/06/2024,Desayuno?,P-03,1
T-12244,2024-04-14,Cena,P-13,1
T-14249,2025-07-01,  Cena  ,P-22,4
T-12546,2025-04-21,CENA,P-04,1
T-16856,2025-09-17,comida,P-99,2
T-14032,2024-04-18,,P-17,1
T-12125,2025-12-11,Cena,P-16,1
T-12620,2024-07-03,N/A,P-19,3
T-10425,2024-04-04,  Cena  ,P-03,2
T-14753,2025-10-30,N/A,P-19,1
T-12129,2024-07-23,  Cena  ,P-12,2
T-12623,2025-09-22,Desayuno?,P-09,1
T-13507,2024-08-13,CENA,P-06,1
T-10434,2025-08-31,N/A,P-14,2
T-17864,2025-07-01,comida,P-05,3
T-12580,2024-06-27,NULL,P-15,1
T-14123,2024-12-05,  Cena  ,P-21,4
T-12237,2024-05-30,Desayuno?,P-14,2
T-17163,09/09/2024,CENA,P-12,3
T-17636,2024-09-07,comida,P-06,3
T-17209,2025-06-30,Cena,P-99,4
T-13862,2025-12-14,Desayuno?,P-12,4
T-14734,2024-01-21,NULL,P-22,3
T-10160,2025-12-05,NULL,P-01,2
T-12801,2024-02-17,Desayuno?,P-24,2
T-14712,2024-05-27,Comida,P-14,1
T-13015,2025-06-05,Desayuno?,P-20,3
T-12273,2025-11-10,CENA,P-24,1
T-11639,2025-04-30,Cena,P-03,4
T-15184,2025-07-03,  Cena  ,P-25,3
T-13009,2025-10-23,NULL,P-19,1
T-13753,2025-05-29,Desayuno?,P-05,3
T-13268,2024-06-28,,P-01,1
T-17439,2025-08-09,  Cena  ,P-17,2
T-17763,2025-10-23,Comida,P-02,3
T-11678,2025-07-26,CENA,P-01,2
T-11647,2024-04-09,comida,P-11,2
T-16555,2025-03-26,  Cena  ,P-18,4
T-16037,2024-04-14,  Cena  ,P-06,4
T-15134,2025-11-29,Desayuno?,P-21,2
T-16068,2025-10-15,N/A,P-19,1
T-11165,2025-11-15,Desayuno?,P-02,3
T-11013,2024-06-04,Desayuno?,P-19,3
T-16813,2025-03-24,Desayuno?,P-10,4
T-10890,2025-06-14,Desayuno?,P-06,1
T-11717,2024-02-08,N/A,P-14,4
T-10093,2024-07-28,NULL,P-10,3
T-17837,2024-05-22,Cena,P-04,-1
T-16353,2025-12-10,CENA,P-02,1
T-14319,2024-03-06,comida,P-12,1
T-15800,2025-12-30,Comida,P-22,3
T-10281,2024-07-13,Desayuno?,P-17,3
T-13362,2024-03-16,,P-03,2
T-14838,2024-06-01,comida,P-03,3
T-11579,2024-11-04,comida,P-06,1
T-10364,2024-03-03,Desayuno?,P-19,1
T-10122,2025-09-03,Cena,P-17,1
T-17016,2024-07-18,  Cena  ,P-13,2
T-14443,2025-01-29,comida,P-21,1
T-13250,2025-06-02,comida,P-24,3
T-16128,2024-04-23,  Cena  ,P-11,1
T-13794,2024-06-02,Cena,P-13,2
T-13083,2024-10-28,,P-20,3
T-15535,2024-03-01,  Cena  ,P-25,1
T-15712,2024-06-04,N/A,P-14,3
T-13078,2024-03-01,Desayuno?,P-02,3
T-14569,2025-12-28,CENA,P-01,3
T-12797,2024-06-04,  Cena  ,P-99,1
T-13777,27/06/2025,Cena,P-19,4
T-13520,2025-03-26,Comida,P-22,1
T-15170,2024-01-22,CENA,P-25,1
T-13908,2025-07-23,CENA,P-07,2
T-17228,2025-04-08,Comida,P-08,2
T-10649,2024-02-06,NULL,P-10,3
T-17336,2024-08-10,N/A,P-24,1
T-17518,2024-08-06,Comida,P-17,2
T-14211,2025-11-21,comida,P-04,1
T-15340,2025-05-29,  Cena  ,P-14,2
T-11330,2025-08-16,  Cena  ,P-23,2
T-12598,2025-01-07,N/A,P-12,4
T-14789,2024-09-22,CENA,P-03,3
T-11041,2025-09-29,Desayuno?,P-06,4
T-17822,2025-06-05,N/A,P-06,2
T-10590,2025-03-18,CENA,P-17,1
T-17643,2025-09-16,N/A,P-20,1
T-10638,2024-01-11,Comida,P-12,4
T-11512,2024-05-18,  Cena  ,P-19,2
T-12915,2024-03-08,comida,P-15,1
T-13341,2024-06-09,NULL,P-25,4
T-11786,2025-12-30,  Cena  ,P-17,4
T-13338,2025-09-24,Cena,P-17,4
T-10281,2024-07-12,N/A,P-99,4
T-14035,2024-11-02,comida,P-09,1
T-11070,2025-10-18,CENA,P-15,1
T-12392,2024-11-02,comida,P-18,4
T-10141,2025-02-15,Desayuno?,P-14,2
T-12722,2024-10-09,Desayuno?,P-11,2
T-11186,2024-05-07,Desayuno?,P-23,4
T-12713,2024-10-30,CENA,P-01,1
T-11041,2024-06-26,CENA,P-04,2
T-15895,2025-09-27,comida,P-01,1
T-10797,2024-10-05,Comida,P-11,3
T-17466,2025-07-28,comida,P-16,1
T-12290,23/02/2024,N/A,P-01,2
T-16156,2025-12-22,Cena,P-22,1
T-10796,2024-07-28,Comida,P-05,3
T-15277,2024-11-28,NULL,P-25,3
T-12701,2024-04-02,,P-19,1
T-11707,2025-11-30,CENA,P-12,4
T-15240,22/12/2024,NULL,P-05,2
T-12619,26/01/2025,NULL,P-23,1
T-13024,2024-11-02,CENA,P-20,1
T-10307,2024-12-01,Comida,P-15,1
T-10647,2024-03-12,Desayuno?,P-22,2
T-17717,2025-10-20,Comida,P-03,3
T-13536,2025-01-19,  Cena  ,P-04,1
T-13662,2024-09-21,Comida,P-12,3
T-14450,2025-01-16,N/A,P-06,4
T-16302,2025-05-24,Desayuno?,P-23,1
T-11185,2025-01-20,Desayuno?,P-18,3
T-17640,2025-10-10,NULL,P-05,1
T-17589,2025-06-06,  Cena  ,P-24,3
T-14162,2025-02-12,NULL,P-22,2
T-11715,07/07/2025,CENA,P-01,3
T-11410,2025-02-08,N/A,P-21,1
T-14741,2025-12-26,Desayuno?,P-02,2
T-13398,2024-07-15,CENA,P-02,3
T-16443,2024-09-30,NULL,P-02,1
T-13207,2024-06-28,,P-18,1
T-10017,2024-01-24,  Cena  ,P-06,2
T-11890,2025-02-18,N/A,P-14,2
T-13378,2025-03-02,Desayuno?,P-23,4
T-10781,2024-03-31,Cena,P-15,2
T-14473,2025-10-06,NULL,P-25,3
T-17259,2025-12-14,N/A,P-23,2
T-15026,2024-01-11,CENA,P-06,1
T-11840,2025-02-12,NULL,P-15,3
T-10353,2025-10-01,CENA,P-10,4
T-11848,2024-09-25,Desayuno?,P-08,2
T-10065,2025-12-17,Desayuno?,P-01,2
T-12143,2024-05-16,  Cena  ,P-07,1
T-14769,2025-04-13,Cena,P-17,4
T-14530,2024-01-05,NULL,P-16,4
T-16714,2025-03-02,Cena,P-21,2
T-17495,2024-04-03,Cena,P-22,4
T-10741,2024-12-02,Desayuno?,P-19,1
T-12782,2024-02-29,CENA,P-21,4
T-12308,2024-04-12,CENA,P-13,2
T-15474,2024-10-26,Comida,P-16,1
T-12991,2025-05-22,N/A,P-15,3
T-17272,2024-08-02,N/A,P-10,1
T-16570,2025-10-17,CENA,P-01,1
T-17043,16/10/2025,comida,P-17,1
T-16697,2024-05-12,Desayuno?,P-18,3
T-14841,2024-08-21,CENA,P-15,4
T-12533,2025-11-10,comida,P-24,4
T-17881,2024-08-22,Comida,P-01,3
T-14293,2024-08-20,  Cena  ,P-10,1
T-12339,2025-03-04,  Cena  ,P-03,2
T-15599,2024-01-20,Comida,P-24,2
T-14083,2025-04-05,,P-04,1
T-10669,2024-03-18,N/A,P-03,3
T-14920,2025-06-18,N/A,P-23,1
T-16184,2024-05-23,Comida,P-09,3
T-16791,2025-08-04,Desayuno?,P-16,2
T-10503,2025-07-15,CENA,P-03,1
T-16285,2025-01-08,N/A,P-04,1
T-14107,2025-03-16,NULL,P-13,1
T-10765,2024-04-04,comida,P-01,4
T-12706,08/05/2024,CENA,P-20,3
T-13292,2025-11-24,N/A,P-17,2
T-15229,03/01/2024,Comida,P-25,3
T-11193,2025-12-17,NULL,P-02,3
T-13056,2025-08-15,comida,P-02,3
T-15442,2024-12-09,Comida,P-02,4
T-11444,2025-03-31,NULL,P-24,1
T-15484,2024-06-24,Comida,P-21,3
T-16485,2024-09-23,CENA,P-16,3
T-16320,2025-12-10,N/A,P-01,3
T-13398,2025-01-11,Cena,P-22,3
T-11245,2024-01-31,N/A,P-17,2
T-15808,2025-08-20,N/A,P-20,2
T-13186,2025-03-05,NULL,P-10,4
T-10458,2025-02-10,Comida,P-04,4
T-11021,2024-10-27,N/A,P-25,2
T-12574,2025-12-19,NULL,P-09,4
T-14206,2024-03-31,,P-19,1
T-11950,2025-09-29,comida,P-06,4
T-16018,2024-04-07,  Cena  ,P-11,2
T-12089,2024-11-23,comida,P-17,3
T-12259,2024-04-24,Desayuno?,P-02,1
T-14642,2024-07-26,N/A,P-12,2
T-11795,2025-07-28,CENA,P-23,2
T-15917,2024-01-23,Desayuno?,P-06,4
T-14945,2024-04-17,  Cena  ,P-07,4
T-16898,24/03/2024,  Cena  ,P-01,3
T-14135,2025-04-26,,P-12,2
T-15021,2024-09-05,CENA,P-06,3
T-10878,2025-05-28,Comida,P-08,3
T-13165,2025-10-25,Comida,P-07,2
T-17036,28/01/2024,comida,P-10,2
T-14477,2024-10-01,  Cena  ,P-01,2
T-14507,2024-04-10,Comida,P-04,1
T-17610,2024-07-23,comida,P-01,4
T-14731,2024-03-13,Comida,P-15,4
T-11101,2025-04-16,comida,P-05,2
T-13708,2024-03-19,Desayuno?,P-09,1
T-14511,2025-10-25,Cena,P-16,4
T-14633,2025-09-02,Cena,P-17,3
T-15584,2024-03-26,CENA,P-16,1
T-10190,2024-01-07,CENA,P-02,4
T-14867,2025-02-27,NULL,P-02,2
T-11598,2025-05-05,CENA,P-03,2
T-11177,2025-11-17,  Cena  ,P-15,2
T-13679,2024-10-16,comida,P-20,2
T-10450,10/10/2025,Desayuno?,P-02,3
T-10485,2025-03-05,Desayuno?,P-19,4
T-10680,2024-01-31,N/A,P-04,4
T-12932,2024-02-28,N/A,P-07,2
T-17707,2025-07-31,CENA,P-22,2
T-12688,2025-09-20,CENA,P-01,3
T-15423,2024-09-22,Desayuno?,P-23,1
T-16805,2025-04-05,  Cena  ,P-15,3
T-11409,2025-09-26,CENA,P-02,4
T-13698,2024-03-26,NULL,P-05,1
T-10059,2024-11-23,N/A,P-19,3
T-14534,2025-07-31,Cena,P-11,4
T-13366,2025-06-23,comida,P-04,4
T-16420,2025-05-21,comida,P-07,4
T-13369,2024-09-09,  Cena  ,P-15,1
T-17064,2025-08-24,comida,P-23,1
T-11724,2025-11-10,N/A,P-15,2
T-12801,2025-08-16,N/A,P-14,4
T-16310,2025-05-18,Comida,P-13,1
T-14341,2024-10-10,comida,P-12,4
T-16452,2024-08-24,comida,P-12,1
T-15108,2025-03-21,NULL,P-04,3
T-16809,2025-11-24,  Cena  ,P-23,3
T-16720,2024-04-30,CENA,P-13,2
T-16644,2024-03-27,Comida,P-23,4
T-14597,2025-05-02,Comida,P-07,4
T-15863,2024-02-23,N/A,P-02,3
T-12157,2025-01-11,N/A,P-12,2
T-17297,2025-05-29,comida,P-24,4
T-13313,2025-05-26,N/A,P-02,1
T-14496,2025-05-10,NULL,P-99,3
T-14809,2025-04-15,  Cena  ,P-23,4
T-12367,2025-08-26,Desayuno?,P-15,1
T-17004,2024-10-21,CENA,P-15,2
T-14907,2025-10-15,Cena,P-24,2
T-17062,2025-08-09,NULL,P-22,3
T-12778,2024-08-28,NULL,P-18,3
T-17152,2024-07-19,Cena,P-16,1
T-15236,2025-11-02,Cena,P-16,4
T-14968,2025-08-23,Comida,P-01,2
T-12461,2024-08-13,Cena,P-16,3
T-14707,22/05/2025,Comida,P-23,2
T-17648,2024-05-13,  Cena  ,P-23,3
T-15067,2024-03-31,Desayuno?,P-02,4
T-15163,2024-03-06,Comida,P-18,1
T-16082,2024-12-29,  Cena  ,P-10,4
T-13987,2025-07-24,Comida,P-08,2
T-14690,2024-02-06,  Cena  ,P-19,2
T-14131,2025-07-17,Desayuno?,P-05,2
T-14434,2025-10-26,Comida,P-23,1
T-13685,2025-04-16,N/A,P-02,4
T-12938,2025-02-06,Comida,P-21,2
T-17402,2024-05-13,NULL,P-08,2
T-14005,2024-10-24,Comida,P-24,1
T-12282,2025-05-23,  Cena  ,P-06,2
T-16297,2025-06-29,Cena,P-21,3
T-11211,2025-04-18,Desayuno?,P-07,3
T-17377,2025-09-07,Cena,P-25,4
T-14150,2024-07-23,comida,P-05,1
T-16034,2025-09-29,NULL,P-23,3
T-14165,2025-05-15,Comida,P-10,2
T-17312,2025-03-07,  Cena  ,P-17,3
T-16503,2025-11-08,Desayuno?,P-07,1
T-10237,2025-08-17,NULL,P-19,4
T-15937,2024-07-22,NULL,P-21,4
T-16197,2025-05-20,,P-07,3
T-16757,2025-11-02,comida,P-05,3
T-10884,2024-12-01,  Cena  ,P-07,2
T-11716,2024-12-05,N/A,P-18,3
T-13198,2024-08-21,comida,P-11,1
T-12400,2025-06-03,  Cena  ,P-12,4
T-13298,2024-10-28,NULL,P-18,4
T-17674,2024-04-24,Desayuno?,P-08,2
T-13992,2024-12-04,,P-02,3
T-15397,2025-07-25,CENA,P-10,4
T-14247,2024-01-31,Comida,P-22,1
T-15705,2024-04-11,N/A,P-17,2
T-15342,2024-02-29,Cena,P-20,2
T-13830,2025-09-08,  Cena  ,P-25,2
T-15804,2025-02-02,CENA,P-09,3
T-10337,2025-06-18,CENA,P-12,-1
T-11882,2024-01-07,  Cena  ,P-25,2
T-16480,2025-08-30,Desayuno?,P-04,3
T-12092,2025-12-16,Cena,P-01,2
T-17671,2024-09-25,,P-23,1
T-14800,2025-11-29,Cena,P-14,1
T-11545,2025-05-09,N/A,P-13,4
T-17933,2024-08-23,Desayuno?,P-06,2
T-11871,2024-11-13,Comida,P-21,4
T-12772,2024-05-07,Cena,P-25,3
T-16926,2024-11-13,  Cena  ,P-11,2
T-12261,2024-06-04,comida,P-04,4
T-11271,2025-04-04,  Cena  ,P-10,1
T-11635,2025-06-02,NULL,P-10,2
T-10533,2025-05-21,N/A,P-09,1
T-11626,2025-12-02,NULL,P-22,4
T-17704,2025-02-23,  Cena  ,P-15,3
T-15121,2025-03-10,Desayuno?,P-04,3
T-12448,2024-11-28,,P-10,4
T-16186,2025-07-30,CENA,P-13,2
T-15894,2024-09-09,Desayuno?,P-23,3
T-14032,2024-05-09,Comida,P-16,3
T-12149,2024-04-17,Comida,P-25,2
T-11793,2025-12-20,Comida,P-04,3
T-17390,2024-02-12,CENA,P-21,4
T-11907,2024-08-04,CENA,P-09,2
T-11245,2024-05-28,Cena,P-12,4
T-13879,2024-01-02,CENA,P-09,4
T-15170,2025-10-09,CENA,P-99,2
T-14622,2025-06-19,NULL,P-19,4
T-10237,2024-05-17,  Cena  ,P-10,2
T-10997,2024-04-17,  Cena  ,P-09,4
T-15208,2024-06-28,  Cena  ,P-15,4
T-10297,2024-08-19,N/A,P-02,2
T-14645,2024-08-30,comida,P-20,2
T-12108,2024-01-18,Desayuno?,P-09,3
T-17759,2025-04-06,CENA,P-18,1
T-12907,2025-09-16,  Cena  ,P-02,4
T-13381,2024-02-16,NULL,P-25,2
T-13183,2025-11-22,N/A,P-24,4
T-16296,2025-01-22,comida,P-19,3
T-15567,2025-06-30,  Cena  ,P-23,1
T-11560,2024-05-18,NULL,P-13,1
T-11633,2025-07-27,CENA,P-11,1
T-17834,2024-05-18,CENA,P-18,2
T-16013,2024-07-28,Cena,P-13,2
T-13015,2024-05-19,Comida,P-08,2
T-17280,2024-05-19,NULL,P-18,-1
T-16002,2024-09-28,Comida,P-25,1
T-13897,2024-11-10,Cena,P-20,1
T-10416,2024-11-08,Comida,P-25,3
T-13424,2025-08-04,Desayuno?,P-12,2
T-13053,2024-12-30,  Cena  ,P-07,3
T-15189,2024-06-10,  Cena  ,P-19,4
T-10013,2024-07-28,comida,P-22,2
T-15776,2025-02-06,Comida,P-14,2
T-10450,2025-04-07,comida,P-18,2
T-14568,2024-01-12,Cena,P-16,3
T-12033,2024-08-17,N/A,P-06,1
T-13113,2025-03-19,Comida,P-01,4
T-12075,2025-02-18,comida,P-25,4
T-12278,2024-03-07,comida,P-25,2
T-15932,12/08/2024,Desayuno?,P-05,4
T-12870,2025-12-13,comida,P-09,1
T-12944,2024-11-15,CENA,P-08,4
T-11586,2024-01-19,N/A,P-23,3
T-12909,2024-12-06,  Cena  ,P-16,3
T-17882,15/04/2025,Desayuno?,P-08,1
T-14502,2024-12-03,N/A,P-10,1
T-12045,2024-08-12,CENA,P-10,4
T-12027,2024-03-15,comida,P-03,-1
T-10501,05/04/2024,CENA,P-10,4
T-11420,2024-03-08,,P-21,1
T-16857,2024-08-19,N/A,P-21,1
T-15959,2025-02-25,NULL,P-18,4
T-14542,2025-09-03,  Cena  ,P-11,3
T-11402,2025-09-02,comida,P-07,4
T-15967,2025-08-25,comida,P-19,2
T-13457,2024-10-30,N/A,P-09,1
T-13249,2024-01-08,NULL,P-21,3
T-17333,2024-10-02,Comida,P-02,1
T-12093,2024-11-06,,P-17,1
T-15295,2025-06-30,comida,P-14,1
T-10509,2025-09-15,NULL,P-25,4
T-12519,2024-08-20,Desayuno?,P-08,4
T-15425,01/03/2025,CENA,P-14,3
T-13972,26/12/2025,comida,P-19,4
T-15445,2025-11-09,Cena,P-09,4
T-16911,2025-03-26,Desayuno?,P-15,3
T-16354,2025-01-08,N/A,P-03,3
T-10895,2025-05-13,Comida,P-99,3
T-14811,2024-07-05,CENA,P-14,4
T-16375,2024-12-15,,P-03,3
T-14329,2025-09-19,Desayuno?,P-14,4
T-17439,2024-11-27,Cena,P-16,3
T-10628,25/12/2024,CENA,P-12,1
T-15824,2024-08-22,NULL,P-23,1
T-14244,2024-10-24,Cena,P-25,1
T-16137,2025-06-04,  Cena  ,P-06,3
T-12683,2025-10-07,Desayuno?,P-01,2
T-10091,2024-08-29,NULL,P-20,4
T-13966,2024-10-22,  Cena  ,P-16,2
T-11638,2025-01-17,Comida,P-21,3
T-10810,2024-02-29,NULL,P-16,3
T-17227,2025-07-26,CENA,P-22,2
T-12088,2025-02-11,comida,P-08,2
T-12865,13/02/2024,CENA,P-09,3
T-17576,23/06/2024,N/A,P-04,2
T-15522,2025-04-28,NULL,P-06,2
T-12379,2024-05-06,CENA,P-15,2
T-17447,2024-06-18,CENA,P-12,2
T-15201,2024-05-03,,P-19,2
T-15358,2024-11-08,N/A,P-06,2
T-16226,2025-01-02,Desayuno?,P-16,4
T-11976,2024-03-21,CENA,P-02,1
T-17788,2024-04-10,Comida,P-08,2
T-11500,2024-12-26,,P-23,-1
T-11827,2025-01-26,Desayuno?,P-19,3
T-13305,2025-02-22,comida,P-18,1
T-11283,2025-09-29,Cena,P-16,3
T-14395,2024-08-02,NULL,P-17,1
T-15045,2024-11-28,Comida,P-10,3
T-13000,2025-11-30,Desayuno?,P-19,4
T-16735,2024-12-25,Cena,P-06,4
T-15941,2025-04-02,CENA,P-25,4
T-17355,20/02/2025,Comida,P-03,4
T-17865,2025-05-17,NULL,P-16,2
T-15053,2025-04-23,Cena,P-22,4
T-11336,2024-06-17,comida,P-11,4
T-16135,2025-05-11,Desayuno?,P-18,4
T-12751,2024-06-24,NULL,P-05,1
T-14021,2024-02-28,Comida,P-06,1
T-14973,2024-09-24,Comida,P-08,3
T-10987,2025-12-03,Comida,P-21,1
T-14606,2024-12-14,NULL,P-18,2
T-11958,2025-04-24,Comida,P-17,4
T-13178,2025-11-24,comida,P-12,1
T-14577,2025-01-07,NULL,P-15,-1
T-11910,2024-06-05,Comida,P-08,4
T-13365,2025-08-27,Comida,P-04,3
T-14960,2024-06-21,Cena,P-07,1
T-16996,2025-08-15,N/A,P-08,2
T-12087,2025-08-22,N/A,P-10,3
T-10531,2024-10-27,N/A,P-19,1
T-17876,2024-09-04,  Cena  ,P-16,4
T-10491,2025-01-24,Comida,P-07,4
T-13489,2025-01-06,  Cena  ,P-25,4
T-11336,2024-02-12,CENA,P-15,3
T-17742,23/06/2025,Comida,P-19,3
T-15378,2025-11-13,Cena,P-25,1
T-13334,2025-07-08,  Cena  ,P-06,4
T-11859,2024-06-25,Comida,P-14,3
T-14272,2024-01-10,Comida,P-17,2
T-11834,2024-12-08,,P-15,3
T-16971,2024-01-15,Comida,P-15,3
T-11492,2025-03-24,Desayuno?,P-16,2
T-15480,2024-04-06,NULL,P-19,3
T-10683,2024-06-17,NULL,P-22,1
T-16135,2024-12-24,  Cena  ,P-14,2
T-17964,2025-09-28,N/A,P-18,4
T-16033,2025-02-15,Comida,P-20,3
T-11121,2024-05-28,NULL,P-16,3
T-14441,2024-04-06,Cena,P-10,2
T-13417,2025-06-27,NULL,P-07,2
T-15291,2024-09-16,  Cena  ,P-22,2
T-15301,2025-11-05,comida,P-07,3
T-16174,2025-06-16,CENA,P-15,2
T-17709,2024-11-27,Comida,P-08,4
T-17389,2024-10-23,  Cena  ,P-07,1
T-13554,2025-02-25,N/A,P-23,1
T-11188,2024-01-26,CENA,P-09,4
T-10824,2025-02-02,Cena,P-16,4
T-17329,2024-08-18,NULL,P-16,4
T-16019,2024-10-04,N/A,P-03,2
T-16359,2025-10-29,Desayuno?,P-21,3
T-11067,2025-06-09,Comida,P-14,1
T-14304,2024-05-05,CENA,P-15,1
T-10315,2024-12-21,Comida,P-18,4
T-13423,2024-11-08,NULL,P-24,4
T-14228,2024-03-10,N/A,P-18,2
T-13575,2024-06-30,NULL,P-25,1
T-14634,2025-03-10,CENA,P-16,3
T-16675,2025-03-26,Cena,P-23,2
T-16630,2025-09-18,Comida,P-22,2
T-13604,2025-03-03,Comida,P-12,3
T-14034,2024-08-04,Comida,P-04,4
T-17721,2025-12-26,comida,P-16,2
T-10057,2025-07-01,N/A,P-25,3
T-10442,2025-03-08,Desayuno?,P-06,2
T-15928,2025-02-22,  Cena  ,P-01,1
T-16443,2024-01-10,Comida,P-21,4
T-13192,2024-08-10,Cena,P-25,1
T-13919,2024-09-24,Cena,P-24,4
T-10178,2024-09-22,Desayuno?,P-22,1
T-15266,2024-07-24,Cena,P-09,3
T-13707,2024-07-14,NULL,P-02,4
T-11828,2024-04-10,N/A,P-13,1
T-15746,2024-08-25,Comida,P-03,3
T-16459,2025-01-24,N/A,P-15,1
T-11810,2025-12-14,Comida,P-02,3
T-10179,2025-12-29,N/A,P-22,3
T-11561,2025-03-29,comida,P-11,1
T-15931,2024-08-12,Comida,P-25,3
T-11452,2025-04-24,CENA,P-21,2
T-13155,2024-03-08,,P-23,1
T-13722,2024-01-02,NULL,P-99,2
T-10240,2024-08-21,N/A,P-02,4
T-13953,2025-11-09,CENA,P-14,4
T-11918,2025-11-26,Cena,P-02,3
T-10340,2025-04-14,CENA,P-05,3
T-11662,2025-11-30,comida,P-24,2
T-17407,2025-09-26,Desayuno?,P-19,4
T-16755,2024-09-19,CENA,P-16,1
T-17253,2024-02-17,,P-06,3
T-10465,11/03/2024,CENA,P-02,2
T-14308,2024-04-23,  Cena  ,P-01,2
T-10646,2025-04-01,comida,P-07,4
T-15654,2025-12-09,Cena,P-10,2
T-12366,2025-02-15,  Cena  ,P-14,4
T-17362,2025-06-22,N/A,P-23,1
T-17239,2024-09-07,,P-22,4
T-11432,2025-02-03,Cena,P-11,4
T-10241,2025-06-23,NULL,P-10,4
T-10760,2024-10-03,  Cena  ,P-17,1
T-13238,2024-01-12,N/A,P-18,2
T-10491,2025-04-13,CENA,P-10,1
T-10031,2024-09-02,comida,P-06,3
T-16069,2025-04-29,NULL,P-21,1
T-17212,2024-04-10,NULL,P-18,3
T-15614,2025-08-05,CENA,P-04,1
T-14257,2024-03-20,Desayuno?,P-16,2
T-10532,2025-12-17,CENA,P-12,3
T-17616,2025-04-30,comida,P-10,2
T-12666,2025-04-10,CENA,P-04,3
T-16394,2025-04-07,comida,P-06,3
T-12954,2025-01-31,comida,P-18,2
T-12324,2025-05-06,NULL,P-24,4
T-17310,2025-12-20,CENA,P-18,4
T-12887,2025-12-12,NULL,P-24,4
T-16920,2025-01-31,  Cena  ,P-04,4
T-15506,2024-02-16,comida,P-09,3
T-17540,2025-05-03,N/A,P-20,1
T-15707,2024-03-30,comida,P-14,3
T-10608,2024-03-12,NULL,P-08,3
T-12280,2024-03-04,Comida,P-04,3
T-16237,2024-11-14,NULL,P-01,1
T-11303,2024-05-23,Comida,P-02,4
T-16621,2024-05-25,NULL,P-18,-1
T-13615,2024-09-05,comida,P-10,4
T-15058,2024-02-22,Comida,P-04,1
T-17524,2025-01-15,Cena,P-19,3
T-12888,2025-01-30,,P-21,4
T-11235,2024-03-02,  Cena  ,P-05,4
T-15549,2024-11-29,  Cena  ,P-16,2
T-13135,2025-03-16,N/A,P-05,2
T-13637,2025-06-27,CENA,P-01,1
T-16927,2025-06-03,comida,P-07,1
T-10872,2025-12-27,N/A,P-22,2
T-11768,2025-07-06,Desayuno?,P-07,2
T-13319,2024-05-25,Comida,P-05,1
T-16377,2024-04-09,NULL,P-22,2
T-17526,2024-06-29,N/A,P-03,1
T-17562,2024-09-28,  Cena  ,P-21,3
T-14389,2025-09-13,Cena,P-17,2
T-16082,2024-07-28,comida,P-22,2
T-13088,2024-10-07,  Cena  ,P-09,1
T-16956,2025-07-20,  Cena  ,P-05,1
T-12440,2025-08-22,CENA,P-14,1
T-10946,01/01/2025,  Cena  ,P-23,2
T-12317,2024-05-25,Cena,P-11,4
T-17119,2025-12-23,Desayuno?,P-08,2
T-12531,2024-03-14,NULL,P-99,4
T-17125,2025-12-18,comida,P-24,1
T-13693,2024-11-05,Comida,P-11,3
T-14797,2024-04-26,N/A,P-16,1
T-12419,2025-02-23,Comida,P-11,1
T-15563,2025-10-13,Comida,P-20,4
T-17327,29/11/2025,NULL,P-24,3
T-14810,2025-10-23,Cena,P-22,4
T-14505,2024-03-21,comida,P-24,3
T-13725,2025-02-22,N/A,P-22,2
T-13597,2024-06-04,Cena,P-02,3
T-14875,2024-03-28,  Cena  ,P-09,3
T-13275,2024-07-25,,P-11,4
T-10954,2024-12-26,N/A,P-09,4
T-17831,2024-01-13,comida,P-18,4
T-11858,2024-01-30,Comida,P-07,-1
T-15240,2024-12-15,N/A,P-04,1
T-16164,06/09/2024,CENA,P-01,2
T-10978,2025-03-10,Desayuno?,P-08,4
T-12197,2025-08-21,NULL,P-03,4
T-16611,2024-05-28,CENA,P-14,2
T-14245,2025-07-27,,P-23,4
T-16885,2025-05-11,Comida,P-22,3
T-10294,2025-02-02,comida,P-21,4
T-11725,07/10/2024,Comida,P-09,1
T-15458,2024-03-23,CENA,P-03,1
T-14252,2024-04-14,N/A,P-15,1
T-12940,2024-04-04,comida,P-14,2
T-11829,18/11/2024,Desayuno?,P-24,4
T-10731,2025-07-02,Cena,P-02,1
T-10639,2024-07-11,  Cena  ,P-18,4
T-17727,2025-09-25,,P-24,4
T-10839,2024-11-09,Cena,P-09,1
T-14400,2025-10-19,comida,P-17,1
T-17489,2025-11-23,comida,P-12,2
T-17086,2024-10-16,Cena,P-02,2
T-15056,2024-02-25,comida,P-06,2
T-12933,2025-06-16,CENA,P-19,2
T-13577,2024-09-28,NULL,P-11,1
T-10410,2024-11-24,N/A,P-08,2
T-14780,2025-03-11,N/A,P-15,1
T-12261,2024-12-20,comida,P-04,1
T-17780,2025-03-28,N/A,P-12,4
T-13724,2025-04-08,Cena,P-99,4
T-15346,2025-06-26,NULL,P-07,1
T-13659,2024-07-02,N/A,P-10,2
T-12316,2024-04-12,Cena,P-03,1
T-14376,2025-03-04,N/A,P-22,2
T-16599,2025-05-23,NULL,P-21,4
T-14223,2025-03-31,comida,P-05,2
T-15898,2024-01-13,comida,P-19,2
T-16838,2024-07-29,NULL,P-20,1
T-13863,2025-02-06,NULL,P-08,4
T-11629,25/04/2025,CENA,P-07,1
T-15197,19/05/2025,Comida,P-01,1
T-16486,2024-06-04,NULL,P-22,4
T-12608,2025-10-06,comida,P-22,1
T-16617,2024-05-09,Comida,P-02,2
T-10776,2024-01-18,NULL,P-19,1
T-17281,2024-12-19,Desayuno?,P-17,-1
T-13625,2025-12-26,CENA,P-25,4
T-15861,2024-08-01,Cena,P-17,1
T-12516,2025-10-24,CENA,P-04,4
T-10684,2025-06-13,CENA,P-07,3
T-11472,2025-03-22,Desayuno?,P-15,3
T-11747,18/04/2024,Desayuno?,P-20,3
T-15725,2024-10-15,CENA,P-04,4
T-14017,2025-08-06,NULL,P-10,2
T-12147,2024-01-02,comida,P-16,1
T-10578,2024-11-02,CENA,P-04,1
T-12355,2025-09-19,Cena,P-99,3
T-14113,2025-10-13,  Cena  ,P-22,3
T-13888,2024-05-22,comida,P-08,1
T-12012,2024-10-09,  Cena  ,P-14,4
T-11072,2024-08-05,Comida,P-10,2
T-12498,2025-07-16,N/A,P-11,3
T-15797,2025-06-09,comida,P-06,2
T-13113,2024-05-29,Comida,P-09,3
T-10659,2025-07-04,CENA,P-16,1
T-12980,2024-05-06,comida,P-21,2
T-17121,2025-02-02,Desayuno?,P-22,1
T-12708,2024-07-30,Comida,P-15,3
T-15315,2024-09-08,CENA,P-02,4
T-10720,2025-01-06,  Cena  ,P-06,3
T-14513,2025-08-01,  Cena  ,P-20,4
T-10063,16/04/2024,Desayuno?,P-13,4
T-17058,2025-09-13,Desayuno?,P-10,2
T-14967,2025-07-16,,P-22,2
T-11467,2024-03-14,  Cena  ,P-19,4
T-16513,2024-09-09,N/A,P-09,4
T-11006,2024-01-23,Cena,P-05,3
T-12508,2024-12-23,Cena,P-14,2
T-14336,2024-09-08,CENA,P-11,1
T-12044,2025-04-16,CENA,P-09,4
T-10385,2025-06-08,Comida,P-03,3
T-10129,2024-02-10,NULL,P-08,3
T-16692,2024-10-08,Desayuno?,P-11,3
T-13812,2025-09-05,CENA,P-15,4
T-17765,2025-04-05,Desayuno?,P-24,1
T-17794,09/10/2024,  Cena  ,P-01,2
T-13946,2025-04-03,Desayuno?,P-13,2
T-10777,2024-08-11,Desayuno?,P-10,1
T-13929,2025-12-14,NULL,P-01,2
T-15659,2024-12-15,,P-05,4
T-17256,2024-11-22,,P-25,4
T-11240,30/08/2024,  Cena  ,P-12,2
T-11276,2025-06-16,Comida,P-02,3
T-14034,2025-07-17,CENA,P-23,2
T-11577,2024-04-01,CENA,P-04,4
T-14165,2024-12-22,comida,P-06,3
T-17939,2024-12-22,Comida,P-04,3
T-12220,2025-01-15,N/A,P-21,4
T-16505,2024-12-02,Cena,P-09,2
T-10567,2024-07-21,  Cena  ,P-22,1
T-12727,2024-07-18,Cena,P-06,3
T-17993,2025-11-06,comida,P-12,2
T-11099,2024-03-27,  Cena  ,P-10,2
T-15808,2024-01-19,CENA,P-02,3
T-11509,2025-05-19,CENA,P-10,1
T-16289,2025-01-26,comida,P-04,3
T-16992,2025-01-13,comida,P-07,1
T-11751,2024-06-28,CENA,P-12,4
T-14919,2024-11-23,CENA,P-09,2
T-10806,2025-05-29,NULL,P-10,1
T-12973,2025-10-19,CENA,P-14,1
T-11926,2024-02-04,NULL,P-24,1
T-13545,2024-08-02,NULL,P-08,2
T-10379,2024-09-29,Comida,P-23,4
T-17888,2024-03-25,NULL,P-05,2
T-14922,2024-12-25,Desayuno?,P-20,-1
T-17057,03/02/2024,NULL,P-02,1
T-14950,2025-01-01,Cena,P-24,4
T-11918,2025-05-13,Comida,P-01,2
T-17463,2025-07-30,Desayuno?,P-12,1
T-11284,2024-03-11,CENA,P-17,1
T-10924,2024-02-09,Desayuno?,P-02,1
T-13130,2024-08-26,,P-15,4
T-17093,2025-03-31,N/A,P-07,4
T-14194,2024-04-25,Cena,P-20,2
T-14014,2025-08-03,Desayuno?,P-09,1
T-10355,2025-05-10,CENA,P-13,1
T-17856,2024-07-19,N/A,P-06,1
T-17807,2024-12-25,NULL,P-05,1
T-12830,2024-12-05,Comida,P-18,1
T-13985,2025-08-08,  Cena  ,P-24,4
T-17601,2025-07-01,Comida,P-02,1
T-14646,2024-06-16,Comida,P-25,4
T-13966,2025-04-12,,P-15,3
T-17947,2024-11-02,N/A,P-21,4
T-17152,2024-11-06,CENA,P-21,1
T-14417,2025-12-21,NULL,P-05,2
T-17491,2025-12-26,,P-17,1
T-16882,2024-02-28,comida,P-21,1
T-15764,24/07/2025,,P-13,3
T-13054,2025-05-04,Cena,P-21,2
T-17177,2024-07-04,N/A,P-12,3
T-14163,2025-09-25,N/A,P-15,3
T-16850,2024-01-02,CENA,P-15,3
T-11549,2025-09-12,NULL,P-25,2
T-13392,25/11/2025,NULL,P-13,4
T-11411,2024-08-26,  Cena  ,P-14,2
T-10004,2025-03-05,comida,P-15,2
T-11629,2025-05-09,Comida,P-04,3
T-17368,2024-11-08,Desayuno?,P-22,2
T-11010,2024-12-09,CENA,P-03,4
T-12988,2024-09-13,Desayuno?,P-23,2
T-15976,2025-11-12,Desayuno?,P-10,1
T-13343,2025-09-07,Comida,P-22,1
T-12019,2025-03-26,Desayuno?,P-08,1
T-12476,2024-10-18,NULL,P-21,4
T-10016,2024-01-29,  Cena  ,P-18,2
T-16781,2025-11-25,N/A,P-18,1
T-14128,2024-04-10,N/A,P-17,2
T-15548,2024-01-22,N/A,P-22,2
T-11362,2025-10-22,comida,P-18,4
T-13652,03/09/2025,NULL,P-22,1
T-12098,2025-03-28,Desayuno?,P-01,4
T-14396,2025-11-04,Cena,P-19,4
T-12881,2024-07-16,CENA,P-13,3
T-16031,2025-04-08,  Cena  ,P-06,3
T-10552,2025-11-12,comida,P-09,4
T-15494,2024-08-05,Cena,P-24,3
T-17437,2024-03-21,Cena,P-09,4
T-15882,2025-02-17,  Cena  ,P-22,2
T-11620,09/05/2024,  Cena  ,P-16,3
T-15620,2025-07-04,  Cena  ,P-10,1
T-11292,2025-11-20,Comida,P-05,3
T-14809,2024-07-08,  Cena  ,P-05,4
T-12551,2024-05-29,NULL,P-01,4
T-11367,2024-06-22,comida,P-21,2
T-10916,2025-01-16,Comida,P-13,2
T-12222,2024-04-15,Desayuno?,P-02,3
T-10199,2024-10-08,NULL,P-20,3
T-11942,2025-06-16,Cena,P-05,2
T-16922,2024-11-05,comida,P-24,2
T-14429,2024-06-17,NULL,P-12,4
T-17036,21/04/2024,comida,P-17,1
T-17014,2024-01-19,Comida,P-23,1
T-17677,2025-01-21,  Cena  ,P-17,1
T-14181,2025-04-14,Desayuno?,P-15,3
T-10657,2025-09-29,N/A,P-21,2
T-17078,2024-03-22,  Cena  ,P-24,1
T-10882,2024-05-07,N/A,P-05,3
T-12561,2024-10-14,comida,P-04,4
T-16185,2025-03-01,N/A,P-24,2
T-14709,2025-07-16,comida,P-07,4
T-15728,2024-04-26,Desayuno?,P-15,-1
T-12821,28/10/2024,comida,P-10,1
T-15644,2024-09-03,  Cena  ,P-19,1
T-17518,2024-12-28,  Cena  ,P-24,1
T-16787,2025-12-08,Cena,P-22,4
T-12678,2024-11-23,,P-20,2
T-17087,2024-10-27,NULL,P-17,4
T-15367,2024-12-07,Desayuno?,P-25,4
T-11244,2025-05-22,CENA,P-23,2
T-11491,2025-09-07,Desayuno?,P-19,4
T-11078,22/02/2025,comida,P-17,3
T-15538,2025-06-17,comida,P-18,1
T-11214,2025-06-17,Comida,P-18,3
T-12884,2025-06-26,  Cena  ,P-10,1
T-16390,2024-10-27,comida,P-12,4
T-12873,2024-01-31,CENA,P-18,1
T-15919,2025-05-22,Cena,P-11,2
T-16833,2024-09-01,comida,P-02,3
T-12017,2025-09-08,  Cena  ,P-20,4
T-15575,2024-05-13,Desayuno?,P-12,2
T-13649,2025-06-10,  Cena  ,P-17,1
T-11044,2025-04-09,CENA,P-17,2
T-15337,2024-02-07,N/A,P-01,1
T-14997,2024-02-25,comida,P-16,1
T-11453,2024-08-22,CENA,P-22,2
T-13719,2024-06-20,N/A,P-24,1
T-16839,2025-08-23,Desayuno?,P-03,1
T-12565,2025-09-12,Cena,P-21,2
T-16193,2025-02-23,comida,P-10,3
T-16082,2025-07-24,NULL,P-04,1
T-11368,2024-08-27,  Cena  ,P-24,2
T-15720,2024-06-28,comida,P-11,3
T-11425,2024-09-18,N/A,P-21,3
T-15437,2024-05-03,  Cena  ,P-01,1
T-11699,2024-07-30,comida,P-05,2
T-12707,2024-01-21,comida,P-05,3
T-11404,13/06/2024,N/A,P-04,3
T-17124,2024-02-29,Comida,P-09,3
T-12742,2025-06-03,Comida,P-18,2
T-12855,2025-06-15,Comida,P-08,4
T-16889,2025-10-05,CENA,P-18,4
T-13245,2024-02-12,NULL,P-06,3
T-16048,2025-02-19,comida,P-14,4
T-12865,2024-08-21,comida,P-04,4
T-15713,2025-05-20,comida,P-25,2
T-11108,2024-02-12,Cena,P-11,2
T-13445,2024-11-22,,P-11,2
T-11876,15/11/2024,Cena,P-03,4
T-11084,2025-06-24,NULL,P-08,3
T-11596,2025-03-19,,P-14,4
T-16194,2025-01-09,comida,P-17,4
T-16955,2024-05-23,Comida,P-03,3
T-16501,2025-12-01,comida,P-12,1
T-12878,2025-11-15,N/A,P-22,3
T-13984,2024-05-17,comida,P-11,2
T-12610,2024-10-09,,P-25,4
T-14793,2024-09-10,comida,P-99,2
T-10208,2025-03-21,NULL,P-15,1
T-17254,2025-06-05,comida,P-04,1
T-11037,2025-04-08,Desayuno?,P-18,3
T-16003,2024-08-23,Cena,P-20,1
T-17516,2025-06-05,N/A,P-10,3
T-16102,2024-07-08,Comida,P-24,4
T-15951,2024-04-06,N/A,P-01,4
T-10455,2024-10-05,N/A,P-13,4
T-15603,2025-06-16,Cena,P-08,4
T-16631,2025-02-13,  Cena  ,P-06,3
T-16232,2024-08-25,  Cena  ,P-99,4
T-17608,2024-09-20,Comida,P-16,1
T-15391,2025-05-17,  Cena  ,P-04,3
T-11774,2024-06-28,  Cena  ,P-07,2
T-12374,2024-01-16,N/A,P-19,4
T-15118,2024-10-22,N/A,P-15,3
T-13220,2025-09-20,comida,P-05,1
T-14551,2024-10-18,NULL,P-14,1
T-15775,2025-09-22,  Cena  ,P-10,1
T-17775,2025-08-27,NULL,P-02,1
T-14121,2024-10-02,NULL,P-09,3
T-16575,2025-06-11,Cena,P-14,2
T-12674,2025-04-29,Comida,P-15,3
T-10440,2025-02-14,NULL,P-08,1
T-11275,2025-03-22,NULL,P-23,3
T-14453,2024-10-25,,P-11,3
T-16132,2025-03-14,Desayuno?,P-12,4
T-10447,2025-09-15,Desayuno?,P-16,3
T-11457,2025-04-29,N/A,P-04,4
T-15634,2025-01-07,Comida,P-13,1
T-10266,2025-03-30,Desayuno?,P-02,2
T-12556,2024-04-24,Comida,P-22,3
T-12535,2025-11-07,NULL,P-20,4
T-10028,2024-10-12,Desayuno?,P-07,2
T-16140,2025-10-25,Cena,P-04,4
T-13701,2025-09-22,Comida,P-15,1
T-15304,2025-11-03,CENA,P-22,2
T-13335,2024-12-25,N/A,P-04,3
T-10613,2024-09-15,Comida,P-13,4
T-11068,2025-10-29,comida,P-03,1
T-13396,2024-10-02,CENA,P-99,3
T-17856,2024-07-02,CENA,P-25,4
T-15122,2024-03-31,Desayuno?,P-08,2
T-11976,2024-04-05,Comida,P-11,4
T-17299,2025-05-23,  Cena  ,P-22,3
T-12094,01/03/2025,CENA,P-04,3
T-16515,2024-08-04,CENA,P-12,4
T-13317,2024-12-05,NULL,P-20,2
T-11344,2024-02-01,Comida,P-02,3
T-16845,2025-01-08,Desayuno?,P-11,2
T-12072,2024-10-25,NULL,P-07,2
T-17840,2024-12-18,Comida,P-02,3
T-10411,2025-01-19,  Cena  ,P-25,4
T-11066,2025-01-14,Desayuno?,P-05,4
T-13942,2024-07-14,N/A,P-13,4
T-16964,05/04/2025,N/A,P-15,2
T-16929,2024-06-20,Comida,P-05,3
T-10211,2024-09-24,Comida,P-13,3
T-13010,2024-11-04,NULL,P-12,4
T-14662,2025-06-04,Desayuno?,P-17,3
T-16749,2025-03-28,comida,P-06,4
T-17640,2025-08-29,NULL,P-11,1
T-17906,2024-05-13,,P-14,1
T-10056,2025-01-12,NULL,P-22,3
T-10611,2025-03-09,CENA,P-04,3
T-13259,2024-12-09,,P-05,2
T-16369,2025-06-16,NULL,P-19,3
T-15740,2025-10-06,NULL,P-05,4
T-16052,2024-05-14,comida,P-15,2
T-12771,2025-12-12,Desayuno?,P-23,4
T-16152,2025-02-23,Cena,P-12,1
T-12641,2025-09-18,comida,P-18,3
T-10543,2025-06-01,Desayuno?,P-23,1
T-10880,2025-12-19,CENA,P-21,2
T-10033,2024-11-02,Cena,P-22,4
T-11956,2025-01-31,  Cena  ,P-13,3
T-16875,2025-11-12,  Cena  ,P-22,3
T-17565,2025-09-15,Comida,P-06,1
T-16888,2025-12-17,  Cena  ,P-02,4
T-10962,2025-05-12,NULL,P-12,4
T-14157,2025-09-29,Comida,P-08,4
T-10461,2024-05-13,NULL,P-24,4
T-14768,2025-06-24,comida,P-04,4
T-14424,2025-05-11,CENA,P-20,3
T-11430,2025-04-15,comida,P-01,3
T-16241,2025-12-31,comida,P-03,4
T-10742,2024-05-21,Comida,P-13,4
T-14453,2024-09-11,NULL,P-12,1
T-14129,2024-06-14,Cena,P-05,4
T-17809,01/05/2025,Comida,P-03,2
T-17792,2025-05-30,Comida,P-25,4
T-15048,2025-05-03,Comida,P-11,1
T-17436,2024-10-02,Desayuno?,P-25,1
T-16714,2025-11-10,Comida,P-05,4
T-12007,2024-08-07,NULL,P-21,3
T-13846,2025-06-19,Desayuno?,P-06,2
T-15252,2024-07-23,Cena,P-09,3
T-10044,2025-12-27,Comida,P-06,4
T-10746,2025-09-06,Comida,P-19,1
T-13011,2024-06-05,comida,P-09,2
T-14437,2025-09-22,Comida,P-10,2
T-10241,2024-06-24,,P-21,2
T-10021,2025-11-26,Comida,P-17,3
T-13201,2024-07-04,Comida,P-14,3
T-14717,2025-10-06,Cena,P-15,4
T-15945,2025-05-17,Cena,P-13,2
T-15640,2024-10-14,,P-19,4
T-15487,2025-10-15,N/A,P-17,3
T-11003,2025-06-20,NULL,P-21,4
T-10630,2024-07-08,  Cena  ,P-06,1
T-11082,2025-07-12,NULL,P-02,1
T-14472,05/07/2025,NULL,P-24,3
T-10608,10/10/2024,Comida,P-01,2
T-11644,2025-11-21,comida,P-18,-1
T-16800,2025-06-12,  Cena  ,P-11,1
T-16927,2024-11-10,NULL,P-11,3
T-16710,2024-06-01,N/A,P-02,4
T-17954,2024-10-22,Cena,P-07,3
T-14369,2025-12-25,NULL,P-02,4
T-15040,2024-07-13,,P-03,1
T-15549,2024-01-01,NULL,P-09,1
T-12478,2025-07-09,Desayuno?,P-24,1
T-16284,2025-02-11,N/A,P-16,1
T-14571,2025-03-16,Desayuno?,P-17,2
T-14331,25/05/2024,Comida,P-99,1
T-15774,04/01/2025,NULL,P-11,1
T-10731,2024-06-30,NULL,P-02,1
T-16047,2025-12-21,  Cena  ,P-01,2
T-14234,2024-06-01,N/A,P-06,4
T-16257,2024-12-26,Cena,P-15,1
T-11845,2025-11-14,comida,P-08,2
T-12681,2024-10-04,CENA,P-12,2
T-13495,2025-06-12,CENA,P-12,2
T-11265,2024-11-17,NULL,P-08,3
T-16252,2024-08-11,  Cena  ,P-03,3
T-11122,2025-08-11,CENA,P-07,3
T-17499,2024-07-28,Cena,P-04,1
T-16997,2024-12-18,CENA,P-18,2
T-15891,2024-08-10,comida,P-23,2
T-12112,2024-03-25,NULL,P-14,2
T-12541,2024-08-10,Comida,P-15,2
T-14419,2024-10-15,Desayuno?,P-09,1
T-13792,2024-06-22,N/A,P-15,1
T-10617,2025-10-18,  Cena  ,P-04,1
T-16908,2025-03-31,Cena,P-09,1
T-14948,2025-05-05,Comida,P-10,2
T-16776,2025-06-04,NULL,P-22,1
T-10200,2025-01-14,Desayuno?,P-03,2
T-11833,2025-12-11,NULL,P-08,4
T-11060,2024-04-23,Cena,P-02,4
T-11944,2025-10-01,Desayuno?,P-22,2
T-16618,13/12/2024,N/A,P-25,2
T-15304,2025-03-13,Comida,P-11,1
T-17015,2025-11-21,Comida,P-02,4
T-16085,2025-09-19,N/A,P-09,1
T-15287,2024-09-22,Comida,P-19,2
T-17871,2025-07-17,,P-07,2
T-15251,2024-11-08,Comida,P-06,3
T-11372,2024-11-22,Desayuno?,P-09,1
T-10861,2024-05-19,Desayuno?,P-15,2
T-14006,2025-08-07,Desayuno?,P-12,2
T-10545,2025-10-28,NULL,P-21,4
T-13846,2025-09-20,Cena,P-01,1
T-14063,2024-10-11,comida,P-08,1
T-10020,2025-01-26,,P-04,4
T-11781,2024-06-19,NULL,P-07,3
T-10911,2025-04-20,comida,P-22,4
T-10470,2025-01-07,Comida,P-03,1
T-11684,2024-12-10,Desayuno?,P-20,4
T-15352,2024-04-14,NULL,P-18,4
T-16055,2025-11-02,Desayuno?,P-11,2
T-14660,2024-08-19,comida,P-10,4
T-13704,2025-11-07,N/A,P-20,4
T-12655,2025-02-11,N/A,P-21,3
T-12572,2025-11-12,  Cena  ,P-24,2
T-11273,2024-04-09,  Cena  ,P-02,1
T-14559,2024-01-09,Cena,P-06,1
T-16631,2024-06-18,  Cena  ,P-09,3
T-17793,2024-05-16,Cena,P-06,1
T-13115,2025-04-14,Desayuno?,P-99,1
T-13821,2025-10-04,,P-09,3
T-11460,2025-03-08,Comida,P-11,4
T-16442,2024-07-04,comida,P-18,1
T-12427,2025-07-14,  Cena  ,P-02,1
T-13471,2024-06-24,Desayuno?,P-09,1
T-16477,2024-05-21,NULL,P-25,2
T-10848,2025-10-29,  Cena  ,P-09,2
T-17699,2025-10-15,Cena,P-01,4
T-10181,2024-12-10,NULL,P-15,2
T-12199,13/05/2024,,P-23,3
T-13411,2025-08-05,comida,P-12,1
T-10993,2024-05-09,comida,P-21,3
T-12359,2024-06-13,CENA,P-13,3
T-17898,2025-03-25,CENA,P-16,3
T-11070,2025-01-17,N/A,P-19,3
T-12763,2025-08-15,N/A,P-21,2
T-12590,2024-08-07,Cena,P-20,4
T-12126,2025-08-08,CENA,P-17,2
T-17484,2024-06-16,Desayuno?,P-13,2
T-14416,2025-03-17,NULL,P-19,1
T-16872,2024-04-04,NULL,P-23,4
T-14608,2024-06-09,,P-04,1
T-13393,2025-08-18,Comida,P-04,4
T-17244,2025-10-03,Cena,P-18,2
T-10028,2025-02-06,Comida,P-17,4
T-15824,12/07/2024,  Cena  ,P-19,1
T-14956,2025-02-10,NULL,P-10,2
T-17290,2024-08-02,Comida,P-05,4
T-12086,2024-01-26,NULL,P-14,2
T-14472,2025-03-14,Desayuno?,P-24,2
T-15881,2024-03-06,comida,P-05,2
T-10435,2024-04-09,Cena,P-19,1
T-10691,2024-02-15,CENA,P-24,1
T-14270,2024-09-07,CENA,P-03,4
T-14879,2025-01-13,NULL,P-16,1
T-16604,14/11/2024,  Cena  ,P-18,2
T-11009,2024-11-14,N/A,P-16,3
T-16325,2024-08-16,,P-03,1
T-15848,2024-11-21,CENA,P-22,4
T-15452,2025-02-13,Cena,P-06,3
T-11601,2025-04-09,comida,P-17,4
T-15439,2025-08-13,,P-20,2
T-17362,2024-02-25,Comida,P-11,4
T-10675,2024-03-30,Comida,P-12,2
T-12375,2024-12-28,Cena,P-12,4
T-16395,2025-05-27,Cena,P-24,1
T-16005,2024-06-28,  Cena  ,P-20,4
T-13291,2024-02-10,Desayuno?,P-18,3
T-14278,2025-02-16,NULL,P-17,3
T-12206,2025-02-10,comida,P-09,4
T-10655,2025-11-26,N/A,P-24,4
T-12001,2025-12-11,Desayuno?,P-03,4
T-17664,2024-06-01,Cena,P-02,1
T-13749,2025-11-21,Cena,P-25,2
T-10378,2025-10-07,Desayuno?,P-19,3
T-17196,2025-11-09,  Cena  ,P-08,3
T-11378,2024-02-04,CENA,P-10,3
T-14264,2024-10-06,N/A,P-23,3
T-11472,2025-07-08,,P-12,2
T-16016,2025-06-11,comida,P-17,3
T-15207,2024-05-25,comida,P-10,1
T-14692,2025-01-29,NULL,P-05,2
T-17047,2024-10-31,comida,P-11,1
T-16274,2024-12-22,Desayuno?,P-07,3
T-14178,2025-06-03,NULL,P-22,4
T-11161,2025-09-19,CENA,P-11,2
T-14847,2025-01-22,N/A,P-09,2
T-16504,2025-08-07,Cena,P-07,3
T-12023,2024-07-25,  Cena  ,P-06,4
T-15674,2025-04-22,comida,P-02,1
T-17170,2025-07-09,NULL,P-19,3
T-14447,2024-07-28,N/A,P-04,4
T-11132,2024-08-15,Comida,P-13,2
T-15137,2025-11-24,CENA,P-09,1
T-13694,2024-03-19,comida,P-04,2
T-15369,2024-12-25,comida,P-05,4
T-13944,2025-08-01,comida,P-02,4
T-12679,2025-02-02,  Cena  ,P-04,4
T-12068,2025-09-22,CENA,P-22,2
T-12482,2025-09-25,N/A,P-16,4
T-14603,2025-05-14,comida,P-02,4
T-14974,2025-12-16,NULL,P-11,2
T-13945,2024-03-31,Comida,P-14,2
T-16658,2024-10-21,Desayuno?,P-17,2
T-15295,2024-10-20,CENA,P-11,4
T-12903,2024-01-11,Cena,P-19,4
T-16689,2025-04-17,comida,P-22,2
T-14886,2025-08-24,comida,P-14,3
T-14859,2025-05-21,comida,P-04,1
T-16674,2024-05-16,NULL,P-15,4
T-10461,2025-10-19,Comida,P-02,4
T-10872,2024-01-21,  Cena  ,P-07,3
T-15125,2025-07-15,  Cena  ,P-20,1
T-16848,2025-05-25,N/A,P-21,4
T-10286,2025-12-08,comida,P-05,1
T-14163,2025-03-18,Cena,P-13,2
T-17311,05/11/2025,Cena,P-21,2
T-10568,2024-08-09,NULL,P-22,3
T-13186,2024-10-27,Cena,P-15,4
T-11546,2024-04-10,Cena,P-08,2
T-16494,2025-04-01,Desayuno?,P-05,3
T-12590,2025-05-29,Comida,P-08,3
T-10281,2025-07-21,NULL,P-16,4
T-15018,2024-06-20,  Cena  ,P-21,2
T-13109,2025-01-13,comida,P-21,4
T-14606,2025-02-24,Desayuno?,P-99,4
T-14901,2025-07-31,Comida,P-06,1
T-11646,2025-04-11,Comida,P-10,3
T-10701,2025-04-07,  Cena  ,P-08,3
T-13795,2024-12-10,Comida,P-12,1
T-10865,2025-02-12,N/A,P-25,2
T-16788,2025-03-02,,P-12,4
T-13781,2024-02-03,Desayuno?,P-16,2
T-15463,2024-06-23,Comida,P-20,4
T-15110,2025-09-28,comida,P-14,1
T-17860,2025-11-21,CENA,P-15,4
T-17886,2024-03-10,  Cena  ,P-14,3
T-10078,2025-08-03,Cena,P-18,4
T-11914,2025-09-29,  Cena  ,P-01,1
T-11650,2025-03-18,  Cena  ,P-05,1
T-15523,30/06/2024,Desayuno?,P-10,3
T-16631,2024-03-03,CENA,P-12,4
T-16387,2025-07-23,CENA,P-14,2
T-13581,2024-08-08,CENA,P-20,1
T-11651,2024-10-17,CENA,P-16,2
T-16044,2024-11-23,NULL,P-02,1
T-16370,2024-09-11,NULL,P-06,2
T-12066,2025-07-25,Desayuno?,P-07,3
T-16210,2025-12-17,Comida,P-16,4
T-14380,2024-02-19,NULL,P-08,1
T-16576,2024-05-24,Comida,P-20,3
T-17486,25/09/2025,N/A,P-21,2
T-16354,2024-08-10,Comida,P-03,1
T-11033,2025-04-11,comida,P-16,1
T-11005,2024-09-07,,P-21,4
T-10361,2024-02-02,Comida,P-15,3
T-13025,2025-03-22,comida,P-09,4
T-10252,2025-02-28,  Cena  ,P-24,3
T-14303,2024-03-25,N/A,P-02,4
T-17434,2024-08-12,Cena,P-21,3
T-14320,2025-04-10,CENA,P-21,3
T-13627,2024-05-21,  Cena  ,P-10,1
T-17180,2024-03-03,Desayuno?,P-08,3
T-11741,2024-07-07,  Cena  ,P-18,3
T-10056,2025-11-26,NULL,P-02,4
T-16331,2024-04-19,Comida,P-08,3
T-12256,2025-09-12,Comida,P-01,4
T-14939,2024-05-26,CENA,P-23,1
T-16168,2024-12-21,Comida,P-02,2
T-13972,2025-06-11,CENA,P-21,2
T-12314,2025-07-30,Cena,P-13,3
T-14007,2025-11-05,Cena,P-21,4
T-11785,2025-08-20,CENA,P-10,3
T-13213,2025-11-04,CENA,P-07,2
T-13432,2024-07-20,  Cena  ,P-17,2
T-16641,2024-01-01,CENA,P-02,4
T-17542,2025-03-20,CENA,P-25,1
T-12217,2025-04-14,NULL,P-10,3
T-16137,2025-10-25,N/A,P-04,3
T-16536,2025-12-17,comida,P-24,2
T-13955,2024-07-25,Cena,P-10,1
T-16486,2024-03-19,Cena,P-09,4
T-17881,2025-09-23,comida,P-25,4
T-14843,2024-12-20,NULL,P-14,3
T-14863,2024-10-25,NULL,P-14,1
T-15274,2025-07-08,Cena,P-09,3
T-10741,2024-05-23,N/A,P-20,4
T-14082,2025-02-06,CENA,P-13,1
T-14151,2025-09-25,Cena,P-24,2
T-11730,2025-10-06,  Cena  ,P-18,4
T-16936,2025-08-18,CENA,P-02,3
T-13689,2024-02-12,Comida,P-25,3
T-11529,2024-07-25,CENA,P-05,4
T-15862,2025-04-03,Cena,P-02,1
T-12272,2024-03-14,,P-03,4
T-17596,2025-02-20,N/A,P-15,3
T-14621,2024-07-20,Comida,P-18,2
T-17381,2025-12-02,comida,P-12,3
T-14162,2024-01-07,CENA,P-19,2
T-12554,2024-10-17,  Cena  ,P-04,2
T-10098,19/07/2025,CENA,P-20,3
T-15918,2024-02-09,N/A,P-22,3
T-13504,2024-02-17,NULL,P-22,1
T-15936,2025-01-10,Comida,P-01,2
T-17971,2025-12-05,,P-21,4
T-15876,2025-10-06,NULL,P-08,4
T-13713,2024-11-02,CENA,P-17,2
T-11920,2024-05-30,comida,P-04,3
T-11132,2024-01-30,  Cena  ,P-17,3
T-17352,2025-08-23,Desayuno?,P-10,1
T-11782,2025-06-18,  Cena  ,P-09,4
T-17090,2024-06-13,Desayuno?,P-12,2
T-14619,2024-03-03,Comida,P-12,4
T-15726,2025-06-22,CENA,P-09,3
T-10076,2024-08-29,comida,P-19,4
T-14637,2024-01-13,Comida,P-16,2
T-16809,2024-04-11,Comida,P-04,1
T-11316,2024-03-17,  Cena  ,P-05,4
T-16413,2024-05-20,comida,P-18,3
T-11327,2025-07-11,Desayuno?,P-13,1
T-10363,2025-04-19,,P-13,4
T-17711,2024-09-24,  Cena  ,P-13,1
T-14335,25/12/2025,Cena,P-21,3
T-13866,2025-04-05,CENA,P-99,1
T-15175,2024-11-21,NULL,P-17,3
T-12470,2025-06-19,NULL,P-15,3
T-12057,2024-11-20,NULL,P-09,1
T-11351,2024-01-20,comida,P-14,4
T-11856,2025-09-08,Desayuno?,P-13,1
T-14393,2025-12-13,Comida,P-02,2
T-16684,2025-05-15,NULL,P-24,4
T-14568,2024-02-13,NULL,P-18,4
T-14913,2024-12-23,NULL,P-15,1
T-15004,2024-11-10,NULL,P-17,1
T-13538,2024-04-01,CENA,P-02,2
T-17516,27/04/2025,CENA,P-04,1
T-14486,2025-09-03,NULL,P-02,3
T-16319,2025-04-03,  Cena  ,P-17,4
T-10232,2025-01-24,Desayuno?,P-06,3
T-11792,2024-08-20,Cena,P-17,3
T-10668,2025-03-01,Desayuno?,P-23,2
T-15306,2024-05-07,  Cena  ,P-08,4
T-11137,2024-05-16,Cena,P-10,3
T-10310,2025-09-30,Cena,P-11,3
T-16963,2025-03-20,  Cena  ,P-17,4
T-17974,2024-03-27,,P-13,1
T-11887,2025-04-21,  Cena  ,P-24,4
T-13627,2024-08-31,Cena,P-09,3
T-11751,2025-07-26,NULL,P-10,4
T-17472,2025-06-01,Cena,P-15,1
T-10682,2024-05-20,,P-13,4
T-12074,2024-04-23,comida,P-23,2
T-15101,2024-12-13,CENA,P-03,3
T-14871,2025-08-18,,P-11,4
T-15446,2024-02-08,Comida,P-09,3
T-14402,2025-11-23,comida,P-20,4
T-10174,2024-09-09,NULL,P-25,4
T-17890,2025-03-28,comida,P-01,3
T-13261,2024-11-24,N/A,P-05,4
T-10012,2024-11-20,N/A,P-05,1
T-12829,2025-03-28,N/A,P-19,4
T-13991,2025-02-13,Comida,P-17,3
T-13554,2025-02-24,NULL,P-20,2
T-12781,2025-06-11,,P-17,1
T-14847,2025-08-09,comida,P-16,3
T-17104,2025-07-04,NULL,P-21,-1
T-17930,2024-03-15,  Cena  ,P-99,1
T-10178,2025-08-18,N/A,P-25,1
T-12892,2025-05-27,comida,P-20,3
T-13147,2025-04-01,Desayuno?,P-12,1
T-14596,2025-01-20,NULL,P-11,1
T-12616,2024-06-20,comida,P-16,2
T-15907,2025-08-24,NULL,P-18,1
T-12439,2025-11-22,,P-12,2
T-15109,2024-11-23,N/A,P-05,4
T-17340,2024-11-23,Desayuno?,P-23,1
T-12774,2024-12-02,CENA,P-19,4
T-16443,2024-05-20,Comida,P-24,3
T-10594,2025-02-13,Desayuno?,P-13,3
T-13259,2025-02-19,Comida,P-13,3
T-17812,2024-04-06,  Cena  ,P-10,4
T-12824,2025-05-24,NULL,P-10,3
T-12876,2025-01-02,N/A,P-06,2
T-13858,2024-01-10,,P-24,4
T-11096,2025-06-22,CENA,P-25,1
T-13662,2024-09-11,comida,P-04,4
T-14108,2025-01-18,,P-01,3
T-14749,2025-04-15,Comida,P-21,4
T-14365,2024-09-30,Cena,P-18,2
T-11703,2025-03-19,NULL,P-19,1
T-13279,2024-04-01,NULL,P-17,2
T-11336,2025-11-13,Comida,P-01,3
T-14347,2025-04-04,CENA,P-20,2
T-12339,2025-10-12,Comida,P-14,2
T-14989,2024-06-12,comida,P-15,3
T-13656,2024-08-30,Cena,P-12,3
T-17574,05/07/2025,NULL,P-18,3
T-17143,2024-05-16,Cena,P-10,2
T-13305,2025-11-23,N/A,P-06,2
T-11370,2024-03-16,Comida,P-25,4
T-10335,2024-09-13,  Cena  ,P-12,1
T-14985,2025-10-31,N/A,P-17,3
T-17162,2025-05-12,comida,P-15,1
T-12608,2024-09-09,Cena,P-03,4
T-11778,2024-03-27,Comida,P-19,1
T-11745,2025-10-11,NULL,P-13,3
T-14062,2025-12-05,N/A,P-21,3
T-10881,2024-08-23,N/A,P-16,1
T-14319,2025-09-13,CENA,P-07,1
T-10944,2024-07-19,CENA,P-17,3
T-12647,2025-11-01,Desayuno?,P-24,2
T-13475,2024-01-02,  Cena  ,P-22,3
T-10729,2024-02-14,Comida,P-99,2
T-15904,2025-08-03,N/A,P-06,3
T-14458,2024-06-11,Comida,P-19,4
T-15687,2025-10-24,comida,P-05,4
T-12201,2025-09-27,Cena,P-02,2
T-14519,2024-04-20,CENA,P-22,4
T-17557,2024-11-26,N/A,P-18,2
T-11695,2024-10-03,Comida,P-23,2
T-13994,2025-12-21,Desayuno?,P-19,1
T-15251,2024-09-03,Cena,P-17,2
T-16144,2024-05-19,Comida,P-24,4
T-14471,2024-11-30,  Cena  ,P-03,1
T-16613,2025-11-15,comida,P-06,1
T-17045,2024-03-25,Cena,P-04,4
T-17009,2024-06-19,Desayuno?,P-24,3
T-15648,2024-07-03,Desayuno?,P-20,3
T-15439,2024-11-20,N/A,P-17,4
T-17052,2025-11-29,Desayuno?,P-21,3
T-14652,2024-12-09,N/A,P-12,4
T-10587,2025-07-01,Cena,P-12,4
T-17069,2025-09-16,Cena,P-11,3
T-14565,2024-07-24,Comida,P-08,2
T-13300,2024-06-15,Comida,P-20,1
T-11701,2025-07-07,N/A,P-09,1
T-11142,2025-02-16,Comida,P-02,2
T-17786,11/05/2024,CENA,P-13,2
T-13406,2025-06-03,N/A,P-03,1
T-11323,2025-06-30,  Cena  ,P-20,3
T-13259,2024-05-05,CENA,P-01,1
T-16788,2025-12-05,Cena,P-02,1
T-16505,2025-08-24,Cena,P-18,1
T-13171,2025-09-04,Comida,P-09,1
T-11090,2024-04-04,Desayuno?,P-04,2
T-15592,2024-12-16,CENA,P-25,2
T-13726,2025-08-28,comida,P-14,4
T-17464,2025-02-02,Comida,P-05,2
T-11046,2025-04-18,comida,P-15,1
T-15682,2024-11-20,CENA,P-21,4
T-13952,2024-02-28,  Cena  ,P-18,1
T-14653,2024-10-03,,P-05,3
T-13706,2025-08-31,Desayuno?,P-08,4
T-14675,2025-11-10,Comida,P-03,3
T-16898,18/06/2025,NULL,P-05,1
T-14246,2025-11-13,Desayuno?,P-23,3
T-12560,2025-05-10,,P-01,3
T-13747,2024-02-07,comida,P-08,2
T-17517,2025-02-18,N/A,P-07,3
T-11620,2025-01-16,  Cena  ,P-20,4
T-17309,2024-07-30,NULL,P-01,1
T-13878,2025-09-20,comida,P-02,3
T-11517,2025-12-20,CENA,P-05,2
T-15898,2025-05-23,Cena,P-03,4
T-15971,2025-09-22,CENA,P-13,2
T-16375,2025-10-29,NULL,P-19,2
T-12660,2024-07-29,Comida,P-06,3
T-17681,2024-04-22,Desayuno?,P-18,1
T-12304,2024-09-03,Desayuno?,P-22,3
T-16787,28/03/2024,,P-21,1
T-11589,2024-01-25,Comida,P-13,1
T-13960,28/10/2025,  Cena  ,P-22,4
T-16354,2025-10-19,Comida,P-08,2
T-16231,2025-04-14,Cena,P-01,2
T-12024,2024-01-31,Desayuno?,P-15,2
T-13848,2025-07-12,Desayuno?,P-21,1
T-13201,2025-03-29,comida,P-13,4
T-12586,2025-08-03,Cena,P-04,2
T-13017,2024-07-14,  Cena  ,P-03,3
T-17480,2025-03-12,Cena,P-03,2
T-12130,2025-06-11,N/A,P-12,4
T-16301,20/07/2025,CENA,P-12,1
T-14322,2025-09-25,  Cena  ,P-20,4
T-16833,2025-10-19,Comida,P-21,3
T-16632,2025-06-21,  Cena  ,P-12,3
T-16283,2025-07-12,N/A,P-20,4
T-13962,2024-04-09,NULL,P-13,1
T-11242,2024-10-10,NULL,P-24,2
T-15540,2025-11-18,Cena,P-12,3
T-14820,2025-05-22,comida,P-18,1
T-14365,2024-11-11,Desayuno?,P-23,1
T-12029,29/01/2024,N/A,P-23,2
T-13851,2024-04-15,Cena,P-09,2
T-12517,2024-11-11,Comida,P-23,4
T-16500,12/10/2025,N/A,P-03,1
T-10957,2025-07-28,Comida,P-17,2
T-15136,2025-04-25,N/A,P-99,4
T-15224,2024-09-14,comida,P-24,1
T-12166,2025-07-02,N/A,P-23,2
T-14342,2024-10-06,Desayuno?,P-10,4
T-16749,2024-09-15,Desayuno?,P-13,3
T-16763,2025-08-15,N/A,P-11,4
T-16991,2025-12-29,CENA,P-01,4
T-12359,2024-06-26,,P-02,4
T-17754,2024-05-21,,P-11,2
T-14896,2025-08-31,,P-23,3
T-17745,2024-12-07,comida,P-04,2
T-13154,2025-12-11,Desayuno?,P-19,1
T-16602,2024-01-03,Desayuno?,P-15,2
T-10613,2024-11-20,N/A,P-11,4
T-14655,2025-10-30,CENA,P-24,4
T-10652,2024-09-02,CENA,P-25,4
T-15490,2024-04-13,N/A,P-13,2
T-14062,2025-01-10,N/A,P-03,1
T-14828,2024-09-23,Cena,P-23,2
T-16400,2025-10-13,NULL,P-11,4
T-16770,2025-08-07,N/A,P-01,1
T-12659,2025-03-01,Comida,P-11,4
T-11252,2024-11-30,Comida,P-02,4
T-10999,08/05/2025,CENA,P-18,1
T-11400,2024-02-09,NULL,P-09,1
T-15759,26/01/2025,  Cena  ,P-17,3
T-17355,2025-01-02,Cena,P-18,3
T-12135,2025-10-24,CENA,P-15,4
T-13010,2025-06-13,  Cena  ,P-06,2
T-12773,2025-11-20,CENA,P-08,2
T-12526,10/12/2024,comida,P-01,1
T-13733,2024-04-24,,P-03,2
T-10689,2025-01-07,,P-25,3
T-15547,2024-08-29,N/A,P-08,2
T-17621,2024-11-03,comida,P-08,2
T-11030,2025-08-24,NULL,P-10,1
T-16051,2024-05-27,  Cena  ,P-09,1
T-14553,2024-11-25,Desayuno?,P-12,1
T-15277,2024-07-12,Cena,P-19,4
T-17596,2025-08-26,Desayuno?,P-13,3
T-11503,2025-10-31,comida,P-08,4
T-14918,2024-06-17,NULL,P-18,4
T-12571,2024-02-19,Comida,P-13,4
T-12621,2024-11-22,comida,P-09,3
T-10907,2024-06-07,Comida,P-23,4
T-16757,2024-02-07,,P-25,4
T-10130,2025-12-07,Desayuno?,P-21,4
T-17940,2024-08-18,Comida,P-04,4
T-14732,29/03/2025,CENA,P-25,1
T-16096,2025-08-16,CENA,P-05,3
T-14278,25/04/2025,,P-09,1
T-10564,2024-03-14,comida,P-20,1
T-11277,2024-09-27,NULL,P-02,2
T-15052,2024-05-28,CENA,P-12,3
T-13291,2025-04-29,Comida,P-02,1
T-14041,2024-12-08,Desayuno?,P-23,3
T-16298,2025-06-20,comida,P-18,4
T-15452,2025-11-23,Desayuno?,P-22,3
T-17182,2025-10-11,Cena,P-04,4
T-15453,2024-03-03,comida,P-17,3
T-10786,2025-02-12,Comida,P-05,3
T-10375,2024-12-19,comida,P-09,3
T-10720,2025-11-24,  Cena  ,P-23,4
T-16045,2025-02-15,N/A,P-13,3
T-16703,2025-04-06,Cena,P-10,2
T-13412,2025-02-13,,P-21,4
T-16611,2024-06-02,Comida,P-11,1
T-11106,2024-02-16,Comida,P-18,-1
T-10180,2025-02-20,N/A,P-22,2
T-16826,2024-03-09,CENA,P-21,4
T-15723,2025-11-25,  Cena  ,P-01,1
T-10428,2024-09-12,comida,P-05,1
T-10870,2024-12-29,Cena,P-23,4
T-15820,2025-12-26,CENA,P-12,2
T-12907,2024-07-08,NULL,P-02,4
T-15689,2025-05-10,comida,P-02,2
T-16640,2025-10-27,Cena,P-05,1
T-14280,2025-08-19,,P-24,4
T-11318,2025-05-22,  Cena  ,P-03,2
T-10593,2024-04-18,Comida,P-18,3
T-14806,2025-07-03,Cena,P-04,2
T-11129,18/11/2025,  Cena  ,P-05,4
T-17692,2025-06-08,NULL,P-04,3
T-15293,2024-02-11,Comida,P-01,4
T-11744,2024-02-14,CENA,P-13,1
T-14295,2024-11-21,Cena,P-10,4
T-12904,2024-06-23,NULL,P-14,4
T-14792,2025-09-09,comida,P-12,3
T-15799,2024-11-22,  Cena  ,P-22,4
T-16483,2024-01-01,  Cena  ,P-10,1
T-11085,2024-01-06,  Cena  ,P-04,3
T-16381,2025-12-25,comida,P-07,3
T-14740,2025-08-25,CENA,P-12,1
T-15302,2024-04-23,Comida,P-16,3
T-11969,2025-05-28,comida,P-03,3
T-10792,2024-12-04,Desayuno?,P-01,4
T-13412,2024-06-30,  Cena  ,P-09,1
T-11940,2025-11-02,CENA,P-24,2
T-15941,2025-06-14,NULL,P-16,4
T-12857,2025-01-21,Comida,P-22,2
T-13854,2024-08-21,N/A,P-14,3
T-17012,2025-01-21,  Cena  ,P-21,1
T-11571,2025-11-13,Comida,P-03,3
T-12702,2024-12-20,Desayuno?,P-08,2
T-15359,2024-02-08,Comida,P-19,3
T-17096,2024-06-19,N/A,P-21,4
T-12608,2024-08-15,Cena,P-13,3
T-10510,2024-08-19,,P-24,2
T-17490,2025-03-22,Comida,P-13,4
T-13191,2025-12-14,Cena,P-08,4
T-13451,2025-06-28,NULL,P-14,3
T-13618,2025-07-16,N/A,P-18,2
T-11206,2024-04-11,Desayuno?,P-04,3
T-16120,2024-11-16,NULL,P-13,1
T-16113,2024-10-02,Comida,P-12,3
T-12128,2025-05-31,  Cena  ,P-06,3
T-11137,2025-06-02,Desayuno?,P-15,2
T-10633,2025-12-18,Desayuno?,P-15,2
T-13488,2025-11-27,Comida,P-10,4
T-14305,2025-03-05,CENA,P-17,2
T-12799,2024-07-15,Comida,P-09,1
T-10957,2024-01-04,,P-10,2
T-15038,2024-05-01,  Cena  ,P-16,3
T-10875,2025-01-02,NULL,P-09,3
T-15447,2025-04-21,Desayuno?,P-08,4
T-15003,2024-09-17,  Cena  ,P-06,2
T-14612,2025-06-26,Desayuno?,P-23,4
T-10572,2024-02-06,Desayuno?,P-15,4
T-13389,2024-03-20,Desayuno?,P-08,3
T-17111,2024-08-21,Cena,P-13,4
T-16443,2025-03-12,NULL,P-14,4
T-15309,2024-03-19,Desayuno?,P-25,1
T-13154,2024-06-30,comida,P-17,4
T-16831,2025-09-21,,P-99,1
T-10298,2024-01-13,N/A,P-22,1
T-11304,2024-12-17,N/A,P-10,3
T-13033,2025-03-07,Comida,P-05,4
T-16846,2024-11-08,comida,P-03,4
T-14971,2024-02-22,Desayuno?,P-15,3
T-10551,2025-07-07,Comida,P-12,2
T-14142,2024-10-11,Cena,P-24,1
T-10337,2024-12-24,Cena,P-21,2
T-13458,2024-05-03,Cena,P-99,1
T-14693,2025-09-27,  Cena  ,P-03,2
T-17732,2024-03-01,,P-16,1
T-13693,2024-07-04,comida,P-03,4
T-12793,2024-08-27,,P-12,3
T-16198,2024-02-22,,P-21,1
T-10929,2025-01-23,Cena,P-19,2
T-15927,2024-01-14,comida,P-17,1
T-14115,2025-09-07,N/A,P-08,2
T-12402,2024-05-06,CENA,P-02,2
T-14752,2024-08-16,Desayuno?,P-22,2
T-14485,2025-02-23,NULL,P-09,3
T-11649,06/06/2025,Comida,P-19,4
T-14975,2025-06-05,comida,P-20,4
T-15051,2024-05-05,comida,P-99,2
T-13361,2024-06-19,CENA,P-16,1
T-15263,2025-04-21,,P-25,4
T-14719,2025-01-09,comida,P-22,4
T-12232,2025-04-05,CENA,P-23,2
T-13933,25/07/2025,NULL,P-15,4
T-13885,2025-03-18,Cena,P-02,4
T-13977,2025-04-21,Comida,P-01,3
T-11374,2025-04-11,comida,P-08,4
T-10510,2024-07-27,Cena,P-16,4
T-15719,2024-12-16,Cena,P-10,2
T-12879,2025-08-06,Cena,P-05,1
T-15480,2024-06-07,NULL,P-02,3
T-17365,2025-11-27,Cena,P-10,4
T-14753,2024-01-25,N/A,P-11,4
T-13510,2024-07-12,  Cena  ,P-20,3
T-16446,2024-05-17,N/A,P-06,3
T-13380,2025-10-24,  Cena  ,P-17,4
T-12476,2024-11-03,Comida,P-02,2
T-15361,2025-05-17,  Cena  ,P-18,2
T-12721,2025-11-13,Comida,P-11,3
T-10864,2025-08-01,N/A,P-11,4
T-12912,2025-11-30,NULL,P-01,1
T-14695,2024-12-19,comida,P-08,2
T-15698,2024-09-29,Desayuno?,P-23,2
T-16407,2024-07-10,NULL,P-17,3
T-14314,25/05/2025,  Cena  ,P-24,-1
T-13681,2024-03-13,,P-06,4
T-15041,2025-12-31,comida,P-06,3
T-11487,2025-05-13,NULL,P-10,1
T-11556,2025-08-07,Comida,P-10,1
T-11890,2024-04-06,comida,P-08,3
T-11707,2025-06-30,  Cena  ,P-11,2
T-16158,2025-01-06,Cena,P-18,3
T-16600,2025-04-01,N/A,P-21,2
T-11738,2024-07-16,comida,P-15,1
T-10536,2024-03-30,  Cena  ,P-21,4
T-10713,2024-02-22,Cena,P-11,3
T-14640,2025-05-05,Comida,P-07,2
T-10782,2024-08-31,Comida,P-13,4
T-13180,2025-12-09,comida,P-05,3
T-14639,2025-12-09,N/A,P-01,2
T-12604,2025-01-29,Desayuno?,P-18,2
T-12941,2024-05-04,Comida,P-10,1
T-10174,2024-12-22,Desayuno?,P-13,1
T-12593,2025-03-10,  Cena  ,P-05,4
T-17742,2025-01-09,Cena,P-13,2
T-15269,2025-11-03,NULL,P-07,3
T-16583,2024-11-23,Cena,P-05,3
T-15301,2024-12-30,comida,P-21,1
T-16044,2024-03-20,  Cena  ,P-14,3
T-17763,2025-09-14,comida,P-09,1
T-10293,2024-03-09,Comida,P-21,4
T-13971,2024-08-03,  Cena  ,P-24,3
T-17421,2024-02-02,N/A,P-15,4
T-15668,2024-02-25,Cena,P-11,1
T-14626,2025-12-01,comida,P-22,2
T-13375,2025-05-30,N/A,P-20,2
T-17174,2024-04-07,Desayuno?,P-14,4
T-14276,2024-05-02,NULL,P-09,3
T-16271,2025-04-22,N/A,P-22,1
T-17506,2024-11-30,  Cena  ,P-04,2
T-12849,2024-03-02,Cena,P-12,4
T-12753,2024-07-21,,P-13,1
T-15208,2024-09-05,N/A,P-25,4
T-10097,2025-10-26,Cena,P-13,2
T-14252,2025-09-28,N/A,P-10,2
T-17738,2025-08-15,N/A,P-04,4
T-12915,2024-02-15,Comida,P-04,1
T-17414,2024-08-23,,P-21,3
T-10763,2025-03-14,Desayuno?,P-22,1
T-13985,2024-09-29,Desayuno?,P-20,3
T-17848,2024-11-05,CENA,P-03,2
T-10719,2025-01-07,CENA,P-22,2
T-16717,2025-06-07,Comida,P-13,1
T-11886,2025-11-14,Cena,P-12,2
T-16042,2025-05-23,Desayuno?,P-06,3
T-12239,2024-12-01,CENA,P-06,2
T-11231,2024-08-16,Desayuno?,P-05,2
T-15818,2025-04-16,comida,P-07,4
T-16733,2025-12-06,  Cena  ,P-03,1
T-13354,2025-06-28,Cena,P-12,1
T-13845,2025-10-06,CENA,P-10,4
T-16606,2025-07-24,Desayuno?,P-15,4
T-16465,2025-05-03,N/A,P-06,1
T-12122,2025-12-15,comida,P-09,1
T-10205,2025-02-19,  Cena  ,P-07,3
T-16039,2025-08-02,Cena,P-22,4
T-17983,2024-06-08,CENA,P-06,2
T-17651,2025-02-21,NULL,P-08,4
T-13638,2024-01-28,Desayuno?,P-25,4
T-17401,2024-12-23,  Cena  ,P-09,1
T-16472,2024-10-19,Desayuno?,P-09,3
T-14353,26/08/2025,Cena,P-23,4
T-10545,2025-12-12,  Cena  ,P-08,2
T-13038,23/07/2024,Cena,P-12,2
T-15351,2024-04-28,  Cena  ,P-16,1
T-14481,2025-08-15,NULL,P-19,3
T-17405,2025-05-27,comida,P-17,3
T-13284,2024-09-21,Comida,P-14,1
T-12418,16/10/2024,,P-01,3
T-11656,2025-01-27,  Cena  ,P-11,3
T-17826,2024-03-03,N/A,P-19,2
T-12869,2024-01-05,CENA,P-17,4
T-16744,26/11/2024,CENA,P-24,2
T-12206,2025-12-26,CENA,P-22,1
T-15999,2024-12-27,  Cena  ,P-24,1
T-10556,2024-12-02,comida,P-10,1
T-12853,2024-10-17,N/A,P-18,1
T-10273,2024-09-11,CENA,P-17,2
T-17199,2025-04-19,N/A,P-03,2
T-17714,2024-03-13,CENA,P-17,2
T-15338,2025-02-04,Comida,P-05,4
T-14372,2025-08-16,Comida,P-22,2
T-13576,2024-02-27,comida,P-11,2
T-11537,2024-05-21,Desayuno?,P-15,4
T-13554,2025-06-06,Desayuno?,P-12,4
T-12991,2025-03-31,Cena,P-12,3
T-13486,2024-12-19,Cena,P-03,2
T-16050,2025-08-18,Cena,P-20,4
T-12365,2025-12-15,Desayuno?,P-13,4
T-11306,2024-12-20,Comida,P-24,3
T-13062,2025-12-16,Cena,P-12,1
T-14854,2025-12-10,Cena,P-15,1
T-14331,2024-09-25,CENA,P-25,4
T-16307,2024-07-01,,P-23,2
T-14799,2025-03-15,comida,P-22,4
T-11630,2024-12-26,Cena,P-16,4
T-10753,2024-01-20,Desayuno?,P-08,1
T-16581,2024-09-05,NULL,P-24,1
T-10515,2025-03-22,NULL,P-22,2
T-12808,2024-07-09,Comida,P-09,4
T-15062,2024-05-02,Desayuno?,P-01,2
T-10322,2024-06-12,NULL,P-12,1
T-10036,2025-03-31,Comida,P-25,3
T-14655,2025-09-02,  Cena  ,P-23,2
T-14230,2025-05-31,  Cena  ,P-17,2
T-15014,04/07/2024,NULL,P-21,2
T-16948,2024-08-07,CENA,P-99,4
T-16383,2025-01-06,  Cena  ,P-18,2
T-10304,2024-05-16,Cena,P-09,3
T-17510,2025-03-29,Comida,P-23,1
T-10344,2024-01-14,NULL,P-16,2
T-15861,2025-10-07,NULL,P-14,4
T-17324,2024-01-10,comida,P-05,2
T-16307,2024-05-18,CENA,P-20,4
T-16756,2024-04-14,  Cena  ,P-13,1
T-14443,30/08/2025,Desayuno?,P-06,4
T-13467,2024-05-20,CENA,P-22,2
T-12176,2025-07-10,NULL,P-07,1
T-10848,2024-03-14,  Cena  ,P-04,4
T-13201,2024-03-19,,P-01,3
T-12762,2024-08-18,Comida,P-06,2
T-12872,2024-04-24,,P-06,3
T-10967,2024-02-09,Comida,P-23,3
T-16457,2025-11-11,Comida,P-18,4
T-11214,2025-03-21,,P-05,2
T-13161,2025-02-11,comida,P-17,1
T-15586,2024-08-05,Cena,P-12,3
T-12966,2024-02-16,NULL,P-06,2
T-13666,2025-07-20,Comida,P-03,2
T-13983,2024-10-13,CENA,P-11,3
T-16613,2024-12-25,,P-06,3
T-15338,2024-04-01,Desayuno?,P-14,3
T-16499,2025-11-09,N/A,P-13,1
T-11745,2025-02-28,CENA,P-18,4
T-16193,2025-04-08,NULL,P-15,4
T-12503,2024-03-01,Comida,P-07,4
T-13017,2025-03-17,comida,P-12,2
T-13122,2024-01-08,Comida,P-24,4
T-11327,2024-02-21,comida,P-14,3
T-11861,21/12/2025,CENA,P-22,4
T-17541,2025-01-31,Desayuno?,P-22,-1
T-13668,2024-05-15,N/A,P-22,3
T-12026,19/01/2025,NULL,P-04,3
T-11738,24/05/2024,Comida,P-25,2
T-11532,2025-10-27,  Cena  ,P-01,3
T-12996,2024-01-27,  Cena  ,P-22,4
T-14029,2025-06-05,comida,P-05,4
T-10415,2024-04-22,Desayuno?,P-12,1
T-12306,2025-03-18,CENA,P-08,1
T-15816,2024-04-11,,P-21,2
T-16099,2025-12-01,NULL,P-03,3
T-13307,2024-01-24,comida,P-13,1
T-11253,2025-01-16,N/A,P-24,4
T-12688,2024-09-18,Desayuno?,P-05,2
T-10848,2025-12-18,,P-08,2
T-11370,2025-01-03,CENA,P-24,2
T-14270,2025-04-17,Desayuno?,P-07,4
T-12721,2025-12-22,  Cena  ,P-19,2
T-16828,2024-02-10,Cena,P-12,4
T-13163,2025-06-06,comida,P-20,4
T-10995,16/01/2024,Cena,P-17,4
T-15854,2024-06-14,comida,P-05,1
T-14949,2024-12-14,comida,P-20,1
T-13911,2025-06-10,comida,P-18,3
T-16233,30/04/2024,Comida,P-14,1
T-10075,2024-08-26,Desayuno?,P-23,1
T-13471,2024-07-30,NULL,P-13,1
T-12866,2025-04-21,  Cena  ,P-15,1
T-14141,2024-04-20,Comida,P-06,3
T-15644,2024-06-13,  Cena  ,P-02,1
T-13348,2024-07-12,Cena,P-05,2
T-10846,2025-05-28,Desayuno?,P-24,2
T-11156,2025-09-07,CENA,P-19,2
T-10101,2024-11-01,comida,P-21,3
T-13172,2025-12-27,Cena,P-16,3
T-12898,2024-04-05,NULL,P-05,2
T-14057,2025-05-19,Comida,P-20,3
T-16192,2025-07-24,N/A,P-04,3
T-12762,2025-12-13,Cena,P-09,1
T-14805,2025-11-15,NULL,P-16,2
T-13715,2025-02-05,Cena,P-25,2
T-14446,2024-04-15,N/A,P-02,2
T-10666,2025-08-23,comida,P-25,3
T-12915,2025-08-12,  Cena  ,P-99,4
T-12377,2025-08-24,Desayuno?,P-23,1
T-12467,24/12/2025,Cena,P-11,3
T-17089,2024-01-16,CENA,P-11,2
T-13936,2025-09-09,Comida,P-18,2
T-16620,2024-10-16,CENA,P-20,4
T-15298,2024-08-31,NULL,P-20,4
T-17298,2025-01-20,Cena,P-13,4
T-14736,2025-11-23,Cena,P-23,2
T-15776,2024-11-25,NULL,P-23,1
T-16869,2024-09-28,Cena,P-07,2
T-15056,2024-02-16,  Cena  ,P-10,2
T-10826,2025-06-05,CENA,P-23,3
T-15286,2025-05-12,NULL,P-15,3
T-12747,2024-09-07,NULL,P-06,3
T-13210,2024-07-12,  Cena  ,P-14,3
T-13574,2025-07-21,,P-12,1
T-11619,2024-12-26,  Cena  ,P-10,2
T-12599,10/02/2025,,P-06,2
T-11557,2024-09-29,N/A,P-22,-1
T-10717,2024-10-24,N/A,P-11,3
T-13263,2024-10-29,,P-99,1
T-16485,2025-08-13,N/A,P-22,4
T-10546,2025-08-10,CENA,P-03,2
T-15015,2024-07-28,CENA,P-09,2
T-13650,2025-01-13,Desayuno?,P-02,1
T-16523,2025-04-22,Desayuno?,P-18,4
T-14001,2025-06-13,N/A,P-09,4
T-17730,2025-10-12,,P-99,3
T-15815,2024-04-10,  Cena  ,P-25,2
T-16171,2025-05-07,N/A,P-15,4
T-11340,2025-02-26,Desayuno?,P-07,3
T-16506,2024-07-07,N/A,P-16,1
T-13686,2025-12-18,NULL,P-08,1
T-15460,2024-03-09,comida,P-17,1
T-13738,2025-10-31,Cena,P-10,2
T-14675,2025-02-07,Cena,P-11,3
T-14483,2025-12-12,Desayuno?,P-09,4
T-17498,2025-12-19,NULL,P-12,4
T-16755,2024-02-29,Comida,P-16,4
T-10290,2025-03-30,CENA,P-13,1
T-16623,04/07/2024,Cena,P-14,1
T-17261,2025-11-04,  Cena  ,P-24,4
T-12845,2025-12-23,  Cena  ,P-07,4
T-16140,2025-04-29,NULL,P-14,1
T-11918,2025-07-01,NULL,P-23,1
T-12758,2024-10-03,N/A,P-03,2
T-17184,2025-05-12,Desayuno?,P-12,2
T-10850,2025-05-08,,P-05,1
T-17086,2024-04-23,  Cena  ,P-23,1
T-11028,2024-10-01,Comida,P-24,3
T-10627,2024-02-20,comida,P-01,4
T-12215,2025-01-22,NULL,P-19,3
T-16852,2025-04-23,Comida,P-05,2
T-17547,2024-04-07,Desayuno?,P-11,4
T-17286,2025-03-31,comida,P-24,1
T-17363,2025-06-04,NULL,P-22,3
T-13551,2024-09-14,,P-10,3
T-16086,2024-06-22,NULL,P-02,4
T-12580,04/10/2025,Comida,P-11,1
T-12523,2025-08-11,Cena,P-13,3
T-16719,2024-12-07,N/A,P-19,3
T-12087,2025-12-21,,P-19,4
T-10777,2024-10-03,Cena,P-21,3
T-16648,2024-10-28,Comida,P-24,3
T-11834,2024-04-10,Desayuno?,P-12,1
T-17293,2024-10-03,  Cena  ,P-04,2
T-13357,2024-09-11,NULL,P-20,2
T-11147,2025-08-10,Cena,P-24,4
T-16353,2024-05-28,CENA,P-01,1
T-12118,2024-09-21,Desayuno?,P-21,1
T-13120,02/08/2024,Comida,P-12,3
T-12568,2025-05-30,Desayuno?,P-99,1
T-17463,24/04/2025,N/A,P-03,1
T-13509,2024-11-15,CENA,P-06,2
T-11101,2024-04-03,CENA,P-23,1
T-12819,2024-07-01,CENA,P-12,3
T-16768,2025-03-31,CENA,P-22,2
T-11988,2024-07-21,N/A,P-01,1
T-14197,2025-09-07,comida,P-20,2
T-13899,2024-06-01,comida,P-03,3
T-11874,2025-03-15,comida,P-16,3
T-11460,2025-10-22,CENA,P-05,4
T-15258,2024-11-29,comida,P-11,4
T-15154,2024-04-04,N/A,P-22,2
T-11204,2025-01-10,N/A,P-12,2
T-17329,2024-05-14,NULL,P-19,4
T-14035,2025-01-18,CENA,P-23,3
T-10724,2024-07-31,comida,P-24,3
T-12823,2025-05-03,Desayuno?,P-21,2
T-15467,2025-05-13,Comida,P-25,1
T-10412,2025-05-28,Cena,P-12,4
T-17482,2025-04-18,Desayuno?,P-16,2
T-11664,2025-12-08,comida,P-04,1
T-10122,2024-09-23,Desayuno?,P-20,2
T-12901,2025-08-02,NULL,P-22,3
T-13131,2024-10-05,  Cena  ,P-16,3
T-17812,18/10/2024,Cena,P-05,3
T-10052,2025-11-21,N/A,P-18,4
T-11051,2025-03-21,Desayuno?,P-17,2
T-11472,2024-07-19,Cena,P-07,3
T-11772,2025-12-15,Cena,P-18,1
T-10074,2024-04-09,Comida,P-25,1
T-17769,2025-03-26,Comida,P-18,3
T-15825,2025-12-06,CENA,P-20,4
T-11358,2025-10-09,comida,P-16,3
T-17551,2025-01-29,CENA,P-03,4
T-15893,28/04/2024,,P-01,4
T-17566,2024-07-28,Comida,P-01,1
T-15943,2025-03-16,Desayuno?,P-05,2
T-12876,2025-07-10,Cena,P-01,2
T-16045,2025-03-08,Desayuno?,P-21,4
T-16101,03/10/2025,NULL,P-11,1
T-12512,2024-04-25,Cena,P-10,3
T-12333,2025-08-31,Cena,P-05,3
T-13279,2025-06-19,Cena,P-10,2
T-15282,2024-03-07,comida,P-18,4
T-15482,2024-08-06,  Cena  ,P-18,2
T-15172,2025-06-03,Cena,P-13,2
T-15780,2024-06-17,Desayuno?,P-07,4
T-10164,2024-12-20,N/A,P-11,2
T-15569,2024-02-11,Comida,P-15,4
T-17999,2024-08-12,Desayuno?,P-99,1
T-12169,2024-09-19,  Cena  ,P-13,2
T-10004,2025-03-11,N/A,P-06,1
T-10458,2024-07-31,CENA,P-09,2
T-14840,2025-02-27,Cena,P-18,2
T-12219,2024-11-30,comida,P-12,3
T-17857,2025-11-25,Desayuno?,P-06,3
T-13151,2024-01-18,comida,P-14,4
T-17857,2025-05-24,Comida,P-24,2
T-12385,2025-02-15,Desayuno?,P-15,2
T-13253,2025-10-12,Cena,P-25,4
T-11030,2025-01-05,Cena,P-12,3
T-15270,2025-05-16,comida,P-08,1
T-16297,2025-12-22,Desayuno?,P-09,1
T-16443,12/10/2024,Cena,P-13,4
T-12659,2024-12-20,CENA,P-14,4
T-16102,2025-01-21,CENA,P-15,3
T-12360,04/12/2025,Comida,P-09,4
T-17014,2024-05-03,,P-11,3
T-16699,2024-11-26,CENA,P-20,1
T-16921,2024-07-26,comida,P-16,2
T-12095,2024-06-21,NULL,P-19,1
T-11597,2024-06-04,N/A,P-04,1
T-12151,2024-07-16,CENA,P-18,2
T-16569,2024-06-10,Desayuno?,P-23,-1
T-11172,2024-02-29,Desayuno?,P-12,4
T-11658,2025-05-22,Cena,P-17,4
T-14414,2025-08-16,,P-24,3
T-10246,2024-06-10,N/A,P-02,3
T-15658,2025-04-07,Desayuno?,P-23,2
T-15239,2025-02-07,Cena,P-12,2
T-13280,21/09/2024,NULL,P-10,3
T-12681,2025-03-26,  Cena  ,P-08,2
T-11504,2024-03-31,comida,P-18,2
T-14146,2025-08-20,comida,P-04,2
T-17003,2024-05-13,N/A,P-04,3
T-16040,2025-04-09,N/A,P-04,4
T-12773,2025-12-28,comida,P-11,4
T-17304,2024-09-09,Cena,P-16,4
T-17399,2025-04-07,NULL,P-11,1
T-15623,2025-10-24,CENA,P-04,4
T-16801,2025-04-12,NULL,P-16,1
T-10288,2024-06-13,Comida,P-07,1
T-12208,2024-05-18,CENA,P-22,3
T-10191,2025-05-31,Cena,P-03,2
T-16538,2025-09-21,NULL,P-07,3
T-16270,2024-05-05,NULL,P-16,1
T-10097,2024-02-25,Desayuno?,P-23,2
T-17101,2025-09-26,CENA,P-11,2
T-10780,2024-05-11,CENA,P-01,1
T-13971,2025-06-24,comida,P-01,4
T-17637,2024-10-22,Desayuno?,P-15,2
T-13433,2024-12-22,Comida,P-21,1
T-15834,2024-11-28,comida,P-21,2
T-12550,2025-09-14,NULL,P-23,2
T-17931,2025-08-21,CENA,P-13,2
T-15597,2025-09-20,Desayuno?,P-13,3
T-15646,2024-03-24,Desayuno?,P-23,3
T-15674,2024-09-30,Cena,P-14,4
T-16079,2025-10-16,comida,P-17,1
T-16883,2024-02-13,CENA,P-17,4
T-15338,2025-06-02,Cena,P-06,4
T-11016,2024-06-21,  Cena  ,P-19,4
T-16833,2025-11-29,,P-05,1
T-11838,2025-01-12,NULL,P-05,1
T-16734,2024-09-16,Desayuno?,P-99,2
T-15256,2025-08-29,N/A,P-24,3
T-17641,2025-06-29,NULL,P-11,4
T-17259,2025-07-27,Comida,P-24,2
T-12026,2025-08-23,CENA,P-06,2
T-14975,2024-03-15,NULL,P-21,2
T-10721,2024-03-16,NULL,P-17,1
T-12815,2025-08-08,NULL,P-24,1
T-14284,2024-12-11,comida,P-11,3
T-10422,2024-01-13,N/A,P-10,1
T-10919,2025-09-13,N/A,P-16,3
T-13060,2024-12-16,comida,P-06,4
T-15601,2024-09-29,Comida,P-06,3
T-15236,2024-03-24,Cena,P-17,4
T-16562,2024-02-10,Desayuno?,P-17,2
T-17235,2024-05-07,comida,P-14,3
T-16917,2024-06-05,Desayuno?,P-20,2
T-11439,2025-02-14,NULL,P-07,1
T-12864,2025-09-01,  Cena  ,P-22,2
T-12201,2024-03-12,Cena,P-02,1
T-15681,11/06/2025,NULL,P-99,2
T-10398,2024-05-08,comida,P-13,4
T-12752,2024-06-23,NULL,P-21,2
T-17026,2024-11-26,CENA,P-08,4
T-11349,2024-09-30,Cena,P-20,1
T-16408,2025-06-21,Cena,P-21,1
T-10652,2024-06-04,Desayuno?,P-11,3
T-12743,2024-02-10,,P-18,1
T-12453,2024-08-25,comida,P-18,4
T-17775,2024-08-14,comida,P-03,3
T-10282,2025-02-10,  Cena  ,P-02,4
T-11093,2024-10-01,Desayuno?,P-11,4
T-10634,2024-06-10,  Cena  ,P-04,4
T-17266,2025-02-13,comida,P-13,3
T-12146,2025-03-17,N/A,P-22,4
T-10236,2025-07-07,comida,P-01,4
T-14515,2024-12-22,Comida,P-09,4
T-17431,2024-09-25,CENA,P-09,1
T-13066,2025-11-16,comida,P-16,3
T-11302,2025-07-22,  Cena  ,P-15,2
T-10838,2024-03-15,NULL,P-19,3
T-15025,2024-11-21,Desayuno?,P-10,4
T-13899,2024-09-24,  Cena  ,P-22,1
T-12035,2024-08-18,Comida,P-99,4
T-17751,2025-04-15,Comida,P-22,1
T-11386,2025-09-12,Cena,P-04,1
T-13973,2024-07-06,,P-17,4
T-11172,2025-06-29,CENA,P-05,4
T-17900,2025-09-18,NULL,P-16,3
T-11589,2025-09-30,N/A,P-15,2
T-12658,2025-12-21,comida,P-22,2
T-13981,2024-04-12,Cena,P-21,3
T-11363,2025-12-19,NULL,P-02,4
T-17902,2024-02-24,comida,P-04,1
T-12276,2025-02-12,NULL,P-08,1
T-14133,2025-09-08,N/A,P-12,4
T-17971,2024-01-07,N/A,P-10,4
T-15970,2025-04-04,NULL,P-17,3
T-13820,2024-02-08,Comida,P-25,3
T-10449,2024-12-30,,P-20,4
T-16929,2025-02-04,comida,P-21,4
T-14929,2025-03-06,NULL,P-08,2
T-11762,2024-10-30,N/A,P-23,3
T-15412,2025-11-30,Desayuno?,P-07,3
T-15012,2024-11-29,CENA,P-12,1
T-13964,2025-02-17,  Cena  ,P-06,2
T-17157,2025-09-10,CENA,P-20,3
T-12488,2025-11-20,CENA,P-05,3
T-14944,2025-08-16,Desayuno?,P-13,1
T-13033,2025-08-04,CENA,P-19,1
T-17842,2024-04-22,Comida,P-18,-1
T-17246,2025-05-05,  Cena  ,P-03,2
T-13677,2025-08-13,NULL,P-08,2
T-10645,2024-12-19,Comida,P-17,4
T-11992,2024-12-16,N/A,P-05,1
T-16711,30/10/2025,,P-19,3
T-14251,2025-05-19,N/A,P-13,2
T-14289,2024-04-20,Cena,P-13,1
T-11794,2025-01-10,CENA,P-16,2
T-10496,2025-01-02,Cena,P-06,4
T-12958,2025-08-04,CENA,P-01,2
T-13829,2024-07-14,,P-11,3
T-16058,2024-05-21,NULL,P-18,1
T-12285,2024-05-11,NULL,P-25,3
T-17733,2025-02-22,N/A,P-02,3
T-16009,2024-07-31,  Cena  ,P-18,3
T-17131,2024-08-06,comida,P-10,2
T-16927,2025-05-09,  Cena  ,P-02,1
T-11596,2025-08-03,  Cena  ,P-24,2
T-16051,2025-05-30,N/A,P-25,3
T-16681,2025-08-09,Cena,P-05,1
T-14420,22/04/2024,Desayuno?,P-03,4
T-11392,2024-06-28,Desayuno?,P-05,4
T-15171,2025-06-28,Desayuno?,P-05,4
T-12730,2024-03-13,N/A,P-18,1
T-13257,2025-11-14,N/A,P-07,2
T-14704,2025-01-12,CENA,P-03,1
T-17411,2025-08-01,Comida,P-04,3
T-13269,2024-08-29,Cena,P-20,3
T-11074,2025-07-08,Cena,P-15,1
T-10677,2025-01-13,  Cena  ,P-16,2
T-11686,10/09/2025,  Cena  ,P-05,3
T-14312,2024-05-29,Cena,P-19,1
T-17269,2024-12-02,comida,P-17,3
T-16916,2024-01-02,,P-07,4
T-14968,2024-07-08,Comida,P-20,1
T-10568,2024-07-26,N/A,P-04,4
T-12646,2025-03-30,Desayuno?,P-17,2
T-10892,2024-07-21,,P-11,4
T-17059,2024-01-14,Cena,P-09,1
T-13306,2025-05-22,Desayuno?,P-02,3
T-17462,2025-03-06,comida,P-08,4
T-14149,2024-08-30,Cena,P-99,2
T-12520,2024-11-07,CENA,P-14,2
T-16806,2024-03-10,Desayuno?,P-18,4
T-15864,2024-08-21,Desayuno?,P-01,3
T-16940,2025-06-16,Cena,P-07,4
T-13823,2025-08-29,Cena,P-06,4
T-14161,2024-04-03,NULL,P-03,2
T-13509,2025-05-20,Comida,P-01,4
T-11239,2024-06-14,Cena,P-17,3
T-17175,2025-01-12,,P-06,1
T-16921,2025-04-16,N/A,P-25,2
T-12239,2024-10-21,  Cena  ,P-24,3
T-14335,2025-05-08,CENA,P-01,1
T-11863,2024-07-23,Cena,P-13,4
T-12199,2025-09-21,NULL,P-18,2
T-10729,2024-12-06,comida,P-11,1
T-16746,2025-09-17,Comida,P-19,4
T-14507,2024-09-09,N/A,P-99,1
T-17991,2025-09-10,Comida,P-13,4
T-12322,2025-04-18,comida,P-03,1
T-17193,2025-09-05,Comida,P-07,1
T-16211,2025-06-16,  Cena  ,P-16,4
T-11932,2025-08-08,Desayuno?,P-08,4
T-13565,2024-08-28,NULL,P-03,2
T-17438,2025-08-20,NULL,P-19,1
T-14892,2025-02-02,comida,P-11,1
T-10354,2024-02-07,NULL,P-15,4
T-15833,2024-04-28,comida,P-25,3
T-15095,2024-03-23,NULL,P-19,3
T-10771,2024-10-30,CENA,P-16,3
T-14232,2024-02-23,Cena,P-22,2
T-17283,2024-01-27,comida,P-12,2
T-11160,2024-05-06,N/A,P-17,4
T-13669,2025-04-22,NULL,P-16,2
T-15357,2025-06-02,Cena,P-17,4
T-12502,2025-12-20,comida,P-18,4
T-15928,2025-01-11,Desayuno?,P-23,2
T-12529,2024-08-13,Comida,P-05,3
T-15213,2024-08-18,Desayuno?,P-17,4
T-13777,2025-06-22,N/A,P-06,3
T-13340,2025-06-28,Cena,P-03,4
T-14815,2025-08-14,Desayuno?,P-01,2
T-16358,2025-04-05,N/A,P-02,3
T-13951,2024-08-22,Cena,P-24,2
T-17661,2024-07-30,,P-19,2
T-11158,2025-11-24,  Cena  ,P-20,3
T-17463,2025-06-16,CENA,P-06,4
T-11494,2024-12-06,N/A,P-19,4
T-16940,2025-01-15,  Cena  ,P-12,3
T-16570,2024-09-18,Desayuno?,P-12,1
T-14140,2024-02-13,comida,P-10,2
T-12888,11/05/2024,Comida,P-22,1
T-17937,2024-02-22,  Cena  ,P-05,3
T-12324,2024-01-14,N/A,P-21,4
T-10527,2025-03-29,Comida,P-22,1
T-17342,2025-12-30,Desayuno?,P-21,3
T-16289,2025-05-22,Comida,P-02,2
T-13974,05/10/2025,comida,P-06,3
T-11309,2025-06-09,,P-25,2
T-11839,2025-01-05,NULL,P-18,3
T-16409,2024-05-27,Desayuno?,P-06,3
T-17014,2024-01-24,CENA,P-12,4
T-12497,2025-11-11,CENA,P-16,2
T-11318,2025-10-13,,P-13,4
T-10437,2025-04-30,Cena,P-17,3
T-15585,2025-11-02,NULL,P-02,-1
T-14945,2024-11-22,Cena,P-11,2
T-13716,2024-07-31,Comida,P-23,3
T-13294,2025-02-11,  Cena  ,P-05,3
T-17137,12/06/2025,comida,P-16,2
T-17741,2025-08-02,NULL,P-19,4
T-11297,2024-11-24,CENA,P-13,2
T-17401,08/08/2025,N/A,P-01,3
T-10743,2024-12-24,Comida,P-21,4
T-16748,2025-08-13,NULL,P-18,2
T-11416,2024-08-06,Cena,P-11,4
T-16697,2025-04-21,Comida,P-16,3
T-17029,2024-12-17,Desayuno?,P-03,4
T-13597,2025-05-30,N/A,P-07,-1
T-15418,2025-04-21,NULL,P-02,2
T-13201,2025-05-04,,P-16,4
T-10180,2024-06-29,NULL,P-23,3
T-10246,2024-07-07,,P-12,1
T-10100,2025-03-02,Cena,P-12,3
T-15571,2024-03-05,  Cena  ,P-19,4
T-17266,2025-01-06,Cena,P-14,3
T-11637,2024-09-10,CENA,P-14,3
T-10731,2024-11-04,comida,P-99,2
T-11610,2024-09-16,Desayuno?,P-09,2
T-10504,2024-10-29,NULL,P-17,2
T-13762,2024-10-11,Comida,P-23,2
T-10832,2024-10-27,N/A,P-02,2
T-12990,2025-08-29,,P-23,1
T-16578,2025-05-17,comida,P-01,2
T-11446,2024-06-01,NULL,P-21,-1
T-13898,2024-07-26,comida,P-19,2
T-12559,2024-07-29,Desayuno?,P-24,1
T-11079,2025-10-14,comida,P-03,3
T-16644,2024-09-05,N/A,P-23,3
T-13977,2025-07-10,Cena,P-20,4
T-17780,2024-11-07,Comida,P-12,4
T-15696,2024-03-10,Desayuno?,P-09,3
T-11949,2025-09-13,  Cena  ,P-21,1
T-16383,2024-03-01,NULL,P-07,4
T-15016,2024-05-02,Cena,P-20,4
T-13949,2024-08-28,  Cena  ,P-03,4
T-14222,2025-08-23,CENA,P-12,2
T-17097,2024-09-06,  Cena  ,P-18,2
T-15344,05/10/2024,N/A,P-05,3
T-12651,2024-12-22,  Cena  ,P-22,1
T-15218,2025-03-25,comida,P-12,2
T-11959,2024-01-14,Cena,P-04,1
T-15947,2024-11-28,CENA,P-07,3
T-12108,2025-06-07,comida,P-99,3
T-17160,2025-05-11,Desayuno?,P-04,1
T-10795,2024-08-24,NULL,P-09,1
T-12886,2024-08-07,comida,P-03,3
T-14767,05/04/2024,Cena,P-14,1
T-12007,2024-06-29,N/A,P-20,2
T-12360,2024-12-17,NULL,P-05,1
T-17619,2025-08-27,Comida,P-08,4
T-12404,2025-05-22,Comida,P-07,1
T-17814,2025-07-27,Cena,P-22,2
T-12483,2025-04-10,Comida,P-23,3
T-17727,2024-02-23,Comida,P-02,2
T-17625,2025-02-09,CENA,P-17,4
T-15839,2024-05-11,  Cena  ,P-11,2
T-11334,2024-02-08,CENA,P-02,2
T-15766,25/08/2024,  Cena  ,P-21,4
T-15243,2025-07-24,NULL,P-01,4
T-15359,2024-07-17,N/A,P-99,3
T-11188,2024-02-22,  Cena  ,P-04,3
T-10254,2024-07-04,CENA,P-17,3
T-11810,2024-12-16,NULL,P-20,2
T-10561,2024-06-28,  Cena  ,P-13,3
T-14639,2025-08-05,comida,P-07,3
T-12481,2024-07-12,Desayuno?,P-02,3
T-12050,2025-12-14,comida,P-01,4
T-13650,22/10/2025,N/A,P-07,1
T-15427,2025-07-10,Cena,P-01,3
T-12166,25/05/2025,Cena,P-08,1
T-12604,2024-05-09,CENA,P-19,3
T-16421,2025-07-07,Desayuno?,P-16,2
T-11476,2024-03-19,Cena,P-07,1
T-14170,2024-09-30,  Cena  ,P-04,2
T-15965,2025-06-27,Desayuno?,P-09,2
T-13622,2025-06-10,  Cena  ,P-99,1
T-16819,2025-05-31,Comida,P-08,4
T-16404,2024-05-31,Cena,P-13,3
T-14088,12/06/2024,  Cena  ,P-23,2
T-10215,2024-03-28,  Cena  ,P-20,2
T-14604,2024-07-21,comida,P-18,2
T-17251,2025-12-02,comida,P-14,4
T-10204,2025-06-06,CENA,P-23,4
T-17984,2024-03-08,Desayuno?,P-18,3
T-10943,2024-03-08,Cena,P-07,1
T-17645,2024-01-23,Desayuno?,P-16,2
T-15391,2024-11-18,comida,P-07,2
T-14608,20/05/2024,N/A,P-22,4
T-10187,2024-05-30,Desayuno?,P-06,3
T-16743,2025-05-04,NULL,P-05,2
T-13094,2025-01-02,Comida,P-10,2
T-10744,2025-02-18,Comida,P-04,3
T-14771,2025-01-04,CENA,P-07,2
T-15605,2024-08-03,Comida,P-24,1
T-11731,2024-08-29,N/A,P-23,4
T-12115,2024-10-26,Comida,P-17,1
T-10560,2025-11-23,Cena,P-01,4
T-13949,2025-01-08,Desayuno?,P-23,2
T-16398,2024-11-01,CENA,P-08,4
T-13824,2024-03-03,Comida,P-21,4
T-15151,2025-05-16,NULL,P-01,1
T-17118,2025-05-15,  Cena  ,P-03,1
T-12352,2025-07-13,  Cena  ,P-99,3
T-16668,2024-07-24,comida,P-19,3
T-13305,2025-02-01,Comida,P-12,1
T-17467,2025-07-17,  Cena  ,P-03,4
T-10926,2024-04-19,comida,P-14,3
T-13325,2025-12-31,Desayuno?,P-24,3
T-10079,2025-04-06,Cena,P-99,2
T-16494,20/04/2024,Cena,P-04,1
T-15685,2024-07-23,NULL,P-20,1
T-10586,2025-04-19,Comida,P-14,4
T-12668,2025-08-07,  Cena  ,P-08,1
T-17377,2024-05-20,CENA,P-05,4
T-12925,2024-05-11,Comida,P-13,3
T-13377,2024-04-12,CENA,P-12,1
T-16593,2025-11-29,N/A,P-23,3
T-12437,2025-04-30,  Cena  ,P-12,1
T-11347,2025-04-24,N/A,P-24,1
T-14253,2025-10-11,,P-12,4
T-10655,2024-03-10,Desayuno?,P-17,4
T-11360,2025-11-16,NULL,P-22,4
T-12163,2025-02-05,Cena,P-15,1
T-13558,2024-12-26,comida,P-07,2
T-10122,2024-05-04,Desayuno?,P-08,3
T-15565,2024-11-17,NULL,P-06,4
T-11191,2024-08-13,Cena,P-03,1
T-11436,2024-12-04,,P-10,1
T-16494,2024-09-10,CENA,P-99,2
T-15892,2025-08-12,comida,P-11,1
T-16721,17/06/2024,,P-10,3
T-14936,2025-04-25,Cena,P-21,2
T-17297,27/03/2024,N/A,P-20,1
T-13006,2024-01-03,Comida,P-14,1
T-16800,2025-08-03,CENA,P-18,4
T-17487,2024-06-08,comida,P-15,2
T-14079,24/04/2024,comida,P-04,1
T-15981,2024-08-26,Cena,P-13,1
T-10512,2025-01-12,CENA,P-99,1
T-16833,2025-12-05,  Cena  ,P-25,4
T-16332,2025-01-27,Cena,P-01,1
T-13741,2024-02-01,Comida,P-19,3
T-12233,2025-09-29,  Cena  ,P-04,2
T-11835,2025-10-11,comida,P-18,4
T-10976,2025-11-02,CENA,P-23,4
T-17640,2025-06-26,  Cena  ,P-06,3
T-15228,2024-11-04,N/A,P-24,2
T-17476,2025-05-31,,P-04,3
T-13815,2024-12-22,Desayuno?,P-22,3
T-11306,2024-09-30,  Cena  ,P-14,4
T-16360,2024-05-06,CENA,P-04,2
T-11698,2025-06-30,Cena,P-24,3
T-15058,2024-02-10,NULL,P-06,3
T-17532,2024-03-02,CENA,P-08,3
T-17432,2025-04-18,N/A,P-02,3
T-16665,2024-07-14,Desayuno?,P-13,4
T-10991,2025-02-21,  Cena  ,P-12,3
T-15704,2024-03-15,Cena,P-18,3
T-17244,2025-10-24,comida,P-10,3
T-13786,2024-07-05,comida,P-03,1
T-12357,2024-11-26,N/A,P-18,4
T-11718,2024-06-11,N/A,P-08,2
T-16275,2024-02-27,Desayuno?,P-18,1
T-17105,2024-05-29,comida,P-03,2
T-14862,2025-12-30,Desayuno?,P-08,1
T-16894,2025-09-20,comida,P-12,2
T-11822,2025-05-26,comida,P-06,3
T-14931,2025-02-20,Comida,P-04,1
T-10896,2024-03-04,Cena,P-23,1
T-16029,2024-04-15,Cena,P-16,3
T-12798,2025-05-05,  Cena  ,P-15,3
T-16087,2025-07-22,  Cena  ,P-15,1
T-17979,2025-02-23,Comida,P-19,1
T-10917,2024-05-02,Comida,P-20,4
T-17440,2024-04-13,NULL,P-17,2
T-12233,2024-03-19,N/A,P-14,1
T-14612,2025-10-07,N/A,P-01,3
T-16488,2025-10-16,Desayuno?,P-03,4
T-14366,2024-01-23,comida,P-08,1
T-17950,2025-07-01,Cena,P-25,3
T-10960,03/08/2024,NULL,P-12,3
T-14522,2024-12-09,Desayuno?,P-14,3
T-12215,2025-09-13,Comida,P-22,4
T-13843,2024-11-03,CENA,P-23,4
T-15647,2025-10-15,  Cena  ,P-11,3
T-10636,2025-10-09,  Cena  ,P-22,4
T-14060,2025-12-02,CENA,P-09,2
T-13980,2024-08-18,Comida,P-14,3
T-14478,2024-04-25,CENA,P-16,2
T-17398,2024-05-01,NULL,P-16,4
T-12732,2025-10-01,Desayuno?,P-22,4
T-16748,2025-11-28,N/A,P-99,2
T-14558,2024-05-25,CENA,P-02,1
T-17081,2024-05-23,Desayuno?,P-13,4
T-11031,2024-03-15,NULL,P-21,4
T-11975,2025-08-02,Comida,P-23,2
T-13833,2024-07-22,Desayuno?,P-21,4
T-14524,2025-11-20,comida,P-25,1
T-14993,19/08/2024,Cena,P-23,3
T-15533,2025-09-04,comida,P-24,1
T-13380,2024-02-15,CENA,P-11,4
T-10119,2025-06-01,comida,P-99,2
T-17236,2025-06-15,,P-99,1
T-11828,2025-08-17,Desayuno?,P-09,3
T-14047,2024-06-30,N/A,P-99,3
T-12411,2025-11-14,  Cena  ,P-11,2
T-14825,14/01/2024,Desayuno?,P-12,3
T-12832,2025-09-04,N/A,P-13,2
T-13958,2025-09-02,  Cena  ,P-03,4
T-17764,2025-05-01,comida,P-15,3
T-15947,2024-11-08,NULL,P-05,1
T-16241,2024-09-24,  Cena  ,P-20,4
T-12054,2024-04-29,Cena,P-08,2
T-12744,2025-01-02,Comida,P-16,3
T-10612,2025-02-23,  Cena  ,P-13,1
T-13345,2024-06-28,NULL,P-99,3
T-11305,2025-02-14,CENA,P-18,1
T-14801,2024-03-21,  Cena  ,P-12,4
T-12177,2024-03-17,,P-23,3
T-13093,2025-04-11,NULL,P-17,2
T-15488,2024-02-15,Comida,P-19,3
T-14303,2025-08-03,NULL,P-23,3
T-16815,2024-06-29,NULL,P-14,2
T-16144,2025-02-11,N/A,P-17,4
T-15654,2025-06-03,CENA,P-25,3
T-15892,2024-07-08,comida,P-16,4
T-17362,2024-06-07,,P-18,3
T-11179,2024-01-26,Desayuno?,P-01,3
T-14169,2024-10-18,  Cena  ,P-16,2
T-17847,2024-12-13,N/A,P-13,3
T-15767,2024-06-16,Comida,P-02,4
T-17314,2024-02-16,NULL,P-05,1
T-14839,2024-08-29,Desayuno?,P-05,2
T-16279,2025-05-23,Cena,P-08,2
T-13416,2024-08-29,comida,P-14,2
T-17336,2024-02-17,CENA,P-01,4
T-15822,2025-02-23,Comida,P-18,1
T-16543,2024-04-05,comida,P-06,3
T-17810,2025-08-14,NULL,P-18,2
T-11639,2024-10-04,comida,P-02,3
T-13107,2025-10-29,Comida,P-05,1
T-10881,2025-01-03,Desayuno?,P-17,1
T-13557,2024-12-29,Comida,P-12,3
T-12141,2025-06-26,CENA,P-19,3
T-13373,2025-07-31,NULL,P-22,3
T-13400,2024-07-29,Cena,P-11,3
T-15703,2024-11-11,  Cena  ,P-01,4
T-13551,2024-06-02,Comida,P-22,4
T-10533,2025-11-09,NULL,P-01,1
T-15133,2025-10-15,  Cena  ,P-22,4
T-14052,2025-12-19,Desayuno?,P-13,3
T-16211,2025-09-04,CENA,P-02,2
T-16504,2025-03-03,comida,P-18,4
T-11343,2024-11-01,Desayuno?,P-18,1
T-14780,2025-08-07,CENA,P-21,2
T-16288,2025-11-08,CENA,P-11,3
T-14508,2024-05-13,NULL,P-17,3
T-16286,2025-03-01,CENA,P-05,1
T-16959,2024-01-02,NULL,P-04,2
T-17519,2024-05-29,Desayuno?,P-06,2
T-14562,2025-07-25,Desayuno?,P-11,3
T-13490,2025-04-26,Cena,P-04,4
T-13934,2024-03-31,  Cena  ,P-11,1
T-10053,2025-02-16,Comida,P-06,2
T-10811,09/10/2025,comida,P-23,3
T-12346,2024-03-06,Comida,P-25,3
T-13191,2024-09-03,N/A,P-06,2
T-15511,2024-07-19,Cena,P-08,2
T-12562,2024-03-05,NULL,P-04,2
T-14665,2024-09-12,Comida,P-21,4
T-10805,2025-12-24,N/A,P-07,2
T-11706,2024-06-25,N/A,P-06,1
T-15138,2024-05-13,NULL,P-19,1
T-10516,2025-05-20,  Cena  ,P-06,3
T-16953,22/03/2025,N/A,P-25,1
T-17213,26/05/2024,Comida,P-09,1
T-11504,2025-11-28,CENA,P-20,3
T-12559,2024-04-19,Desayuno?,P-99,1
T-14937,2024-02-09,,P-25,3
T-11844,2025-08-04,comida,P-08,3
T-11935,2025-11-06,NULL,P-22,3
T-12526,2025-08-21,CENA,P-09,3
T-10309,2025-09-05,comida,P-16,2
T-11735,2024-12-02,  Cena  ,P-25,4
T-10342,2025-03-29,comida,P-13,1
T-16517,2025-02-13,,P-12,2
T-16185,2025-02-20,Desayuno?,P-23,3
T-10776,2025-02-02,Desayuno?,P-25,2
T-13489,2024-01-23,Desayuno?,P-22,-1
T-17085,2025-03-12,Comida,P-02,1
T-11159,04/11/2024,CENA,P-06,4
T-17377,2024-03-03,Comida,P-08,1
T-12174,2025-06-05,CENA,P-25,1
T-17220,2025-11-07,Cena,P-17,1
T-10777,2024-05-24,  Cena  ,P-10,4
T-14185,2024-09-08,Comida,P-15,3
T-16551,2025-09-21,Cena,P-20,3
T-14265,2024-09-30,Cena,P-11,1
T-17167,2024-12-23,  Cena  ,P-16,4
T-11535,2025-07-25,Desayuno?,P-05,3
T-15399,2024-10-22,N/A,P-24,1
T-15648,2024-02-23,Desayuno?,P-25,1
T-10509,2024-06-26,CENA,P-09,1
T-16323,2025-02-22,Desayuno?,P-03,1
T-16271,2025-08-06,CENA,P-17,4
T-13661,2024-11-04,  Cena  ,P-18,1
T-15852,2025-04-20,  Cena  ,P-19,4
T-13298,2024-05-07,Comida,P-17,4
T-11377,2024-05-28,CENA,P-99,4
T-11567,2024-01-13,N/A,P-04,1
T-15627,2025-01-08,Comida,P-14,1
T-16646,2025-01-12,Desayuno?,P-04,1
T-14699,2024-12-15,  Cena  ,P-10,4
T-11617,2024-01-15,N/A,P-02,3
T-13908,2025-05-23,,P-99,3
T-10972,2024-04-08,comida,P-22,4
T-15765,2025-06-13,  Cena  ,P-07,2
T-17219,2024-06-11,  Cena  ,P-10,4
T-15797,2024-01-17,Comida,P-15,1
T-16497,2024-03-18,Comida,P-22,2
T-15462,2024-03-05,Desayuno?,P-16,1
T-11107,2025-03-11,CENA,P-03,2
T-11099,2025-08-20,Desayuno?,P-24,4
T-12056,2025-05-02,N/A,P-06,4
T-17227,2024-09-02,  Cena  ,P-13,3
T-12247,2024-08-17,NULL,P-23,3
T-14120,2025-09-01,comida,P-15,3
T-12476,2024-06-17,CENA,P-12,2
T-15347,2024-07-25,comida,P-15,2
T-11846,2024-07-30,Cena,P-20,1
T-11751,2025-10-06,comida,P-17,1
T-15925,2025-04-23,NULL,P-03,3
T-17342,2025-05-03,Desayuno?,P-22,1
T-13825,2025-08-30,CENA,P-13,3
T-17093,2025-11-25,Comida,P-05,-1
T-16718,2024-08-06,Comida,P-06,3
T-11285,2025-06-10,comida,P-07,3
T-10264,2024-03-19,  Cena  ,P-12,3
T-10858,2025-06-03,NULL,P-10,2
T-12097,2024-10-03,CENA,P-02,1
T-10534,2024-03-14,Desayuno?,P-22,3
T-14483,2025-02-23,comida,P-01,1
T-11372,2024-11-02,Comida,P-02,3
T-16628,2024-05-25,NULL,P-01,2
T-17844,2025-03-27,  Cena  ,P-10,4
T-17909,2025-03-04,Desayuno?,P-22,3
T-16254,2024-10-01,  Cena  ,P-23,1
T-14683,2024-12-08,NULL,P-05,3
T-13443,2024-10-14,Cena,P-24,2
T-14758,2025-09-01,Cena,P-16,4
T-10336,2025-03-17,,P-21,3
T-17885,2024-11-07,  Cena  ,P-24,2
T-16116,2025-05-26,Desayuno?,P-15,1
T-14242,2025-06-23,N/A,P-03,2
T-16407,2024-01-09,Cena,P-21,1
T-12847,2025-06-03,NULL,P-23,3
T-11015,2024-04-07,N/A,P-15,4
T-14610,2024-10-07,N/A,P-24,4
T-16936,2024-07-02,NULL,P-17,4
T-14600,2024-05-04,Cena,P-02,3
T-16278,2024-12-10,Comida,P-17,-1
T-11269,2025-02-24,Cena,P-19,4
T-10677,2025-11-13,  Cena  ,P-05,4
T-14159,2024-08-25,comida,P-99,1
T-15637,2025-10-08,N/A,P-02,3
T-14153,2025-04-27,Cena,P-12,4
T-14801,2025-04-12,Desayuno?,P-08,2
T-10696,2025-05-02,comida,P-15,1
T-11926,2024-06-08,Cena,P-04,4
T-10791,2025-02-28,comida,P-07,2
T-14410,2025-01-25,N/A,P-06,3
T-16359,2024-11-17,Comida,P-18,1
T-14755,2025-04-07,NULL,P-06,3
T-11540,2024-11-29,comida,P-24,3
T-15137,2025-09-24,  Cena  ,P-08,4
T-16623,2025-08-23,N/A,P-15,1
T-17546,2025-06-29,Desayuno?,P-18,3
T-17748,2025-05-31,Desayuno?,P-02,4
T-13455,2024-01-03,NULL,P-13,3
T-14550,2024-09-30,Comida,P-12,1
T-11670,2025-02-16,Comida,P-12,3
T-12656,26/02/2025,Comida,P-06,1
T-16026,2024-07-22,Comida,P-19,4
T-14293,2024-05-24,N/A,P-11,2
T-12624,2025-03-06,,P-25,3
T-14668,2024-10-27,Cena,P-11,2
T-16240,2024-09-30,Comida,P-22,2
T-11143,2024-07-20,Comida,P-12,2
T-12325,2025-01-16,Comida,P-04,1
T-12045,27/06/2025,N/A,P-21,2
T-13243,2025-09-24,Desayuno?,P-08,4
T-12598,2024-12-05,  Cena  ,P-05,4
T-15415,2025-03-19,CENA,P-09,3
T-13016,2025-09-15,,P-23,2
T-17232,2024-04-19,Desayuno?,P-22,2
T-13129,2025-04-15,Desayuno?,P-07,1
T-15588,2024-04-03,NULL,P-17,2
T-15173,2025-02-17,,P-01,4
T-16397,2025-03-12,N/A,P-23,1
T-11572,2024-08-14,Cena,P-01,2
T-10378,2025-01-26,Cena,P-14,4
T-16478,08/10/2024,Cena,P-99,3
T-15635,2024-02-17,Comida,P-08,2
T-12083,2025-01-23,N/A,P-05,1
T-17426,2025-04-30,Cena,P-24,4
T-15118,2025-01-22,Comida,P-24,3
T-15241,2025-03-30,  Cena  ,P-10,4
T-12979,2025-12-07,CENA,P-05,4
T-14657,2024-04-18,  Cena  ,P-14,3
T-10791,2025-02-17,Desayuno?,P-16,3
T-11190,2025-10-09,Cena,P-10,4
T-16010,2024-11-23,Cena,P-09,2
T-11563,2024-10-11,CENA,P-21,4
T-14282,2024-01-17,comida,P-23,1
T-11892,2025-07-04,CENA,P-17,2
T-16895,2024-02-28,comida,P-07,2
T-10537,30/05/2025,Cena,P-12,4
T-11113,2024-06-25,Desayuno?,P-22,4
T-10283,2024-05-11,CENA,P-01,3
T-12847,2024-12-16,comida,P-18,1
T-17832,2025-04-14,N/A,P-01,4
T-15125,2025-12-16,CENA,P-07,4
T-10215,2025-03-20,comida,P-11,2
T-10904,2024-06-18,comida,P-18,4
T-14140,2024-11-08,comida,P-05,2
T-10105,2025-03-13,N/A,P-22,2
T-17206,2025-07-27,comida,P-99,2
T-13949,2024-03-18,NULL,P-12,4
T-14630,16/09/2025,Cena,P-14,2
T-13935,2024-10-15,comida,P-12,2
T-11577,2025-12-11,Desayuno?,P-14,4
T-16878,2025-11-18,Comida,P-04,4
T-15885,2024-08-15,Cena,P-23,4
T-13433,2024-03-13,,P-11,4
T-11580,2024-10-28,CENA,P-05,3
T-15413,2024-09-02,Comida,P-12,2
T-12653,2024-04-21,CENA,P-05,3
T-10863,2024-03-04,Cena,P-18,4
T-10620,2024-07-26,Desayuno?,P-20,2
T-11321,2025-01-26,Comida,P-12,2
T-10730,2025-09-28,Comida,P-12,1
T-10860,2025-09-14,  Cena  ,P-02,3
T-10894,2024-11-11,CENA,P-12,4
T-10003,07/04/2024,Cena,P-17,1
T-14975,2025-01-10,Cena,P-21,-1
T-11355,2024-05-06,comida,P-06,1
T-17663,2025-02-07,comida,P-22,2
T-10334,2024-10-29,,P-05,2
T-17534,04/02/2024,comida,P-13,2
T-16677,2025-11-10,Comida,P-08,1
T-11942,2025-09-14,N/A,P-11,3
T-13858,2025-09-25,Cena,P-18,3
T-13004,2024-09-19,Desayuno?,P-09,3
T-10566,2024-02-29,Desayuno?,P-09,3
T-17093,2024-05-02,N/A,P-08,4
T-11583,2025-06-24,comida,P-11,3
T-11313,2025-06-13,comida,P-99,2
T-10278,2024-05-06,N/A,P-04,1
T-10984,2025-08-06,Comida,P-01,4
T-14086,2025-06-12,Comida,P-99,2
T-14144,2025-07-22,N/A,P-15,3
T-11260,2024-05-17,Desayuno?,P-03,3
T-17142,2024-09-07,Comida,P-08,4
T-14963,2025-07-02,NULL,P-02,2
T-15482,02/05/2025,Cena,P-08,1
T-14492,2025-06-21,comida,P-06,3
T-10743,2024-11-16,Cena,P-16,2
T-14318,2025-06-14,Cena,P-03,3
T-16094,2025-12-09,N/A,P-21,1
T-14712,2024-10-27,CENA,P-06,4
T-10739,2025-09-01,CENA,P-07,2
T-13632,25/07/2025,  Cena  ,P-25,2
T-17720,2024-02-16,Cena,P-04,1
T-12359,2025-12-12,Comida,P-20,1
T-13638,2025-10-24,Comida,P-10,1
T-14420,06/02/2025,CENA,P-16,2
T-11631,2024-04-10,CENA,P-06,1
T-12587,2025-11-14,N/A,P-25,2
T-10017,2025-01-06,comida,P-13,2
T-17506,2025-05-06,NULL,P-12,4
T-16242,2025-12-11,Desayuno?,P-15,3
T-16403,2025-05-25,CENA,P-07,3
T-17716,2024-10-18,CENA,P-04,1
T-15405,2025-05-13,NULL,P-07,1
T-12465,2025-10-19,CENA,P-20,4
T-10325,2025-08-07,  Cena  ,P-10,4
T-15523,2024-02-03,Comida,P-04,4
T-11934,2025-04-10,CENA,P-05,3
T-10517,2025-02-12,,P-05,3
T-12306,2024-05-27,CENA,P-99,2
T-11641,2025-08-04,  Cena  ,P-09,4
T-14965,2025-08-02,NULL,P-04,2
T-13198,2024-09-24,CENA,P-01,2
T-11723,2025-09-01,CENA,P-10,3
T-14010,04/12/2025,Cena,P-01,4
T-15807,2024-05-18,CENA,P-06,2
T-12290,2024-05-12,  Cena  ,P-02,4
T-11967,2025-08-15,N/A,P-11,1
T-10179,2025-06-04,Cena,P-04,4
T-16273,2025-11-02,Desayuno?,P-22,4
T-11780,2025-02-25,Comida,P-12,4
T-12472,2025-10-16,  Cena  ,P-23,1
T-12637,2025-04-18,N/A,P-06,-1
T-11894,2025-10-10,NULL,P-11,1
T-11910,2024-03-28,,P-07,3
T-11185,2024-08-11,Cena,P-11,4
T-15643,2025-01-19,Desayuno?,P-10,1
T-13736,2024-08-20,NULL,P-24,1
T-14851,2025-12-06,CENA,P-18,4
T-17510,2025-04-20,Comida,P-17,4
T-15752,2024-04-15,N/A,P-03,4
T-14990,2025-11-03,Cena,P-04,3
T-13674,2024-07-17,  Cena  ,P-08,2
T-11542,2024-06-17,  Cena  ,P-23,2
T-10284,2024-06-07,CENA,P-05,2
T-17828,22/03/2025,  Cena  ,P-05,4
T-16248,2025-09-16,Comida,P-22,4
T-17237,27/08/2025,CENA,P-17,2
T-14006,2025-01-27,CENA,P-12,4
T-10182,2024-07-22,Cena,P-13,4
T-11367,2025-03-01,CENA,P-02,3
T-11217,29/08/2024,comida,P-99,2
T-12001,2024-01-20,Comida,P-20,1
T-13390,2024-10-01,,P-05,1
T-11500,2024-09-22,Comida,P-20,3
T-17735,15/10/2024,N/A,P-24,2
T-15484,2024-04-29,CENA,P-99,1
T-16494,22/02/2025,N/A,P-18,2
T-11243,2025-03-10,Comida,P-24,4
T-11502,2024-02-23,Desayuno?,P-11,2
T-10248,2025-06-16,comida,P-04,4
T-12087,09/03/2025,N/A,P-04,2
T-15132,2025-07-14,Cena,P-24,1
T-12284,2024-07-09,  Cena  ,P-02,2
T-14344,2024-05-02,NULL,P-15,2
T-16964,2024-09-14,comida,P-13,3
T-13346,2025-07-19,Desayuno?,P-03,1
T-14952,2025-06-23,comida,P-02,3
T-11628,2024-11-09,comida,P-18,4
T-11297,2025-01-10,Comida,P-18,3
T-13162,2024-04-30,Cena,P-01,4
T-16242,2025-01-20,Desayuno?,P-08,1
T-10501,2024-05-01,  Cena  ,P-04,3
T-17950,2025-02-08,Cena,P-20,1
T-13212,2025-04-15,comida,P-02,1
T-16189,2024-06-07,  Cena  ,P-11,4
T-12441,2024-09-19,,P-10,3
T-10572,2025-03-18,Comida,P-07,3
T-15975,2025-08-01,Cena,P-15,1
T-10275,2025-07-19,N/A,P-12,1
T-12676,2024-12-04,comida,P-19,4
T-13254,17/11/2024,NULL,P-07,2
T-17608,2024-04-08,comida,P-12,3
T-17781,2024-02-02,N/A,P-14,1
T-17604,2024-03-05,Desayuno?,P-12,2
T-15913,2024-04-01,comida,P-11,3
T-14648,2024-08-01,N/A,P-08,4
T-10196,2025-03-16,CENA,P-18,3
T-16558,2024-05-04,Comida,P-24,3
T-15156,2024-05-24,,P-11,1
T-15946,2024-07-12,Desayuno?,P-06,3
T-10065,2024-03-24,comida,P-25,1
T-15030,2024-01-03,CENA,P-17,2
T-16051,2025-07-23,Comida,P-08,2
T-14396,2025-04-09,CENA,P-15,1
T-11955,2025-09-16,Cena,P-14,4
T-15424,2025-04-17,,P-21,3
T-17493,2025-09-28,Desayuno?,P-25,1
T-17984,2025-07-04,N/A,P-17,2
T-15801,2024-08-10,CENA,P-07,3
T-12224,2024-01-16,,P-19,1
T-11791,2024-07-14,Desayuno?,P-14,2
T-10052,2024-10-18,NULL,P-21,3
T-12917,2024-03-08,Desayuno?,P-25,2
T-11528,2024-02-17,Desayuno?,P-21,1
T-17707,2025-01-02,Comida,P-10,1
T-17025,2024-03-28,N/A,P-09,2
T-16875,14/05/2025,Comida,P-08,2
T-15185,2025-12-29,NULL,P-04,4
T-17381,2025-12-30,,P-25,4
T-14016,2025-04-23,NULL,P-19,1
T-14668,2024-02-18,,P-24,4
T-16462,2025-01-19,Comida,P-07,3
T-10505,2024-12-11,CENA,P-16,-1
T-14745,2025-10-20,CENA,P-04,1
T-13001,2025-06-29,Cena,P-13,3
T-10491,2024-08-15,NULL,P-23,3
T-14011,2025-04-10,Cena,P-23,2
T-17827,2025-07-01,CENA,P-25,1
T-12203,17/03/2024,Comida,P-25,2
T-16554,2025-09-10,Cena,P-23,2
T-17819,2024-07-10,Desayuno?,P-13,2
T-12733,2024-01-31,Comida,P-12,2
T-10989,2025-07-05,comida,P-13,1
T-12405,2025-08-14,comida,P-99,1
T-17177,2024-04-14,  Cena  ,P-10,1
T-14585,2024-01-05,Comida,P-13,3
T-10091,2025-03-21,comida,P-05,-1
T-10838,2024-07-25,NULL,P-23,1
T-14867,2025-01-26,N/A,P-01,4
T-10331,2025-01-22,NULL,P-11,4
T-16129,2025-09-30,  Cena  ,P-02,1
T-15199,2024-02-09,comida,P-15,3
T-13777,2025-12-02,comida,P-16,3
T-16165,2025-11-27,Cena,P-99,4
T-12899,2025-12-16,Desayuno?,P-02,3
T-17768,28/09/2024,NULL,P-24,4
T-15286,2025-05-14,comida,P-25,3
T-12911,2024-10-12,  Cena  ,P-08,4
T-17498,2025-07-08,Cena,P-20,1
T-13238,2025-01-03,Desayuno?,P-02,1
T-16516,2024-10-16,N/A,P-20,1
T-17371,2024-03-06,  Cena  ,P-02,3
T-16384,2025-01-18,,P-02,3
T-16240,2025-01-31,comida,P-12,3
T-15237,2024-11-09,Desayuno?,P-09,1
T-15838,2025-06-29,Comida,P-02,2
T-16606,2024-01-24,Desayuno?,P-23,4
T-11196,2025-05-25,Cena,P-13,1
T-14510,2025-10-30,comida,P-05,3
T-12386,2024-03-26,Cena,P-02,3
T-11291,25/11/2025,NULL,P-23,1
T-17349,2024-03-05,N/A,P-15,2
T-15209,2024-08-02,NULL,P-19,1
T-13192,2024-12-20,N/A,P-14,2
T-13249,2024-03-02,CENA,P-02,1
T-16922,2025-12-06,,P-14,1
T-11449,2025-05-28,Comida,P-23,4
T-10270,2024-10-23,  Cena  ,P-02,1
T-11619,2025-12-26,CENA,P-25,1
T-15775,2024-04-15,  Cena  ,P-25,3
T-11078,2024-11-19,comida,P-20,4
T-15328,2024-07-05,CENA,P-09,3
T-15757,2025-02-08,NULL,P-16,4
T-14439,2024-07-26,comida,P-25,4
T-14952,2025-03-09,N/A,P-15,3
T-12641,2024-01-25,N/A,P-01,4
T-13345,21/12/2024,Desayuno?,P-17,1
T-13081,2025-09-06,CENA,P-05,1
T-12163,2025-04-03,  Cena  ,P-20,3
T-15345,2025-08-17,N/A,P-18,4
T-13884,2024-04-21,N/A,P-14,4
T-16003,2025-12-16,Cena,P-02,4
T-13288,2024-10-30,comida,P-20,2
T-11971,2025-05-30,CENA,P-09,1
T-13662,2025-10-25,Comida,P-23,2
T-14714,2024-05-15,Desayuno?,P-15,4
T-15989,2024-05-26,Cena,P-15,2
T-13382,2025-02-05,  Cena  ,P-19,1
T-16094,2024-09-16,Cena,P-18,1
T-12436,2025-03-27,CENA,P-17,2
T-13372,2025-09-28,comida,P-12,3
T-14353,2025-11-24,Desayuno?,P-24,3
T-14599,2025-06-22,NULL,P-10,2
T-11438,2024-07-01,N/A,P-12,2
T-14931,2025-02-22,CENA,P-24,2
T-11884,2025-09-15,NULL,P-08,3
T-12259,2025-07-30,,P-08,1
T-11991,2025-02-01,Comida,P-23,2
T-14080,2025-03-15,Cena,P-04,1
T-15519,2025-10-23,N/A,P-19,3
T-16529,2024-07-29,  Cena  ,P-15,4
T-17857,2025-10-13,Cena,P-02,3
T-15530,2024-07-31,comida,P-99,4
T-16841,2024-03-23,NULL,P-08,2
T-17617,2025-06-16,CENA,P-13,3
T-17079,2024-10-17,Desayuno?,P-03,1
T-11728,2025-06-30,NULL,P-24,2
T-10093,2025-11-08,Desayuno?,P-06,2
T-10445,2024-02-17,Desayuno?,P-05,1
T-15774,2024-09-19,Comida,P-24,1
T-16789,2025-03-14,  Cena  ,P-19,3
T-12024,09/07/2025,N/A,P-14,2
T-13040,2025-02-20,Cena,P-10,2
T-10704,2025-08-21,CENA,P-14,2
T-14318,2025-04-14,  Cena  ,P-25,3
T-11734,2024-01-18,,P-08,1
T-12404,2025-03-26,,P-23,3
T-15231,2024-01-13,comida,P-19,3
T-14066,2024-03-12,CENA,P-06,2
T-16508,2024-09-22,Desayuno?,P-99,1
T-14175,2025-10-30,  Cena  ,P-19,1
T-12252,2024-01-24,Cena,P-16,3
T-17350,2024-10-19,  Cena  ,P-03,1
T-13204,2024-09-22,comida,P-09,2
T-17308,2024-08-08,Comida,P-05,4
T-15440,2025-04-22,CENA,P-17,1
T-10225,2025-10-19,  Cena  ,P-16,2
T-12693,2025-07-26,comida,P-23,4
T-10044,2025-06-24,N/A,P-10,2
T-10985,2025-08-05,NULL,P-19,3
T-15339,2024-04-18,comida,P-10,4
T-12454,2024-11-18,Desayuno?,P-05,2
T-10212,2025-09-16,Desayuno?,P-25,1
T-17382,2025-09-11,Cena,P-10,4
T-17057,2025-04-10,  Cena  ,P-02,4
T-16690,2024-03-27,NULL,P-99,2
T-17812,2024-05-02,CENA,P-25,1
T-17154,2025-09-08,,P-16,3
T-15555,2025-09-07,N/A,P-11,2
T-10530,2025-09-09,CENA,P-17,4
T-11514,2024-09-08,Desayuno?,P-07,1
T-11324,2024-08-12,Comida,P-11,1
T-17468,10/06/2025,CENA,P-11,4
T-17344,2025-09-14,NULL,P-23,1
T-10961,2025-02-23,NULL,P-19,3
T-15940,2024-03-07,Cena,P-13,1
T-17013,2025-06-29,Cena,P-08,3
T-15915,2024-04-03,N/A,P-23,1
T-17789,2024-01-26,N/A,P-09,1
T-14495,2024-01-27,N/A,P-18,1
T-13610,2024-10-14,N/A,P-14,3
T-13255,2024-03-14,Desayuno?,P-02,3
T-10639,2025-02-13,NULL,P-07,3
T-10768,2024-07-21,NULL,P-22,2
T-15772,2025-09-02,comida,P-13,-1
T-10437,2025-12-06,N/A,P-11,1
T-10835,2024-01-01,Cena,P-05,4
T-12015,2024-02-24,Comida,P-17,2
T-16822,2025-10-03,NULL,P-20,1
T-16632,2024-11-11,Cena,P-12,4
T-11265,2024-01-27,Desayuno?,P-24,3
T-11820,2025-07-09,NULL,P-03,2
T-10573,2024-06-09,  Cena  ,P-06,2
T-12006,2024-08-12,comida,P-04,3
T-11432,2024-08-17,Cena,P-05,1
T-12372,2024-01-17,comida,P-16,3
T-15716,2024-05-26,CENA,P-24,4
T-17397,2025-06-24,N/A,P-21,4
T-12325,2024-04-23,CENA,P-09,3
T-12568,2024-02-13,NULL,P-12,3
T-15913,2025-08-13,CENA,P-09,1
T-16261,2025-08-22,comida,P-03,1
T-11590,2024-10-25,,P-15,2
T-12679,2025-05-03,NULL,P-23,4
T-14476,2024-05-10,N/A,P-09,3
T-10282,2025-12-06,comida,P-02,2
T-16863,2025-11-10,NULL,P-22,3
T-14915,2025-06-18,Desayuno?,P-21,3
T-15717,2025-12-01,N/A,P-11,4
T-11659,2025-03-09,Desayuno?,P-24,4
T-13004,2024-03-09,Cena,P-12,3
T-12155,2025-07-28,Comida,P-22,4
T-10560,2024-12-30,Comida,P-07,1
T-12552,2025-12-08,N/A,P-04,2
T-14915,2024-01-05,Cena,P-21,4
T-11186,2025-08-19,Comida,P-13,-1
T-13821,2025-09-04,N/A,P-20,2
T-12947,2025-10-06,comida,P-19,1
T-16355,2024-02-15,CENA,P-11,2
T-14181,2024-05-06,Desayuno?,P-22,3
T-14560,2024-12-15,,P-10,2
T-16921,2025-05-20,Comida,P-11,4
T-13300,2025-03-25,comida,P-16,4
T-10619,2025-11-09,NULL,P-05,4
T-11062,2024-01-31,N/A,P-22,3
T-13818,2024-05-30,Cena,P-04,1
T-17831,2025-04-02,comida,P-22,3
T-11531,2025-12-24,,P-02,2
T-10099,2025-04-23,Desayuno?,P-19,2
T-13928,2025-03-09,Desayuno?,P-22,1
T-13839,2024-04-19,comida,P-12,4
T-11152,2024-06-26,Comida,P-11,2
T-15844,2024-05-31,Desayuno?,P-07,2
T-17982,2025-11-26,CENA,P-99,3
T-11959,2024-11-19,Comida,P-17,4
T-16652,08/03/2025,  Cena  ,P-07,1
T-16206,2024-09-10,Desayuno?,P-05,4
T-11872,2025-01-04,Desayuno?,P-11,2
T-16103,2024-03-20,Comida,P-22,2
T-16430,2025-06-04,  Cena  ,P-06,3
T-17880,2024-03-02,comida,P-21,1
T-17035,2024-09-09,comida,P-15,1
T-13580,2025-06-18,  Cena  ,P-99,3
T-16124,2024-02-19,Cena,P-11,3
T-14203,2025-03-29,comida,P-06,2
T-16219,2025-09-26,Desayuno?,P-22,2
T-15989,30/04/2025,,P-18,4
T-13974,24/01/2024,N/A,P-17,3
T-15802,2025-04-10,comida,P-01,4
T-12486,2025-10-04,comida,P-02,4
T-17109,29/04/2024,Comida,P-20,1
T-13892,2024-08-15,N/A,P-13,2
T-11967,2024-01-09,,P-15,2
T-13752,2024-12-17,Cena,P-17,3
T-13065,2025-05-26,  Cena  ,P-02,4
T-16588,2024-09-21,  Cena  ,P-20,1
T-11666,2025-12-07,N/A,P-23,4
T-16095,2024-11-18,comida,P-24,2
T-13917,2025-12-22,N/A,P-12,3
T-17643,2024-05-17,,P-05,1
T-11714,2024-06-26,Cena,P-04,3
T-11169,2025-04-08,Cena,P-25,3
T-17359,2025-08-12,Cena,P-16,4
T-13839,2024-03-02,Comida,P-22,3
T-14135,2025-12-31,N/A,P-17,2
T-16766,2025-11-01,  Cena  ,P-12,3
T-11403,2024-10-23,Desayuno?,P-19,4
T-17163,2024-07-18,Desayuno?,P-09,4
T-15830,2024-12-09,Cena,P-05,1
T-10743,2024-07-20,  Cena  ,P-10,3
T-14619,2025-06-19,,P-12,2
T-12744,2025-07-17,Cena,P-09,3
T-13102,2025-01-15,CENA,P-24,4
T-10320,2025-07-22,CENA,P-12,1
T-13905,2025-07-16,comida,P-12,1
T-11277,2024-05-30,NULL,P-09,1
T-17760,2024-12-07,,P-07,2
T-13199,2024-12-12,Cena,P-22,3
T-11832,28/04/2024,CENA,P-14,3
T-13496,2025-03-04,comida,P-17,3
T-14791,2024-12-14,comida,P-08,2
T-14517,2024-07-25,Cena,P-15,2
T-13582,2025-05-27,comida,P-17,1
T-16946,2024-11-19,Comida,P-25,2
T-10118,2024-09-09,CENA,P-99,4
T-17060,2024-03-29,  Cena  ,P-08,4
T-12922,2024-03-30,CENA,P-22,4
T-17339,2025-05-02,NULL,P-11,2
T-11212,27/11/2025,Cena,P-16,2
T-12776,2025-12-07,CENA,P-04,4
T-10994,2025-08-02,N/A,P-13,2
T-10429,2024-08-02,Comida,P-02,3
T-10949,2024-04-05,N/A,P-03,3
T-13344,2025-04-25,Comida,P-02,1
T-13410,2024-08-06,CENA,P-09,3
T-11445,2025-03-05,CENA,P-12,4
T-11138,2024-12-09,  Cena  ,P-08,2
T-13549,2025-06-28,CENA,P-12,3
T-16673,2025-10-27,Cena,P-21,3
T-17990,2024-05-12,,P-19,3
T-13353,2025-06-15,NULL,P-08,4
T-16708,2024-06-29,comida,P-18,4
T-13158,2025-09-13,,P-21,4
T-16523,2024-04-19,  Cena  ,P-07,4
T-17159,16/09/2025,NULL,P-21,4
T-10009,2025-07-04,  Cena  ,P-07,1
T-17432,13/09/2025,Comida,P-07,4
T-10242,2024-06-24,CENA,P-06,4
T-13776,2025-01-29,Comida,P-21,4
T-12088,2025-04-16,comida,P-08,4
T-12386,2024-03-20,NULL,P-05,4
T-14464,2025-01-19,N/A,P-16,1
T-17638,2024-03-18,Comida,P-21,2
T-11574,2024-01-30,  Cena  ,P-18,2
T-12198,2024-04-27,  Cena  ,P-18,4
T-14948,2024-01-09,N/A,P-08,4
T-15702,2025-07-31,CENA,P-03,4
T-10386,2024-08-21,Comida,P-16,4
T-14306,2024-09-13,comida,P-17,3
T-16257,2024-03-02,comida,P-21,1
T-14172,2025-08-26,comida,P-01,1
T-17730,2024-05-22,N/A,P-22,4
T-14420,2024-02-22,CENA,P-19,1
T-16034,2024-09-07,Comida,P-15,4
T-14879,2025-04-24,CENA,P-20,4
T-10249,2024-03-16,comida,P-16,2
T-12123,2024-06-30,Cena,P-06,4
T-11261,2025-06-10,NULL,P-19,1
T-11043,2024-02-19,NULL,P-15,2
T-15899,2025-06-26,CENA,P-19,3
T-16673,2025-10-05,Desayuno?,P-99,2
T-16221,2024-09-26,Cena,P-01,3
T-13645,2024-05-16,Cena,P-24,4
T-14669,2025-08-21,comida,P-21,4
T-13549,2025-11-21,Cena,P-24,4
T-16540,2025-06-05,  Cena  ,P-22,2
T-13891,2025-07-05,Cena,P-14,4
T-12773,2024-08-07,NULL,P-12,1
T-10153,2025-04-21,Desayuno?,P-10,2
T-17947,2025-03-28,Comida,P-16,4
T-11713,2024-03-11,CENA,P-06,4
T-14739,2024-06-11,CENA,P-07,2
T-15363,2025-10-24,  Cena  ,P-25,3
T-14420,2025-08-25,Comida,P-10,4
T-12611,2025-03-19,Comida,P-15,4
T-12485,09/08/2024,Desayuno?,P-21,3
T-12809,2025-05-21,CENA,P-10,1
T-10289,2024-11-05,  Cena  ,P-11,3
T-16883,2024-11-20,Desayuno?,P-08,3
T-17914,2025-12-12,CENA,P-15,3
T-10557,2024-12-24,,P-06,2
T-16949,2024-06-26,N/A,P-08,1
T-16882,2025-08-16,Cena,P-05,3
T-10014,2024-02-22,,P-19,1
T-11302,2024-09-02,comida,P-99,2
T-12037,2025-07-30,Desayuno?,P-01,3
T-14436,21/02/2025,CENA,P-06,1
T-14544,2025-04-16,comida,P-16,2
T-15456,2025-09-21,,P-25,2
T-14270,2025-12-03,Comida,P-14,4
T-12512,2025-12-04,CENA,P-12,4
T-12083,2024-04-11,NULL,P-15,3
T-11411,2024-06-13,comida,P-25,1
T-12251,2025-12-20,N/A,P-25,1
T-17876,2024-09-26,comida,P-06,4
T-13691,2024-06-25,Cena,P-19,2
T-14919,2025-12-13,  Cena  ,P-12,1
T-10772,2025-12-21,  Cena  ,P-23,1
T-10298,2025-04-15,Desayuno?,P-04,3
T-11113,2025-03-02,,P-18,4
T-15539,2025-09-16,comida,P-02,4
T-17017,23/02/2024,comida,P-05,4
T-13844,2025-06-27,Cena,P-10,3
T-16731,2024-01-21,CENA,P-04,2
T-17311,2025-02-05,,P-18,4
T-16586,2025-10-10,N/A,P-11,1
T-16819,2024-08-26,comida,P-06,3
T-13840,2025-07-20,comida,P-23,3
T-11863,2025-05-01,Desayuno?,P-07,3
T-12831,2024-08-10,CENA,P-24,2
T-13007,2025-03-22,N/A,P-13,4
T-10174,2025-04-17,  Cena  ,P-25,1
T-14957,2025-03-28,Comida,P-13,4
T-11094,2024-05-05,Desayuno?,P-13,3
T-14967,2025-01-08,  Cena  ,P-23,4
T-14571,2025-11-10,Cena,P-06,2
T-15603,2025-08-28,Cena,P-01,2
T-13024,2024-08-18,NULL,P-03,4
T-11795,2024-10-31,N/A,P-16,3
T-16430,2024-12-01,comida,P-07,2
T-16654,2024-02-03,,P-23,2
T-11951,2024-11-24,N/A,P-21,1
T-17319,2025-09-12,N/A,P-19,2
T-14671,2025-10-20,N/A,P-23,3
T-12552,2025-04-03,comida,P-13,3
T-15252,2024-04-11,comida,P-01,3
T-11095,2024-04-27,Cena,P-17,1
T-10853,2025-10-12,Cena,P-10,4
T-15230,2025-11-03,  Cena  ,P-02,2
T-14104,2025-08-28,  Cena  ,P-25,4
T-11365,2024-08-11,  Cena  ,P-17,4
T-16915,2025-12-18,Cena,P-04,4
T-12280,2024-09-29,CENA,P-10,3
T-15514,2024-02-02,Cena,P-03,4
T-15131,2024-09-27,Comida,P-17,1
T-11361,2025-09-04,Cena,P-09,1
T-17057,2025-01-20,NULL,P-23,2
T-16837,2024-09-08,CENA,P-04,2
T-14689,2025-06-08,comida,P-13,2
T-10116,2025-08-06,,P-09,2
T-14814,2025-01-06,NULL,P-05,1
T-16917,2025-06-19,  Cena  ,P-99,2
T-13928,2025-10-26,NULL,P-19,3
T-16142,2025-06-16,NULL,P-20,3
T-15619,2025-09-22,Cena,P-11,3
T-11777,2024-01-07,NULL,P-05,2
T-15292,2025-03-23,  Cena  ,P-20,2
T-11281,2024-10-18,CENA,P-03,1
T-11607,2025-08-10,NULL,P-09,4
T-16992,2024-08-17,Desayuno?,P-10,3
T-11738,2024-08-26,  Cena  ,P-01,1
T-17486,2024-05-29,NULL,P-23,4
T-12233,2025-05-19,Cena,P-24,3
T-16302,2024-10-27,N/A,P-04,1
T-14461,2024-07-17,Cena,P-25,1
T-17543,2025-11-15,Comida,P-13,2
T-15560,12/09/2024,Cena,P-05,3
T-16093,2025-05-03,NULL,P-08,4
T-10312,2024-04-17,Comida,P-04,2
T-10649,2025-11-13,Comida,P-02,1
T-12242,2025-07-20,comida,P-10,3
T-15654,2024-05-18,,P-15,1
T-16401,2025-01-10,Comida,P-19,3
T-11592,2025-05-20,NULL,P-23,4
T-17280,2025-12-27,CENA,P-13,2
T-12518,2025-01-01,  Cena  ,P-03,1
T-13178,2024-09-23,Comida,P-01,4
T-14353,2024-11-05,  Cena  ,P-06,2
T-17252,2025-06-24,CENA,P-24,4
T-10864,2025-03-27,N/A,P-20,3
T-15714,2025-02-01,  Cena  ,P-07,3
T-16306,2024-08-19,comida,P-01,4
T-13214,2024-07-28,Cena,P-10,3
T-11002,2025-04-11,comida,P-22,1
T-13717,2025-07-03,N/A,P-18,4
T-16917,2024-06-19,NULL,P-09,2
T-11694,2025-04-28,  Cena  ,P-24,4
T-14422,2025-12-04,Desayuno?,P-25,2
T-11296,2025-04-17,,P-09,4
T-14001,2024-08-23,comida,P-03,3
T-13726,2024-08-15,comida,P-04,1
T-10687,2024-05-01,N/A,P-17,3
T-16692,2024-04-22,Comida,P-21,3
T-15557,2024-08-18,NULL,P-03,4
T-13887,2025-07-26,Comida,P-22,2
T-15930,2025-10-28,  Cena  ,P-24,2
T-16623,2024-01-13,Cena,P-12,2
T-14895,2024-10-10,Comida,P-08,3
T-17577,22/01/2025,N/A,P-23,1
T-15331,2024-12-02,,P-15,3
T-15386,2025-01-13,Cena,P-09,3
T-15243,2025-02-16,comida,P-22,2
T-13462,2024-05-04,Cena,P-04,3
T-12353,2025-05-04,comida,P-03,2
T-13027,2025-10-09,Cena,P-12,1
T-11161,2024-06-29,CENA,P-25,2
T-12111,2025-02-06,  Cena  ,P-01,1
T-13810,2025-11-09,N/A,P-02,3
T-15931,2025-02-26,NULL,P-19,1
T-11807,2025-12-26,NULL,P-21,2
T-10954,2025-07-21,Comida,P-03,3
T-10041,2024-07-11,Desayuno?,P-10,3
T-11291,2025-07-28,Comida,P-12,3
T-12733,2024-12-08,Desayuno?,P-08,2
T-15532,2024-04-25,NULL,P-12,2
T-10063,2024-01-24,,P-14,1
T-11875,2025-09-05,N/A,P-09,4
T-17561,2024-08-20,  Cena  ,P-11,2
T-10264,2024-06-27,comida,P-25,1
T-10507,2024-10-24,Cena,P-16,3
T-17955,05/07/2025,Comida,P-01,4
T-15887,2024-05-12,Cena,P-18,4
T-17171,2025-02-27,Cena,P-20,1
T-14374,2025-05-03,Comida,P-19,2
T-17109,2024-09-23,CENA,P-13,1
T-15642,2025-09-19,NULL,P-03,3
T-11920,2024-10-19,Comida,P-08,2
T-16639,2025-10-19,comida,P-09,3
T-11390,2025-11-14,NULL,P-20,4
T-10030,2025-07-07,Cena,P-21,4
T-10306,2024-01-07,NULL,P-02,1
T-15955,2024-04-08,  Cena  ,P-01,4
T-16773,2024-02-07,CENA,P-06,1
T-17940,2024-11-05,comida,P-14,4
T-10404,2025-08-09,N/A,P-14,1
T-10379,2024-04-27,Comida,P-14,3
T-16787,24/08/2024,Desayuno?,P-21,1
T-12877,2024-11-01,N/A,P-09,2
T-11035,03/01/2024,comida,P-07,3
T-11504,2025-10-07,  Cena  ,P-05,4
T-14052,2024-03-06,comida,P-14,4
T-10645,2024-02-16,N/A,P-21,3
T-16016,2024-12-10,Desayuno?,P-24,2
T-12068,2025-10-31,N/A,P-20,2
T-15693,2024-03-01,Cena,P-05,2
T-17976,2024-01-13,N/A,P-09,3
T-17272,2024-11-23,N/A,P-16,3
T-13732,2024-04-03,NULL,P-01,3
T-17074,03/11/2024,Comida,P-19,3
T-11720,2025-09-02,comida,P-04,2
T-12400,2024-09-29,Desayuno?,P-14,3
T-16080,2024-08-24,,P-19,2
T-17899,2025-07-31,N/A,P-06,2
T-10040,2024-10-01,Cena,P-16,3
T-13550,2025-01-29,CENA,P-22,1
T-10197,2024-09-05,NULL,P-25,4
T-10074,23/08/2025,Comida,P-05,4
T-11382,2025-11-05,N/A,P-24,4
T-13250,2024-07-03,NULL,P-23,1
T-10400,2024-01-17,CENA,P-14,3
T-10097,2025-08-07,CENA,P-01,1
T-17136,2025-01-20,Desayuno?,P-20,3
T-11527,2025-10-12,  Cena  ,P-12,3
T-12266,2024-11-30,N/A,P-04,2
T-14831,2024-02-08,comida,P-22,1
T-17044,2025-06-22,Desayuno?,P-21,2
T-13631,2024-07-30,N/A,P-09,4
T-11644,2025-10-07,CENA,P-12,4
T-12084,2025-09-08,Desayuno?,P-02,1
T-11639,2024-10-02,  Cena  ,P-18,4
T-15887,2024-08-10,NULL,P-25,1
T-16675,2025-10-05,Comida,P-01,2
T-14497,2025-10-13,N/A,P-20,4
T-13115,2024-01-01,CENA,P-04,4
T-15423,2024-10-13,NULL,P-12,3
T-14805,2025-09-22,Comida,P-03,-1
T-16828,2025-04-10,Desayuno?,P-19,1
T-13153,2025-12-30,Desayuno?,P-19,1
T-13745,2024-11-25,  Cena  ,P-14,2
T-13222,2024-07-01,N/A,P-11,2
T-11315,2024-10-01,Comida,P-06,3
T-12863,2025-10-23,Cena,P-13,2
T-16078,2025-11-24,NULL,P-15,1
T-14619,2024-05-30,Cena,P-22,2
T-12165,2025-03-21,comida,P-06,1
T-12170,2025-09-25,comida,P-18,3
T-14539,2025-05-28,comida,P-04,4
T-15106,2025-05-22,Comida,P-09,1
T-10639,2024-10-13,NULL,P-25,1
T-13669,2025-03-13,Desayuno?,P-13,1
T-15930,2025-01-16,comida,P-12,4
T-12239,2025-02-03,NULL,P-04,2
T-14248,2025-09-23,N/A,P-13,2
T-15002,2024-03-06,NULL,P-02,3
T-12920,2025-09-23,CENA,P-14,3
T-12480,2025-11-27,Comida,P-24,1
T-13566,2025-12-21,Cena,P-20,2
T-14282,2024-01-13,NULL,P-19,1
T-12703,2024-12-20,NULL,P-05,2
T-12427,2024-03-04,N/A,P-11,2
T-10911,2024-10-31,Comida,P-11,-1
T-16664,2025-08-03,Cena,P-02,2
T-10122,2025-03-28,NULL,P-09,4
T-11550,2025-03-08,Desayuno?,P-01,3
T-15359,2025-10-05,CENA,P-15,4
T-14358,2025-02-06,Comida,P-05,1
T-12404,2024-01-11,comida,P-10,3
T-11106,2024-03-18,  Cena  ,P-16,3
T-14409,2024-01-08,Comida,P-17,2
T-14444,2025-05-06,CENA,P-22,3
T-12491,2024-03-23,Desayuno?,P-18,4
T-11697,2024-05-26,Comida,P-06,2
T-16071,2024-12-30,Cena,P-13,1
T-15503,2024-11-11,Cena,P-03,1
T-10253,2025-09-01,,P-06,4
T-16794,2025-08-26,N/A,P-14,1
T-13729,2025-11-22,CENA,P-06,1
T-16893,2025-10-21,NULL,P-14,4
T-16158,2025-03-05,Comida,P-10,3
T-14109,2024-01-06,  Cena  ,P-10,3
T-11321,2025-10-05,CENA,P-25,2
T-10186,2024-07-30,,P-02,2
T-13724,2024-10-30,Comida,P-15,3
T-15736,2024-11-22,Cena,P-03,2
T-15507,2025-11-08,  Cena  ,P-12,1
T-16509,2025-09-23,comida,P-01,1
T-13387,2024-02-03,Comida,P-04,2
T-14427,2025-02-02,Comida,P-10,1
T-10606,2024-11-16,NULL,P-10,1
T-17308,2025-11-28,Comida,P-11,1
T-12705,2024-01-01,Cena,P-03,4
T-17375,2024-05-20,CENA,P-16,4
T-10930,2024-08-24,,P-15,4
T-16684,2025-04-18,  Cena  ,P-18,4
T-11947,18/09/2024,N/A,P-99,4
T-11550,2024-07-27,  Cena  ,P-06,1
T-14397,2025-01-09,Desayuno?,P-07,-1
T-10291,2025-08-09,N/A,P-14,3
T-17942,2025-04-04,comida,P-11,2
T-13783,2024-09-06,Comida,P-14,3
T-15721,2024-06-16,,P-10,4
T-17449,2025-01-20,  Cena  ,P-23,2
T-14291,2025-05-23,Comida,P-11,1
T-14378,11/09/2025,Cena,P-23,2
T-15153,2025-08-24,  Cena  ,P-25,4
T-11939,2025-01-19,,P-12,2
T-12551,2025-01-18,Comida,P-21,3
T-12167,2025-10-11,  Cena  ,P-03,1
T-10890,2024-10-20,Cena,P-25,2
T-13753,2025-08-03,comida,P-06,2
T-17535,2024-10-01,comida,P-12,3
T-15143,2024-03-26,,P-25,4
T-11973,2025-09-07,,P-11,3
T-16911,2025-09-12,  Cena  ,P-06,1
T-13776,2025-10-14,  Cena  ,P-01,1
T-13382,2025-11-04,Comida,P-17,2
T-13032,2024-03-28,  Cena  ,P-12,4
T-12713,2024-08-02,NULL,P-15,2
T-14888,2025-12-13,NULL,P-06,3
T-11872,2025-08-03,N/A,P-07,4
T-14036,2024-10-19,Desayuno?,P-09,1
T-10964,2024-03-25,Comida,P-04,3
T-13646,2025-09-01,NULL,P-19,4
T-12533,2024-12-30,Cena,P-17,4
T-17530,2025-09-25,N/A,P-03,4
T-17389,2024-01-02,Cena,P-11,3
T-16453,2025-11-03,Cena,P-16,1
T-14551,2024-05-01,CENA,P-12,2
T-17096,2024-11-02,Cena,P-25,1
T-13401,2024-10-02,  Cena  ,P-09,2
T-13912,2025-12-19,NULL,P-12,1
T-15716,2025-05-20,comida,P-12,4
T-16863,19/02/2025,comida,P-16,3
T-17929,2024-02-12,  Cena  ,P-18,4
T-13253,2024-08-09,Comida,P-08,3
T-14643,2025-03-19,N/A,P-02,1
T-14505,2024-02-12,comida,P-07,1
T-12339,2024-01-09,NULL,P-03,1
T-14337,2024-09-01,Cena,P-09,2
T-14962,2025-03-23,Desayuno?,P-07,2
T-10790,2024-08-26,N/A,P-04,2
T-10367,2024-10-23,CENA,P-01,3
T-12758,2025-11-07,NULL,P-10,2
T-12714,2025-07-19,  Cena  ,P-99,4
T-11293,2025-04-08,CENA,P-23,1
T-12257,2024-01-09,comida,P-01,4
T-16466,2024-11-19,Comida,P-02,3
T-17491,2024-10-06,Desayuno?,P-21,4
T-12956,2025-09-25,Comida,P-17,4
T-14460,2025-05-26,  Cena  ,P-18,2
T-17039,2025-07-07,comida,P-22,4
T-16966,2025-02-18,Desayuno?,P-05,1
T-17153,2024-01-05,NULL,P-20,-1
T-14902,2025-08-17,  Cena  ,P-10,2
T-10353,2025-05-17,  Cena  ,P-03,1
T-13180,2025-11-05,Comida,P-20,4
T-16590,2024-09-27,  Cena  ,P-03,2
T-13698,2024-02-19,comida,P-23,-1
T-13921,08/06/2025,N/A,P-23,3
T-14490,2025-01-30,  Cena  ,P-09,2
T-13416,2024-08-18,comida,P-04,2
T-15856,2025-07-26,,P-17,2
T-15949,2024-12-27,  Cena  ,P-18,2
T-11850,2024-09-25,Desayuno?,P-05,2
T-13416,2024-08-18,Cena,P-14,2
T-14046,2025-11-21,CENA,P-25,2
T-10386,2025-04-27,NULL,P-24,1
T-11184,2024-12-12,,P-05,2
T-17266,2025-07-31,comida,P-23,2
T-13090,2025-10-19,Comida,P-19,3
T-10520,2025-02-24,comida,P-19,1
T-12058,10/10/2025,comida,P-06,1
T-14974,2024-05-17,Desayuno?,P-25,1
T-14389,23/06/2024,Desayuno?,P-14,4
T-13901,2025-02-22,NULL,P-12,3
T-12153,2024-05-02,N/A,P-11,4
T-17846,2024-01-23,NULL,P-07,2
T-15835,2024-10-22,Desayuno?,P-14,4
T-15293,2024-10-04,,P-20,4
T-16723,26/11/2024,  Cena  ,P-07,2
T-14304,2025-03-31,N/A,P-24,1
T-13936,2024-07-29,CENA,P-16,1
T-13802,2025-09-04,Cena,P-19,-1
T-15500,2024-02-05,N/A,P-99,1
T-10442,2025-07-02,Cena,P-01,4
T-15668,2024-07-03,Comida,P-05,1
T-14675,2024-09-03,N/A,P-24,2
T-13405,2025-09-15,comida,P-12,4
T-13446,2024-11-04,,P-05,1
T-12279,2025-05-08,Desayuno?,P-07,1
T-14780,2024-06-16,NULL,P-20,2
T-13811,2024-09-22,  Cena  ,P-13,2
T-14589,2025-09-16,NULL,P-07,1
T-11095,2025-03-26,comida,P-19,2
T-16425,2024-01-09,Desayuno?,P-15,2
T-11731,2025-05-12,NULL,P-18,4
T-13891,2025-10-31,NULL,P-20,4
T-14350,2024-12-14,,P-07,3
T-14720,2024-10-09,Comida,P-22,2
T-12068,2024-12-10,N/A,P-06,4
T-13926,2024-05-25,Cena,P-08,3
T-12293,2025-12-23,CENA,P-17,2
T-17866,2025-08-12,Cena,P-11,1
T-12826,2024-09-10,comida,P-19,4
T-17928,2025-06-08,Desayuno?,P-18,4
T-15509,2024-01-29,CENA,P-09,1
T-17979,2025-12-18,Desayuno?,P-23,4
T-16096,2024-11-02,N/A,P-14,3
T-14719,2025-01-02,N/A,P-06,3
T-12261,2025-10-15,  Cena  ,P-25,1
T-16327,2025-12-18,Desayuno?,P-23,4
T-11074,2024-12-19,Desayuno?,P-25,3
T-17417,2025-05-04,Comida,P-02,3
T-12347,2025-03-07,Desayuno?,P-99,3
T-12204,2025-10-25,Cena,P-23,2
T-16515,2025-10-22,N/A,P-03,3
T-13623,2025-11-25,Comida,P-19,3
T-13241,2025-06-20,Desayuno?,P-08,2
T-17726,2024-07-02,Comida,P-99,2
T-12422,2025-11-29,Cena,P-24,4
T-17647,2025-10-23,  Cena  ,P-22,4
T-10771,2025-07-23,NULL,P-17,3
T-13229,2025-07-21,Desayuno?,P-25,2
T-12027,2024-07-25,Comida,P-01,1
T-12568,16/11/2025,N/A,P-06,3
T-11943,2025-02-13,  Cena  ,P-12,2
T-10985,2025-07-10,Desayuno?,P-05,2
T-11553,2024-05-17,comida,P-15,1
T-12933,2024-05-12,Comida,P-09,4
T-17955,2024-06-11,N/A,P-23,3
T-13749,2024-03-25,Desayuno?,P-25,3
T-10046,2025-09-22,comida,P-09,3
T-15054,2024-03-21,N/A,P-13,2
T-14659,2025-04-20,  Cena  ,P-01,1
T-15105,2024-12-25,CENA,P-19,1
T-16407,2024-03-29,comida,P-07,3
T-11262,2025-04-28,comida,P-10,2
T-17709,2024-03-08,CENA,P-19,3
T-10679,2025-12-21,CENA,P-04,4
T-17603,2024-05-28,Comida,P-01,3
T-14102,2024-01-06,  Cena  ,P-07,2
T-12675,2024-03-18,Comida,P-11,3
T-13768,2025-06-05,CENA,P-09,2
T-12219,2024-10-30,Desayuno?,P-19,2
T-13489,2024-08-24,Desayuno?,P-20,4
T-17256,2024-03-25,N/A,P-19,2
T-11626,2025-11-23,Desayuno?,P-14,4
T-12831,2024-07-12,N/A,P-22,3
T-15956,2024-12-29,CENA,P-21,3
T-17297,2024-03-05,  Cena  ,P-25,1
T-11571,2025-05-18,NULL,P-21,2
T-16191,2025-12-30,N/A,P-25,2
T-17364,2025-10-01,Comida,P-05,1
T-10644,2024-07-25,  Cena  ,P-03,4
T-11161,2025-05-11,NULL,P-12,4
T-10518,2025-08-26,CENA,P-11,3
T-14748,2025-11-08,comida,P-23,2
T-17686,2025-12-20,  Cena  ,P-22,3
T-17749,2024-09-07,Cena,P-25,4
T-13907,2025-02-10,  Cena  ,P-01,4
T-10202,2024-01-20,Desayuno?,P-01,3
T-12123,07/09/2025,N/A,P-21,4
T-14221,2024-12-04,Comida,P-16,1
T-14978,2025-04-17,CENA,P-05,1
T-17083,2024-09-09,comida,P-04,3
T-10493,2024-07-15,Cena,P-10,1
T-17223,2025-09-22,NULL,P-13,-1
T-17370,2025-07-12,NULL,P-25,3
T-10460,2025-04-15,Comida,P-22,2
T-15361,2024-09-16,NULL,P-08,3
T-14853,2024-01-04,Comida,P-19,3
T-13066,2025-08-21,Desayuno?,P-24,2
T-17166,2025-11-25,Comida,P-15,4
T-13041,2025-07-22,CENA,P-22,4
T-10561,2024-03-12,,P-12,2
T-11758,2024-08-03,Desayuno?,P-17,2
T-11865,2025-12-28,Cena,P-21,4
T-13576,2025-05-24,Desayuno?,P-06,1
T-16009,2024-09-20,Cena,P-22,4
T-14130,2025-01-03,comida,P-19,4
T-11506,2025-02-16,Desayuno?,P-21,1
T-12025,2025-12-31,  Cena  ,P-05,3
T-13747,2024-07-06,N/A,P-08,2
T-13218,2024-08-12,Desayuno?,P-10,3
T-14939,2025-07-15,Comida,P-08,2
T-10719,2024-06-30,  Cena  ,P-11,1
T-14866,25/01/2025,,P-05,4
T-12624,2025-04-14,CENA,P-15,2
T-13933,2025-04-13,  Cena  ,P-12,1
T-11807,16/11/2024,NULL,P-99,2
T-12599,2025-08-02,,P-25,2
T-15353,2024-10-25,Desayuno?,P-12,1
T-11318,2025-03-31,CENA,P-24,2
T-15359,2025-08-29,  Cena  ,P-04,3
T-16072,2024-09-11,Cena,P-02,2
T-17527,2024-04-07,NULL,P-12,3
T-10457,2025-02-15,,P-02,4
T-14789,2025-09-01,Comida,P-19,3
T-11216,2025-04-07,N/A,P-03,3
T-12285,2025-06-12,,P-20,-1
T-12347,2024-12-18,NULL,P-17,2
T-16636,2025-01-15,Desayuno?,P-19,2
T-15150,2024-03-24,Desayuno?,P-12,1
T-12685,2024-03-10,  Cena  ,P-25,3
T-17189,2024-08-01,Comida,P-08,4
T-13382,2024-03-03,N/A,P-25,1
T-13910,2024-11-08,  Cena  ,P-21,4
T-11797,2025-07-16,NULL,P-08,4
T-10665,2024-12-26,Comida,P-02,2
T-14692,2024-09-30,CENA,P-22,3
T-13755,2024-12-07,N/A,P-15,1
T-10172,2025-04-12,N/A,P-06,4
T-12127,2024-12-01,CENA,P-11,2
T-13440,2025-02-16,NULL,P-23,3
T-12658,2025-06-01,  Cena  ,P-04,4
T-16271,2025-02-27,Cena,P-22,4
T-15990,2024-05-07,NULL,P-13,2
T-10478,17/04/2025,  Cena  ,P-09,1
T-12142,2024-11-09,NULL,P-16,2
T-12500,2025-05-27,Cena,P-22,4
T-14078,2025-07-11,Cena,P-08,3
T-15688,2025-07-07,NULL,P-99,2
T-14767,2025-12-11,N/A,P-12,3
T-11638,2024-03-13,CENA,P-14,-1
T-11575,2024-04-26,NULL,P-03,3
T-17668,2025-03-02,Desayuno?,P-24,2
T-10695,2024-11-24,CENA,P-23,4
T-16656,2025-07-09,Comida,P-15,2
T-11777,2024-09-04,Cena,P-24,3
T-17813,2024-08-29,CENA,P-21,3
T-10083,2025-05-13,  Cena  ,P-06,1
T-16769,2024-03-07,  Cena  ,P-02,1
T-13479,2024-10-17,CENA,P-14,4
T-16978,2025-01-22,,P-25,2
T-16848,2025-08-04,comida,P-20,4
T-14269,2024-06-02,Cena,P-10,1
T-10017,2024-04-27,NULL,P-20,3
T-17293,19/07/2025,NULL,P-03,3
T-16830,2024-06-01,N/A,P-99,4
T-16802,2024-04-26,Desayuno?,P-10,3
T-16730,2025-03-06,Comida,P-03,2
T-16478,2025-07-25,CENA,P-07,2
T-15807,2024-01-24,comida,P-09,1
T-17192,2024-12-22,Comida,P-05,2
T-14171,2025-10-04,Cena,P-08,3
T-16723,2024-02-16,comida,P-10,1
T-15287,2025-04-19,NULL,P-99,4
T-13972,2025-10-01,N/A,P-03,3
T-12517,2024-04-11,comida,P-09,3
T-15974,2025-06-27,,P-07,1
T-10686,2025-04-12,  Cena  ,P-16,1
T-16637,2024-10-15,comida,P-10,4
T-17892,2024-07-23,Cena,P-02,2
T-11014,2025-11-27,N/A,P-11,3
T-15772,2025-12-16,comida,P-24,3
T-10855,2024-12-19,Cena,P-04,1
T-16614,2024-11-16,Cena,P-09,1
T-10949,2024-06-16,comida,P-17,4
T-17432,2025-12-17,Cena,P-11,1
T-17537,2024-04-04,Cena,P-19,3
T-15429,2024-02-02,Desayuno?,P-09,1
T-10174,2024-07-21,N/A,P-13,1
T-15858,2025-05-20,NULL,P-14,4
T-13744,2025-07-24,comida,P-05,3
T-10898,2024-03-13,,P-20,2
T-17309,2024-08-22,N/A,P-18,1
T-13080,16/03/2025,comida,P-18,3
T-17386,2024-03-18,Comida,P-13,4
T-13075,2025-06-10,CENA,P-06,4
T-11801,2025-03-26,Desayuno?,P-08,2
T-15717,2024-08-07,N/A,P-11,4
T-11151,2024-01-15,CENA,P-02,4
T-14614,2024-10-04,Comida,P-24,2
T-11554,2024-01-16,comida,P-25,4
T-12333,2025-04-26,  Cena  ,P-16,4
T-17190,2025-09-02,CENA,P-19,3
T-12380,2025-06-30,Cena,P-25,1
T-10446,2025-09-21,NULL,P-22,1
T-16611,2025-01-05,Comida,P-09,2
T-14303,2025-05-06,  Cena  ,P-08,3
T-16901,2024-12-09,CENA,P-10,2
T-17897,2025-04-07,Cena,P-17,3
T-17811,2025-06-24,  Cena  ,P-20,3
T-17957,2024-12-27,Comida,P-22,4
T-17453,2024-12-24,CENA,P-06,3
T-14216,2025-10-25,Cena,P-21,1
T-12353,2024-12-13,  Cena  ,P-17,2
T-14537,2024-04-20,N/A,P-03,2
T-14956,2024-07-12,Comida,P-15,3
T-10276,2025-05-17,  Cena  ,P-16,2
T-15513,2024-04-04,  Cena  ,P-23,4
T-15040,2025-02-25,Cena,P-12,4
T-14806,2024-04-30,comida,P-13,1
T-17557,2025-09-11,Desayuno?,P-11,3
T-17911,2024-08-02,Cena,P-17,1
T-16302,2024-05-24,  Cena  ,P-08,2
T-15450,2025-10-14,comida,P-08,1
T-16047,2025-05-16,comida,P-12,3
T-17560,02/06/2024,  Cena  ,P-18,3
T-11938,2024-11-20,Desayuno?,P-07,2
T-10566,2024-12-19,comida,P-99,2
T-16297,2025-11-27,CENA,P-13,2
T-10584,2025-02-04,  Cena  ,P-23,2
T-16095,2025-08-14,N/A,P-24,4
T-17071,2024-10-11,Cena,P-13,1
T-15247,2025-10-22,Cena,P-12,3
T-16871,2024-04-14,comida,P-10,1
T-12861,2024-03-31,NULL,P-19,1
T-10587,2025-01-14,NULL,P-04,1
T-13659,2024-09-29,CENA,P-10,4
T-14042,2024-11-23,,P-14,2
T-12110,2024-10-05,Desayuno?,P-01,3
T-10831,2024-10-03,N/A,P-01,1
T-12219,2025-11-18,NULL,P-01,4
T-17041,2025-01-25,Comida,P-21,4
T-17580,2025-05-14,Cena,P-03,3
T-14822,2024-01-26,CENA,P-20,1
T-13514,2025-01-29,Comida,P-22,2
T-14224,2025-10-12,Cena,P-23,4
T-16601,2024-06-14,Comida,P-05,4
T-16819,22/07/2025,Cena,P-25,2
T-13193,2024-01-26,Cena,P-06,2
T-13073,2025-05-14,  Cena  ,P-06,3
T-14358,2025-12-12,  Cena  ,P-14,3
T-11430,2024-08-10,N/A,P-17,4
T-17617,2025-08-15,NULL,P-17,4
T-16774,2024-08-10,Desayuno?,P-25,4
T-14223,2025-12-01,  Cena  ,P-13,4
T-11461,2024-04-15,NULL,P-25,1
T-15857,2025-12-11,CENA,P-09,3
T-13601,2025-11-16,Cena,P-16,2
T-16124,2024-01-06,CENA,P-10,4
T-15359,2024-03-29,comida,P-13,2
T-16741,2024-03-27,  Cena  ,P-11,1
T-12550,2024-11-29,NULL,P-22,1
T-10947,2025-12-30,NULL,P-24,1
T-17845,2024-05-16,  Cena  ,P-15,3
T-16416,2024-02-17,  Cena  ,P-04,1
T-15636,2025-07-22,Desayuno?,P-07,1
T-13879,2024-04-13,  Cena  ,P-11,1
T-10329,2025-04-16,Cena,P-24,1
T-10758,2025-08-23,comida,P-06,2
T-17010,2025-03-27,Cena,P-22,2
T-10332,2024-05-10,Comida,P-25,2
T-12168,2024-03-01,Desayuno?,P-01,1
T-16418,2024-06-21,Comida,P-03,2
T-17118,2025-09-16,Comida,P-18,2
T-13825,2025-06-27,,P-16,2
T-10368,2024-10-30,CENA,P-06,4
T-14502,2025-05-04,Desayuno?,P-11,1
T-16916,2024-02-24,Cena,P-04,2
T-11053,2024-10-13,Comida,P-04,1
T-14589,2024-02-22,Desayuno?,P-16,2
T-15079,2025-02-17,NULL,P-19,2
T-16424,2025-01-20,NULL,P-23,4
T-12269,2024-04-26,CENA,P-06,4
T-16825,2025-11-14,Comida,P-22,3
T-14304,2024-03-08,CENA,P-12,4
T-16460,2025-05-08,NULL,P-09,3
T-12468,2025-05-23,Cena,P-02,3
T-11362,2025-07-01,Cena,P-13,3
T-13631,2025-08-27,comida,P-04,3
T-16417,2025-08-16,CENA,P-14,1
T-11504,2025-08-18,CENA,P-19,1
T-15703,2025-03-03,NULL,P-06,2
T-13425,2025-01-24,N/A,P-15,4
T-13064,31/08/2025,Desayuno?,P-17,3
T-16831,2024-01-27,NULL,P-13,4
T-17722,2024-05-18,  Cena  ,P-04,4
T-12873,2025-11-14,Desayuno?,P-01,4
T-12678,2025-01-12,N/A,P-22,1
T-14888,2025-09-11,  Cena  ,P-09,2
T-17274,24/03/2024,Comida,P-15,3
T-15714,2025-03-06,Desayuno?,P-15,1
T-14670,2024-08-03,  Cena  ,P-12,2
T-11370,2025-08-26,Desayuno?,P-16,1
T-15252,2025-09-03,Comida,P-13,2
T-16297,2025-04-28,Cena,P-04,2
T-11276,2024-10-20,CENA,P-02,2
T-11938,2024-07-02,NULL,P-25,3
T-17603,2025-04-15,NULL,P-02,2
T-16517,2025-01-01,N/A,P-25,3
T-16363,2025-03-19,comida,P-12,1
T-14323,2024-02-22,CENA,P-25,4
T-10577,2025-04-02,N/A,P-24,1
T-10814,2025-05-20,Comida,P-20,4
T-11048,2025-09-11,comida,P-21,1
T-13793,2025-08-20,comida,P-04,3
T-15509,2025-08-23,Cena,P-13,4
T-13300,2024-02-19,Desayuno?,P-15,3
T-15852,2025-05-29,N/A,P-15,1
T-12933,2025-05-08,NULL,P-11,3
T-17967,2024-07-11,NULL,P-23,4
T-11318,2024-04-14,  Cena  ,P-16,3
T-10090,2025-01-16,Desayuno?,P-01,3
T-15476,2025-07-22,CENA,P-04,4
T-11543,2024-02-25,N/A,P-22,4
T-15060,2024-10-11,NULL,P-16,3
T-14613,26/08/2024,N/A,P-24,4
T-17069,2024-04-12,N/A,P-24,4
T-13564,2025-09-13,N/A,P-04,3
T-14966,2024-11-22,  Cena  ,P-15,1
T-13326,2025-10-14,N/A,P-08,1
T-15055,2025-12-13,comida,P-15,4
T-16161,2025-04-19,comida,P-23,1
T-16861,2024-08-24,N/A,P-05,4
T-16253,2024-07-28,comida,P-05,3
T-13489,2025-08-21,NULL,P-18,4
T-13576,2025-06-26,Desayuno?,P-15,1
T-12701,2025-06-19,comida,P-07,2
T-11008,2024-08-07,  Cena  ,P-17,2
T-11172,2024-05-16,Cena,P-03,1
T-13163,2025-04-08,CENA,P-11,1
T-12044,2024-05-27,Desayuno?,P-19,3
T-17612,2024-12-31,  Cena  ,P-20,2
T-16147,2024-02-12,,P-03,3
T-17565,2024-12-21,NULL,P-13,4
T-12988,2025-07-20,comida,P-20,4
T-11081,2024-09-01,,P-16,3
T-10358,17/07/2024,Cena,P-04,2
T-15939,2025-04-20,Cena,P-23,1
T-10881,2024-03-04,comida,P-21,2
T-11398,2025-07-01,N/A,P-09,3
T-15148,2025-09-30,comida,P-07,1
T-12078,2024-03-31,  Cena  ,P-11,3
T-12525,2024-04-07,comida,P-01,4
T-17368,2024-04-04,  Cena  ,P-01,3
T-10392,2024-10-09,  Cena  ,P-24,1
T-16368,2025-01-27,Comida,P-25,2
T-15515,2024-08-19,  Cena  ,P-02,2
T-14081,12/06/2025,CENA,P-06,1
T-12340,2024-09-27,CENA,P-15,2
T-17064,2024-05-11,  Cena  ,P-11,2
T-12406,2025-02-25,  Cena  ,P-02,3
T-11950,2024-11-29,Desayuno?,P-20,4
T-11472,2025-09-28,comida,P-17,4
T-10708,2025-05-16,N/A,P-13,3
T-10932,2025-07-17,NULL,P-01,2
T-17431,2025-09-14,  Cena  ,P-08,2
T-10416,2024-08-23,Cena,P-10,1
T-17298,2025-01-23,N/A,P-07,4
T-17735,2024-05-18,comida,P-23,2
T-17547,2024-11-16,  Cena  ,P-03,2
T-10545,2025-01-14,N/A,P-18,1
T-10482,2024-04-04,Cena,P-05,3
T-11979,2024-08-14,NULL,P-10,2
T-17750,2024-02-27,Desayuno?,P-09,1
T-17090,2024-07-27,NULL,P-02,3
T-17607,2025-06-16,NULL,P-13,2
T-16472,2025-04-28,N/A,P-01,2
T-15620,2025-10-02,Desayuno?,P-17,1
T-10031,2025-03-08,NULL,P-01,1
T-12169,2025-06-25,comida,P-20,1
T-11664,2025-05-16,comida,P-02,3
T-11309,2024-08-07,Cena,P-25,1
T-11475,2025-12-23,Cena,P-12,4
T-10947,2025-02-15,  Cena  ,P-09,3
T-16782,2024-06-13,Desayuno?,P-25,3
T-13083,2025-05-12,NULL,P-11,4
T-13368,2025-12-15,CENA,P-01,1
T-17237,2024-12-19,NULL,P-10,1
T-13199,2025-06-28,comida,P-23,1
T-13630,2025-06-02,CENA,P-08,3
T-12946,01/07/2024,,P-16,4
T-12329,2024-07-30,Desayuno?,P-13,2
T-17729,2024-11-18,Cena,P-12,2
T-14655,2024-02-19,  Cena  ,P-24,1
T-11139,2024-03-29,,P-01,2
T-17529,2024-02-04,Desayuno?,P-24,3
T-16721,2024-03-17,  Cena  ,P-99,2
T-14837,2025-01-13,  Cena  ,P-05,2
T-16341,2025-03-13,NULL,P-14,1
T-15693,2024-01-18,comida,P-21,1
T-10847,2025-01-03,Comida,P-09,3
T-17860,2025-08-26,NULL,P-09,3
T-14142,2024-08-18,  Cena  ,P-14,4
T-16800,2024-10-09,comida,P-13,3
T-16302,2024-05-25,CENA,P-23,4
T-16117,01/09/2025,Cena,P-25,3
T-15244,2024-05-30,CENA,P-09,3
T-13707,2024-11-18,Desayuno?,P-16,1
T-11056,2025-07-02,Comida,P-15,3
T-12330,2025-10-25,Desayuno?,P-17,2
T-13001,2024-01-21,  Cena  ,P-12,4
T-10595,2024-08-27,comida,P-06,2
T-11007,2025-06-29,NULL,P-02,3
T-14147,2025-02-07,Cena,P-13,2
T-13788,2024-09-19,Cena,P-01,4
T-12410,2024-07-14,NULL,P-11,1
T-12962,2025-04-29,Comida,P-05,3
T-10505,2025-09-17,Desayuno?,P-09,3
T-16018,2025-06-23,N/A,P-07,1
T-12047,2024-02-09,CENA,P-23,2
T-10925,2025-06-25,Desayuno?,P-23,4
T-16991,2025-01-26,Comida,P-08,2
T-17859,2024-02-05,,P-22,3
T-10820,2025-08-08,Desayuno?,P-16,2
T-12693,2024-07-24,  Cena  ,P-02,1
T-15076,2025-12-02,Comida,P-11,4
T-10370,2025-08-17,,P-02,1
T-14762,2024-12-27,  Cena  ,P-15,2
T-12417,2025-06-20,N/A,P-16,2
T-12536,2024-09-19,Desayuno?,P-08,4
T-14267,2025-09-04,NULL,P-24,-1
T-17855,29/10/2025,CENA,P-06,4
T-13010,2025-12-13,  Cena  ,P-20,3
T-13161,2024-02-26,NULL,P-17,4
T-11182,2025-02-19,  Cena  ,P-03,3
T-13143,2025-03-21,NULL,P-23,4
T-13071,2024-12-10,CENA,P-19,2
T-17156,2025-01-27,  Cena  ,P-11,4
T-10894,2025-01-01,,P-21,2
T-12283,2025-05-18,  Cena  ,P-14,2
T-13360,2025-10-07,comida,P-22,3
T-15223,2025-01-03,  Cena  ,P-03,3
T-15472,2024-01-10,Desayuno?,P-08,3
T-10227,2024-04-09,  Cena  ,P-10,1
T-11965,2025-01-02,N/A,P-04,1
T-14738,2025-03-13,  Cena  ,P-11,1
T-16383,2024-07-03,CENA,P-23,1
T-12447,2024-10-08,,P-03,1
T-11610,2024-03-06,Desayuno?,P-08,2
T-15448,2025-08-30,Comida,P-20,1
T-12107,2025-11-05,comida,P-06,1
T-14650,2025-09-12,Cena,P-23,1
T-13018,2025-09-29,Comida,P-18,1
T-12948,2025-02-24,Cena,P-17,1
T-17940,25/03/2025,Cena,P-11,1
T-17752,2025-08-17,Comida,P-21,3
T-11644,2025-06-10,Comida,P-13,4
T-12462,2025-09-26,Cena,P-12,1
T-13413,2025-03-08,comida,P-07,4
T-15025,2024-07-01,Desayuno?,P-16,4
T-13530,2024-08-02,N/A,P-06,2
T-12741,2024-03-27,Comida,P-12,4
T-11242,2024-11-15,N/A,P-23,3
T-12035,2024-04-15,  Cena  ,P-15,1
T-12912,2024-10-16,NULL,P-23,2
T-10241,2024-12-09,CENA,P-05,2
T-17998,2024-10-08,NULL,P-18,4
T-15155,2024-05-27,comida,P-07,1
T-17359,2025-12-26,Cena,P-03,4
T-17290,2025-08-13,Comida,P-17,1
T-10222,2024-11-21,N/A,P-12,4
T-13684,2024-09-30,N/A,P-05,4
T-12220,2024-08-10,  Cena  ,P-14,-1
T-13324,2025-10-18,  Cena  ,P-18,3
T-11789,2025-01-28,N/A,P-10,2
T-17253,2025-10-28,Comida,P-07,1
T-14109,2025-09-29,CENA,P-21,4
T-10714,2025-01-28,Desayuno?,P-01,4
T-17719,2025-12-12,CENA,P-10,4
T-13205,2025-11-03,comida,P-99,2
T-11303,2024-12-15,  Cena  ,P-06,2
T-17698,2024-10-28,Desayuno?,P-08,4
T-11128,2024-09-13,NULL,P-08,4
T-14347,2025-12-18,comida,P-19,3
T-10571,2024-05-25,CENA,P-22,3
T-16473,2025-01-07,comida,P-05,1
T-15153,2025-06-01,Desayuno?,P-25,1
T-10184,2025-03-18,NULL,P-18,3
T-13004,2024-11-07,Desayuno?,P-14,1
T-15900,2025-03-14,comida,P-19,4
T-16524,2025-10-29,  Cena  ,P-11,2
T-16649,14/12/2024,  Cena  ,P-13,2
T-16384,25/02/2025,N/A,P-05,3
T-14035,2025-03-09,Comida,P-24,2
T-15303,06/11/2025,N/A,P-24,3
T-13125,2024-08-05,Desayuno?,P-22,2
T-11401,24/03/2025,CENA,P-11,3
T-11735,2025-05-28,Desayuno?,P-19,1
T-13642,2024-10-04,N/A,P-22,1
T-17444,2025-12-01,Cena,P-13,3
T-10298,2025-03-13,Comida,P-23,4
T-14376,2024-10-15,Desayuno?,P-14,3
T-12772,2025-09-24,NULL,P-99,2
T-17723,2025-10-17,N/A,P-04,3
T-11071,2024-05-04,NULL,P-16,1
T-13130,2025-10-10,CENA,P-20,2
T-16254,2024-04-08,  Cena  ,P-23,3
T-15145,2025-12-15,Desayuno?,P-20,4
T-15852,2025-12-05,comida,P-11,4
T-14525,2025-05-19,CENA,P-21,3
T-14260,2025-02-19,  Cena  ,P-04,3
T-16139,2025-12-15,Comida,P-03,3
T-16375,2025-07-22,Comida,P-07,1
T-10552,2024-11-07,CENA,P-09,2
T-14818,2025-01-30,comida,P-13,3
T-13401,2024-01-25,,P-05,3
T-11424,2025-08-23,Desayuno?,P-08,-1
T-12514,2024-12-17,Desayuno?,P-23,1
T-16520,2024-10-11,CENA,P-02,2
T-12225,2024-05-04,Desayuno?,P-16,4
T-12213,2025-08-31,Cena,P-08,1
T-13210,2024-02-22,Desayuno?,P-04,3
T-10790,2025-05-28,NULL,P-23,4
T-14965,2025-08-15,comida,P-08,4
T-16025,2024-04-28,NULL,P-07,2
T-16376,2024-05-07,Cena,P-11,4
T-13237,2025-08-02,Comida,P-24,2
T-17257,2025-10-31,CENA,P-09,2
T-10261,2025-01-07,Cena,P-16,2
T-11326,2024-02-07,comida,P-14,3
T-16351,2025-02-28,Desayuno?,P-10,4
T-11930,2025-04-23,N/A,P-18,1
T-16089,2024-02-06,Comida,P-02,3
T-14603,2024-11-02,N/A,P-19,1
T-17373,2024-01-27,comida,P-05,3
T-12549,2024-01-19,Cena,P-02,4
T-16698,2025-09-12,N/A,P-10,4
T-17455,2025-01-31,Desayuno?,P-08,3
T-17087,2025-05-07,N/A,P-15,2
T-11229,2024-12-02,Desayuno?,P-15,4
T-15438,2024-01-30,  Cena  ,P-14,2
T-14633,28/10/2025,Comida,P-12,3
T-12268,2024-06-11,Cena,P-09,2
T-16919,2024-03-17,comida,P-17,4
T-16009,2025-01-07,Comida,P-21,2
T-14849,2025-03-05,,P-05,2
T-17007,10/04/2025,Cena,P-20,4
T-12468,2024-12-30,CENA,P-05,2
T-15286,2024-03-01,Comida,P-15,4
T-13647,2025-03-03,,P-05,4
T-17007,2024-08-11,N/A,P-04,3
T-17958,2025-08-29,Comida,P-21,3
T-12080,2024-06-19,N/A,P-09,3
T-15479,2025-03-12,  Cena  ,P-13,3
T-13062,2025-11-14,Cena,P-08,3
T-17552,2024-02-10,Desayuno?,P-19,2
T-10018,2025-09-10,comida,P-20,3
T-12904,2024-05-31,CENA,P-07,3
T-16717,2025-07-15,N/A,P-05,3
T-11208,2025-07-11,comida,P-09,3
T-14763,2025-02-21,  Cena  ,P-16,1
T-11704,2025-12-14,Cena,P-17,1
T-14555,2025-05-30,Cena,P-20,2
T-16315,2025-11-26,Desayuno?,P-11,1
T-15383,20/01/2024,Comida,P-22,3
T-16536,2024-10-04,Cena,P-10,3
T-15619,2024-02-07,Cena,P-19,4
T-15155,2024-03-01,comida,P-21,3
T-12487,2024-02-14,NULL,P-02,-1
T-12008,2025-07-25,Cena,P-17,4
T-13761,2025-01-05,CENA,P-20,4
T-12070,2024-07-28,comida,P-02,2
T-10059,2025-05-07,  Cena  ,P-13,1
T-13692,2025-04-01,comida,P-11,1
T-10815,2025-11-14,comida,P-23,3
T-13798,2025-01-28,Desayuno?,P-01,2
T-16825,2025-05-22,Desayuno?,P-23,3
T-10959,2024-01-24,Comida,P-24,-1
T-13718,2025-11-03,comida,P-17,2
T-15695,2024-09-09,Desayuno?,P-15,1
T-13501,2025-02-22,Comida,P-02,3
T-12186,2025-11-06,CENA,P-08,1
T-12044,2024-01-02,NULL,P-99,4
T-13534,2024-10-05,comida,P-21,2
T-12869,06/02/2025,Comida,P-01,4
T-15410,2025-12-30,NULL,P-02,3
T-12057,2024-09-06,Cena,P-24,3
T-15745,2025-05-16,NULL,P-12,3
T-14572,2025-06-30,N/A,P-12,3
T-14947,2024-09-10,Comida,P-17,2
T-12021,18/07/2024,  Cena  ,P-04,1
T-10407,18/01/2024,NULL,P-03,4
T-15677,2024-03-30,Desayuno?,P-08,3
T-17897,2025-07-26,Cena,P-14,2
T-13220,2024-02-07,Cena,P-04,4
T-15650,2024-05-03,CENA,P-99,2
T-10820,2024-12-03,  Cena  ,P-12,2
T-15691,2025-01-21,comida,P-21,4
T-10114,2025-10-26,comida,P-05,1
T-17126,2024-03-22,Comida,P-21,1
T-12867,2024-02-20,Desayuno?,P-18,2
T-17344,2025-03-04,  Cena  ,P-12,1
T-11160,2025-04-15,Comida,P-11,1
T-16789,2024-08-07,,P-08,4
T-14516,2025-09-12,Comida,P-02,4
T-14963,2025-07-19,Desayuno?,P-06,2
T-15557,04/10/2024,  Cena  ,P-06,2
T-15268,2025-07-22,Cena,P-03,4
T-16487,2024-12-23,comida,P-17,4
T-10751,2024-09-27,Comida,P-12,1
T-11853,2024-06-12,Desayuno?,P-07,1
T-17407,2024-07-21,Cena,P-24,2
T-16481,2024-10-08,Cena,P-04,4
T-10424,2024-08-30,  Cena  ,P-22,2
T-15906,2025-01-28,Desayuno?,P-01,1
T-14990,2025-01-03,NULL,P-23,3
T-12306,2025-12-02,CENA,P-13,2
T-16600,2025-06-23,Cena,P-22,2
T-12652,2024-03-27,comida,P-18,1
T-15148,2025-12-19,NULL,P-21,2
T-17960,16/12/2025,Cena,P-16,1
T-12634,2025-10-20,Desayuno?,P-07,3
T-10612,2025-04-30,CENA,P-01,4
T-14258,2024-07-04,N/A,P-04,3
T-11665,2025-11-09,Cena,P-10,3
T-14880,2024-05-23,Desayuno?,P-22,4
T-15999,2025-02-23,  Cena  ,P-20,3
T-17855,2025-04-30,Cena,P-06,1
T-15212,21/01/2025,NULL,P-12,3
T-13218,2025-05-16,Comida,P-06,2
T-15097,2025-10-14,comida,P-22,1
T-13547,2025-04-02,comida,P-04,3
T-12890,2025-02-09,comida,P-14,3
T-11481,2025-07-03,  Cena  ,P-08,4
T-17230,2025-12-17,Comida,P-17,1
T-14498,2025-02-18,CENA,P-05,1
T-14835,2024-06-13,NULL,P-20,4
T-12798,2024-05-26,N/A,P-05,3
T-15460,2025-09-04,Desayuno?,P-99,2
T-13131,2024-09-19,N/A,P-03,1
T-13207,2024-09-30,N/A,P-19,1
T-15792,2025-08-15,Cena,P-04,4
T-16283,2024-05-28,Desayuno?,P-17,4
T-13715,2024-04-01,  Cena  ,P-18,3
T-15800,2025-03-04,CENA,P-24,3
T-17445,2025-07-15,  Cena  ,P-07,2
T-15655,2025-04-05,comida,P-04,3
T-10176,2025-06-04,Cena,P-06,1
T-14870,2025-02-18,  Cena  ,P-05,1
T-10051,2024-11-05,NULL,P-05,3
T-11290,2024-08-31,comida,P-05,2
T-16639,2025-02-26,comida,P-06,3
T-10079,23/09/2025,NULL,P-02,1
T-17447,2024-12-29,NULL,P-23,1
T-17565,2024-12-16,CENA,P-09,4
T-11042,2025-10-24,Cena,P-02,1
T-13062,2025-01-21,CENA,P-05,3
T-14438,30/03/2025,Comida,P-24,4
T-15675,2024-02-09,CENA,P-20,4
T-12261,2024-03-31,comida,P-10,1
T-16828,2024-04-24,NULL,P-19,2
T-15751,2025-05-10,  Cena  ,P-01,4
T-13627,2025-06-08,NULL,P-23,1
T-14970,2025-06-15,comida,P-16,1
T-15430,01/09/2024,Desayuno?,P-08,3
T-12977,2025-04-13,Comida,P-03,3
T-10913,2024-07-19,comida,P-25,2
T-14489,2024-04-02,comida,P-20,2
T-12322,2025-03-08,NULL,P-14,4
T-17638,2025-06-25,Comida,P-12,4
T-13930,2024-02-28,N/A,P-16,4
T-14372,2024-08-28,,P-18,4
T-16353,2025-02-27,NULL,P-13,2
T-13584,2024-04-20,Desayuno?,P-03,2
T-13565,2025-12-26,N/A,P-14,4
T-13232,2025-04-16,Cena,P-14,4
T-11267,2025-06-08,Cena,P-18,1
T-17462,2025-11-01,CENA,P-05,1
T-13968,2025-10-31,NULL,P-01,4
T-15108,2025-06-16,Cena,P-17,1
T-17200,2024-09-18,Comida,P-15,2
T-17293,2024-05-28,  Cena  ,P-25,3
T-12595,28/04/2025,  Cena  ,P-01,2
T-17332,2024-07-17,  Cena  ,P-20,4
T-13858,2025-08-05,N/A,P-09,2
T-13521,2024-07-04,  Cena  ,P-16,3
T-10150,2024-04-02,,P-09,2
T-16691,10/02/2024,comida,P-24,1
T-17489,2024-08-02,comida,P-09,1
T-10827,2025-03-02,comida,P-06,4
T-11760,2025-06-06,Desayuno?,P-99,3
T-14472,2024-01-06,Comida,P-05,1
T-14207,2025-05-08,comida,P-99,4
T-14831,2025-09-24,N/A,P-01,2
T-17282,2024-11-20,CENA,P-17,1
T-14297,2025-11-26,Desayuno?,P-14,2
T-17043,2025-11-13,N/A,P-10,4
T-15693,2024-04-04,CENA,P-16,3
T-13307,2025-11-22,comida,P-14,3
T-17227,2024-09-24,N/A,P-18,2
T-16232,18/05/2024,CENA,P-13,3
T-12785,2024-11-10,N/A,P-25,-1
T-14698,2025-05-02,NULL,P-19,2
T-16596,2024-05-21,  Cena  ,P-06,3
T-14255,2025-02-11,Cena,P-03,4
T-14771,2024-03-20,  Cena  ,P-25,1
T-13524,2025-01-23,N/A,P-17,4
T-11318,2024-02-12,  Cena  ,P-22,4
T-15720,2024-08-14,  Cena  ,P-04,4
T-15979,2024-12-09,  Cena  ,P-05,2
T-12978,2025-04-03,NULL,P-19,4
T-17419,2024-10-15,  Cena  ,P-23,2
T-11784,2025-03-20,  Cena  ,P-09,1
T-13812,2024-11-14,N/A,P-13,2
T-13365,2024-12-10,,P-19,3
T-11062,2025-08-12,CENA,P-12,2
T-17471,2024-01-23,,P-99,1
T-15797,2024-11-01,,P-03,1
T-15174,2025-11-24,Cena,P-24,1
T-16305,2025-02-24,Desayuno?,P-99,3
T-15519,2025-10-24,,P-25,1
T-14973,2024-10-29,,P-20,2
T-14352,2024-09-30,Cena,P-23,4
T-13867,2025-05-19,Cena,P-22,3
T-15020,2025-12-14,CENA,P-18,3
T-14148,2025-11-17,Desayuno?,P-18,1
T-14365,2024-12-16,N/A,P-13,2
T-14150,2025-04-30,Desayuno?,P-13,2
T-12098,2024-12-08,Comida,P-18,1
T-16959,2024-02-02,N/A,P-17,2
T-12842,2024-04-29,Comida,P-08,1
T-13691,2025-06-15,,P-20,1
T-14426,2025-03-09,N/A,P-18,1
T-14439,2025-08-04,  Cena  ,P-23,4
T-16079,2024-10-17,Desayuno?,P-05,4
T-13085,2024-09-11,  Cena  ,P-99,2
T-12975,2025-11-13,N/A,P-19,3
T-13327,2025-12-16,CENA,P-07,3
T-13686,2025-10-06,Comida,P-18,1
T-12953,2024-02-05,comida,P-17,2
T-16169,2024-06-20,NULL,P-05,4
T-17917,2024-06-20,,P-10,1
T-16405,2024-02-20,CENA,P-07,1
T-13658,2025-05-21,N/A,P-17,2
T-16246,2024-11-13,Comida,P-09,4
T-10552,2025-05-31,CENA,P-13,3
T-17013,2024-07-08,comida,P-22,1
T-16417,2025-01-17,Desayuno?,P-08,1
T-17316,2025-04-13,,P-01,4
T-16227,2024-08-13,Desayuno?,P-15,3
T-10439,2025-01-20,Cena,P-15,1
T-15977,2025-11-10,Comida,P-09,2
T-10098,2024-06-13,Desayuno?,P-12,3
T-15685,2025-03-03,NULL,P-03,4
T-14764,2025-01-21,CENA,P-01,1
T-16334,2024-05-23,CENA,P-21,1
T-14721,2025-04-26,Desayuno?,P-14,4
T-12530,2024-08-02,CENA,P-02,2
T-17593,2024-06-30,comida,P-18,4
T-13657,2024-08-06,  Cena  ,P-10,3
T-12815,2025-03-09,NULL,P-15,3
T-15596,2024-06-16,Comida,P-19,2
T-15188,2025-04-21,CENA,P-22,1
T-12412,2025-05-24,Comida,P-15,1
T-10517,02/10/2024,Cena,P-22,2
T-16491,03/08/2025,Cena,P-11,2
T-12653,2024-11-04,Cena,P-02,4
T-17464,2024-09-13,Comida,P-07,3
T-11807,2024-06-04,NULL,P-01,1
T-13270,2024-12-30,CENA,P-05,3
T-12063,2024-03-31,Desayuno?,P-08,1
T-11752,2025-06-19,Desayuno?,P-08,1
T-12765,2025-09-28,N/A,P-04,2
T-14975,2024-12-16,N/A,P-99,3
T-12475,2025-05-23,Cena,P-25,3
T-15962,2024-11-16,Comida,P-23,1
T-15135,2025-05-09,Cena,P-02,2
T-16750,2024-03-18,Desayuno?,P-16,-1
T-17809,2025-12-06,Cena,P-23,2
T-15616,2024-01-12,,P-09,2
T-11403,2024-06-23,Comida,P-11,1
T-16929,2024-09-10,N/A,P-20,2
T-12091,2025-11-08,NULL,P-05,3
T-17820,2024-04-03,Comida,P-02,2
T-13259,2024-08-25,  Cena  ,P-20,1
T-15729,2024-12-26,Desayuno?,P-03,3
T-11795,2025-01-28,comida,P-22,3
T-11812,2025-05-05,Cena,P-23,4
T-14198,2025-01-27,N/A,P-24,4
T-17804,2024-04-26,Desayuno?,P-23,2
T-14612,2024-04-10,  Cena  ,P-08,4
T-13869,2024-10-25,Cena,P-08,3
T-12197,2024-09-30,N/A,P-12,1
T-17516,2025-08-05,  Cena  ,P-15,3
T-15514,2024-10-11,CENA,P-04,3
T-14686,2024-08-02,Cena,P-20,4
T-13760,2025-02-07,  Cena  ,P-04,4
T-11057,2025-06-30,comida,P-05,3
T-14890,2024-03-17,CENA,P-03,1
T-13146,2024-05-05,CENA,P-06,-1
T-13480,2025-02-28,CENA,P-02,4
T-12893,2025-04-16,CENA,P-99,3
T-10899,2025-10-01,comida,P-24,1
T-17784,2024-11-08,Desayuno?,P-13,4
T-10102,2024-04-19,N/A,P-08,3
T-11216,2025-10-25,Comida,P-20,4
T-17302,2025-10-09,  Cena  ,P-01,2
T-10431,2025-06-20,Desayuno?,P-21,2
T-11676,2024-02-14,Cena,P-02,2
T-16512,2024-03-26,N/A,P-22,1
T-10192,2025-11-30,Comida,P-25,3
T-10469,2024-06-01,Cena,P-03,4
T-11711,2025-12-18,N/A,P-14,3
T-15666,2024-02-17,comida,P-15,2
T-11062,2024-11-07,Comida,P-18,1
T-14553,2025-02-28,N/A,P-20,1
T-13313,2025-09-07,NULL,P-25,3
T-16786,2025-02-26,Comida,P-21,2
T-15169,2024-08-10,comida,P-13,2
T-14623,2025-02-14,  Cena  ,P-10,3
T-12345,2025-03-31,N/A,P-02,4
T-14235,2025-09-16,NULL,P-19,-1
T-10867,2024-02-16,Cena,P-12,1
T-17672,2025-11-14,CENA,P-21,2
T-11233,2024-09-25,comida,P-20,3
T-17032,2024-05-23,NULL,P-10,3
T-17204,2025-11-29,Comida,P-23,2
T-12829,2025-09-28,NULL,P-15,4
T-14815,2024-08-15,NULL,P-06,1
T-12384,2025-10-31,  Cena  ,P-01,4
T-15304,2025-05-05,Cena,P-20,2
T-11051,2025-08-26,,P-07,3
T-15800,2025-10-18,  Cena  ,P-25,3
T-16151,2025-10-13,CENA,P-02,3
T-16435,2024-05-16,Desayuno?,P-04,3
T-14954,2025-05-29,Desayuno?,P-14,4
T-15153,2024-08-23,Cena,P-18,3
T-10916,2025-09-04,Desayuno?,P-22,3
T-11995,2024-08-05,comida,P-03,1
T-15904,2025-08-13,N/A,P-16,1
T-17498,2024-04-03,Cena,P-13,1
T-15306,2024-05-21,Desayuno?,P-10,4
T-13946,2024-01-03,comida,P-24,2
T-15991,2025-08-26,N/A,P-24,3
T-17623,2025-08-17,,P-18,2
T-12409,2024-02-21,,P-03,2
T-11299,2024-10-12,CENA,P-16,3
T-17109,2025-06-21,NULL,P-14,3
T-14000,2024-11-01,Desayuno?,P-03,3
T-14191,2024-01-28,CENA,P-20,3
T-11112,2024-01-07,Desayuno?,P-05,1
T-14056,2024-09-23,NULL,P-21,1
T-17995,2025-12-26,comida,P-01,2
T-15085,2024-04-07,comida,P-15,4
T-11388,2025-08-06,Comida,P-14,3
T-11779,2025-09-21,comida,P-16,4
T-15406,2024-12-04,Cena,P-03,3
T-12357,2025-12-04,comida,P-01,2
T-10299,2024-01-07,NULL,P-10,2
T-10200,2025-05-01,N/A,P-07,2
T-13009,2024-08-20,N/A,P-99,3
T-12278,2024-08-25,Desayuno?,P-10,1
T-17432,2024-05-07,Desayuno?,P-21,3
T-11925,2024-03-21,comida,P-25,1
T-16110,2024-08-10,Comida,P-01,3
T-17672,2024-10-23,Comida,P-05,2
T-12838,2024-01-23,Cena,P-22,1
T-10180,2024-03-24,comida,P-23,3
T-11602,2025-11-23,N/A,P-05,3
T-14315,2025-10-21,,P-05,1
T-13591,2025-03-31,Desayuno?,P-08,1
T-14526,2024-05-31,N/A,P-23,4
T-12185,2024-11-04,Cena,P-06,4
T-13930,2024-07-25,NULL,P-15,3
T-13733,2025-10-19,CENA,P-20,3
T-11218,2025-12-16,Comida,P-02,1
T-10192,2025-07-30,Desayuno?,P-25,1
T-12417,2025-04-03,comida,P-13,2
T-11986,2024-06-29,Desayuno?,P-04,1
T-16913,2024-05-28,Comida,P-14,4
T-16460,2025-04-19,NULL,P-10,1
T-15499,2025-04-20,Desayuno?,P-06,1
T-16182,2024-05-29,Comida,P-22,1
T-10335,24/05/2024,N/A,P-23,3
T-11985,2024-05-22,Desayuno?,P-99,3
T-15990,2025-02-11,N/A,P-18,4
T-17738,2025-04-23,Cena,P-17,2
T-16220,2025-11-18,comida,P-19,1
T-11531,30/07/2025,NULL,P-10,3
T-15266,2025-04-16,CENA,P-01,3
T-14001,2025-08-25,NULL,P-09,1
T-12997,2024-07-29,NULL,P-13,1
T-12101,2024-01-28,Comida,P-03,1
T-10687,2025-07-05,N/A,P-10,1
T-10588,2024-09-07,Desayuno?,P-25,1
T-16102,2024-04-05,Cena,P-06,2
T-14080,2024-02-28,NULL,P-02,1
T-17592,2024-09-01,NULL,P-16,3
T-13640,2024-08-12,Cena,P-21,2
T-13399,2024-08-31,N/A,P-16,2
T-14155,2025-05-23,N/A,P-25,2
T-10883,2024-06-30,Comida,P-03,4
T-12902,2025-04-21,Cena,P-16,3
T-17979,2025-06-30,comida,P-05,1
T-13192,2024-07-18,Cena,P-02,2
T-13552,2024-09-20,N/A,P-15,3
T-15418,2025-01-10,  Cena  ,P-14,2
T-15702,2024-03-27,  Cena  ,P-14,4
T-14764,2025-03-12,Comida,P-20,4
T-15572,2025-03-23,NULL,P-09,2
T-10095,2024-12-16,comida,P-10,1
T-10324,2024-08-31,CENA,P-01,3
T-13421,2024-08-13,Comida,P-24,2
T-15678,2024-09-15,Cena,P-23,2
T-13763,20/12/2025,Desayuno?,P-25,1
T-12235,2025-07-27,comida,P-08,1
T-17163,2024-08-02,Comida,P-15,4
T-10578,2025-04-23,NULL,P-25,1
T-14013,28/10/2025,NULL,P-15,2
T-10399,2025-02-21,Comida,P-21,1
T-15825,02/02/2024,Cena,P-07,3
T-14980,2025-05-08,Comida,P-07,2
T-14254,2024-01-30,Desayuno?,P-08,1
T-17084,2024-03-31,CENA,P-02,3
T-11706,2025-01-06,Cena,P-06,4
T-14439,2024-12-05,Comida,P-04,4
T-12862,2024-03-26,NULL,P-02,2
T-10040,2024-08-23,comida,P-02,3
T-10100,2024-03-14,NULL,P-15,1
T-13906,2025-05-05,CENA,P-15,1
T-13962,2025-12-23,Cena,P-01,4
T-13947,2024-11-15,NULL,P-17,2
T-11328,2025-12-29,Desayuno?,P-02,3
T-17814,2024-03-14,Desayuno?,P-19,4
T-10045,2025-07-28,comida,P-13,2
T-17999,01/04/2024,Desayuno?,P-06,4
T-12080,2024-05-20,CENA,P-12,4
T-11958,29/11/2025,N/A,P-20,1
T-11521,2025-02-27,  Cena  ,P-12,3
T-10157,2024-12-30,Cena,P-09,2
T-17231,2024-03-14,N/A,P-13,2
T-11994,2025-03-30,Cena,P-01,4
T-11321,11/03/2025,Cena,P-09,3
T-12050,2025-07-04,NULL,P-22,2
T-13120,2024-06-15,Comida,P-23,1
T-12082,2024-05-26,Desayuno?,P-25,3
T-10404,2025-09-21,comida,P-20,3
T-15018,2025-10-28,CENA,P-21,2
T-10949,2024-06-07,  Cena  ,P-10,2
T-13790,2025-11-25,CENA,P-19,2
T-17669,2025-08-06,N/A,P-11,1
T-17443,2025-07-06,CENA,P-08,4
T-11931,2024-08-06,Comida,P-08,2
T-17033,2024-06-22,Cena,P-01,1
T-15194,2024-01-06,N/A,P-21,1
T-11877,2025-09-13,Cena,P-22,2
T-13011,2024-01-22,N/A,P-05,1
T-16838,2024-03-30,Desayuno?,P-11,1
T-14281,2025-12-18,Comida,P-09,4
T-10407,2024-08-09,Desayuno?,P-15,2
T-16996,2025-07-11,  Cena  ,P-08,1
T-14367,2025-04-19,Cena,P-12,4
T-10861,2024-06-21,N/A,P-06,1
T-13758,2024-05-02,comida,P-25,4
T-14331,2024-12-20,Cena,P-09,1
T-15408,2024-09-20,NULL,P-06,1
T-15863,2025-12-04,N/A,P-19,3
T-16719,2025-12-02,N/A,P-10,2
T-16728,2025-06-22,CENA,P-25,2
T-13151,2025-02-28,comida,P-18,1
T-17503,2025-02-22,  Cena  ,P-24,4
T-13826,2025-03-13,CENA,P-14,1
T-13446,2025-11-07,  Cena  ,P-21,2
T-16603,2024-11-01,Cena,P-11,3
T-14873,2025-04-27,NULL,P-05,3
T-17645,2024-04-25,Cena,P-21,3
T-17646,2024-06-06,NULL,P-01,3
T-13442,2025-02-09,Comida,P-18,2
T-16023,2025-04-15,NULL,P-01,4
T-11673,2024-05-25,N/A,P-19,4
T-10005,2024-03-13,Cena,P-14,4
T-12502,2024-02-29,  Cena  ,P-99,1
T-15071,2025-09-22,CENA,P-21,4
T-11267,2024-06-14,N/A,P-14,1
T-10091,2025-01-21,Cena,P-99,2
T-10154,2025-06-23,Desayuno?,P-06,2
T-10413,2024-01-21,Cena,P-04,3
T-17259,2024-04-17,NULL,P-25,3
T-10978,2025-07-19,Comida,P-24,3
T-11463,2024-09-02,CENA,P-11,2
T-10443,2024-08-19,comida,P-03,3
T-16477,2025-05-29,,P-17,1
T-13675,2024-09-18,Desayuno?,P-04,4
T-16509,2024-07-22,N/A,P-06,3
T-17682,2025-04-25,Desayuno?,P-09,1
T-11096,2025-12-28,Desayuno?,P-09,2
T-15088,2025-07-31,N/A,P-20,3
T-13630,2024-03-26,Desayuno?,P-18,4
T-13614,2025-07-22,  Cena  ,P-09,2
T-17304,2024-09-13,,P-09,3
T-12983,2025-11-30,N/A,P-13,2
T-16827,2025-11-19,,P-24,1
T-10696,2025-02-23,NULL,P-10,3
T-12358,2025-05-13,comida,P-03,4
T-16917,2024-07-16,Comida,P-07,2
T-11619,2025-01-17,Cena,P-99,2
T-15116,2025-04-20,Desayuno?,P-10,1
T-13784,2025-01-20,NULL,P-24,2
T-10914,2025-08-24,Desayuno?,P-21,2
T-10559,2024-07-21,Comida,P-12,3
T-17229,2025-07-19,Desayuno?,P-11,3
T-16040,2025-09-26,comida,P-24,3
T-12134,2025-06-05,Desayuno?,P-09,2
T-14071,2025-04-08,Desayuno?,P-25,3
T-15222,2024-04-03,  Cena  ,P-22,4
T-15748,2025-12-26,  Cena  ,P-07,3
T-15278,2025-05-12,N/A,P-15,2
T-11551,12/02/2024,CENA,P-03,1
T-15863,2024-05-02,N/A,P-11,2
T-13519,2024-06-02,Desayuno?,P-24,4
T-17645,2024-01-03,Cena,P-12,3
T-14510,2025-01-03,NULL,P-18,2
T-14360,2024-09-22,NULL,P-15,3
T-10383,24/10/2024,Cena,P-23,1
T-11970,2025-01-02,Cena,P-23,1
T-17062,14/10/2024,CENA,P-12,4
T-17534,2025-05-14,NULL,P-22,1
T-11002,2025-03-07,Desayuno?,P-13,2
T-17492,2024-03-18,N/A,P-25,2
T-15359,2024-01-31,  Cena  ,P-02,1
T-17117,2025-06-03,NULL,P-10,3
T-12527,2025-10-26,N/A,P-07,1
T-11177,30/06/2024,NULL,P-20,2
T-11362,2025-09-16,CENA,P-01,1
T-17967,2024-04-07,Cena,P-08,2
T-11490,2025-08-11,N/A,P-21,4
T-14887,2025-12-31,NULL,P-03,3
T-13022,2025-06-13,  Cena  ,P-16,1
T-14035,2024-10-02,NULL,P-22,4
T-16271,2025-10-14,Desayuno?,P-24,4
T-12725,2024-03-27,NULL,P-22,2
T-11179,2024-11-05,N/A,P-25,3
T-11100,2024-06-15,CENA,P-15,1
T-11292,2024-11-19,Cena,P-01,3
T-17071,2024-03-25,comida,P-14,2
T-17639,2025-08-11,CENA,P-03,3
T-10535,2024-08-15,Comida,P-22,3
T-10494,2025-07-31,NULL,P-07,1
T-10991,2024-04-03,N/A,P-03,2
T-16533,2025-04-01,  Cena  ,P-20,3
T-13036,2024-11-22,NULL,P-17,4
T-16626,2025-09-03,N/A,P-09,1
T-14587,2024-11-13,Cena,P-03,2
T-16716,2025-06-16,Comida,P-01,2
T-13231,2024-01-15,  Cena  ,P-24,1
T-10517,2024-05-10,Desayuno?,P-09,4
T-17077,2024-02-08,  Cena  ,P-10,2
T-14428,2025-09-07,NULL,P-15,1
T-11714,2025-07-08,N/A,P-19,2
T-16131,2025-06-16,comida,P-21,3
T-14839,2025-08-06,comida,P-03,1
T-13577,2024-02-04,NULL,P-99,1
T-15105,2025-10-19,Cena,P-05,4
T-14528,2024-01-07,Desayuno?,P-16,3
T-15282,2024-03-24,NULL,P-16,3
T-13050,2025-05-03,Cena,P-08,1
T-15908,2025-12-22,N/A,P-19,4
T-13211,2024-10-15,Comida,P-22,1
T-11686,2025-08-02,Desayuno?,P-25,4
T-14828,2024-10-08,Desayuno?,P-23,4
T-10804,2025-11-16,Comida,P-21,1
T-17226,2024-09-26,Cena,P-15,2
T-17492,2024-05-15,N/A,P-24,2
T-15100,2025-10-23,N/A,P-18,-1
T-16573,2024-05-02,Desayuno?,P-01,3
T-16617,2025-03-05,,P-25,4
T-13523,2024-02-12,Comida,P-11,3
T-13727,2025-02-17,Cena,P-10,1
T-13598,2024-04-17,  Cena  ,P-22,3
T-10752,2024-08-05,Comida,P-15,3
T-14170,24/10/2025,Cena,P-20,3
T-11207,2025-02-26,Comida,P-21,4
T-13824,2025-12-27,Comida,P-18,4
T-10837,2024-01-31,NULL,P-20,3
T-15783,2024-06-19,  Cena  ,P-13,4
T-17838,2025-05-30,N/A,P-99,2
T-12416,2024-09-03,NULL,P-03,-1
T-10252,2024-10-29,Desayuno?,P-05,4
T-12502,2025-10-09,CENA,P-23,1
T-16836,2025-04-08,Desayuno?,P-09,1
T-17000,2024-08-31,Desayuno?,P-03,1
T-13217,2025-01-28,Cena,P-25,4
T-13006,2024-08-08,NULL,P-03,2
T-16226,2024-08-25,Cena,P-22,2
T-11543,2025-12-03,  Cena  ,P-16,1
T-17136,2025-02-06,  Cena  ,P-07,3
T-17382,2025-04-30,Cena,P-02,4
T-11275,2024-02-26,NULL,P-04,3
T-14458,2024-04-11,NULL,P-99,1
T-11077,2025-08-16,Desayuno?,P-14,3
T-13456,2024-12-09,comida,P-06,2
T-14474,2024-02-22,NULL,P-03,4
T-10852,2025-02-23,  Cena  ,P-25,1
T-13906,2024-04-25,Desayuno?,P-15,3
T-15250,2025-11-07,CENA,P-09,2
T-11292,2025-09-29,,P-14,2
T-15183,2025-08-18,Cena,P-22,4
T-14249,2024-04-30,CENA,P-04,2
T-13408,2025-11-30,Cena,P-16,1
T-16231,2024-10-22,CENA,P-15,1
T-12023,2025-09-22,Cena,P-22,4
T-14591,2024-12-09,comida,P-21,1
T-17024,2025-06-10,,P-13,1
T-17009,2025-11-26,N/A,P-11,2
T-10147,2024-12-17,Desayuno?,P-12,4
T-14683,2024-01-30,NULL,P-22,3
T-17408,2025-01-10,Desayuno?,P-11,4
T-16685,2024-07-04,CENA,P-10,4
T-10207,2025-01-15,,P-06,2
T-17405,2025-07-21,  Cena  ,P-23,3
T-11439,2025-11-01,NULL,P-20,3
T-12190,2024-03-05,CENA,P-02,3
T-15832,2025-08-23,  Cena  ,P-10,3
T-17979,2025-08-27,comida,P-18,4
T-11121,2024-09-23,  Cena  ,P-25,4
T-16643,2024-03-26,comida,P-10,3
T-14302,2024-03-08,NULL,P-13,3
T-11542,2024-07-26,Comida,P-03,3
T-15431,2024-07-23,Cena,P-23,2
T-10057,2025-03-14,comida,P-18,3
T-11480,2024-03-24,CENA,P-06,4
T-14374,2024-06-07,Cena,P-01,3
T-11435,2025-05-11,Desayuno?,P-23,4
T-11892,2025-06-15,,P-06,3
T-11032,2024-10-25,Comida,P-22,4
T-15204,2024-10-09,NULL,P-19,1
T-11888,2025-12-08,Desayuno?,P-14,4
T-16741,2025-01-25,CENA,P-22,2
T-10524,2025-09-08,NULL,P-22,1
T-15932,2024-09-20,CENA,P-22,3
T-10705,2025-08-03,Cena,P-17,1
T-12421,2025-02-18,Cena,P-23,3
T-17177,2025-11-11,Cena,P-23,1
T-13401,2024-02-15,  Cena  ,P-14,2
T-16206,2025-12-15,NULL,P-06,4
T-16425,2025-02-06,Desayuno?,P-23,2
T-16212,2025-04-08,,P-25,1
T-17610,2025-01-05,NULL,P-16,3
T-14242,2024-08-23,Cena,P-17,3
T-11668,2025-11-08,comida,P-08,1
T-16692,2025-12-31,Cena,P-19,4
T-11571,08/02/2025,Cena,P-15,3
T-10657,2024-07-08,CENA,P-03,4
T-15368,2025-03-09,CENA,P-02,2
T-17903,2025-10-19,NULL,P-01,4
T-11278,04/01/2024,N/A,P-09,4
T-14355,2024-06-02,CENA,P-17,2
T-15900,2025-11-18,NULL,P-21,4
T-11851,2025-01-30,NULL,P-21,3
T-14848,2024-08-29,Cena,P-13,4
T-13661,2024-10-07,  Cena  ,P-20,3
T-13667,2025-05-22,comida,P-22,4
T-17769,2024-07-21,Desayuno?,P-23,2
T-12274,2024-05-29,Comida,P-15,4
T-16624,2024-01-06,CENA,P-01,-1
T-15019,2024-10-22,CENA,P-10,1
T-16755,2025-04-14,,P-08,2
T-12908,2025-02-17,Comida,P-14,3
T-10381,2024-10-21,  Cena  ,P-02,3
T-11173,2024-08-29,NULL,P-03,2
T-11034,2025-09-23,Desayuno?,P-06,2
T-14206,2024-04-22,CENA,P-19,1
T-10871,2025-09-19,NULL,P-10,4
T-11031,2025-05-15,NULL,P-19,1
T-15324,11/04/2024,,P-17,4
T-15363,2025-09-19,Desayuno?,P-09,2
T-12648,2024-04-23,Cena,P-13,3
T-10841,2024-08-09,N/A,P-25,2
T-10639,2024-12-05,CENA,P-17,4
T-11288,2025-07-08,comida,P-13,1
T-11986,2024-07-28,Desayuno?,P-11,4
T-15585,2025-04-15,Cena,P-21,1
T-11830,2025-03-26,  Cena  ,P-15,3
T-17024,2024-05-31,Comida,P-09,2
T-13996,2025-02-21,,P-21,2
T-12186,2025-05-22,comida,P-14,2
T-11017,2024-05-09,,P-25,3
T-14448,2025-06-24,Desayuno?,P-13,1
T-10031,2025-06-13,comida,P-04,2
T-11215,2025-09-27,  Cena  ,P-07,2
T-10272,2024-07-23,NULL,P-24,1
T-11735,2024-05-11,comida,P-24,3
T-16042,2024-09-21,Desayuno?,P-03,1
T-15537,2025-11-30,Comida,P-03,4
T-16343,2024-11-20,comida,P-12,4
T-17912,2024-02-18,Cena,P-23,1
T-12603,2024-11-20,,P-13,3
T-10585,2025-09-25,comida,P-21,4
T-10538,2024-02-29,Desayuno?,P-20,4
T-10095,2025-09-08,comida,P-19,1
T-15012,2024-09-10,Desayuno?,P-12,2
T-16005,2024-10-27,comida,P-07,2
T-11360,2024-07-20,comida,P-11,3
T-16521,10/09/2024,CENA,P-21,4
T-15160,2024-06-06,NULL,P-09,4
T-10928,2025-11-05,N/A,P-21,3
T-14557,2024-10-26,Comida,P-01,2
T-13106,2024-05-05,  Cena  ,P-17,3
T-13315,2024-08-28,N/A,P-20,2
T-17560,12/08/2024,CENA,P-01,1
T-13044,2024-08-29,N/A,P-18,2
T-13159,2024-01-06,CENA,P-07,4
T-10163,2024-10-28,N/A,P-10,4
T-12503,2024-08-11,N/A,P-09,2
T-15879,2025-07-12,,P-10,4
T-17614,2024-06-17,NULL,P-20,3
T-16733,2024-11-14,N/A,P-09,4
T-15806,2024-11-20,Desayuno?,P-07,4
T-10365,2024-07-07,Comida,P-11,1
T-10862,2024-10-15,Desayuno?,P-20,4
T-14796,2024-11-07,  Cena  ,P-07,3
T-14731,2025-10-23,comida,P-22,4
T-14800,2024-07-01,NULL,P-06,2
T-14717,2025-01-28,Desayuno?,P-12,3
T-11039,2024-11-09,N/A,P-05,2
T-15747,2025-11-03,Cena,P-09,1
T-10264,2025-04-23,Cena,P-20,2
T-13599,2025-10-11,CENA,P-24,1
T-10144,2025-05-06,Cena,P-06,3
T-12294,2024-01-22,  Cena  ,P-16,2
T-13951,2025-02-19,CENA,P-22,1
T-12573,12/10/2024,N/A,P-08,4
T-14186,2025-09-14,CENA,P-10,4
T-13016,2025-06-20,NULL,P-25,1
T-11259,2024-08-14,Comida,P-14,4
T-13668,2025-07-29,NULL,P-25,1
T-10832,2024-06-27,comida,P-99,1
T-17273,2025-01-12,comida,P-04,3
T-14148,2024-02-28,comida,P-22,4
T-13128,2024-01-01,comida,P-21,3
T-10793,2025-11-07,NULL,P-12,1
T-12399,2024-05-26,N/A,P-19,2
T-16584,2025-11-13,Comida,P-02,2
T-11947,2025-03-03,N/A,P-22,2
T-17199,2024-02-27,,P-13,3
T-12217,2024-08-06,Desayuno?,P-03,4
T-11202,2024-10-04,comida,P-23,2
T-15304,2024-04-04,Desayuno?,P-20,1
T-11168,2024-06-01,  Cena  ,P-22,4
T-12263,2024-08-15,,P-17,4
T-14414,2025-01-20,Cena,P-10,1
T-15109,2024-03-04,comida,P-14,3
T-14001,2024-02-09,N/A,P-25,2
T-15220,2025-03-18,comida,P-02,3
T-17058,2024-10-09,Cena,P-22,4
T-10479,22/01/2024,  Cena  ,P-14,4
T-15692,2024-05-05,NULL,P-14,2
T-17108,2024-11-11,Comida,P-13,3
T-14830,2025-11-19,comida,P-14,4
T-10503,2024-07-27,CENA,P-14,4
T-12512,2024-04-02,N/A,P-02,4
T-15348,2025-12-22,  Cena  ,P-20,3
T-15517,28/06/2024,  Cena  ,P-09,4
T-17977,2024-02-09,,P-13,2
T-13042,2024-06-12,N/A,P-20,3
T-11717,2024-09-17,Desayuno?,P-24,3
T-11530,2025-12-19,NULL,P-25,1
T-11197,2025-09-22,Comida,P-12,1
T-12492,2025-10-13,Comida,P-18,3
T-15791,2024-02-16,NULL,P-03,2
T-16706,2025-04-10,Cena,P-11,3
T-15560,2025-12-21,comida,P-10,1
T-16447,2025-10-27,Desayuno?,P-24,3
T-10990,2025-10-24,Desayuno?,P-04,1
T-13342,2025-12-07,N/A,P-12,3
T-17684,2025-01-22,Desayuno?,P-19,4
T-12047,2024-09-23,comida,P-15,1
T-11142,2024-12-30,CENA,P-23,4
T-10970,2025-03-18,NULL,P-07,1
T-10118,2024-11-06,  Cena  ,P-21,4
T-14575,13/07/2025,  Cena  ,P-11,3
T-12676,2024-08-31,,P-17,3
T-10444,2024-08-25,Desayuno?,P-13,1
T-11397,2025-07-16,Cena,P-09,-1
T-13493,2024-11-04,  Cena  ,P-23,1
T-12010,2025-07-10,Comida,P-12,3
T-17445,2024-01-03,N/A,P-03,3
T-17222,2024-11-13,Cena,P-12,3
T-17045,2024-02-01,Cena,P-20,4
T-13108,2024-11-10,CENA,P-06,1
T-11104,2024-01-10,comida,P-19,2
T-16111,2025-07-05,comida,P-19,2
T-16484,2024-03-10,Comida,P-21,4
T-14316,2024-04-06,N/A,P-10,1
T-17230,2024-09-04,CENA,P-16,1
T-15108,2025-07-08,comida,P-17,1
T-10735,2025-05-23,Comida,P-20,1
T-10427,2025-01-24,,P-23,1
T-16207,2024-10-21,comida,P-10,3
T-16125,2025-08-20,N/A,P-19,2
T-11897,2024-09-06,Cena,P-19,4
T-11448,2024-03-29,comida,P-02,2
T-17088,2024-12-12,  Cena  ,P-04,4
T-12236,2025-03-08,,P-18,3
T-11358,04/02/2025,comida,P-23,4
T-16699,17/09/2025,CENA,P-12,1
T-13876,2024-04-14,CENA,P-06,1
T-14088,2025-06-02,N/A,P-01,4
T-15538,2024-05-28,Desayuno?,P-10,4
T-11236,2024-10-12,Comida,P-18,2
T-13129,2025-10-30,Desayuno?,P-25,4
T-11613,2024-06-09,NULL,P-25,2
T-10039,2025-11-04,Desayuno?,P-03,1
T-17465,2024-03-03,Desayuno?,P-22,2
T-15761,2025-03-13,  Cena  ,P-18,3
T-11646,2024-07-08,Comida,P-24,3
T-10751,2024-07-06,  Cena  ,P-06,3
T-11271,2025-11-06,Cena,P-21,3
T-12382,11/03/2025,N/A,P-14,3
T-11612,2025-10-24,comida,P-19,1
T-14423,2024-03-13,comida,P-16,3
T-10163,2024-08-13,Comida,P-21,4
T-13823,2024-11-22,CENA,P-06,4
T-16807,2024-10-06,  Cena  ,P-23,2
T-15839,2024-05-03,NULL,P-13,2
T-16764,2024-06-17,comida,P-08,3
T-14822,2025-02-04,Cena,P-14,3
T-10823,2024-04-10,  Cena  ,P-13,4
T-12163,2025-04-16,  Cena  ,P-02,1
T-14138,2024-04-28,Cena,P-10,2
T-16079,2024-12-05,CENA,P-19,1
T-11569,2025-09-24,Cena,P-15,2
T-13626,2025-10-14,Desayuno?,P-12,1
T-12274,2025-11-10,,P-25,1
T-14832,2025-11-02,Comida,P-19,1
T-12823,2024-11-06,comida,P-02,2
T-15247,2024-10-10,comida,P-17,4
T-13640,2025-01-05,CENA,P-08,2
T-13093,2024-01-10,Comida,P-18,3
T-16079,2025-10-04,Comida,P-22,3
T-10212,2024-01-05,CENA,P-11,4
T-15599,2024-04-05,NULL,P-12,3
T-17826,2024-05-28,comida,P-12,1
T-14895,2025-04-10,  Cena  ,P-09,2
T-10244,2024-11-16,CENA,P-09,3
T-12415,2024-08-12,  Cena  ,P-12,3
T-13561,2024-03-16,comida,P-11,2
T-14815,2024-09-22,  Cena  ,P-04,1
T-17692,2025-10-08,Comida,P-18,1
T-12910,2025-06-23,N/A,P-07,3
T-10411,2024-05-09,N/A,P-20,3
T-13054,2025-07-06,NULL,P-10,1
T-10324,2024-01-10,Cena,P-04,2
T-11328,2024-02-04,Desayuno?,P-23,3
T-17126,2024-05-15,  Cena  ,P-12,2
T-14700,2025-10-25,CENA,P-06,1
T-11985,2024-02-10,comida,P-07,4
T-12516,2025-10-29,N/A,P-23,2
T-14074,2025-07-27,N/A,P-19,4
T-17621,2024-03-04,Comida,P-14,3
T-15689,2025-05-08,CENA,P-07,2
T-12639,2024-05-18,,P-19,4
T-17907,2025-09-29,CENA,P-23,2
T-13801,2025-04-16,comida,P-13,3
T-17265,2024-06-20,NULL,P-24,1
T-14081,2024-09-23,Desayuno?,P-24,3
T-11993,2025-07-17,  Cena  ,P-21,1
T-12928,2025-05-18,comida,P-08,3
T-12774,2025-04-07,NULL,P-01,3
T-15209,2024-08-29,N/A,P-21,3
T-14417,2024-07-21,N/A,P-23,3
T-15450,2025-08-16,Desayuno?,P-01,1
T-11945,2025-10-08,N/A,P-10,2
T-16566,2024-07-28,NULL,P-19,1
T-14487,2025-08-31,CENA,P-25,1
T-12221,2024-09-30,NULL,P-20,2
T-12171,2025-06-30,Comida,P-16,4
T-10594,2024-03-18,N/A,P-25,1
T-17862,2024-10-26,NULL,P-20,2
T-11723,2025-12-23,comida,P-20,1
T-10363,23/02/2024,NULL,P-13,2
T-11805,2025-12-29,comida,P-02,2
T-11449,2024-07-15,Comida,P-18,3
T-16410,2024-08-29,comida,P-03,3
T-11494,2024-01-11,CENA,P-18,4
T-10553,2025-05-31,CENA,P-14,2
T-11152,2024-02-10,N/A,P-18,3
T-12107,2024-11-09,  Cena  ,P-22,1
T-13830,2024-12-18,Desayuno?,P-09,4
T-14012,2024-07-25,NULL,P-01,2
T-10888,2025-09-26,N/A,P-07,2
T-17612,2025-04-12,NULL,P-15,1
T-11120,2024-12-06,comida,P-24,1
T-15175,2025-08-05,Desayuno?,P-14,1
T-16469,2024-10-20,,P-07,4
T-13351,2025-09-22,  Cena  ,P-11,4
T-13676,2025-05-28,  Cena  ,P-18,3
T-10886,2024-10-13,  Cena  ,P-06,3
T-11443,2024-07-16,Cena,P-18,3
T-14235,2025-12-31,CENA,P-01,1
T-17734,2025-07-13,Cena,P-01,3
T-10754,2024-04-13,N/A,P-15,4
T-15324,2025-01-14,CENA,P-15,3
T-17556,2024-11-10,,P-22,3
T-17752,2024-01-11,comida,P-25,4
T-12590,2025-07-09,Desayuno?,P-13,-1
T-12287,20/02/2025,NULL,P-25,2
T-16806,2025-07-03,NULL,P-11,1
T-13133,2024-10-15,N/A,P-15,3
T-15426,2025-11-19,comida,P-02,4
T-17085,2025-01-25,comida,P-22,2
T-17991,2024-03-09,N/A,P-05,4
T-15365,2024-12-13,  Cena  ,P-14,3
T-17496,2025-10-23,Comida,P-14,1
T-14018,2024-08-09,Cena,P-21,3
T-16550,2025-05-13,Desayuno?,P-25,1
T-11866,2025-03-22,Desayuno?,P-15,3
T-13711,2025-06-26,N/A,P-22,3
T-10765,2025-05-31,  Cena  ,P-08,4
T-13575,2025-03-10,N/A,P-20,3
T-11014,2025-09-29,comida,P-14,3
T-16807,2025-03-20,Cena,P-08,2
T-13886,2024-08-11,  Cena  ,P-09,3
T-16992,2025-11-30,comida,P-06,3
T-17943,2024-03-26,Cena,P-21,4
T-17215,2024-05-10,comida,P-13,3
T-15842,2025-02-02,CENA,P-22,1
T-14498,2024-07-22,  Cena  ,P-02,1
T-10896,2024-08-07,N/A,P-13,1
T-16362,2024-07-23,CENA,P-16,2
T-13466,2024-04-24,N/A,P-04,3
T-12936,2024-04-12,CENA,P-25,1
T-10955,2024-02-07,Desayuno?,P-06,1
T-15076,2025-11-08,CENA,P-06,1
T-13458,2024-01-31,CENA,P-04,2
T-14767,2025-09-13,  Cena  ,P-09,2
T-12162,2024-09-24,comida,P-19,1
T-16140,2024-08-15,N/A,P-09,1
T-10283,2024-08-01,,P-12,1
T-17740,2024-06-25,Cena,P-11,3
T-11812,2024-12-14,CENA,P-18,1
T-13705,2024-08-16,Desayuno?,P-10,3
T-13440,2024-08-11,CENA,P-23,3
T-13369,16/06/2024,NULL,P-02,2
T-10544,2024-06-27,Desayuno?,P-04,1
T-17583,2024-06-16,  Cena  ,P-12,1
T-17537,2024-11-17,  Cena  ,P-05,4
T-14344,2025-07-04,NULL,P-25,3
T-11518,2024-09-02,N/A,P-23,4
T-10044,14/01/2024,Comida,P-14,4
T-15031,2024-09-01,  Cena  ,P-21,3
T-13402,2025-01-04,Cena,P-17,1
T-17375,2024-09-07,CENA,P-13,4
T-17540,2025-09-29,N/A,P-08,1
T-15606,2025-08-30,Desayuno?,P-19,1
T-15793,2025-06-18,  Cena  ,P-09,4
T-13835,2024-04-24,Cena,P-12,2
T-16056,07/01/2024,  Cena  ,P-06,2
T-15410,2025-02-08,CENA,P-23,2
T-16948,2025-11-29,CENA,P-10,4
T-10453,2025-01-06,comida,P-22,3
T-16254,2024-12-04,NULL,P-04,4
T-12414,2025-07-28,,P-17,4
T-17439,2025-03-09,comida,P-08,1
T-16834,2025-01-19,CENA,P-17,1
T-17867,2025-06-19,Cena,P-25,2
T-17785,2024-02-09,Desayuno?,P-18,2
T-10607,2024-12-16,CENA,P-02,3
T-17097,2025-08-07,CENA,P-10,2
T-14590,2024-02-16,N/A,P-01,4
T-17933,2025-01-21,,P-21,2
T-13195,2024-03-26,Cena,P-19,3
T-13586,2025-06-12,CENA,P-09,2
T-16217,2025-12-27,Desayuno?,P-09,1
T-17747,2024-04-25,  Cena  ,P-22,3
T-13569,2024-06-21,CENA,P-23,3
T-12538,2025-04-13,Desayuno?,P-19,3
T-10433,2024-02-09,CENA,P-01,1
T-16788,09/09/2024,comida,P-19,4
T-13529,2025-08-18,Comida,P-99,3
T-14486,2024-11-23,comida,P-17,2
T-15165,2024-01-11,N/A,P-11,2
T-15417,2025-03-09,Comida,P-14,1
T-13479,2025-03-12,comida,P-10,4
T-13568,2024-04-28,Cena,P-23,1
T-16161,2025-05-05,Desayuno?,P-21,4
T-13868,17/10/2024,CENA,P-10,4
T-15243,2024-07-31,Desayuno?,P-03,2
T-14177,2025-03-11,  Cena  ,P-02,1
T-14241,2024-08-25,comida,P-22,1
T-10586,2025-05-01,NULL,P-14,4
T-14668,2025-01-16,  Cena  ,P-23,3
T-15237,2025-04-08,  Cena  ,P-19,2
T-17653,2025-05-28,,P-03,3
T-12569,2024-07-20,  Cena  ,P-06,4
T-16838,2025-11-09,Cena,P-12,1
T-15763,2025-07-26,CENA,P-15,3
T-12259,2025-01-29,N/A,P-05,4
T-17140,2024-03-19,NULL,P-25,-1
T-10093,2025-04-15,Comida,P-10,3
T-12729,2024-02-14,  Cena  ,P-14,1
T-10089,2025-07-25,CENA,P-20,1
T-11950,2024-10-29,N/A,P-21,2
T-12940,2024-03-02,comida,P-16,3
T-10003,2024-06-10,Cena,P-13,1
T-12181,2025-01-10,Comida,P-23,2
T-10243,2025-10-30,  Cena  ,P-99,2
T-13695,2025-04-04,Cena,P-04,2
T-14215,2025-03-17,Desayuno?,P-24,2
T-11907,2024-09-11,NULL,P-06,3
T-13127,2025-02-09,Cena,P-24,4
T-17661,2024-07-06,  Cena  ,P-20,-1
T-14281,2025-07-29,Comida,P-03,4
T-13999,2024-10-25,NULL,P-03,4
T-17486,23/04/2025,,P-19,2
T-13780,27/06/2025,CENA,P-11,3
T-15046,2024-04-27,Desayuno?,P-08,3
T-13986,2024-09-07,NULL,P-22,3
T-16948,2024-05-19,N/A,P-22,3
T-17098,2025-03-05,Comida,P-25,1
T-11104,2025-08-08,  Cena  ,P-22,3
T-12033,2024-03-04,NULL,P-08,-1
T-15439,2025-03-24,  Cena  ,P-24,1
T-12827,2024-12-24,N/A,P-17,1
T-11506,2024-07-24,Comida,P-16,3
T-15579,2024-02-03,N/A,P-22,4
T-10357,2025-06-05,Desayuno?,P-11,2
T-16814,2024-04-14,,P-24,1
T-13984,2025-09-13,Desayuno?,P-10,1
T-11848,2024-12-16,NULL,P-18,3
T-17041,31/08/2025,CENA,P-25,2
T-17987,2024-09-03,N/A,P-23,2
T-17630,2024-07-06,comida,P-10,4
T-17959,2025-07-05,CENA,P-16,3
T-16817,2024-02-10,Cena,P-17,1
T-14288,2024-02-20,  Cena  ,P-20,1
T-13631,2024-11-24,N/A,P-17,2
T-10931,2025-06-08,  Cena  ,P-23,3
T-10254,2024-03-18,Desayuno?,P-13,4
T-13419,2025-10-27,CENA,P-12,1
T-13089,19/05/2024,CENA,P-04,2
T-15125,2025-07-22,N/A,P-10,2
T-16887,2025-05-23,,P-10,4
T-11500,2025-04-09,Desayuno?,P-14,1
T-14813,2025-04-08,NULL,P-21,2
T-16858,2025-08-03,NULL,P-09,3
T-10478,2024-05-16,CENA,P-12,3
T-16744,2025-07-08,  Cena  ,P-15,-1
T-12912,2025-01-23,CENA,P-20,4
T-13868,2024-07-17,NULL,P-99,3
T-11774,2024-06-28,Desayuno?,P-10,4
T-11088,2025-01-22,Comida,P-02,2
T-11160,2025-08-06,N/A,P-17,2
T-11336,2025-09-11,,P-15,4
T-13690,2025-04-19,Desayuno?,P-13,3
T-10706,2024-08-16,Desayuno?,P-19,3
T-12375,2025-12-03,CENA,P-18,4
T-12657,2024-02-19,Comida,P-05,3
T-12119,2025-06-18,N/A,P-25,2
T-14688,2025-10-13,,P-11,3
T-11738,2024-09-01,  Cena  ,P-10,4
T-15714,2025-05-06,NULL,P-13,1
T-12202,2024-05-19,Cena,P-21,3
T-16911,2024-07-02,N/A,P-19,2
T-12903,2025-06-07,Desayuno?,P-22,1
T-13962,2025-08-15,CENA,P-05,1
T-16167,2025-05-12,  Cena  ,P-04,2
T-11410,2024-09-22,NULL,P-04,2
T-16805,2025-03-18,Comida,P-09,4
T-17011,2024-08-30,NULL,P-23,1
T-17707,2024-09-12,Comida,P-06,1
T-11608,2025-05-12,  Cena  ,P-12,3
T-15935,2025-05-02,  Cena  ,P-06,1
T-11801,2025-07-13,Desayuno?,P-16,3
T-14531,2024-07-13,comida,P-10,2
T-15024,2024-02-07,comida,P-21,4
T-13129,2024-12-25,NULL,P-14,4
T-17574,2024-08-12,Cena,P-15,3
T-17765,2025-06-16,Comida,P-10,1
T-17636,2024-04-18,Desayuno?,P-25,2
T-14430,2024-03-09,,P-04,3
T-10959,11/04/2025,  Cena  ,P-20,1
T-13669,2024-02-09,Desayuno?,P-03,1
T-11868,2025-06-20,Cena,P-25,1
T-10662,2024-08-12,  Cena  ,P-10,1
T-13135,2024-05-08,  Cena  ,P-18,2
T-11120,2024-02-25,CENA,P-01,2
T-17352,2024-05-10,comida,P-09,4
T-10898,2024-11-21,Comida,P-16,2
T-13679,2024-10-03,,P-08,1
T-15105,2024-05-24,N/A,P-22,3
T-17321,2024-01-08,CENA,P-24,3
T-10708,2024-01-18,  Cena  ,P-17,3
T-12472,2024-07-11,CENA,P-18,1
T-13133,2024-01-29,Cena,P-21,1
T-15576,2024-01-12,NULL,P-14,2
T-14515,2025-01-09,CENA,P-09,4
T-12342,2025-06-28,comida,P-19,1
T-16471,2025-04-10,comida,P-08,4
T-16231,2025-07-06,N/A,P-04,2
T-13149,2025-08-06,Desayuno?,P-07,3
T-10464,17/12/2025,,P-11,4
T-14516,2024-08-29,  Cena  ,P-25,2
T-14534,2024-02-07,Comida,P-24,4
T-10381,2025-10-11,N/A,P-23,2
T-13706,2025-08-29,Comida,P-11,2
T-15117,2025-03-14,Desayuno?,P-17,4
T-14143,2024-08-04,comida,P-03,2
T-12642,2024-01-11,Comida,P-18,2
T-12921,2025-02-13,NULL,P-07,3
T-14225,2024-12-10,,P-23,2
T-14927,2025-10-22,NULL,P-03,2
T-12477,2025-05-02,Comida,P-22,2
T-17544,2024-05-07,NULL,P-09,2
T-10880,2024-11-10,  Cena  ,P-15,3
T-13110,2024-04-28,CENA,P-10,-1
T-12252,2024-01-03,  Cena  ,P-07,2
T-17196,2024-05-05,N/A,P-21,4
T-15427,2024-11-20,Comida,P-14,2
T-14286,2025-10-18,Cena,P-21,1
T-15786,2024-11-04,Cena,P-23,4
T-14096,2024-02-13,CENA,P-13,2
T-12784,2024-12-22,Cena,P-10,1
T-12108,2025-12-14,Comida,P-25,2
T-12150,29/08/2025,  Cena  ,P-13,4
T-14413,2025-06-29,Desayuno?,P-23,3
T-17654,2024-03-26,N/A,P-18,4
T-14406,2024-10-31,Desayuno?,P-01,1
T-17084,2024-03-08,,P-09,4
T-14978,2025-01-29,NULL,P-08,2
T-10955,2024-05-04,Desayuno?,P-11,1
T-11044,2024-02-12,Comida,P-20,3
T-11571,2024-12-07,N/A,P-07,1
T-14248,2024-09-03,comida,P-10,4
T-17147,2024-09-02,Comida,P-18,2
T-12433,2025-11-13,,P-22,3
T-17817,2024-11-17,Cena,P-18,1
T-12521,2024-08-06,NULL,P-20,4
T-10588,2024-05-25,comida,P-09,1
T-10520,2025-08-07,  Cena  ,P-99,4
T-13752,2024-08-29,Cena,P-19,4
T-10591,2025-12-27,CENA,P-23,4
T-11543,2025-11-26,CENA,P-11,2
T-15017,2025-07-22,comida,P-01,3
T-10786,2024-02-06,CENA,P-05,3
T-15035,2025-06-03,  Cena  ,P-17,3
T-13068,2025-05-22,NULL,P-17,1
T-12591,2024-05-07,N/A,P-01,1
T-16942,2025-11-02,comida,P-22,3
T-14635,2025-06-17,comida,P-11,4
T-13869,2024-07-18,,P-14,3
T-10434,2024-08-01,NULL,P-04,1
T-13665,2025-08-29,NULL,P-13,2
T-10594,2025-09-26,  Cena  ,P-18,4
T-13813,2025-09-15,  Cena  ,P-07,4
T-11813,2024-04-15,CENA,P-14,3
T-17528,07/09/2024,N/A,P-11,3
T-16649,2024-03-30,comida,P-12,2
T-14534,2024-09-27,Cena,P-20,1
T-11434,2025-09-13,Desayuno?,P-25,3
T-15636,2024-05-23,N/A,P-17,1
T-14055,2025-07-11,comida,P-25,4
T-16257,2024-08-31,Desayuno?,P-14,4
T-17985,2024-05-18,  Cena  ,P-23,3
T-11291,2024-07-12,  Cena  ,P-04,2
T-12589,2024-03-04,CENA,P-06,3
T-11084,2024-12-01,  Cena  ,P-13,2
T-14253,2024-09-05,N/A,P-16,1
T-11860,2024-11-08,N/A,P-02,2
T-11379,2025-11-26,NULL,P-13,2
T-12280,2024-03-02,comida,P-11,3
T-10304,2024-12-28,Comida,P-08,4
T-12455,2024-03-11,comida,P-14,2
T-13181,2025-12-20,CENA,P-17,2
T-13354,2025-07-03,N/A,P-10,3
T-13536,2024-09-01,,P-15,4
T-17068,2024-02-18,NULL,P-10,1
T-15212,2024-06-02,comida,P-22,3
T-11372,2024-05-01,NULL,P-06,2
T-10307,2024-12-21,,P-25,1
T-14956,2025-12-11,comida,P-03,1
T-16672,2024-06-25,N/A,P-05,3
T-10277,2024-05-17,N/A,P-13,1
T-12610,2024-05-02,CENA,P-02,2
T-17245,2024-12-24,Desayuno?,P-05,1
T-16602,2025-07-15,  Cena  ,P-07,1
T-16655,2024-10-24,Comida,P-01,2
T-14587,2024-05-15,Comida,P-05,4
T-13082,2025-10-31,,P-20,4
T-13763,2025-11-17,  Cena  ,P-10,3
T-12537,2025-06-05,N/A,P-22,1
T-17511,2024-08-04,Comida,P-14,1
T-12272,2024-10-16,NULL,P-03,4
T-17540,2025-03-26,CENA,P-19,3
T-11440,2025-10-16,Cena,P-21,1
T-10593,2025-10-21,NULL,P-15,1
T-11648,2024-07-30,,P-17,2
T-17312,2024-10-23,N/A,P-08,3
T-10537,2024-10-30,NULL,P-07,3
T-12886,2025-05-14,Comida,P-07,4
T-13110,08/04/2024,N/A,P-21,3
T-15751,2025-01-12,Cena,P-07,2
T-15574,2025-03-07,N/A,P-11,2
T-13472,2025-08-17,Comida,P-20,1
T-15304,2024-09-29,Cena,P-25,4
T-11156,2024-07-11,  Cena  ,P-03,3
T-13965,2024-04-14,CENA,P-01,4
T-12118,2025-11-13,Desayuno?,P-19,-1
T-17123,2025-12-19,NULL,P-20,3
T-11078,2025-08-10,N/A,P-08,4
T-10013,2024-10-26,Comida,P-04,1
T-11395,2024-01-12,CENA,P-13,1
T-14638,2025-09-12,N/A,P-18,4
T-15948,2024-03-09,CENA,P-16,1
T-13080,2024-04-20,  Cena  ,P-20,4
T-13400,2025-04-19,Comida,P-11,1
T-17119,2024-05-21,CENA,P-03,3
T-12275,2024-04-04,N/A,P-07,3
T-13930,2025-05-29,NULL,P-08,4
T-15268,2024-08-12,Cena,P-01,1
T-15231,2025-07-11,comida,P-24,1
T-13697,2025-05-13,  Cena  ,P-18,3
T-12852,2024-06-14,,P-08,2
T-12076,2025-06-21,comida,P-21,1
T-10932,2024-10-06,Desayuno?,P-10,4
T-12282,2024-08-12,N/A,P-20,1
T-13874,2025-01-29,CENA,P-11,3
T-15172,2025-12-27,N/A,P-18,2
T-16985,2025-08-09,  Cena  ,P-18,4
T-13919,2025-08-25,CENA,P-19,3
T-12170,2024-06-07,NULL,P-17,1
T-16756,2025-12-18,  Cena  ,P-20,3
T-17912,2025-07-14,N/A,P-15,3
T-12876,2024-06-14,,P-13,4
T-15661,2024-05-07,Desayuno?,P-07,-1
T-12734,2025-08-22,Desayuno?,P-21,3
T-12134,2024-11-18,comida,P-12,3
T-13380,2024-01-04,Comida,P-01,4
T-16443,2025-03-14,NULL,P-09,4
T-11632,28/09/2025,N/A,P-12,4
T-10454,2025-10-17,  Cena  ,P-11,2
T-13382,2024-09-21,comida,P-05,2
T-12688,2025-10-16,Comida,P-23,4
T-10894,2024-01-25,comida,P-10,1
T-14967,2025-07-13,Cena,P-22,4
T-10975,2025-06-29,N/A,P-08,4
T-15998,2025-12-10,CENA,P-24,3
T-14401,2025-12-11,N/A,P-05,3
T-10152,2025-05-25,Comida,P-06,3
T-10976,2024-04-17,CENA,P-21,4
T-17463,2025-09-19,Desayuno?,P-03,4
T-10454,2024-11-20,Comida,P-05,4
T-15167,2024-08-01,Cena,P-05,1
T-16299,2025-04-23,  Cena  ,P-07,1
T-13985,2025-09-11,Comida,P-13,1
T-15242,2025-11-24,CENA,P-21,4
T-10861,2024-12-27,Comida,P-25,4
T-17114,2025-10-24,Cena,P-14,4
T-15534,2025-06-23,,P-15,2
T-12752,2025-03-04,Comida,P-14,3
T-17891,2025-10-10,CENA,P-99,-1
T-14397,2024-08-31,Desayuno?,P-20,1
T-11711,2024-08-30,CENA,P-01,1
T-11141,2024-04-02,  Cena  ,P-08,2
T-11106,2024-08-14,NULL,P-05,4
T-15194,2024-10-15,N/A,P-21,1
T-14562,2024-03-15,CENA,P-02,1
T-17921,2024-01-05,N/A,P-06,4
T-15795,2025-05-21,  Cena  ,P-16,3
T-15489,2024-08-20,comida,P-22,1
T-10040,2025-11-04,comida,P-13,1
T-15672,2025-05-30,  Cena  ,P-01,4
T-11657,2024-10-12,NULL,P-10,3
T-14199,2024-08-27,CENA,P-21,1
T-15113,2025-05-23,,P-16,2
T-15997,2024-05-31,Desayuno?,P-08,3
T-13294,2024-05-13,comida,P-12,4
T-14406,2025-07-03,Cena,P-17,4
T-14263,2024-02-24,Comida,P-03,4
T-17666,2025-04-05,NULL,P-99,2
T-10692,2025-12-09,NULL,P-99,4
T-14708,2025-02-20,Desayuno?,P-18,4
T-10070,2025-07-15,NULL,P-16,4
T-16688,2025-06-30,Cena,P-18,1
T-12988,2024-07-03,Desayuno?,P-08,3
T-14564,2024-05-22,CENA,P-08,2
T-12482,2024-11-01,Comida,P-01,2
T-15370,2025-12-05,NULL,P-11,4
T-17770,2024-09-18,Comida,P-09,1
T-14888,2024-05-22,Desayuno?,P-06,2
T-10716,18/02/2025,Cena,P-22,3
T-12851,2025-11-19,CENA,P-22,2
T-13601,2025-01-08,comida,P-21,2
T-15657,2025-03-05,comida,P-19,4
T-11689,2025-06-30,comida,P-18,3
T-12583,2024-09-20,NULL,P-02,1
T-15540,2024-12-22,comida,P-20,4
T-11504,2024-07-12,NULL,P-11,4
T-15372,2024-07-15,CENA,P-99,2
T-14647,2024-02-06,  Cena  ,P-21,3
T-15356,2024-12-14,N/A,P-20,3
T-10879,2024-05-16,N/A,P-21,3
T-17947,2024-11-07,Desayuno?,P-09,3
T-10392,2024-08-10,  Cena  ,P-04,3
T-18000,2024-06-17,comida,P-01,1
T-14957,2025-08-24,CENA,P-21,2
T-17282,2025-04-23,  Cena  ,P-16,3
T-10559,2025-10-03,  Cena  ,P-15,4
T-14430,25/10/2025,comida,P-17,4
T-15345,2025-08-18,CENA,P-02,2
T-11248,2025-11-28,Comida,P-11,2
T-15438,2025-06-28,Cena,P-24,3
T-10049,2025-04-16,Cena,P-10,3
T-15578,2025-02-03,comida,P-15,2
T-15537,2024-11-24,N/A,P-13,4
T-17457,2024-10-19,CENA,P-99,3
T-11376,2025-02-06,comida,P-14,3
T-12113,2024-09-27,Desayuno?,P-21,1
T-17042,2025-09-27,Comida,P-22,3
T-16517,2024-06-07,NULL,P-14,3
T-14791,2024-03-06,Comida,P-05,1
T-13514,2024-09-03,CENA,P-99,3
T-12559,2024-02-23,,P-22,2
T-12222,2025-04-08,  Cena  ,P-22,4
T-14037,2025-11-13,Desayuno?,P-09,2
T-12574,2024-03-21,Comida,P-10,2
T-17305,2025-01-08,Cena,P-12,1
T-10402,2025-03-18,Comida,P-23,1
T-10086,2025-02-10,comida,P-08,1
T-14995,2025-06-29,N/A,P-20,2
T-17411,2024-01-23,comida,P-12,3
T-10643,2024-12-09,Desayuno?,P-25,4
T-11842,2025-12-25,comida,P-01,4
T-13666,2024-04-11,,P-22,3
T-17494,2024-02-14,Comida,P-02,2
T-17948,2025-05-19,Comida,P-04,4
T-10003,2024-08-04,Desayuno?,P-13,2
T-11311,2025-12-30,NULL,P-22,1
T-12765,2024-11-15,  Cena  ,P-15,2
T-12316,2024-04-14,Cena,P-21,4
T-10677,2025-08-21,Cena,P-09,1
T-12699,29/10/2025,  Cena  ,P-14,1
T-16163,2024-08-18,NULL,P-23,-1
T-13633,2025-10-12,Comida,P-06,3
T-17016,2024-02-17,N/A,P-25,1
T-10482,2025-12-07,,P-02,1
T-15201,2024-07-01,  Cena  ,P-17,2
T-11064,2024-12-16,N/A,P-08,3
T-13234,2024-11-30,  Cena  ,P-11,2
T-12872,2024-08-31,Comida,P-22,2
T-16916,2025-04-18,  Cena  ,P-19,3
T-13470,2025-07-16,Desayuno?,P-12,4
T-11109,2024-01-01,Cena,P-06,2
T-16796,2025-09-27,Comida,P-23,4
T-13734,2024-06-07,comida,P-02,3
T-12180,2024-07-07,N/A,P-02,1
T-12904,2024-10-09,  Cena  ,P-02,2
T-11091,2024-11-08,NULL,P-15,4
T-17912,2025-11-23,Cena,P-15,3
T-14685,2024-09-29,Desayuno?,P-24,2
T-13059,2024-12-11,Cena,P-19,2
T-10311,2024-03-17,N/A,P-09,2
T-10499,2024-04-22,comida,P-21,1
T-14405,2024-05-09,Cena,P-04,1
T-16242,2025-06-22,NULL,P-17,3
T-14355,2025-07-25,comida,P-13,1
T-12075,2025-01-23,NULL,P-24,3
T-15477,2024-11-25,comida,P-09,4
T-13242,2025-07-03,,P-10,2
T-13052,2024-11-28,Desayuno?,P-11,1
T-15790,2024-01-01,NULL,P-20,2
T-11977,2024-11-08,Desayuno?,P-19,3
T-12096,2024-10-06,CENA,P-08,1
T-10422,2025-03-04,  Cena  ,P-08,4
T-16123,2025-07-05,NULL,P-13,3
T-17906,2024-04-11,CENA,P-05,3
T-16529,2024-11-07,CENA,P-04,1
T-10835,2025-06-22,Cena,P-21,4
T-17820,2024-03-22,Comida,P-19,1
T-15802,2025-05-23,N/A,P-09,1
T-14075,24/07/2024,Comida,P-99,3
T-16063,2025-11-02,Desayuno?,P-19,2
T-17327,2025-07-11,Cena,P-13,2
T-10040,2025-04-28,CENA,P-06,3
T-13559,2025-07-08,Desayuno?,P-16,1
T-10432,2025-09-30,Desayuno?,P-24,2
T-14133,2024-07-12,Desayuno?,P-21,4
T-14950,2025-10-27,Cena,P-04,3
T-12164,2025-06-12,  Cena  ,P-13,2
T-11977,2025-12-03,CENA,P-19,3
T-17580,2024-09-13,Desayuno?,P-06,3
T-15031,2025-01-25,CENA,P-20,2
T-13190,2024-10-04,,P-22,1
T-14822,2025-09-28,N/A,P-04,1
T-15576,2024-11-21,Desayuno?,P-23,1
T-17796,2024-05-07,Desayuno?,P-18,2
T-15089,22/10/2025,CENA,P-04,4
T-14555,2024-10-11,Cena,P-02,4
T-17106,2025-06-18,NULL,P-17,4
T-11141,2024-11-01,Comida,P-05,2
T-15297,2024-04-24,Desayuno?,P-16,3
T-10867,2025-06-17,NULL,P-19,2
T-17538,2024-07-08,CENA,P-06,2
T-12020,2024-09-26,NULL,P-07,3
T-11250,2025-06-20,Desayuno?,P-21,1
T-15937,2024-08-28,Cena,P-16,3
T-10387,2025-12-22,  Cena  ,P-20,4
T-10354,2024-01-31,CENA,P-14,4
T-15360,2024-09-25,comida,P-21,4
T-16493,2025-07-02,comida,P-19,1
T-11547,2024-09-05,CENA,P-08,1
T-10745,2024-08-18,Desayuno?,P-05,3
T-14106,2025-11-02,N/A,P-11,4
T-14189,2025-11-08,comida,P-12,2
T-12725,2025-05-25,  Cena  ,P-01,4
T-11393,2024-03-13,CENA,P-14,3
T-15203,2025-07-13,Cena,P-05,2
T-13247,2025-07-01,NULL,P-03,2
T-16467,2025-07-27,Comida,P-03,3
T-14783,2024-05-17,NULL,P-19,2
T-17218,2025-02-01,Cena,P-13,1
T-13285,2025-07-24,NULL,P-01,3
T-14994,2024-11-27,  Cena  ,P-19,4
T-16253,2024-02-01,Desayuno?,P-17,1
T-13432,2025-07-26,CENA,P-23,4
T-17010,2025-12-03,N/A,P-08,4
T-16325,04/04/2025,  Cena  ,P-07,1
T-16122,2025-09-20,  Cena  ,P-24,1
T-17573,2024-11-20,Desayuno?,P-05,2
T-14744,2025-07-16,Cena,P-17,2
T-17389,24/08/2024,CENA,P-05,1
T-17723,2025-11-28,CENA,P-19,3
T-11304,2024-10-21,Comida,P-06,2
T-14406,2024-12-01,N/A,P-22,4
T-11541,2024-11-16,  Cena  ,P-04,3
T-13557,2024-12-29,CENA,P-21,3
T-16746,2024-03-11,Cena,P-13,2
T-14342,2025-11-25,Cena,P-02,1
T-10886,2025-04-16,N/A,P-04,1
T-12643,2025-12-12,,P-03,3
T-15100,2024-02-15,comida,P-02,1
T-13307,2025-09-16,CENA,P-01,4
T-10074,2024-05-09,,P-11,3
T-15156,2025-04-25,Desayuno?,P-24,2
T-11205,2025-07-31,Cena,P-07,3
T-10900,2025-09-12,  Cena  ,P-17,4
T-16840,2025-04-13,Desayuno?,P-25,2
T-12694,2024-04-28,N/A,P-21,3
T-13696,2024-10-07,  Cena  ,P-23,4
T-11238,2024-12-03,NULL,P-12,3
T-13240,2024-10-20,CENA,P-06,2
T-14175,2024-07-05,Desayuno?,P-07,1
T-15879,2025-06-30,  Cena  ,P-01,3
T-17346,2025-07-19,,P-15,2
T-12639,2024-07-23,NULL,P-13,4
T-11489,2024-10-26,N/A,P-21,4
T-11722,2025-08-17,Cena,P-07,4
T-14451,2025-05-26,  Cena  ,P-05,1
T-11844,2024-09-16,NULL,P-24,2
T-16948,2025-04-08,Desayuno?,P-12,4
T-12140,2024-02-28,Cena,P-11,2
T-13698,2025-08-25,  Cena  ,P-16,2
T-10916,2025-02-28,comida,P-05,4
T-14357,2024-03-20,N/A,P-06,1
T-13796,2024-04-24,  Cena  ,P-20,1
T-17800,2025-01-18,NULL,P-14,3
T-13573,2024-08-12,Desayuno?,P-22,4
T-17677,2025-12-09,NULL,P-19,4
T-13109,2024-02-21,NULL,P-19,3
T-14544,2024-04-22,  Cena  ,P-17,2
T-12290,2024-10-06,Cena,P-14,4
T-17578,2024-02-01,  Cena  ,P-18,4
T-16685,2025-09-16,N/A,P-09,4
T-16304,2025-01-17,  Cena  ,P-25,3
T-12180,2025-05-04,N/A,P-03,3
T-14898,2024-12-05,Comida,P-06,1
T-14018,2024-04-21,,P-25,3
T-12221,2024-05-10,CENA,P-01,3
T-11471,2024-12-16,  Cena  ,P-23,2
T-15324,2025-06-09,NULL,P-11,4
T-10661,2025-11-22,,P-15,4
T-17168,2024-04-13,Comida,P-23,2
T-11477,2024-10-20,N/A,P-02,4
T-13939,2025-02-12,Cena,P-15,1
T-10384,2024-07-13,Cena,P-02,3
T-16377,2025-05-24,Cena,P-17,1
T-11898,2024-12-06,CENA,P-11,3
T-11744,2024-10-06,Cena,P-13,2
T-14219,2025-05-30,CENA,P-21,1
T-17158,2025-02-01,NULL,P-24,3
T-17604,2025-03-19,,P-16,2
T-14277,2024-12-17,Comida,P-21,1
T-16579,2024-06-30,Cena,P-17,3
T-14735,2024-07-11,Cena,P-21,3
T-12437,2024-08-26,CENA,P-22,1
T-13629,2025-06-21,CENA,P-17,3
T-10236,2024-05-19,CENA,P-12,4
T-15672,2024-12-25,N/A,P-16,2
T-16446,2024-08-18,N/A,P-07,3
T-11800,06/06/2024,Desayuno?,P-03,1
T-17093,2024-09-21,CENA,P-04,1
T-13841,2024-02-24,comida,P-16,2
T-11605,2024-12-23,N/A,P-18,3
T-16228,2025-01-04,N/A,P-24,4
T-14852,2024-05-23,CENA,P-17,1
T-14222,2025-05-06,  Cena  ,P-17,4
T-10554,2025-08-23,CENA,P-25,2
T-13580,2024-03-31,Desayuno?,P-07,1
T-17536,2024-05-07,N/A,P-04,2
T-11926,2025-07-26,Desayuno?,P-11,1
T-17253,2025-04-25,CENA,P-21,2
T-11069,2024-04-25,,P-02,3
T-10342,2025-10-08,  Cena  ,P-08,3
T-16035,2024-09-25,Desayuno?,P-16,1
T-12129,2025-06-29,CENA,P-01,3
T-11894,2025-05-09,Comida,P-11,2
T-10097,2024-01-21,comida,P-16,4
T-10399,2025-03-10,N/A,P-17,3
T-12945,2025-07-11,Cena,P-02,4
T-13758,2024-02-28,comida,P-21,1
T-13347,2024-08-05,NULL,P-13,4
T-15003,2024-06-01,Desayuno?,P-01,2
T-14335,2025-02-03,N/A,P-24,3
T-12858,2025-06-05,NULL,P-01,1
T-14051,20/11/2025,Cena,P-12,4
T-15928,2024-08-19,Cena,P-05,-1
T-12175,2024-08-13,NULL,P-17,2
T-11347,2024-11-02,NULL,P-24,4
T-13639,2025-11-18,Desayuno?,P-15,2
T-14901,2024-05-17,  Cena  ,P-04,4
T-16038,2024-05-09,comida,P-20,3
T-10099,2024-12-21,CENA,P-08,4
T-14803,2024-10-24,CENA,P-24,2
T-15197,2024-04-23,comida,P-08,4
T-14222,2024-12-13,  Cena  ,P-01,3
T-11618,2024-10-14,NULL,P-02,2
T-14329,2024-09-24,Comida,P-17,2
T-12107,2025-04-15,CENA,P-15,1
T-17467,2024-10-24,Cena,P-12,1
T-13005,2025-12-23,CENA,P-14,4
T-11407,2024-04-09,  Cena  ,P-06,2
T-14945,2024-04-27,Cena,P-11,3
T-13769,2024-07-26,Comida,P-19,2
T-17293,2024-03-08,N/A,P-21,3
T-10280,2024-07-15,  Cena  ,P-25,1
T-13382,2024-03-25,Comida,P-16,4
T-13494,2025-12-22,  Cena  ,P-06,4
T-14620,2025-02-27,Cena,P-15,1
T-12728,2025-10-05,Comida,P-14,1
T-16389,2025-06-21,CENA,P-20,1
T-14453,2025-05-15,Cena,P-23,2
T-16381,2024-08-09,Comida,P-01,3
T-11729,2025-11-15,Cena,P-14,4
T-16940,2024-02-17,NULL,P-14,1
T-10266,2024-10-30,CENA,P-06,4
T-14035,2025-03-01,NULL,P-14,4
T-10389,2025-05-29,Desayuno?,P-24,1
T-16984,2024-09-22,NULL,P-16,4
T-15025,2024-06-08,Desayuno?,P-16,2
T-12137,2024-11-01,Cena,P-25,4
T-11821,2024-03-08,NULL,P-16,3
T-16643,2025-01-18,Cena,P-25,4
T-14395,2024-03-10,CENA,P-21,1
T-15628,2025-05-27,CENA,P-17,3
T-10242,2024-09-09,comida,P-07,1
T-16638,2024-12-17,N/A,P-02,3
T-13470,2024-11-01,Cena,P-25,4
T-11561,2024-04-07,Comida,P-14,4
T-10917,2025-05-07,CENA,P-17,3
T-14193,2024-10-07,  Cena  ,P-15,3
T-15244,2025-09-30,Desayuno?,P-22,3
T-17751,2024-03-27,Desayuno?,P-19,4
T-10514,2025-07-16,comida,P-25,3
T-15146,2024-01-01,  Cena  ,P-04,4
T-11587,2025-12-05,Cena,P-99,4
T-10535,2025-12-10,,P-10,3
T-10318,2024-06-12,N/A,P-03,4
T-13471,2024-10-23,Desayuno?,P-20,4
T-15772,2024-02-20,comida,P-10,2
T-16288,2024-04-08,comida,P-17,4
T-11781,2025-05-09,Cena,P-11,2
T-16745,2024-02-20,Cena,P-10,4
T-12662,2025-04-05,N/A,P-08,4
T-14376,2025-09-07,NULL,P-04,3
T-16079,2024-08-07,comida,P-09,2
T-12289,2025-07-06,,P-17,3
T-12780,2025-08-07,Cena,P-12,4
T-16315,25/08/2024,Cena,P-17,3
T-17267,2024-07-29,CENA,P-25,1
T-13990,2024-01-19,Desayuno?,P-25,2
T-14924,2024-02-23,comida,P-22,4
T-10468,2024-12-07,N/A,P-10,3
T-17197,2025-05-22,comida,P-17,3
T-12715,2025-07-30,Cena,P-04,4
T-12350,2024-05-04,Cena,P-22,2
T-14430,2025-06-27,Comida,P-10,1
T-10289,2025-06-13,CENA,P-19,3
T-16932,2024-11-29,Cena,P-24,3
T-16681,2024-05-10,comida,P-23,3
T-12074,2024-03-11,Cena,P-04,4
T-13963,2024-09-30,NULL,P-25,2
T-14993,2024-12-30,N/A,P-12,1
T-10408,2025-02-16,comida,P-21,3
T-16256,2024-09-04,N/A,P-20,3
T-12557,2025-02-13,Cena,P-02,3
T-13964,2025-03-12,CENA,P-04,4
T-12930,2025-02-20,CENA,P-16,1
T-14584,2025-07-30,Cena,P-08,2
T-12646,2025-11-06,comida,P-03,3
T-14290,2024-09-03,Desayuno?,P-03,1
T-15040,2025-08-08,N/A,P-10,1
T-15517,2025-06-17,N/A,P-09,3
T-14000,2025-06-07,Desayuno?,P-21,3
T-10342,2024-02-11,comida,P-14,2
T-10613,2024-03-08,Comida,P-20,2
T-10323,2025-04-21,  Cena  ,P-01,4
T-15476,2024-07-18,CENA,P-01,2
T-14085,2024-07-04,N/A,P-10,3
T-10522,2025-03-04,Cena,P-13,3
T-10948,2025-05-11,Cena,P-02,2
T-13457,2025-03-16,CENA,P-23,4
T-10187,2025-01-18,N/A,P-16,2
T-12173,2025-02-14,  Cena  ,P-25,2
T-13032,2025-08-15,Comida,P-03,2
T-10095,2025-01-18,Desayuno?,P-16,3
T-15918,2024-02-14,comida,P-09,1
T-13800,2025-04-09,Cena,P-09,4
T-11524,2024-12-11,Comida,P-13,3
T-12492,2024-02-18,Cena,P-23,4
T-15924,2024-02-15,comida,P-01,2
T-16000,15/06/2024,  Cena  ,P-02,2
T-14353,2024-04-10,N/A,P-01,3
T-14817,2024-10-06,NULL,P-20,3
T-17621,2025-05-29,comida,P-06,4
T-15785,2024-05-17,Cena,P-25,3
T-10737,2024-03-30,comida,P-21,1
T-14608,2025-07-14,CENA,P-22,1
T-16293,2025-07-26,Desayuno?,P-16,3
T-16718,2024-08-22,  Cena  ,P-03,4
T-13279,2024-01-24,N/A,P-16,1
T-13740,2024-12-16,Desayuno?,P-25,4
T-16989,2025-10-07,comida,P-09,1
T-15579,2025-07-15,,P-13,1
T-12693,2024-03-07,comida,P-15,1
T-14457,2025-08-01,Desayuno?,P-17,2
T-17739,24/03/2025,,P-04,1
T-14032,2025-04-07,NULL,P-02,2
T-15091,2024-01-18,NULL,P-12,1
T-12715,2024-07-18,Cena,P-01,3
T-10935,2024-04-03,Comida,P-16,3
T-17050,2025-06-16,NULL,P-12,1
T-12140,2024-11-13,NULL,P-23,1
T-13186,2024-06-06,Cena,P-05,3
T-14485,29/11/2024,Comida,P-15,2
T-12253,2025-01-29,Cena,P-10,2
T-16939,2025-09-07,NULL,P-17,4
T-11342,2025-05-02,CENA,P-06,3
T-12474,2025-12-21,Desayuno?,P-15,4
T-14219,2025-02-02,  Cena  ,P-07,4
T-12672,2024-12-09,CENA,P-23,4
T-11796,2024-12-26,Desayuno?,P-20,3
T-16249,2024-04-20,N/A,P-22,2
T-17811,2024-06-17,Desayuno?,P-23,1
T-12355,2025-10-12,,P-18,4
T-10879,2024-11-10,Desayuno?,P-15,4
T-15787,2024-08-12,CENA,P-05,1
T-17192,2025-07-30,,P-12,3
T-15685,2025-03-09,N/A,P-15,1
T-10161,2025-06-10,CENA,P-19,3
T-14021,2024-02-23,N/A,P-17,3
T-15123,2024-04-12,Desayuno?,P-09,4
T-16503,2025-01-13,Comida,P-11,1
T-11818,2024-05-30,  Cena  ,P-05,2
T-13800,2025-04-09,Cena,P-14,2
T-14359,2025-02-11,Desayuno?,P-10,1
T-14080,2025-07-30,CENA,P-07,1
T-16084,2024-06-26,NULL,P-02,3
T-11859,2024-04-05,Cena,P-14,1
T-10410,2025-04-22,  Cena  ,P-14,1
T-15908,2024-12-29,N/A,P-24,4
T-11853,2025-06-13,NULL,P-07,2
T-15216,2025-10-18,Desayuno?,P-06,2
T-10361,2025-04-08,  Cena  ,P-05,3
T-11608,2025-01-14,Comida,P-19,3
T-12692,2025-06-22,NULL,P-09,1
T-12812,2025-02-20,CENA,P-20,4
T-10057,2025-01-19,CENA,P-08,2
T-15290,2025-05-07,Comida,P-04,1
T-16935,2024-01-18,Cena,P-04,3
T-10931,2025-12-22,N/A,P-25,1
T-15556,2025-01-20,NULL,P-20,3
T-15370,2024-08-16,,P-19,3
T-14702,2025-12-07,N/A,P-03,4
T-12148,2025-09-24,NULL,P-11,3
T-17411,2024-03-11,  Cena  ,P-22,2
T-14431,2024-03-26,comida,P-16,2
T-12469,2025-06-20,comida,P-11,4
T-14361,2024-08-23,NULL,P-04,1
T-11958,2024-08-20,Desayuno?,P-11,1
T-10103,2025-08-30,CENA,P-22,4
T-15265,2025-03-18,Desayuno?,P-09,4
T-12682,2025-12-23,N/A,P-13,4
T-12399,2025-09-27,CENA,P-07,2
T-14101,2025-03-15,NULL,P-20,4
T-13767,2024-05-26,NULL,P-24,3
T-13595,2024-10-21,Cena,P-05,4
T-10809,2025-04-10,N/A,P-04,1
T-12833,2025-02-15,Desayuno?,P-10,2
T-13442,2025-06-07,N/A,P-06,4
T-10280,2024-10-10,Cena,P-02,2
T-14418,2024-10-25,Cena,P-06,4
T-14805,2024-07-16,Desayuno?,P-24,3
T-13404,2024-05-21,,P-01,4
T-11583,2025-01-07,CENA,P-09,3
T-15856,2024-10-14,Cena,P-16,2
T-17847,2024-10-28,  Cena  ,P-03,3
T-13470,2025-06-04,Comida,P-19,4
T-15238,2024-10-11,CENA,P-08,1
T-13442,2024-03-28,N/A,P-21,1
T-16765,2025-03-08,N/A,P-04,1
T-15353,2025-04-03,Cena,P-14,3
T-14621,2025-09-28,comida,P-16,4
T-12872,2025-11-17,Comida,P-11,2
T-13262,2024-11-09,,P-18,2
T-11822,2025-03-20,Cena,P-10,2
T-13264,2024-03-13,,P-24,3
T-13957,2025-07-19,CENA,P-12,1
T-15475,2025-02-02,Cena,P-25,1
T-12436,2025-04-11,Desayuno?,P-11,4
T-17158,2025-11-03,CENA,P-18,2
T-11033,2024-09-23,comida,P-25,1
T-16346,2025-02-12,Cena,P-12,4
T-13965,2025-12-25,Desayuno?,P-15,4
T-12118,2025-09-27,Cena,P-06,1
T-10936,31/07/2024,Cena,P-08,3
T-11469,2025-01-10,  Cena  ,P-07,4
T-16777,2024-06-30,N/A,P-23,2
T-16410,18/11/2024,N/A,P-04,2
T-15573,2024-05-13,N/A,P-05,2
T-15353,2025-10-16,N/A,P-99,2
T-14049,2024-10-29,,P-17,1
T-15004,2025-07-03,N/A,P-16,1
T-12376,2025-03-28,CENA,P-12,2
T-17716,2025-06-12,  Cena  ,P-10,1
T-11195,2025-07-02,  Cena  ,P-12,1
T-17633,2024-01-26,,P-01,2
T-16016,2025-02-16,  Cena  ,P-25,3
T-16957,2025-01-16,Desayuno?,P-14,2
T-17224,2025-03-11,CENA,P-07,1
T-16282,2024-02-04,CENA,P-08,2
T-10235,2024-07-22,,P-06,2
T-14332,2024-10-04,Comida,P-25,2
T-13464,2025-12-01,Comida,P-20,1
T-10950,2025-03-01,Desayuno?,P-15,2
T-11212,2024-10-17,Comida,P-07,1
T-12361,2025-02-26,comida,P-07,2
T-17859,2025-12-04,,P-23,4
T-16267,2024-08-03,NULL,P-24,3
T-15418,2025-12-26,Cena,P-11,3
T-11463,2025-09-28,,P-01,1
T-15604,2025-11-17,Comida,P-01,4
T-11926,2024-05-28,NULL,P-99,4
T-13307,2024-05-07,Cena,P-05,1
T-15918,2024-10-25,comida,P-02,4
T-14596,2024-06-13,Comida,P-14,4
T-13781,2024-11-26,  Cena  ,P-18,4
T-10816,2024-05-30,  Cena  ,P-03,3
T-17713,2025-10-24,Cena,P-01,2
T-10814,2024-05-22,  Cena  ,P-15,-1
T-17545,2025-06-29,  Cena  ,P-13,1
T-15708,2024-05-01,NULL,P-02,1
T-12440,2025-03-07,comida,P-06,4
T-12532,2025-02-28,N/A,P-08,4
T-15946,2024-09-16,NULL,P-17,3
T-10301,2025-06-30,Comida,P-04,3
T-11888,2025-07-02,Desayuno?,P-08,2
T-16911,2025-02-21,  Cena  ,P-23,1
T-11870,2024-04-16,Desayuno?,P-99,4
T-16813,2025-05-07,Cena,P-99,4
T-11470,2024-08-09,N/A,P-14,3
T-17888,2025-09-04,CENA,P-11,4
T-12787,13/01/2025,N/A,P-08,3
T-15443,28/03/2024,NULL,P-14,3
T-14565,2024-11-16,  Cena  ,P-23,2
T-12247,2025-10-24,Desayuno?,P-03,1
T-15190,2024-04-30,N/A,P-09,4
T-12576,2024-06-30,Cena,P-99,2
T-10507,2025-10-31,NULL,P-14,2
T-17910,2024-02-24,  Cena  ,P-13,1
T-14014,2024-08-09,  Cena  ,P-14,2
T-12372,2025-01-19,,P-16,3
T-12502,2024-01-22,comida,P-16,1
T-13212,2025-06-28,  Cena  ,P-19,4
T-16718,2024-03-06,NULL,P-20,1
T-11346,2024-07-01,comida,P-17,1
T-10914,2024-09-24,NULL,P-02,1
T-10038,2025-06-07,NULL,P-99,1
T-13858,2024-12-08,N/A,P-11,1
T-17461,2025-09-19,Cena,P-06,1
T-16117,2025-09-16,Desayuno?,P-17,3
T-17578,2024-05-18,  Cena  ,P-19,3
T-17658,2024-02-26,comida,P-25,2
T-17048,2025-10-10,Comida,P-09,4
T-12231,2025-04-12,Comida,P-22,3
T-17427,2025-07-18,N/A,P-20,3
T-14687,2024-05-03,Comida,P-12,1
T-17721,2024-07-13,comida,P-13,3
T-16271,2025-04-07,Cena,P-23,2
T-16546,2025-07-27,Comida,P-18,2
T-17384,2024-11-22,Desayuno?,P-08,4
T-17826,2025-01-02,Comida,P-10,2
T-14646,2024-02-26,Comida,P-23,2
T-16024,2025-05-25,Cena,P-08,1
T-15610,2024-06-15,Cena,P-05,3
T-13015,2024-12-02,Desayuno?,P-22,-1
T-17136,2024-12-19,comida,P-10,3
T-12133,2024-01-28,N/A,P-02,4
T-14549,2024-07-31,  Cena  ,P-16,2
T-11804,2025-09-14,NULL,P-03,3
T-16159,2025-11-24,Cena,P-12,2
T-16225,2024-04-30,  Cena  ,P-15,2
T-11546,2025-07-13,CENA,P-03,2
T-14418,2024-04-07,NULL,P-09,2
T-15767,2024-02-16,N/A,P-19,3
T-15004,2025-10-17,Desayuno?,P-14,4
T-16596,2025-01-22,Comida,P-13,1
T-12817,2025-08-14,Desayuno?,P-15,1
T-10468,2024-08-30,  Cena  ,P-04,4
T-16254,2025-02-11,Comida,P-12,3
T-15650,2025-10-08,Comida,P-13,1
T-15128,2025-03-29,Cena,P-06,3
T-14598,2024-07-15,,P-19,2
T-14200,2025-11-29,Cena,P-15,-1
T-14452,2025-06-23,NULL,P-10,1
T-11086,2024-08-02,comida,P-99,4
T-13136,2024-03-06,N/A,P-10,1
T-15393,2024-08-16,Desayuno?,P-08,3
T-14377,2025-10-28,N/A,P-02,2
T-10458,2024-11-14,Desayuno?,P-11,3
T-14176,2024-12-20,Cena,P-11,2
T-14145,2024-02-01,CENA,P-09,3
T-10329,2025-10-11,Comida,P-10,4
T-10927,2024-10-03,comida,P-12,1
T-10238,2025-10-08,N/A,P-25,2
T-13495,2024-11-08,NULL,P-21,2
T-14411,2024-11-13,Comida,P-25,4
T-17750,2024-05-05,NULL,P-16,1
T-11655,2024-06-10,NULL,P-11,1
T-13477,2025-09-05,N/A,P-20,2
T-17278,2025-10-29,N/A,P-19,3
T-12190,2024-04-15,CENA,P-04,2
T-10756,2024-05-17,  Cena  ,P-12,1
T-11190,2025-01-18,Comida,P-07,4
T-15524,2025-03-10,  Cena  ,P-21,1
T-13986,2024-08-30,Comida,P-01,4
T-13571,2024-09-14,NULL,P-09,1
T-14209,2024-05-06,Desayuno?,P-12,1
T-10185,2025-03-11,Desayuno?,P-11,1
T-13860,2025-09-14,NULL,P-14,2
T-11100,18/01/2025,Desayuno?,P-19,3
T-13884,2024-10-26,comida,P-17,4
T-10354,15/03/2024,Desayuno?,P-99,3
T-11209,2025-11-22,Comida,P-15,2
T-12768,2025-10-13,Comida,P-20,1
T-11609,2024-09-22,CENA,P-23,1
T-13159,2025-01-24,Comida,P-11,1
T-17778,2025-12-06,N/A,P-11,1
T-15539,2024-10-28,comida,P-21,3
T-11417,2025-11-26,Cena,P-06,2
T-11112,2024-01-31,,P-08,3
T-13243,07/10/2025,CENA,P-22,3
T-12285,2025-12-01,Comida,P-09,4
T-14109,2024-07-23,comida,P-11,3
T-12624,2025-08-18,Comida,P-01,4
T-15411,2024-11-14,Desayuno?,P-08,1
T-14573,2025-05-06,CENA,P-02,1
T-17867,2024-05-29,comida,P-23,3
T-13394,2025-04-23,N/A,P-18,3
T-14827,2025-07-28,comida,P-08,1
T-15240,2025-10-20,NULL,P-17,2
T-10461,2024-09-02,comida,P-07,3
T-15058,2025-01-25,Desayuno?,P-05,2
T-11144,2024-12-12,  Cena  ,P-21,4
T-10631,2025-07-19,NULL,P-24,2
T-17234,2025-10-15,Desayuno?,P-08,1
T-13198,2024-05-04,  Cena  ,P-03,4
T-13363,2024-09-20,comida,P-21,4
T-12117,2025-08-21,,P-18,4
T-14752,30/05/2025,NULL,P-25,4
T-14557,2025-03-31,Desayuno?,P-05,2
T-12315,2025-05-07,comida,P-18,4
T-16596,2025-07-19,Cena,P-01,2
T-13179,2025-05-14,N/A,P-21,2
T-17337,2025-12-02,N/A,P-18,2
T-13163,2025-10-11,N/A,P-07,2
T-14469,02/03/2025,NULL,P-08,4
T-17545,2024-06-10,CENA,P-06,3
T-10730,2025-07-25,Cena,P-17,4
T-10097,2024-03-28,,P-22,3
T-16182,14/08/2025,Comida,P-18,4
T-17410,2025-08-18,N/A,P-07,1
T-11898,2024-11-13,NULL,P-11,4
T-11705,2025-06-24,  Cena  ,P-03,3
T-16642,2025-04-14,comida,P-07,2
T-10127,2024-06-01,CENA,P-24,4
T-12514,2025-05-09,CENA,P-22,1
T-16734,2025-09-30,Cena,P-22,1
T-10430,2024-12-14,  Cena  ,P-12,3
T-13105,2024-04-29,comida,P-22,3
T-13713,2024-10-22,N/A,P-25,1
T-14985,2025-08-24,Cena,P-21,3
T-12193,03/01/2025,comida,P-16,1
T-12287,2024-12-01,  Cena  ,P-10,3
T-11996,2025-06-05,,P-17,1
T-12467,2024-08-04,comida,P-04,1
T-16274,2025-11-23,NULL,P-01,2
T-15496,2024-10-04,Comida,P-19,4
T-17608,2025-08-21,Desayuno?,P-99,4
T-12361,2025-04-21,NULL,P-17,1
T-10392,2025-02-04,Comida,P-04,2
T-14980,2025-01-29,CENA,P-10,3
T-17998,2024-08-20,N/A,P-08,1
T-11433,2025-08-08,  Cena  ,P-25,4
T-10433,2025-06-17,Cena,P-14,3
T-11468,2024-07-27,comida,P-23,4
T-14696,2024-05-23,Cena,P-03,1
T-17206,2024-08-09,N/A,P-23,1
T-10395,2024-01-20,Cena,P-12,4
T-16834,2025-08-14,Cena,P-05,2
T-11872,2025-10-11,CENA,P-05,1
T-14171,2025-06-13,Comida,P-04,1
T-13605,2024-10-18,NULL,P-03,4
T-14636,2025-04-10,N/A,P-22,3
T-14271,2025-04-30,Comida,P-06,3
T-17387,2025-08-10,,P-14,1
T-12662,2024-10-10,NULL,P-17,4
T-11181,2024-04-11,Comida,P-08,1
T-16693,2024-01-09,,P-25,2
T-10722,2024-01-30,Desayuno?,P-24,2
T-10610,2024-09-25,Desayuno?,P-03,1
T-15380,2025-05-09,  Cena  ,P-13,4
T-15618,2025-05-25,comida,P-25,1
T-11472,2024-02-26,NULL,P-12,4
T-17275,2025-03-12,Cena,P-18,4
T-13934,2024-07-12,N/A,P-17,4
T-11681,2025-12-18,Desayuno?,P-19,3
T-16872,2025-05-02,NULL,P-22,4
T-12189,2025-04-05,Comida,P-08,3
T-17514,2025-11-03,Comida,P-08,1
T-17992,2024-09-25,NULL,P-24,1
T-14666,2025-06-17,Comida,P-20,4
T-13388,2025-06-08,  Cena  ,P-08,4
T-17688,2025-07-07,  Cena  ,P-18,1
T-12350,08/01/2024,Comida,P-10,3
T-11289,2025-01-27,N/A,P-06,2
T-13138,2024-11-15,NULL,P-05,4
T-12912,2024-05-01,N/A,P-06,2
T-10248,2024-10-28,  Cena  ,P-04,3
T-15486,2024-06-06,Desayuno?,P-10,4
T-17504,2025-03-04,CENA,P-17,2
T-16461,2024-04-11,comida,P-13,2
T-12122,2024-07-26,Desayuno?,P-04,2
T-16639,2024-07-27,Comida,P-12,4
T-12127,2025-02-21,comida,P-05,3
T-12577,2024-02-19,N/A,P-20,4
T-10631,2024-05-21,N/A,P-14,2
T-12575,2025-05-13,comida,P-19,1
T-12413,2024-09-15,NULL,P-23,3
T-16571,2025-12-07,CENA,P-16,1
T-16591,2024-10-08,Cena,P-05,1
T-17281,2024-01-05,Cena,P-18,1
T-13044,2024-09-12,comida,P-09,1
T-13749,2025-04-27,Desayuno?,P-13,2
T-12721,2025-07-03,Cena,P-04,3
T-10885,2024-01-22,N/A,P-06,1
T-11525,2024-08-04,comida,P-17,4
T-12844,2025-04-06,NULL,P-21,4
T-15839,2025-07-06,N/A,P-01,2
T-17411,17/09/2025,NULL,P-04,3
T-15475,2024-11-03,CENA,P-19,2
T-11929,2025-11-03,Comida,P-02,3
T-11131,2024-02-22,comida,P-03,3
T-10709,07/07/2025,CENA,P-03,3
T-16022,2024-01-26,Cena,P-13,2
T-13008,2024-02-25,Desayuno?,P-09,1
T-10592,2025-02-11,Desayuno?,P-20,1
T-16770,2024-05-15,NULL,P-05,-1
T-12572,2025-07-11,Comida,P-11,1
T-17278,2025-01-09,Comida,P-24,1
T-15412,2025-12-08,comida,P-09,1
T-13045,2025-08-25,comida,P-07,3
T-15412,2024-08-03,Cena,P-11,1
T-16508,2024-06-27,N/A,P-12,3
T-11866,2024-03-03,Desayuno?,P-05,4
T-16145,2025-09-19,NULL,P-23,4
T-11980,2024-05-04,comida,P-20,3
T-10984,2024-03-18,Comida,P-99,4
T-11387,2025-04-22,Comida,P-14,2
T-11048,2025-01-14,Comida,P-19,3
T-11427,2024-09-22,  Cena  ,P-22,1
T-16718,2024-08-29,  Cena  ,P-17,3
T-15720,2025-01-16,Desayuno?,P-19,3
T-16697,2024-02-26,,P-05,4
T-16686,2025-08-11,comida,P-13,4
T-15501,25/06/2024,Desayuno?,P-18,1
T-11959,2024-07-01,Desayuno?,P-05,3
T-16565,2025-07-09,Desayuno?,P-21,2
T-15872,2024-10-17,NULL,P-20,2
T-13132,2025-11-02,comida,P-20,1
T-12164,2024-08-06,Desayuno?,P-10,2
T-17890,2025-05-10,Cena,P-21,3
T-16228,2024-12-27,Desayuno?,P-10,3
T-10373,2024-05-14,  Cena  ,P-08,3
T-10681,2025-02-22,N/A,P-07,2
T-15988,2025-04-06,  Cena  ,P-25,4
T-12842,2024-08-08,Desayuno?,P-20,3
T-15724,2025-03-14,comida,P-24,3
T-11820,2024-05-16,Desayuno?,P-04,2
T-12527,2024-01-08,Cena,P-07,1
T-14736,2024-08-12,NULL,P-17,4
T-13608,2024-06-08,comida,P-07,1
T-17531,2025-10-08,NULL,P-08,1
T-15997,2025-06-03,,P-03,2
T-15234,2025-06-25,Desayuno?,P-02,1
T-14622,2024-12-19,N/A,P-25,1
T-10898,2024-02-28,Cena,P-07,3
T-17624,2025-04-29,Comida,P-07,1
T-10223,2024-09-01,  Cena  ,P-13,2
T-12913,2025-01-23,NULL,P-12,4
T-14214,2024-11-26,NULL,P-05,4
T-13437,2024-09-09,Comida,P-20,1
T-14186,2024-05-02,Desayuno?,P-12,1
T-13218,2025-04-02,Cena,P-01,3
T-12232,2025-01-31,N/A,P-10,3
T-16096,2025-01-27,Desayuno?,P-12,1
T-15333,2025-01-22,N/A,P-21,4
T-14282,2024-08-18,  Cena  ,P-25,4
T-13669,2025-02-23,comida,P-19,2
T-14501,2025-02-10,N/A,P-07,4
T-16732,15/07/2025,CENA,P-17,1
T-11114,2025-12-17,N/A,P-18,4
T-14179,2025-03-11,Comida,P-05,4
T-11332,2025-01-18,  Cena  ,P-06,3
T-17010,2025-04-19,Cena,P-19,3
T-11119,2024-02-16,Comida,P-02,2
T-13265,2025-05-16,Comida,P-07,3
T-11301,2025-05-13,CENA,P-07,2
T-11355,13/05/2025,Desayuno?,P-14,1
T-16753,2025-11-28,N/A,P-17,3
T-12984,2025-03-26,  Cena  ,P-08,2
T-12030,2024-05-13,Comida,P-99,3
T-13739,2024-11-28,comida,P-06,1
T-17025,2024-12-01,N/A,P-05,1
T-14336,2025-12-10,CENA,P-22,4
T-12143,2025-03-22,N/A,P-07,2
T-13424,2025-07-11,  Cena  ,P-10,2
T-12840,2025-04-10,CENA,P-15,3
T-13187,2025-01-22,comida,P-10,4
T-15536,2024-10-13,,P-08,4
T-14309,13/07/2025,Comida,P-01,2
T-10768,2025-12-05,NULL,P-18,2
T-11153,2025-09-25,Comida,P-15,2
T-13622,2024-11-19,CENA,P-15,3
T-16966,2024-07-26,CENA,P-21,4
T-17668,2025-12-13,Comida,P-01,3
T-11559,2025-10-10,,P-06,4
T-10396,2025-03-24,Comida,P-21,2
T-17096,2025-08-27,Desayuno?,P-08,3
T-13594,2025-03-03,N/A,P-02,1
T-16282,2025-06-24,N/A,P-25,3
T-10977,2025-09-15,CENA,P-06,1
T-10743,2024-07-28,NULL,P-06,2
T-17980,2025-09-11,,P-11,2
T-10354,2025-05-12,Comida,P-11,3
T-16924,2024-01-03,N/A,P-24,3
T-17826,2025-04-10,Cena,P-11,4
T-15569,2024-04-16,N/A,P-12,2
T-12404,2025-08-11,N/A,P-14,4
T-15306,2025-03-27,CENA,P-15,4
T-14933,2025-05-03,Comida,P-08,2
T-17215,2025-11-27,comida,P-22,2
T-17226,2025-08-10,Desayuno?,P-07,3
T-16292,2024-12-01,Comida,P-04,2
T-14537,2024-02-23,Comida,P-13,1
T-12445,2024-04-08,Cena,P-13,2
T-14873,06/12/2024,CENA,P-16,4
T-15784,2025-03-10,comida,P-24,2
T-15249,2024-05-13,Cena,P-15,3
T-15321,2025-11-03,Cena,P-21,2
T-13641,2024-03-14,N/A,P-21,2
T-12582,2024-12-18,N/A,P-10,3
T-14559,2024-07-16,N/A,P-18,3
T-16651,2024-08-19,N/A,P-06,1
T-16188,2024-05-21,  Cena  ,P-11,1
T-16959,2025-04-16,,P-22,3
T-17879,2024-02-12,N/A,P-20,-1
T-17219,2024-04-26,NULL,P-20,3
T-17481,2025-04-04,Desayuno?,P-07,4
T-13785,2024-01-04,Comida,P-11,2
T-13885,2025-06-05,N/A,P-23,1
T-10804,2024-12-12,  Cena  ,P-21,4
T-14677,2024-11-16,comida,P-04,1
T-12566,2025-03-06,Comida,P-22,3
T-15112,2024-05-03,NULL,P-03,3
T-12315,2024-05-08,,P-23,2
T-17304,2025-09-18,Cena,P-05,2
T-17755,2024-10-30,NULL,P-18,3
T-11070,2024-07-16,  Cena  ,P-01,2
T-16277,2024-02-02,comida,P-16,2
T-11265,2024-07-18,,P-17,1
T-16899,2025-04-15,NULL,P-24,-1
T-12250,2024-03-12,  Cena  ,P-09,2
T-11447,2024-02-23,N/A,P-17,3
T-12678,2025-11-20,Comida,P-16,4
T-11162,2025-08-10,  Cena  ,P-06,2
T-17141,2024-10-11,CENA,P-25,1
T-12120,2024-03-30,NULL,P-24,3
T-11236,2024-10-27,Cena,P-04,3
T-12056,2024-12-26,comida,P-12,3
T-14104,2025-07-29,,P-16,2
T-11110,2025-12-29,Comida,P-19,1
T-10971,2025-05-22,CENA,P-07,3
T-10922,2025-01-02,Cena,P-99,2
T-11523,2024-03-06,  Cena  ,P-08,1
T-14910,2025-12-26,comida,P-19,4
T-12018,2025-09-20,Cena,P-15,4
T-11917,2024-12-26,N/A,P-12,1
T-13969,2024-09-21,Desayuno?,P-22,3
T-16624,2024-05-09,Desayuno?,P-21,3
T-12569,2025-03-01,  Cena  ,P-01,1
T-16664,2025-10-21,Cena,P-04,3
T-14276,2024-08-15,Desayuno?,P-20,1
T-16101,2024-07-11,N/A,P-10,2
T-16463,2024-08-13,Cena,P-24,4
T-13264,28/05/2024,CENA,P-18,4
T-15709,2024-07-09,Cena,P-07,3
T-10051,2025-11-23,NULL,P-17,1
T-16582,2025-04-29,Desayuno?,P-09,1
T-17667,2025-01-20,Desayuno?,P-18,3
T-15775,2025-11-10,NULL,P-18,2
T-16253,2025-08-09,Comida,P-13,1
T-14466,2024-12-30,Desayuno?,P-25,3
T-13995,2025-09-24,N/A,P-15,2
T-12090,2024-12-02,Cena,P-18,3
T-11709,2024-07-23,N/A,P-21,1
T-15669,2025-06-24,comida,P-10,4
T-10064,2025-10-19,Cena,P-10,2
T-12760,2025-09-11,Comida,P-24,1
T-10447,2025-11-16,Comida,P-14,2
T-16300,2024-09-17,Comida,P-17,3
T-15030,2025-05-30,N/A,P-09,1
T-13880,14/04/2024,Desayuno?,P-04,4
T-12095,2024-02-28,  Cena  ,P-19,4
T-14435,2025-07-25,N/A,P-22,2
T-12083,2025-07-31,NULL,P-15,4
T-11841,2025-02-26,comida,P-16,3
T-13931,2025-04-18,N/A,P-07,3
T-17906,2024-11-28,Cena,P-23,4
T-10340,2025-01-04,NULL,P-25,4
T-15449,2024-09-16,Comida,P-03,-1
T-16855,2025-12-24,CENA,P-05,2
T-12707,2024-09-06,Desayuno?,P-19,3
T-10972,2025-12-11,Desayuno?,P-13,1
T-14914,2024-02-11,Desayuno?,P-11,3
T-14114,2025-03-19,NULL,P-24,1
T-16035,2024-10-29,CENA,P-02,2
T-13280,2024-07-15,N/A,P-14,1
T-16198,2025-08-23,Desayuno?,P-19,2
T-17214,2025-10-09,Cena,P-18,1
T-15381,2025-04-11,Cena,P-03,1
T-17448,2024-12-21,Comida,P-25,2
T-16686,2025-08-18,N/A,P-04,3
T-15979,2025-04-10,N/A,P-22,3
T-11370,2024-03-26,,P-17,1
T-12781,2024-01-18,N/A,P-11,3
T-17068,2025-04-19,NULL,P-04,3
T-10059,2025-02-09,NULL,P-22,3
T-16244,2025-12-23,Cena,P-06,3
T-14204,07/07/2024,Comida,P-22,4
T-14139,2025-01-10,N/A,P-16,1
T-17145,2025-12-19,CENA,P-14,3
T-11056,2025-04-26,N/A,P-14,2
T-14126,2024-06-16,Comida,P-15,2
T-10161,2024-05-21,  Cena  ,P-11,3
T-10109,2024-08-07,N/A,P-09,3
T-13354,22/06/2025,CENA,P-05,1
T-17951,2024-12-05,N/A,P-13,1
T-12045,30/12/2025,NULL,P-01,4
T-11599,2024-05-28,Desayuno?,P-24,1
T-11949,2025-03-23,N/A,P-05,3
T-16092,2025-12-06,Desayuno?,P-25,4
T-14252,2025-01-12,NULL,P-12,4
T-12404,2025-11-08,  Cena  ,P-14,2
T-13030,2025-12-12,comida,P-08,4
T-11739,2025-06-08,comida,P-24,2
T-10400,2024-12-27,N/A,P-18,2
T-13483,2025-04-19,Cena,P-01,3
T-16016,2025-02-05,CENA,P-13,3
T-10766,2025-12-21,CENA,P-23,2
T-11839,2024-02-21,  Cena  ,P-12,2
T-15492,2024-06-21,NULL,P-05,2
T-11050,2025-10-16,Cena,P-08,1
T-17197,2025-10-01,NULL,P-07,1
T-17458,2025-05-03,Comida,P-25,1
T-13198,2024-11-28,Cena,P-16,3
T-16515,2024-09-12,NULL,P-02,3
T-17571,2025-05-20,comida,P-16,1
T-10991,2024-10-11,  Cena  ,P-23,4
T-16370,24/10/2024,Desayuno?,P-05,2
T-14149,2024-05-21,CENA,P-12,4
T-10372,2024-09-30,comida,P-17,1
T-13749,2024-02-19,Cena,P-18,2
T-16189,2024-03-13,N/A,P-10,2
T-16913,2025-06-28,CENA,P-10,3
T-10141,28/04/2025,NULL,P-18,4
T-16070,2025-06-01,NULL,P-18,4
T-13355,2024-11-13,Comida,P-25,3
T-14483,2025-08-08,N/A,P-08,4
T-15410,20/12/2025,Cena,P-04,3
T-17216,2025-11-03,Cena,P-24,2
T-17202,2024-04-03,comida,P-18,4
T-10724,2024-05-20,NULL,P-05,2
T-13706,2024-07-23,NULL,P-20,3
T-17235,2025-09-06,,P-19,2
T-16375,2024-07-28,Cena,P-08,2
T-12921,2025-06-16,Cena,P-11,2
T-16250,2024-01-09,Desayuno?,P-17,1
T-11910,28/12/2025,Desayuno?,P-04,4
T-13853,2025-01-13,comida,P-01,2
T-14843,2024-09-23,Cena,P-02,2
T-15660,2024-06-10,CENA,P-10,3
T-11848,2025-07-29,CENA,P-05,3
T-13537,2025-10-02,  Cena  ,P-17,1
T-16975,2024-01-16,CENA,P-14,-1
T-11220,2025-04-16,N/A,P-10,1
T-10983,2025-10-28,,P-15,4
T-14270,2025-07-20,Desayuno?,P-15,3
T-16328,2024-08-24,NULL,P-09,4
T-11896,2024-09-09,Desayuno?,P-02,2
T-16057,2025-11-15,  Cena  ,P-17,1
T-10302,2025-03-27,NULL,P-01,3
T-16125,2024-06-06,N/A,P-02,3
T-11048,22/04/2024,Cena,P-07,3
T-12888,2025-08-23,Cena,P-12,3
T-14553,2025-04-09,N/A,P-22,3
T-16429,2024-04-28,  Cena  ,P-24,1
T-14761,2024-10-02,CENA,P-23,3
T-13082,2024-05-05,CENA,P-13,1
T-15821,2024-06-30,comida,P-23,4
T-13119,2025-04-19,Comida,P-24,2
T-16669,2025-09-08,Comida,P-03,4
T-13431,2025-02-27,CENA,P-01,3
T-12803,2025-10-18,Comida,P-12,-1
T-12453,2024-02-27,NULL,P-21,3
T-13271,2025-11-04,comida,P-18,4
T-17188,2025-01-19,Cena,P-03,3
T-12128,2024-09-06,N/A,P-05,2
T-17493,2024-10-18,Comida,P-01,4
T-12877,2024-07-04,Cena,P-07,3
T-15459,2025-04-10,comida,P-07,4
T-12689,2024-04-26,N/A,P-01,2
T-17643,2024-12-15,N/A,P-15,1
T-10869,2024-05-25,NULL,P-11,4
T-14118,2025-02-13,Cena,P-18,4
T-15581,2025-10-16,NULL,P-09,4
T-15558,2025-08-18,N/A,P-13,1
T-16979,2024-03-20,CENA,P-06,1
T-10183,2024-08-30,NULL,P-11,4
T-15526,2025-11-20,CENA,P-02,2
T-11689,20/06/2025,Cena,P-25,3
T-11663,2025-04-21,  Cena  ,P-25,2
T-12488,2025-09-27,Desayuno?,P-07,1
T-13197,2025-10-05,NULL,P-07,3
T-16578,2024-04-08,NULL,P-16,2
T-17385,2024-05-27,Comida,P-16,3
T-10556,2024-07-31,Comida,P-16,1
T-17048,2025-12-23,N/A,P-13,3
T-15991,2024-11-08,Comida,P-02,2
T-17818,2024-08-03,CENA,P-15,2
T-14122,2025-03-28,comida,P-23,1
T-13675,2025-01-24,Comida,P-09,3
T-17562,30/05/2025,Comida,P-19,3
T-14888,2025-08-30,N/A,P-08,2
T-11580,2025-08-31,N/A,P-24,4
T-17895,2024-09-26,Comida,P-10,2
T-14995,2024-06-07,comida,P-06,3
T-15579,2025-05-13,comida,P-18,1
T-12055,2025-04-16,N/A,P-04,-1
T-11539,2025-11-08,NULL,P-07,3
T-15906,2025-10-08,comida,P-15,2
T-17997,2024-07-14,Cena,P-05,4
T-13649,2024-09-13,Comida,P-24,1
T-11651,2024-05-19,,P-25,4
T-10796,2024-07-29,  Cena  ,P-21,2
T-13988,2024-12-02,N/A,P-22,-1
T-15128,2025-03-07,CENA,P-10,2
T-14571,07/07/2025,NULL,P-19,3
T-11241,2025-01-18,  Cena  ,P-23,1
T-12733,2025-03-09,N/A,P-05,2
T-11715,2025-09-23,NULL,P-20,1
T-12196,2024-08-20,N/A,P-24,3
T-11336,2024-08-20,CENA,P-19,2
T-14212,2025-07-16,Cena,P-14,2
T-12780,2024-04-20,Comida,P-22,3
T-12153,2024-01-29,Cena,P-24,1
T-11516,2024-01-15,N/A,P-03,3
T-17091,2025-05-02,Cena,P-19,1
T-17891,2024-12-30,  Cena  ,P-17,4
T-17382,2025-01-25,N/A,P-05,3
T-10926,30/05/2024,Comida,P-10,1
T-13511,2025-09-24,comida,P-25,4
T-10377,2024-11-19,  Cena  ,P-14,4
T-16464,2025-09-05,  Cena  ,P-99,1
T-11626,2025-04-19,comida,P-12,2
T-15637,2025-08-01,Comida,P-05,1
T-10131,2024-11-19,CENA,P-06,-1
T-14122,2025-08-18,Desayuno?,P-18,1
T-13441,2024-11-12,  Cena  ,P-20,2
T-13970,2025-02-19,comida,P-20,4
T-12817,2024-03-26,  Cena  ,P-25,3
T-15117,2024-10-06,Desayuno?,P-23,3
T-13048,2025-02-04,CENA,P-06,1
T-16699,2024-10-22,N/A,P-15,2
T-13000,2025-10-05,comida,P-07,2
T-14532,2024-10-12,  Cena  ,P-02,1
T-12698,2024-08-04,comida,P-23,2
T-13105,2025-06-30,comida,P-21,1
T-15109,2025-03-04,CENA,P-04,4
T-10105,2025-03-26,  Cena  ,P-09,3
T-11252,2024-12-07,NULL,P-17,4
T-10436,2024-04-13,  Cena  ,P-06,4
T-14275,2024-09-06,Cena,P-18,3
T-11691,2025-07-02,Desayuno?,P-07,4
T-13836,2025-03-08,comida,P-05,3
T-13759,2024-01-07,CENA,P-08,3
T-17525,2025-03-10,Cena,P-08,4
T-17067,2024-08-03,Comida,P-01,4
T-16061,2025-08-22,N/A,P-05,3
T-10989,2024-05-01,  Cena  ,P-18,2
T-11198,2024-12-17,Comida,P-07,1
T-12152,2024-05-10,N/A,P-20,3
T-11092,2025-12-07,,P-18,4
T-14250,2025-12-19,NULL,P-16,4
T-10984,2025-03-22,comida,P-03,1
T-13521,2024-05-06,N/A,P-24,2
T-14641,2024-06-21,N/A,P-06,1
T-13779,2024-05-23,Cena,P-15,2
T-14346,2024-10-11,Cena,P-15,1
T-17630,2024-11-06,comida,P-17,3
T-16097,2024-06-26,  Cena  ,P-14,1
T-17547,2025-12-14,,P-15,2
T-11150,05/03/2025,comida,P-24,4
T-14883,2025-01-11,NULL,P-25,1
T-12844,2024-01-01,Comida,P-07,2
T-13739,2025-06-16,Comida,P-05,4
T-16655,2025-12-06,Comida,P-03,3
T-10998,2025-02-16,N/A,P-01,2
T-11191,2025-02-18,CENA,P-05,4
T-17523,2024-06-22,N/A,P-24,4
T-16826,2025-04-06,Cena,P-16,2
T-12725,2025-06-16,CENA,P-23,4
T-10480,2025-08-15,Desayuno?,P-13,2
T-13975,2025-02-20,Cena,P-13,4
T-11291,2024-03-02,comida,P-18,4
T-16256,2024-07-12,N/A,P-20,1
T-16858,2025-02-13,Comida,P-11,2
T-13918,2025-11-21,Comida,P-24,4
T-15254,2024-08-02,Comida,P-10,4
T-14277,2025-01-29,CENA,P-23,3
T-12623,2024-04-13,N/A,P-21,4
T-14960,2024-07-25,  Cena  ,P-04,2
T-17562,23/01/2024,N/A,P-11,4
T-15130,2025-09-04,NULL,P-22,1
T-15974,2025-06-10,NULL,P-10,3
T-17302,2024-06-16,comida,P-21,2
T-16224,2024-01-20,Desayuno?,P-20,1
T-12449,2025-01-05,comida,P-20,3
T-11783,2025-12-17,N/A,P-99,4
T-15015,2024-10-20,Desayuno?,P-18,1
T-12671,2025-12-07,  Cena  ,P-15,3
T-17549,2024-08-21,CENA,P-24,4
T-15329,2025-12-31,  Cena  ,P-20,2
T-17113,2024-01-29,Desayuno?,P-22,3
T-14755,2025-02-02,comida,P-14,2
T-15178,2024-07-10,Comida,P-25,3
T-11504,2024-07-14,N/A,P-02,2
T-10060,2025-02-07,NULL,P-13,2
T-14690,2025-06-18,comida,P-17,2
T-14669,2024-11-20,,P-18,3
T-16476,2024-05-16,Desayuno?,P-09,4
T-13347,2025-01-17,N/A,P-18,2
T-14257,2024-08-21,  Cena  ,P-06,-1
T-17266,2025-09-16,Desayuno?,P-17,1
T-13322,2024-11-18,  Cena  ,P-16,4
T-14289,2024-06-13,  Cena  ,P-20,3
T-10058,28/02/2025,N/A,P-24,3
T-13993,2024-05-19,NULL,P-04,4
T-12780,2024-02-09,  Cena  ,P-23,1
T-11844,2025-09-08,CENA,P-09,3
T-11188,2025-01-03,comida,P-12,2
T-12974,2024-09-13,Cena,P-21,3
T-16723,2024-08-25,NULL,P-08,1
T-17334,2025-06-22,  Cena  ,P-20,4
T-16280,2025-11-21,comida,P-07,2
T-16171,2025-03-08,CENA,P-07,2
T-15102,2025-01-01,Desayuno?,P-05,4
T-17045,2025-10-17,CENA,P-99,2
T-16946,2024-02-11,comida,P-99,1
T-15874,2024-10-26,CENA,P-12,1
T-15753,2024-05-11,Comida,P-05,3
T-16304,19/02/2025,comida,P-03,1
T-15289,2025-06-17,Desayuno?,P-99,3
T-11229,2024-11-07,Comida,P-05,4
T-17211,2024-10-29,Cena,P-12,4
T-11936,2025-11-15,N/A,P-05,4
T-13252,2025-03-26,N/A,P-24,3
T-11551,2024-12-01,NULL,P-13,1
T-10457,2025-10-21,Comida,P-16,4
T-14028,2025-08-13,Desayuno?,P-09,3
T-16357,2024-02-15,Comida,P-19,4
T-13054,2024-05-15,  Cena  ,P-03,4
T-13778,2025-05-28,CENA,P-02,3
T-16887,2025-07-12,Desayuno?,P-18,2
T-17973,2025-02-10,  Cena  ,P-16,2
T-11818,2025-10-29,N/A,P-22,2
T-10720,10/07/2025,Desayuno?,P-22,1
T-12657,2025-12-06,Comida,P-17,3
T-16435,2024-08-11,  Cena  ,P-02,4
T-15872,2024-01-18,Desayuno?,P-25,2
T-13513,2025-06-09,comida,P-15,2
T-11366,2025-01-28,NULL,P-25,4
T-15133,2025-10-15,comida,P-02,1
T-17531,2025-10-02,Desayuno?,P-23,4
T-12442,2024-05-21,Comida,P-11,3
T-10089,2024-10-03,NULL,P-20,2
T-10131,2024-07-11,N/A,P-08,4
T-15930,2025-03-04,N/A,P-13,4
T-13763,2025-09-29,NULL,P-03,1
T-15915,2025-02-05,NULL,P-11,3
T-13444,2024-01-28,N/A,P-04,1
T-16020,2024-03-11,,P-16,3
T-11360,10/02/2025,  Cena  ,P-12,2
T-15170,2024-09-10,N/A,P-04,4
T-13493,2025-10-18,Desayuno?,P-06,2
T-17814,2024-04-09,N/A,P-04,1
T-11782,2025-07-19,N/A,P-23,2
T-10279,2024-11-17,Comida,P-15,1
T-13879,2025-05-05,CENA,P-01,2
T-14176,2024-09-30,NULL,P-19,4
T-10189,04/01/2024,comida,P-10,4
T-14520,2024-07-10,CENA,P-16,3
T-16106,2025-01-08,  Cena  ,P-12,4
T-10358,07/04/2025,comida,P-02,3
T-17386,2024-06-05,Desayuno?,P-20,2
T-15047,2025-03-29,  Cena  ,P-13,1
T-13549,2024-03-25,,P-05,4
T-10233,2025-01-10,NULL,P-06,1
T-17349,07/08/2024,Cena,P-16,3
T-12897,2024-11-13,Comida,P-16,1
T-11471,2024-12-25,comida,P-01,1
T-12460,2025-03-11,  Cena  ,P-07,3
T-13524,2024-11-09,N/A,P-15,1
T-12977,02/06/2025,  Cena  ,P-13,2
T-17679,2025-05-15,  Cena  ,P-06,2
T-14843,2024-08-28,CENA,P-16,1
T-17000,2025-09-30,Comida,P-99,3
T-14976,2025-01-06,Cena,P-13,1
T-14578,2024-09-06,CENA,P-22,2
T-15017,2025-12-13,  Cena  ,P-05,3
T-14639,2025-11-07,Desayuno?,P-06,4
T-10887,2025-04-01,  Cena  ,P-25,3
T-11002,2024-01-06,N/A,P-01,1
T-10988,2025-06-20,NULL,P-14,3
T-12698,2024-05-08,Desayuno?,P-21,3
T-17062,2024-04-28,Comida,P-03,4
T-12012,2025-10-08,comida,P-01,2
T-12189,2024-06-09,NULL,P-06,4
T-16143,2025-09-28,  Cena  ,P-25,1
T-13541,27/07/2024,Comida,P-10,2
T-11162,2025-06-13,Comida,P-18,4
T-15366,2025-04-09,Comida,P-10,1
T-16371,2024-08-08,NULL,P-09,1
T-17057,2024-01-12,N/A,P-06,2
T-11532,2025-02-02,N/A,P-03,1
T-11361,2024-07-08,Comida,P-14,2
T-16644,2024-01-14,NULL,P-05,2
T-13330,2024-12-23,  Cena  ,P-04,4
T-11880,2025-09-04,Comida,P-20,4
T-10946,2025-01-20,CENA,P-06,3
T-12986,2024-12-02,Comida,P-09,3
T-13334,2025-10-21,Cena,P-18,2
T-17882,2024-10-27,comida,P-08,3
T-11589,2025-04-07,NULL,P-06,2
T-15214,2024-06-23,Comida,P-06,1
T-10529,2024-03-26,Comida,P-23,2
T-13790,2024-08-28,CENA,P-06,1
T-11841,2024-05-09,CENA,P-04,1
T-12830,2025-12-19,Desayuno?,P-23,4
T-14910,2024-07-22,  Cena  ,P-13,4
T-14878,2024-11-21,Desayuno?,P-16,3
T-13630,2025-09-17,comida,P-25,1
T-12463,2024-04-17,Cena,P-13,4
T-17589,2025-03-07,Comida,P-19,3
T-16298,2024-05-27,  Cena  ,P-07,2
T-10350,21/09/2024,,P-01,4
T-16754,2025-04-10,Cena,P-01,2
T-11569,2024-09-30,NULL,P-22,1
T-11881,2025-05-17,Cena,P-10,3
T-14435,2025-07-28,  Cena  ,P-09,3
T-11766,2024-12-31,CENA,P-06,2
T-13592,2025-04-07,CENA,P-22,2
T-16633,2024-05-22,  Cena  ,P-04,2
T-11390,2025-02-05,comida,P-10,2
T-10652,2025-04-25,N/A,P-08,1
T-13886,2025-10-26,CENA,P-04,2
T-11960,2025-06-25,CENA,P-23,2
T-16902,23/09/2024,NULL,P-06,1
T-15475,2024-11-08,Cena,P-07,3
T-11549,2024-10-22,Cena,P-24,4
T-12668,11/08/2024,N/A,P-09,4
T-13399,2025-10-27,NULL,P-15,3
T-12884,2025-07-17,  Cena  ,P-19,3
T-15350,2025-07-13,NULL,P-24,2
T-12873,2025-12-25,CENA,P-13,3
T-10128,2024-01-18,Desayuno?,P-07,1
T-11630,2024-06-19,comida,P-06,2
T-13227,2024-10-11,Cena,P-16,1
T-15144,2025-05-17,N/A,P-11,2
T-14087,2025-10-04,NULL,P-09,3
T-10432,2024-08-10,Comida,P-12,1
T-17617,2025-09-30,comida,P-04,2
T-12501,2024-10-07,NULL,P-19,4
T-15242,04/10/2025,  Cena  ,P-08,3
T-12366,2024-10-25,comida,P-25,4
T-16917,2025-07-24,CENA,P-17,4
T-13790,2025-10-08,Desayuno?,P-14,2
T-12301,2024-07-16,  Cena  ,P-08,3
T-14217,2024-10-04,comida,P-20,2
T-13572,2025-10-11,NULL,P-25,1
T-13278,2025-05-20,N/A,P-25,4
T-13019,2024-11-05,NULL,P-11,2
T-14196,2025-03-01,Cena,P-06,2
T-10512,2024-06-08,Cena,P-11,1
T-17380,2024-11-20,Cena,P-06,2
T-16585,2024-11-30,comida,P-08,3
T-10791,2025-09-17,NULL,P-11,2
T-17663,2024-11-01,  Cena  ,P-11,2
T-13490,2025-08-14,Comida,P-05,3
T-11333,2024-09-12,  Cena  ,P-06,4
T-16848,2024-08-28,comida,P-08,4
T-11319,2024-09-22,N/A,P-07,3
T-11894,2024-05-14,NULL,P-23,1
T-13443,2025-08-17,CENA,P-18,3
T-10116,2024-12-19,NULL,P-02,2
T-14324,2025-06-24,Desayuno?,P-01,1
T-10455,2025-03-08,CENA,P-25,2
T-14011,2024-07-30,Desayuno?,P-08,1
T-12832,2025-08-14,  Cena  ,P-17,4
T-12790,2025-07-12,  Cena  ,P-10,4
T-14250,2024-01-27,Cena,P-19,1
T-16533,2025-11-08,Desayuno?,P-17,3
T-16481,2024-11-24,Desayuno?,P-24,1
T-12000,2025-10-23,Comida,P-06,1
T-12534,2025-02-13,Comida,P-99,3
T-13340,2024-08-28,comida,P-19,1
T-15708,2025-07-26,CENA,P-10,3
T-17355,2024-09-28,Desayuno?,P-11,2
T-10646,2024-04-30,N/A,P-15,1
T-17125,2025-04-18,CENA,P-03,2
T-10105,2025-12-23,,P-07,3
T-10242,2024-03-09,  Cena  ,P-24,3
T-12036,2024-06-23,Cena,P-13,3
T-15842,2024-03-28,N/A,P-10,4
T-16007,2025-11-15,NULL,P-09,3
T-14699,2024-06-24,CENA,P-17,2
T-10622,2025-09-09,CENA,P-11,2
T-10597,2025-10-14,Comida,P-22,1
T-10505,2024-06-02,Comida,P-09,3
T-11533,2024-06-21,  Cena  ,P-11,2
T-10449,2025-02-12,  Cena  ,P-22,1
T-15617,2025-02-19,Comida,P-01,1
T-10488,2025-03-28,Comida,P-02,3
T-11382,2024-06-08,Desayuno?,P-21,2
T-10076,2024-09-25,Comida,P-02,3
T-11114,2024-11-10,N/A,P-04,-1
T-14526,2024-01-13,N/A,P-09,3
T-11393,2025-06-22,  Cena  ,P-02,2
T-15398,2024-01-01,CENA,P-99,1
T-13718,2024-03-13,N/A,P-99,4
T-15484,2025-02-17,Comida,P-24,2
T-15633,2024-08-18,Desayuno?,P-08,2
T-14397,2024-05-06,Desayuno?,P-19,1
T-12669,2025-01-26,  Cena  ,P-24,2
T-17173,2025-10-22,Desayuno?,P-10,1
T-17411,2025-08-28,Cena,P-04,2
T-11245,2024-04-27,NULL,P-22,4
T-10627,2025-01-13,Comida,P-24,4
T-13915,2024-11-04,  Cena  ,P-11,4
T-12230,2024-02-13,comida,P-16,4
T-17158,2025-05-20,CENA,P-19,1
T-15006,2025-12-16,Comida,P-01,4
T-11208,2024-08-24,Comida,P-04,4
T-14679,2025-06-12,NULL,P-18,1
T-12899,2024-04-08,N/A,P-23,3
T-17702,2025-05-19,Comida,P-15,4
T-16123,2025-01-20,Cena,P-13,2
T-10306,2025-10-14,Desayuno?,P-07,2
T-14943,2024-06-03,Desayuno?,P-02,1
T-11728,2025-07-25,CENA,P-06,3
T-10798,2025-05-24,Cena,P-19,2
T-14473,2025-07-08,Cena,P-22,1
T-17083,2024-08-03,Comida,P-15,1
T-16034,2025-06-06,comida,P-12,1
T-14615,2025-01-07,NULL,P-16,3
T-11423,2024-07-30,CENA,P-23,4
T-17090,2024-10-27,comida,P-20,1
T-10971,2024-12-26,Cena,P-08,2
T-17467,2024-05-10,Comida,P-05,3
T-12033,2024-08-14,NULL,P-10,1
T-16459,19/04/2024,  Cena  ,P-19,1
T-15034,2024-09-25,,P-06,3
T-17594,2025-07-29,Comida,P-19,4
T-13131,2024-09-09,comida,P-04,2
T-12328,2024-07-27,NULL,P-15,3
T-10130,2024-06-21,NULL,P-15,1
T-16494,2025-12-01,NULL,P-01,2
T-10332,2024-02-07,Cena,P-24,2
T-15031,2024-06-15,  Cena  ,P-09,1
T-17772,2024-03-25,NULL,P-14,4
T-11817,2025-06-23,CENA,P-21,4
T-12374,2025-05-05,comida,P-05,4
T-16366,19/09/2024,NULL,P-09,4
T-10904,17/07/2024,  Cena  ,P-11,1
T-14966,2024-07-09,Cena,P-09,4
T-17081,2025-06-06,comida,P-04,3
T-14974,2025-02-24,CENA,P-12,1
T-16766,2024-01-02,comida,P-07,4
T-12956,2025-04-16,Desayuno?,P-02,2
T-13786,16/03/2025,Comida,P-20,2
T-13879,2025-03-04,Desayuno?,P-10,3
T-16277,27/04/2025,  Cena  ,P-23,4
T-15614,2024-02-11,,P-24,3
T-11192,10/05/2024,NULL,P-21,3
T-17224,2025-05-14,Desayuno?,P-25,3
T-15936,2025-09-02,Desayuno?,P-12,4
T-13192,2025-08-16,Cena,P-07,4
T-15606,2025-09-23,N/A,P-24,4
T-11623,2025-06-15,CENA,P-04,4
T-12916,2024-04-17,CENA,P-24,1
T-11404,2024-02-25,NULL,P-22,4
T-16405,2024-06-20,NULL,P-14,3
T-15442,2025-06-06,comida,P-20,4
T-11359,2025-04-25,NULL,P-99,2
T-14848,2025-01-31,Desayuno?,P-06,1
T-11130,2024-07-26,Cena,P-07,4
T-16684,2025-02-10,  Cena  ,P-13,4
T-13477,2024-08-29,N/A,P-10,4
T-10214,2024-05-21,,P-18,1
T-17191,2024-08-04,Comida,P-23,4
T-17425,2024-07-11,N/A,P-14,2
T-14288,2025-08-04,comida,P-08,3
T-14722,2025-12-05,N/A,P-05,2
T-15835,2024-11-16,CENA,P-10,3
T-17588,2025-09-08,CENA,P-21,2
T-10675,2024-11-30,N/A,P-13,2
T-14386,2025-07-04,CENA,P-12,3
T-15394,2024-07-02,N/A,P-19,1
T-17831,2025-08-05,comida,P-19,1
T-11632,2025-01-08,N/A,P-07,3
T-14575,2025-06-01,N/A,P-18,4
T-15329,2025-09-06,Cena,P-05,2
T-11951,2024-08-16,Comida,P-21,3
T-15844,2024-02-22,CENA,P-23,1
T-16433,2024-08-22,CENA,P-03,1
T-12380,2025-02-06,NULL,P-15,3
T-14685,22/01/2025,Desayuno?,P-05,4
T-16116,2025-07-17,comida,P-23,3
T-15569,2025-02-17,Desayuno?,P-01,2
T-13777,2024-03-20,Cena,P-24,4
T-14398,2025-03-10,NULL,P-13,4
T-10866,2024-09-09,Desayuno?,P-20,2
T-16064,2024-02-24,Cena,P-19,1
T-10424,2024-01-31,  Cena  ,P-02,2
T-13307,2024-06-10,Comida,P-99,1
T-10008,2025-05-22,NULL,P-19,2
T-15146,2025-08-23,N/A,P-13,1
T-12501,2024-12-13,comida,P-12,4
T-15694,2025-09-12,comida,P-17,3
T-13481,2024-05-24,Comida,P-13,1
T-11516,2024-03-09,N/A,P-11,2
T-10569,2024-10-16,  Cena  ,P-03,4
T-10225,2024-08-21,NULL,P-10,-1
T-11892,2025-07-11,CENA,P-12,3
T-17442,17/12/2025,Cena,P-06,3
T-12828,2024-09-03,Comida,P-03,4
T-15432,06/01/2024,N/A,P-17,4
T-11070,2025-07-01,  Cena  ,P-24,1
T-15887,2024-06-05,NULL,P-08,4
T-14040,2025-05-27,Cena,P-05,2
T-12446,2024-12-21,NULL,P-15,1
T-12679,2024-11-21,Desayuno?,P-05,1
T-14679,2025-04-26,Cena,P-23,4
T-15689,2025-09-25,N/A,P-10,4
T-14514,2025-08-04,NULL,P-06,3
T-11906,2025-10-02,comida,P-18,4
T-14122,2024-05-26,Comida,P-12,2
T-17284,02/11/2024,N/A,P-07,1
T-10541,2025-09-21,Comida,P-07,3
T-17378,2024-06-22,CENA,P-01,4
T-17936,2024-10-04,NULL,P-06,1
T-17747,2025-02-08,Desayuno?,P-02,4
T-10337,2024-10-23,comida,P-06,3
T-11266,2024-10-26,Cena,P-11,2
T-13292,2025-06-23,  Cena  ,P-14,3
T-16087,2025-12-14,CENA,P-19,4
T-12006,2025-03-12,NULL,P-21,1
T-10565,2024-07-26,Desayuno?,P-08,3
T-17971,2025-01-19,Desayuno?,P-11,3
T-17859,2024-08-05,Desayuno?,P-14,3
T-17317,2025-05-21,Cena,P-01,4
T-11788,2024-09-08,CENA,P-14,1
T-11442,2025-10-01,Desayuno?,P-04,4
T-13201,2024-02-27,Desayuno?,P-16,1
T-17792,2025-04-19,N/A,P-24,1
T-11676,2025-12-30,  Cena  ,P-99,1
T-16622,2024-12-05,CENA,P-23,1
T-11191,2024-01-15,Comida,P-01,3
T-10247,2024-04-30,  Cena  ,P-24,2
T-12927,2024-04-05,Desayuno?,P-06,3
T-14667,2025-04-01,NULL,P-10,2
T-10576,2025-07-01,NULL,P-04,1
T-13210,2025-07-03,N/A,P-14,4
T-17328,2024-06-22,comida,P-14,1
T-12487,2025-05-22,Comida,P-17,4
T-14989,2024-09-10,  Cena  ,P-11,2
T-11384,02/08/2024,Comida,P-02,3
T-10285,2025-03-05,NULL,P-09,2
T-17299,2024-09-17,NULL,P-99,4
T-17374,2025-11-18,Desayuno?,P-22,3
T-17673,2024-08-17,  Cena  ,P-01,2
T-11300,2024-08-29,Desayuno?,P-19,4
T-13124,2024-01-01,  Cena  ,P-05,3
T-14385,2025-07-21,N/A,P-19,1
T-15148,2025-07-19,Cena,P-23,3
T-11343,2025-03-13,N/A,P-18,1
T-15863,2025-12-26,N/A,P-12,4
T-11290,2024-12-20,N/A,P-11,2
T-10914,2024-04-05,CENA,P-22,2
T-12921,2025-07-27,  Cena  ,P-15,4
T-10039,2024-03-12,CENA,P-08,3
T-11670,2025-01-16,comida,P-17,3
T-13747,2024-03-19,N/A,P-19,4
T-16140,2024-11-22,NULL,P-11,2
T-15691,2025-11-25,comida,P-07,2
T-13325,2025-04-09,  Cena  ,P-19,4
T-13815,2025-01-14,Comida,P-25,1
T-11288,2025-08-26,Cena,P-13,1
T-13526,2024-09-21,  Cena  ,P-02,3
T-10767,2025-02-25,Desayuno?,P-16,2
T-12574,2024-12-27,comida,P-03,1
T-11144,2024-04-29,Comida,P-21,4
T-15656,2024-04-07,  Cena  ,P-12,2
T-12389,2024-01-07,CENA,P-06,4
T-14716,2024-03-14,Comida,P-09,3
T-10418,2024-02-25,Cena,P-21,2
T-14836,2025-07-25,Desayuno?,P-12,3
T-11117,2025-06-12,CENA,P-22,1
T-15354,2024-11-20,Cena,P-15,1
T-16442,2024-12-06,Comida,P-14,4
T-11107,2024-08-17,Comida,P-05,2
T-16220,2025-06-20,Cena,P-13,4
T-17089,2025-07-08,NULL,P-02,4
T-12173,2025-01-10,comida,P-09,4
T-16488,2024-09-22,Comida,P-11,2
T-14043,2024-12-18,,P-20,1
T-12919,2024-02-11,Desayuno?,P-03,1
T-12913,25/06/2024,Cena,P-20,2
T-17530,2024-11-25,  Cena  ,P-12,4
T-10077,2024-10-19,comida,P-12,2
T-13423,2025-02-10,NULL,P-13,2
T-12712,2025-01-05,,P-11,2
T-12419,13/08/2025,NULL,P-01,1
T-16976,2024-12-06,Comida,P-22,3
T-17518,2025-02-25,Cena,P-24,3
T-13500,2024-01-17,CENA,P-25,2
T-15047,2025-04-19,  Cena  ,P-06,2
T-10691,2024-04-10,Desayuno?,P-13,4
T-16858,2025-10-16,Cena,P-20,3
T-10626,2024-11-23,N/A,P-13,2
T-13205,2025-03-01,  Cena  ,P-10,1
T-15650,2025-03-21,comida,P-21,4
T-16634,2025-07-09,N/A,P-18,1
T-15060,2024-06-27,N/A,P-06,1
T-15704,2024-01-07,comida,P-99,1
T-16680,2025-05-29,Desayuno?,P-13,2
T-13431,2024-01-12,CENA,P-20,2
T-17901,18/12/2025,CENA,P-21,3
T-15806,2025-08-19,,P-20,4
T-16253,2025-02-04,comida,P-24,2
T-12687,2024-04-23,CENA,P-09,1
T-15428,2024-03-22,Desayuno?,P-17,3
T-14226,2025-04-03,Desayuno?,P-18,4
T-15525,2024-01-23,comida,P-25,3
T-10285,2024-08-30,Desayuno?,P-08,4
T-17352,2024-06-08,comida,P-07,3
T-13753,2024-01-27,  Cena  ,P-25,2
T-13291,2024-08-03,  Cena  ,P-18,4
T-10659,2024-08-27,Comida,P-15,4
T-16803,2024-04-26,Desayuno?,P-20,3
T-15546,2024-11-24,Desayuno?,P-13,4
T-14588,2025-07-01,Comida,P-19,2
T-12514,2025-10-08,CENA,P-09,2
T-11249,2024-09-10,  Cena  ,P-11,3
T-12739,2025-08-17,comida,P-02,4
T-11124,2025-01-20,comida,P-01,1
T-14840,2024-02-23,Desayuno?,P-07,2
T-11708,2024-09-19,comida,P-05,2
T-16193,2024-07-03,,P-20,1
T-15303,2024-03-04,  Cena  ,P-20,1
T-11066,2024-09-09,,P-23,1
T-13387,2025-07-31,N/A,P-21,3
T-16951,2025-05-23,NULL,P-12,3
T-14012,2025-01-04,comida,P-01,2
T-17796,2025-04-11,Cena,P-16,1
T-10820,2024-01-17,Desayuno?,P-23,2
T-17735,2024-05-16,Comida,P-14,3
T-13354,2024-09-30,Cena,P-12,4
T-10813,2025-07-23,  Cena  ,P-07,4
T-11163,2024-12-14,NULL,P-09,2
T-11280,2024-03-11,comida,P-05,1
T-15200,2025-08-25,  Cena  ,P-10,1
T-17531,2025-10-10,CENA,P-17,1
T-14178,2025-09-17,Desayuno?,P-14,3
T-13820,02/02/2024,Cena,P-10,2
T-17829,2024-08-05,Cena,P-02,3
T-12170,2024-01-30,Desayuno?,P-02,1
T-14107,2024-01-06,Desayuno?,P-07,1
T-15143,2024-11-30,Comida,P-09,1
T-10526,28/11/2025,Comida,P-05,4
T-16027,2024-05-15,Cena,P-08,1
T-11210,2024-08-28,CENA,P-10,1
T-13545,04/08/2025,Desayuno?,P-08,1
T-14479,2025-08-16,Cena,P-01,3
T-10819,2024-01-11,CENA,P-01,2
T-15087,2025-11-14,Comida,P-23,3
T-11954,2024-04-09,Desayuno?,P-22,1
T-12516,2024-03-03,  Cena  ,P-18,4
T-14017,2024-12-04,CENA,P-06,1
T-14437,2024-05-31,N/A,P-09,1
T-15658,2025-07-31,Cena,P-15,4
T-11312,2025-03-02,N/A,P-25,1
T-13191,2025-09-15,NULL,P-16,2
T-15838,2024-04-28,N/A,P-07,2
T-13938,2024-04-09,N/A,P-22,1
T-13840,2024-08-02,,P-11,2
T-10229,2025-04-02,Comida,P-07,3
T-12255,2025-10-05,CENA,P-19,2
T-17808,2025-04-25,NULL,P-02,3
T-11709,2025-06-19,N/A,P-23,2
T-11609,2025-08-04,NULL,P-06,4
T-12877,2025-06-15,N/A,P-16,2
T-10120,2025-06-16,NULL,P-19,4
T-13262,2024-06-11,Comida,P-07,2
T-13660,2025-11-17,NULL,P-19,2
T-17076,2024-01-07,comida,P-13,3
T-17159,2024-12-23,CENA,P-12,4
T-12873,2024-12-06,Comida,P-15,1
T-14033,2025-12-17,N/A,P-11,1
T-10918,2024-05-25,CENA,P-11,2
T-15489,2025-12-30,NULL,P-09,3
T-17694,08/09/2024,CENA,P-17,1
T-14113,2024-07-19,CENA,P-13,2
T-11334,2025-02-12,N/A,P-04,2
T-14372,2024-05-08,CENA,P-10,1
T-13528,2024-01-05,Cena,P-07,4
T-12300,2025-06-22,Desayuno?,P-10,2
T-11375,2025-03-18,N/A,P-20,2
T-13583,2025-12-08,Comida,P-08,2
T-11028,2024-01-25,comida,P-09,3
T-14598,2024-01-12,N/A,P-03,3
T-13029,2024-06-08,Comida,P-20,4
T-17858,2025-04-06,NULL,P-07,2
T-14707,2024-04-19,Desayuno?,P-16,4
T-12531,2025-04-09,NULL,P-02,3
T-12889,2024-12-09,Comida,P-20,2
T-15376,2024-05-24,comida,P-03,2
T-11890,2025-11-24,Comida,P-11,2
T-13131,2025-03-17,Cena,P-13,2
T-16816,2024-07-08,N/A,P-17,4
T-11634,2025-07-22,Desayuno?,P-01,3
T-16858,2025-08-05,N/A,P-99,3
T-12405,2025-06-13,  Cena  ,P-17,1
T-14767,2024-04-11,Desayuno?,P-04,1
T-14038,2024-02-10,comida,P-18,2
T-17330,2025-03-10,CENA,P-23,2
T-17595,2024-07-26,N/A,P-15,2
T-12276,2024-07-20,Desayuno?,P-99,2
T-13524,2025-04-11,Comida,P-01,2
T-10006,2024-06-10,N/A,P-23,1
T-16134,2024-07-05,Cena,P-24,3
T-10375,16/05/2024,comida,P-22,4
T-12040,2025-10-17,comida,P-08,4
T-10782,2024-10-18,NULL,P-21,1
T-16474,2025-05-11,Comida,P-14,3
T-15570,2025-10-04,Comida,P-04,2
T-11847,2025-05-27,CENA,P-05,3
T-17864,2024-11-27,  Cena  ,P-14,1
T-13074,2025-04-22,Comida,P-23,1
T-14919,2024-09-29,CENA,P-21,2
T-12526,2025-01-25,N/A,P-05,1
T-13223,2024-10-13,,P-08,2
T-16424,2024-08-03,N/A,P-16,1
T-16825,2024-01-21,Desayuno?,P-04,1
T-15921,2025-08-25,Cena,P-08,3
T-11893,2024-08-01,Desayuno?,P-24,3
T-16049,2025-12-17,Cena,P-05,4
T-10640,2025-01-28,Desayuno?,P-16,1
T-10208,2025-03-26,,P-05,1
T-10898,2025-01-29,  Cena  ,P-19,3
T-15551,2024-01-19,Comida,P-14,3
T-12283,2024-04-27,Desayuno?,P-13,2
T-14680,2024-05-17,N/A,P-17,3
T-17080,2025-06-09,Desayuno?,P-11,2
T-12629,2025-04-06,NULL,P-04,3
T-16130,2024-03-15,Desayuno?,P-03,3
T-16041,2024-05-04,NULL,P-02,4
T-11210,2025-08-17,  Cena  ,P-23,3
T-13085,2025-04-21,CENA,P-12,3
T-17414,2025-08-10,Comida,P-22,3
T-15958,2025-01-01,Cena,P-17,4
T-17295,2024-09-23,comida,P-11,1
T-15856,2024-09-15,CENA,P-21,4
T-14455,11/06/2025,Comida,P-11,4
T-11891,2025-03-12,NULL,P-22,1
T-17751,2025-08-16,NULL,P-04,3
T-10559,2024-08-24,NULL,P-18,2
T-14172,2024-04-16,Comida,P-04,4
T-13498,2024-07-12,Desayuno?,P-17,3
T-13509,2024-05-25,N/A,P-99,3
T-10442,2025-08-21,comida,P-06,2
T-12394,2024-09-22,comida,P-11,3
T-15595,2025-04-18,CENA,P-03,1
T-12095,2024-09-06,Cena,P-04,4
T-10812,15/02/2024,CENA,P-07,2
T-12981,2025-03-20,Comida,P-16,1
T-14580,2025-10-22,CENA,P-21,2
T-16216,2025-10-17,CENA,P-99,2
T-10254,2025-02-12,CENA,P-06,2
T-14223,2024-01-17,comida,P-16,2
T-15588,2024-02-29,N/A,P-20,2
T-10868,2024-01-16,Desayuno?,P-16,4
T-12541,31/01/2025,NULL,P-11,3
T-14863,2025-02-07,Comida,P-19,2
T-14147,2024-07-01,comida,P-11,2
T-12186,2024-11-21,CENA,P-20,2
T-11807,2025-02-18,Comida,P-14,1
T-14582,2025-06-27,CENA,P-15,2
T-13701,2025-06-08,Cena,P-01,2
T-14739,2025-01-06,N/A,P-06,3
T-15668,2024-05-23,CENA,P-11,2
T-13706,2025-09-09,Comida,P-06,2
T-15178,2025-09-21,  Cena  ,P-21,1
T-16842,2025-03-05,NULL,P-18,1
T-17244,2025-12-31,comida,P-08,1
T-12439,2025-05-05,CENA,P-05,4
T-16547,2024-10-18,comida,P-07,4
T-10800,2024-06-07,Cena,P-10,3
T-12424,2025-02-05,N/A,P-24,2
T-10132,2025-01-21,Cena,P-23,1
T-10874,2024-04-04,Desayuno?,P-18,3
T-12265,2024-02-24,comida,P-24,3
T-11727,2024-12-21,  Cena  ,P-08,1
T-16435,2025-09-24,Desayuno?,P-19,1
T-15265,2025-01-20,NULL,P-19,4
T-11210,2025-05-28,  Cena  ,P-25,3
T-13320,2024-10-28,CENA,P-21,2
T-11831,2025-02-06,Desayuno?,P-12,1
T-16780,2024-05-18,N/A,P-05,4
T-10600,2024-04-07,Cena,P-14,3
T-12091,2024-05-16,  Cena  ,P-07,1
T-10451,2025-07-18,  Cena  ,P-21,2
T-10716,2024-03-01,Comida,P-09,3
T-15968,2025-09-24,  Cena  ,P-19,4
T-13787,2024-09-10,CENA,P-08,3
T-16862,20/09/2024,NULL,P-25,1
T-10351,2024-09-29,comida,P-04,4
T-13124,2025-11-20,Cena,P-05,-1
T-10847,27/04/2024,,P-19,1
T-17214,2025-08-13,Desayuno?,P-22,4
T-11133,2024-07-18,comida,P-10,4
T-11420,2024-09-08,comida,P-22,4
T-12855,2025-06-27,Comida,P-08,1
T-17371,2025-04-08,N/A,P-04,2
T-11287,2025-12-31,N/A,P-14,4
T-11538,2024-04-22,N/A,P-01,3
T-10410,2025-07-01,N/A,P-22,4
T-13147,2024-12-29,Comida,P-18,3
T-15851,2025-10-02,  Cena  ,P-10,1
T-12798,05/11/2024,Comida,P-13,1
T-16817,14/06/2025,comida,P-10,4
T-13188,2024-02-12,Comida,P-17,4
T-10182,2025-04-26,N/A,P-01,4
T-16228,2025-07-20,CENA,P-05,4
T-17803,2025-10-12,N/A,P-22,2
T-16844,2025-06-07,  Cena  ,P-11,3
T-12808,2025-01-03,NULL,P-16,3
T-10966,2024-04-08,Desayuno?,P-24,4
T-14758,2024-04-24,,P-09,1
T-10542,2024-12-10,N/A,P-07,2
T-16917,2025-09-19,Desayuno?,P-11,4
T-16706,2025-05-04,Comida,P-08,4
T-17484,2024-08-25,N/A,P-10,1
T-13248,2025-02-26,N/A,P-24,2
T-13362,2025-09-03,  Cena  ,P-04,4
T-13274,2024-04-23,comida,P-10,4
T-12519,2024-03-06,Comida,P-03,4
T-13828,2024-01-17,NULL,P-05,4
T-16934,2025-12-02,NULL,P-24,4
T-14354,2025-04-11,Desayuno?,P-12,4
T-17046,2024-12-25,comida,P-04,3
T-15627,2024-05-03,Cena,P-21,2
T-14620,01/02/2025,Comida,P-17,3
T-13823,2025-07-31,Comida,P-05,1
T-16134,2024-04-21,Cena,P-17,2
T-12914,2024-05-23,Cena,P-21,3
T-16220,2024-03-20,Cena,P-22,3
T-15486,2024-02-13,  Cena  ,P-17,2
T-11289,2025-07-19,Desayuno?,P-08,4
T-17951,2025-07-08,Desayuno?,P-13,1
T-12388,2025-07-09,,P-18,4
T-17471,2025-01-29,comida,P-14,1
T-13576,2025-05-22,CENA,P-22,1
T-16023,10/12/2025,Desayuno?,P-24,3
T-10772,2024-07-10,Cena,P-25,2
T-17135,2025-12-09,Comida,P-20,3
T-10590,2024-11-06,CENA,P-99,4
T-11977,2025-03-08,CENA,P-21,4
T-13838,2024-04-23,Cena,P-04,3
T-16266,2025-09-06,  Cena  ,P-08,1
T-17687,2025-05-31,  Cena  ,P-25,2
T-15006,2025-10-15,Comida,P-02,2
T-11755,2025-03-14,comida,P-10,4
T-10992,2024-10-22,Comida,P-16,3
T-16558,2025-09-28,comida,P-22,3
T-15308,2025-11-03,CENA,P-10,3
T-12723,2024-04-25,CENA,P-02,4
T-10464,2025-07-17,CENA,P-01,3
T-15591,2025-07-24,  Cena  ,P-07,3
T-17636,2025-10-26,comida,P-23,2
T-15629,2025-11-11,N/A,P-14,1
T-15393,2025-12-05,  Cena  ,P-02,1
T-17943,2025-01-07,,P-01,4
T-11451,28/09/2024,,P-24,1
T-14052,2025-11-14,comida,P-21,2
T-17679,2025-01-15,Desayuno?,P-02,1
T-14401,2025-01-21,Comida,P-24,1
T-13409,2025-03-28,N/A,P-12,1
T-10461,2025-12-18,Comida,P-16,4
T-15006,2025-12-10,NULL,P-02,3
T-13924,2025-11-13,CENA,P-06,3
T-16292,2024-10-15,,P-24,4
T-12076,2025-01-31,  Cena  ,P-07,3
T-12159,2025-12-13,  Cena  ,P-10,1
T-12057,2024-11-06,Desayuno?,P-21,4
T-17819,2024-10-23,  Cena  ,P-20,2
T-11136,2025-06-28,NULL,P-23,1
T-12341,2024-05-09,  Cena  ,P-17,1
T-16367,2025-01-19,Comida,P-21,4
T-14041,2024-04-21,  Cena  ,P-11,4
T-17425,2024-08-31,Comida,P-01,3
T-17005,2025-03-07,Cena,P-11,1
T-10031,2025-05-31,Comida,P-07,4
T-17704,2024-12-22,NULL,P-08,2
T-10079,2024-01-17,Desayuno?,P-15,2
T-14372,2025-04-07,N/A,P-25,1
T-10672,2024-11-25,NULL,P-04,-1
T-13882,2024-11-17,Desayuno?,P-22,1
T-12084,2024-04-03,Cena,P-08,2
T-16977,2025-04-04,N/A,P-18,4
T-16476,2024-05-06,comida,P-16,4
T-13490,2025-08-20,CENA,P-22,4
T-15338,2024-09-16,Desayuno?,P-16,4
T-15436,2025-03-29,  Cena  ,P-09,2
T-14803,2024-01-01,CENA,P-23,-1
T-16242,2024-08-08,CENA,P-18,4
T-14589,2024-03-14,NULL,P-24,3
T-14659,2025-04-03,comida,P-07,3
T-12006,2024-08-26,N/A,P-21,4
T-11904,2024-12-28,Cena,P-19,3
T-12383,04/12/2024,NULL,P-09,2
T-16461,2024-08-31,Desayuno?,P-11,2
T-13593,2024-12-14,Desayuno?,P-06,4
T-11102,2025-11-03,CENA,P-99,4
T-13789,2024-08-02,N/A,P-14,1
T-11370,2024-06-18,comida,P-17,1
T-17873,2024-06-12,,P-20,2
T-11366,2024-08-20,NULL,P-10,3
T-16067,2025-02-06,Cena,P-06,2
T-17482,2024-05-31,Desayuno?,P-17,4
T-17243,2025-01-10,Desayuno?,P-16,2
T-12689,02/01/2025,NULL,P-21,4
T-16738,2025-01-26,Cena,P-08,4
T-11667,2025-03-06,comida,P-19,1
T-15269,2025-07-26,Desayuno?,P-05,3
T-13815,2024-05-14,NULL,P-21,4
T-13112,2024-07-16,Cena,P-23,4
T-16553,2024-08-14,comida,P-08,1
T-12926,07/03/2025,Comida,P-99,4
T-12394,2025-05-16,N/A,P-21,1
T-15773,2024-06-03,comida,P-14,3
T-12390,2025-03-11,Comida,P-99,3
T-16455,2024-04-28,Comida,P-17,3
T-12932,16/12/2024,Cena,P-20,3
T-15839,2024-01-12,CENA,P-06,1
T-11416,2024-11-10,  Cena  ,P-22,1
T-16770,2025-08-09,,P-05,2
T-14585,2024-07-20,comida,P-02,4
T-17348,2025-04-12,NULL,P-25,4
T-17322,01/01/2025,,P-13,3
T-15503,2024-03-20,Desayuno?,P-04,2
T-13374,2024-08-05,Desayuno?,P-23,4
T-14173,2025-01-31,  Cena  ,P-12,3
T-13042,2025-04-17,Comida,P-99,4
T-12984,2024-05-27,Desayuno?,P-13,4
T-11597,10/10/2025,Cena,P-25,1
T-14296,2024-03-22,N/A,P-05,2
T-11989,2025-07-19,N/A,P-11,4
T-15074,2025-10-07,CENA,P-20,3
T-14646,2024-04-11,Cena,P-18,4
T-13378,2024-03-25,Desayuno?,P-18,2
T-13897,2024-08-28,NULL,P-06,2
T-15959,2025-06-27,Cena,P-01,2
T-16927,2024-07-08,Comida,P-06,3
T-11344,2025-07-22,Comida,P-18,4
T-16807,2024-07-27,NULL,P-12,1
T-11437,2024-07-13,Comida,P-21,4
T-15247,2024-12-03,  Cena  ,P-02,4
T-17497,2024-09-11,NULL,P-12,2
T-17981,2025-12-26,Cena,P-04,4
T-11207,2025-12-17,  Cena  ,P-14,3
T-13822,2024-12-09,N/A,P-16,3
T-11601,2025-11-23,NULL,P-19,1
T-15837,2024-04-13,NULL,P-07,2
T-17608,07/07/2024,comida,P-08,4
T-14588,2025-04-16,Cena,P-15,4
T-12257,2025-02-18,Desayuno?,P-19,4
T-11992,2025-12-05,Desayuno?,P-07,4
T-11819,2025-09-26,Desayuno?,P-16,4
T-15408,2025-02-15,Cena,P-23,4
T-17937,2025-03-16,CENA,P-22,2
T-12078,2025-10-13,CENA,P-07,1
T-11246,2025-05-11,NULL,P-25,4
T-14941,2024-05-25,,P-20,1
T-11151,2024-09-28,  Cena  ,P-23,1
T-10069,2024-06-22,Cena,P-19,2
T-14238,2024-11-16,Comida,P-13,4
T-15288,2024-11-03,  Cena  ,P-12,3
T-12623,2024-05-03,  Cena  ,P-12,4
T-14250,2025-03-27,Desayuno?,P-02,2
T-14892,2024-07-06,Cena,P-04,1
T-12234,2025-08-17,CENA,P-23,-1
T-16143,2024-07-18,Cena,P-10,4
T-17440,2024-08-26,Desayuno?,P-17,2
T-17125,2025-08-17,comida,P-24,3
T-11594,2024-02-11,CENA,P-02,2
T-16187,2024-10-24,  Cena  ,P-16,3
T-11700,2024-05-19,  Cena  ,P-14,3
T-16121,2025-04-24,NULL,P-03,4
T-17568,2025-03-29,  Cena  ,P-16,4
T-10299,2025-07-06,Desayuno?,P-25,2
T-11229,22/05/2025,,P-19,2
T-13463,2025-05-11,comida,P-24,4
T-12137,2025-10-16,N/A,P-25,3
T-11448,2024-04-26,Desayuno?,P-24,2
T-17580,2025-10-10,comida,P-23,4
T-11892,2025-03-27,comida,P-10,1
T-16656,2025-11-27,NULL,P-14,3
T-11364,2025-03-14,  Cena  ,P-25,3
T-11382,2024-10-20,Comida,P-01,3
T-14282,2025-04-05,Comida,P-21,1
T-14887,2025-04-30,Desayuno?,P-03,3
T-16391,2024-05-18,,P-06,1
T-13906,2025-06-04,CENA,P-24,4
T-17785,18/11/2025,Comida,P-07,4
T-16171,2025-02-06,Cena,P-22,1
T-10179,2025-12-24,Desayuno?,P-11,4
T-16368,2024-05-11,N/A,P-08,1
T-12201,2024-05-29,,P-05,1
T-15197,2024-06-30,  Cena  ,P-09,4
T-13621,2024-10-06,NULL,P-01,1
T-13613,2025-10-29,NULL,P-10,1
T-14648,2025-09-16,N/A,P-08,1
T-14750,2025-10-01,CENA,P-09,1
T-11621,2025-12-05,NULL,P-24,2
T-17109,2024-10-18,,P-25,2
T-11692,2025-05-12,Comida,P-09,3
T-16120,2025-09-11,  Cena  ,P-12,2
T-17969,2025-03-18,,P-07,2
T-10829,2025-05-06,NULL,P-21,3
T-11042,2025-01-06,Cena,P-18,1
T-10267,2025-05-05,Cena,P-12,2
T-10083,2024-02-24,N/A,P-17,4
T-13275,2025-08-16,comida,P-24,3
T-11197,2025-03-15,N/A,P-21,2
T-17848,2025-11-08,CENA,P-19,4
T-17042,2024-04-12,NULL,P-11,2
T-12221,2024-02-06,comida,P-04,2
T-15821,2024-03-12,  Cena  ,P-22,4
T-15831,2025-04-10,  Cena  ,P-12,4
T-13581,19/02/2024,comida,P-22,3
T-16305,2025-03-05,Comida,P-24,4
T-13370,2025-10-18,NULL,P-16,1
T-15336,2025-12-26,Desayuno?,P-10,3
T-13643,2025-03-15,,P-04,4
T-16903,2025-06-20,N/A,P-12,4
T-10432,2024-01-31,N/A,P-16,3
T-16559,2024-07-30,NULL,P-09,3
T-12308,2024-07-28,  Cena  ,P-01,2
T-17372,2024-09-04,Desayuno?,P-14,3
T-10778,2025-08-08,NULL,P-22,1
T-15409,2024-02-19,N/A,P-05,3
T-10422,2025-12-10,N/A,P-08,4
T-15952,2025-10-13,  Cena  ,P-16,3
T-12555,12/02/2024,N/A,P-02,3
T-10515,2025-11-10,NULL,P-13,4
T-13610,2025-01-21,Desayuno?,P-25,4
T-10005,04/10/2024,CENA,P-13,3
T-12433,2024-06-13,NULL,P-15,4
T-11150,2025-01-16,N/A,P-99,3
T-14327,2024-10-06,comida,P-04,2
T-17073,2024-03-22,CENA,P-19,2
T-15025,2024-06-24,Comida,P-09,4
T-15236,2024-03-07,CENA,P-03,1
T-11405,2025-12-17,Cena,P-25,4
T-16661,2025-03-22,,P-17,2
T-12158,2025-02-28,NULL,P-01,4
T-17534,2024-10-14,  Cena  ,P-15,2
T-15926,2025-05-27,Desayuno?,P-14,1
T-15102,2024-08-14,Desayuno?,P-08,4
T-11019,2025-12-21,NULL,P-01,2
T-15105,15/02/2025,Desayuno?,P-21,2
T-10354,2025-12-04,N/A,P-13,2
T-16403,2024-02-18,CENA,P-24,2
T-12762,2024-05-08,,P-19,2
T-10266,2024-10-29,Cena,P-18,1
T-15498,2024-07-10,,P-04,1
T-13555,2024-04-03,,P-24,4
T-12951,2025-10-24,Desayuno?,P-08,2
T-14321,2024-02-02,NULL,P-07,1
T-15654,2025-10-03,CENA,P-01,1
T-11019,2024-04-29,Desayuno?,P-18,4
T-13632,2024-02-08,comida,P-04,4
T-12213,2024-11-21,comida,P-13,4
T-11046,2025-03-24,Comida,P-06,1
T-17788,2025-07-03,  Cena  ,P-24,3
T-14170,2025-05-26,,P-20,1
T-15625,2024-04-23,Comida,P-03,2
T-13367,2025-07-10,Cena,P-21,4
T-10967,2025-02-02,CENA,P-01,2
T-12996,2024-01-04,comida,P-16,1
T-11545,2024-10-10,Comida,P-11,4
T-13426,2025-07-01,Desayuno?,P-19,4
T-10220,2024-05-23,Cena,P-15,2
T-11781,2025-11-01,  Cena  ,P-06,2
T-17753,2025-10-23,CENA,P-20,4
T-13229,2025-12-21,comida,P-04,3
T-15224,2024-07-30,  Cena  ,P-18,4
T-11532,2025-03-09,NULL,P-07,1
T-15729,2024-10-11,N/A,P-04,4
T-14408,2025-01-04,Cena,P-07,2
T-10421,2025-09-10,NULL,P-14,2
T-17354,2025-08-17,CENA,P-22,3
T-10977,2024-08-06,Comida,P-20,3
T-11389,2024-07-07,Desayuno?,P-14,1
T-13675,2024-07-07,Desayuno?,P-99,4
T-16975,2025-08-30,Desayuno?,P-24,2
T-15653,2024-07-06,Cena,P-18,1
T-11333,2024-12-17,comida,P-13,3
T-12311,2024-04-19,,P-22,4
T-10873,2025-10-10,Cena,P-04,-1
T-10945,2024-09-18,Cena,P-24,4
T-11210,2024-05-07,Desayuno?,P-03,3
T-12239,2024-11-14,Comida,P-15,3
T-16236,2024-08-02,comida,P-21,1
T-10226,2025-03-15,Cena,P-18,4
T-13427,2024-06-26,Cena,P-05,1
T-10695,2025-07-07,NULL,P-99,1
T-14029,2024-09-04,comida,P-10,3
T-15109,2024-07-31,comida,P-20,2
T-13839,2025-08-11,Cena,P-09,4
T-16181,2024-11-13,CENA,P-11,2
T-11830,2025-03-23,N/A,P-05,1
T-15031,2024-03-31,CENA,P-05,2
T-10614,2025-10-07,Comida,P-24,4
T-11189,10/11/2024,  Cena  ,P-12,4
T-11711,2024-10-17,  Cena  ,P-16,1
T-11245,2024-12-14,CENA,P-01,3
T-11577,2024-09-17,Comida,P-01,2
T-11474,2025-10-13,Comida,P-99,3
T-13045,2025-08-17,NULL,P-20,3
T-12690,2024-02-24,Desayuno?,P-15,1
T-10044,2025-04-20,  Cena  ,P-25,4
T-11629,2024-03-26,N/A,P-20,1
T-14238,05/02/2024,N/A,P-17,3
T-12585,2025-09-28,  Cena  ,P-10,1
T-11878,2024-08-11,,P-25,3
T-10353,2025-03-11,comida,P-17,-1
T-15917,2025-03-10,Desayuno?,P-19,2
T-17209,2025-08-02,Desayuno?,P-12,1
T-11484,2025-05-08,comida,P-17,2
T-17682,31/10/2024,Comida,P-10,4
T-14358,2024-03-11,comida,P-03,1
T-17403,2024-07-19,,P-06,3
T-14778,2024-08-29,Desayuno?,P-10,2
T-17355,13/11/2025,  Cena  ,P-04,1
T-14311,2024-06-19,  Cena  ,P-20,1
T-17300,2024-04-08,N/A,P-19,1
T-14682,2024-12-31,Desayuno?,P-02,1
T-10513,2024-04-16,Desayuno?,P-09,1
T-17595,2024-12-18,Desayuno?,P-05,1
T-11916,2025-04-22,N/A,P-12,1
T-16798,2025-07-13,CENA,P-14,1
T-12928,2024-06-17,CENA,P-21,-1
T-11016,2024-11-15,CENA,P-09,3
T-12930,2024-01-25,N/A,P-11,1
T-15008,2025-01-20,Desayuno?,P-11,1
T-11200,2024-03-30,Desayuno?,P-03,1
T-11243,2025-10-07,Cena,P-02,2
T-10348,2025-11-12,  Cena  ,P-13,4
T-13183,2025-05-31,comida,P-10,4
T-12100,2024-06-10,N/A,P-10,2
T-11795,2024-10-28,comida,P-05,1
T-12921,31/10/2024,  Cena  ,P-25,2
T-16347,2024-03-02,N/A,P-13,1
T-15830,2025-06-27,CENA,P-12,4
T-12119,2025-12-09,Desayuno?,P-02,2
T-11389,2024-07-15,NULL,P-11,4
T-12009,2024-09-12,comida,P-09,2
T-12810,2025-02-28,N/A,P-08,4
T-10601,2025-01-22,NULL,P-06,2
T-10908,2024-08-23,  Cena  ,P-05,3
T-15591,2025-11-21,Desayuno?,P-16,2
T-10991,2025-01-30,  Cena  ,P-12,3
T-16941,2025-02-27,NULL,P-06,2
T-14911,2025-10-28,Cena,P-04,1
T-13268,2024-05-20,Desayuno?,P-11,3
T-10530,2024-06-28,Comida,P-04,3
T-13069,2024-03-10,Desayuno?,P-11,4
T-15924,2025-01-03,Desayuno?,P-09,1
T-12867,2025-09-12,CENA,P-04,2
T-11921,2024-10-29,NULL,P-24,3
T-17712,2024-02-27,  Cena  ,P-20,4
T-10350,2024-11-11,,P-10,4
T-10812,2025-02-21,NULL,P-25,1
T-12675,2025-08-30,N/A,P-10,4
T-17653,2025-10-17,Comida,P-25,1
T-10532,2025-12-18,Cena,P-25,3
T-14889,2024-11-05,  Cena  ,P-11,3
T-14894,2024-10-15,Desayuno?,P-14,3
T-13117,2024-10-24,  Cena  ,P-09,2
T-15221,2025-08-09,CENA,P-06,2
T-16729,2025-05-21,Desayuno?,P-21,1
T-15133,2025-07-09,Desayuno?,P-19,3
T-17631,2025-10-01,N/A,P-19,1
T-14580,2024-09-21,NULL,P-18,1
T-13133,2024-12-16,  Cena  ,P-25,4
T-10573,28/01/2025,comida,P-23,1
T-10890,2024-07-13,CENA,P-01,1
T-12840,2024-09-14,comida,P-08,3
T-10554,2024-10-21,Cena,P-14,3
T-16858,2025-09-23,NULL,P-22,2
T-12190,17/05/2025,N/A,P-99,3
T-10097,2024-09-05,  Cena  ,P-21,4
T-16751,2024-11-03,  Cena  ,P-07,3
T-10430,2025-10-26,comida,P-20,3
T-14039,2024-06-29,,P-08,2
T-15270,2025-08-10,Desayuno?,P-18,-1
T-14283,2024-05-30,Cena,P-02,1
T-14103,2024-12-21,CENA,P-21,4
T-10109,2025-09-13,N/A,P-13,4
T-14474,2025-10-25,comida,P-08,2
T-10037,2024-07-27,Comida,P-07,1
T-13126,2025-05-11,CENA,P-22,2
T-16484,2024-02-17,Cena,P-02,2
T-12792,2024-09-22,Comida,P-20,3
T-15224,2025-05-06,Cena,P-18,2
T-11672,2024-05-19,Desayuno?,P-16,1
T-12029,2025-08-09,NULL,P-03,4
T-13025,2025-05-10,Comida,P-10,4
T-16642,2025-11-16,Comida,P-24,4
T-13874,2025-10-20,Cena,P-10,2
T-16495,19/08/2024,Desayuno?,P-25,3
T-16569,2025-03-21,Cena,P-21,3
T-12526,2024-01-10,Cena,P-24,4
T-11558,2025-10-02,NULL,P-07,2
T-14820,2025-01-21,N/A,P-15,2
T-14840,2024-09-30,NULL,P-14,1
T-13096,2024-12-24,Cena,P-23,3
T-16863,2025-06-10,CENA,P-23,1
T-14688,11/04/2025,NULL,P-13,2
T-15218,03/07/2025,CENA,P-04,4
T-11680,2024-11-12,Cena,P-05,4
T-17556,2025-12-15,NULL,P-12,3
T-13525,2025-02-21,Comida,P-25,4
T-17200,2025-01-21,NULL,P-25,2
T-12256,2024-02-11,Desayuno?,P-13,4
T-15740,2024-06-12,Cena,P-13,4
T-12371,2025-09-29,Cena,P-18,1
T-15676,2024-02-02,Cena,P-15,3
T-17087,2025-01-24,Desayuno?,P-23,4
T-15518,2024-08-20,CENA,P-14,4
T-14347,2025-09-27,Desayuno?,P-06,2
T-17407,2025-06-20,Comida,P-06,3
T-11304,19/04/2024,Comida,P-22,2
T-12362,2025-11-28,Comida,P-08,1
T-14619,2024-06-23,Desayuno?,P-20,2
T-13881,2025-06-27,comida,P-06,3
T-10174,2024-02-07,Comida,P-05,3
T-17636,2025-05-04,comida,P-08,-1
T-15768,2024-11-26,Desayuno?,P-09,4
T-16602,2025-03-28,Cena,P-20,2
T-14906,2025-06-29,NULL,P-24,4
T-14940,2025-05-18,  Cena  ,P-02,3
T-11531,2024-11-08,  Cena  ,P-05,3
T-17411,2024-03-25,Comida,P-22,2
T-14975,2025-01-11,NULL,P-25,1
T-16572,2024-12-17,comida,P-11,3
T-14588,2025-08-13,Desayuno?,P-14,1
T-17627,2025-12-31,N/A,P-04,2
T-10933,2024-11-29,Comida,P-14,4
T-17407,2025-07-05,NULL,P-09,4
T-15732,2025-01-30,CENA,P-06,1
T-10491,2025-02-20,Desayuno?,P-06,4
T-14951,2024-09-03,N/A,P-11,4
T-16880,2024-06-25,N/A,P-25,2
T-17422,2025-01-21,NULL,P-20,1
T-12255,2024-05-15,Cena,P-14,3
T-13297,2025-10-26,  Cena  ,P-04,4
T-14181,2024-01-01,CENA,P-07,1
T-10183,2025-02-20,Desayuno?,P-10,3
T-11408,2024-02-23,Cena,P-06,3
T-16584,2025-05-06,comida,P-04,2
T-15393,2025-01-03,comida,P-09,4
T-16989,2025-05-14,N/A,P-04,2
T-12372,2025-09-16,NULL,P-99,1
T-16705,2025-01-07,Comida,P-13,1
T-17901,2024-01-16,Desayuno?,P-12,4
T-10027,2024-05-05,comida,P-19,1
T-13066,2024-11-15,  Cena  ,P-03,3
T-13491,2024-09-13,CENA,P-14,1
T-11088,2024-03-17,comida,P-05,1
T-15634,2024-07-06,comida,P-08,1
T-10554,2024-03-11,Comida,P-18,1
T-10419,2024-09-06,comida,P-25,2
T-14053,2024-03-30,Cena,P-01,1
T-11959,2025-08-09,Cena,P-01,4
T-16220,2024-11-27,NULL,P-12,1
T-17035,2025-01-12,comida,P-20,1
T-15041,2025-07-09,Comida,P-02,4
T-10256,2025-08-26,Comida,P-06,2
T-16794,2025-09-06,  Cena  ,P-25,1
T-17078,2024-01-25,Cena,P-21,4
T-16838,2024-04-23,CENA,P-20,3
T-12895,2024-06-16,Comida,P-06,2
T-16452,2025-11-02,  Cena  ,P-04,3
T-17587,2024-11-01,CENA,P-03,2
T-10828,2025-10-07,CENA,P-23,2
T-15216,2025-08-17,CENA,P-01,3
T-10408,2025-07-06,NULL,P-05,4
T-14520,2024-03-06,Desayuno?,P-10,1
T-17161,2025-04-28,N/A,P-05,4
T-16316,2025-05-04,  Cena  ,P-09,1
T-15221,2024-11-29,N/A,P-10,3
T-15605,2024-02-23,Desayuno?,P-17,4
T-16021,20/06/2025,NULL,P-18,4
T-12176,2025-08-11,comida,P-04,2
T-12933,2025-08-04,comida,P-05,3
T-12503,2025-11-13,Cena,P-12,3
T-13160,2025-12-27,Cena,P-06,4
T-11687,2025-07-06,comida,P-07,1
T-14305,2025-01-25,CENA,P-08,1
T-17882,2024-02-10,NULL,P-21,2
T-10667,2025-01-31,Cena,P-03,2
T-10722,2025-01-27,comida,P-01,1
T-15948,2025-06-26,Desayuno?,P-11,1
T-12908,2025-01-02,CENA,P-99,4
T-13077,2024-05-06,N/A,P-06,1
T-14737,2025-06-26,CENA,P-18,1
T-12708,2025-08-24,NULL,P-25,4
T-10232,2025-12-14,CENA,P-23,4
T-14882,2024-07-06,Desayuno?,P-05,1
T-11194,2025-10-06,Cena,P-10,2
T-15549,2024-01-07,CENA,P-16,3
T-15702,2024-07-17,comida,P-23,3
T-16535,2025-08-12,comida,P-01,1
T-14773,2025-12-24,Cena,P-20,4
T-14941,2024-01-03,  Cena  ,P-09,2
T-10246,2025-09-21,Comida,P-01,4
T-12009,2025-11-02,comida,P-04,3
T-10991,2024-05-08,comida,P-10,3
T-12800,2024-06-30,Comida,P-24,2
T-17491,2024-05-17,N/A,P-21,1
T-12709,2025-05-05,NULL,P-20,2
T-14148,2025-11-09,Cena,P-23,2
T-14113,2024-07-12,comida,P-14,1
T-12485,2024-01-21,  Cena  ,P-12,2
T-16889,2024-11-12,NULL,P-13,1
T-11564,2025-10-09,Comida,P-19,1
T-16334,2024-04-27,NULL,P-14,1
T-12712,2024-10-08,Desayuno?,P-21,4
T-16286,2025-11-26,NULL,P-22,1
T-13058,2025-04-27,NULL,P-19,3
T-16628,2025-04-26,  Cena  ,P-07,2
T-10380,2025-09-04,CENA,P-03,2
T-10885,2024-10-12,,P-03,1
T-12571,2024-03-14,NULL,P-22,3
T-13261,2025-05-02,comida,P-15,2
T-15817,2024-08-07,N/A,P-23,4
T-11764,2025-09-11,N/A,P-22,1
T-15320,2024-12-08,NULL,P-15,3
T-12499,2025-10-09,Cena,P-18,1
T-11485,2024-09-01,CENA,P-04,3
T-14523,2025-11-13,Desayuno?,P-15,2
T-12147,22/11/2024,Comida,P-17,1
T-11566,2024-10-29,comida,P-14,4
T-14246,2024-06-10,Cena,P-13,2
T-10828,2025-06-10,Cena,P-25,4
T-16362,2025-11-20,N/A,P-18,4
T-15947,2025-11-26,CENA,P-24,3
T-16349,2024-04-05,Cena,P-11,1
T-11255,2025-09-08,comida,P-12,3
T-15557,2024-02-18,NULL,P-02,1
T-14319,2025-08-18,comida,P-02,1
T-12172,2025-01-15,Cena,P-04,1
T-10719,2024-08-07,Comida,P-02,3
T-12883,06/09/2024,Desayuno?,P-25,2
T-12821,2025-05-01,Desayuno?,P-21,2
T-14495,2024-06-15,comida,P-20,4
T-11403,2025-10-21,Desayuno?,P-22,3
T-16173,2024-05-04,N/A,P-17,4
T-12593,2025-10-19,NULL,P-20,1
T-14214,2025-03-22,  Cena  ,P-20,2
T-11287,2024-10-22,N/A,P-13,2
T-17331,2024-02-22,Cena,P-19,1
T-11211,2024-12-28,Desayuno?,P-25,4
T-15455,2025-08-26,Desayuno?,P-06,2
T-17633,2025-01-29,N/A,P-99,2
T-12192,2024-03-07,comida,P-21,2
T-10784,2025-06-29,Desayuno?,P-22,4
T-12505,2024-01-10,NULL,P-17,4
T-16929,2024-12-19,Comida,P-21,2
T-17940,2025-05-29,Cena,P-19,2
T-17744,2025-02-10,NULL,P-20,2
T-13366,2025-03-25,CENA,P-17,3
T-16644,2025-05-23,NULL,P-21,2
T-15775,2024-12-26,  Cena  ,P-18,4
T-16958,2024-07-06,Comida,P-25,4
T-15845,2025-09-21,  Cena  ,P-04,2
T-12714,2024-06-02,NULL,P-09,3
T-13779,2025-05-31,Comida,P-18,2
T-14498,2025-07-03,N/A,P-05,2
T-14001,2024-09-04,N/A,P-24,4
T-12610,2024-04-14,comida,P-21,4
T-14443,2024-09-05,comida,P-16,3
T-10727,2025-06-11,CENA,P-22,2
T-15146,2025-09-19,  Cena  ,P-02,3
T-12894,2024-04-17,CENA,P-03,2
T-11348,2024-06-27,N/A,P-24,2
T-15506,2025-11-04,N/A,P-16,4
T-14016,2024-05-21,N/A,P-20,2
T-13791,2025-09-13,Cena,P-16,3
T-13702,2024-09-29,Cena,P-18,3
T-15205,2024-07-28,comida,P-20,3
T-16439,2024-09-11,comida,P-06,3
T-14974,2025-10-02,  Cena  ,P-09,1
T-11685,2025-01-24,N/A,P-19,4
T-15908,2024-09-07,comida,P-15,1
T-16479,2024-05-18,comida,P-10,1
T-10705,2025-11-06,Comida,P-20,-1
T-15276,2025-04-16,  Cena  ,P-11,3
T-17623,2025-05-12,CENA,P-23,4
T-13744,2025-07-29,CENA,P-23,3
T-17178,2024-08-14,  Cena  ,P-22,2
T-11629,2025-02-26,comida,P-10,3
T-12805,2025-01-16,N/A,P-10,3
T-17389,2025-08-29,Cena,P-10,1
T-12143,2024-05-10,CENA,P-12,4
T-10948,2025-03-18,NULL,P-15,4
T-12900,2024-07-03,CENA,P-13,1
T-12739,2024-05-20,Cena,P-08,1
T-14490,2024-06-21,Comida,P-19,4
T-13200,2024-04-08,CENA,P-11,1
T-12609,2025-09-12,  Cena  ,P-19,1
T-17744,2025-01-30,Cena,P-19,1
T-12429,2025-06-04,Cena,P-16,3
T-12912,2024-03-11,,P-14,3
T-11615,2024-09-06,Cena,P-04,1
T-12530,2024-05-26,N/A,P-13,1
T-10213,2024-06-25,N/A,P-17,1
T-15978,2024-10-04,Comida,P-08,1
T-16809,2024-05-06,Comida,P-16,3
T-12677,2024-07-25,NULL,P-06,2
T-12019,2024-07-25,Cena,P-16,2
T-16578,2025-12-03,comida,P-24,4
T-10087,2024-03-24,Cena,P-09,1
T-17421,2025-04-16,NULL,P-10,1
T-11819,2025-02-06,comida,P-16,4
T-17505,2024-01-06,Cena,P-11,4
T-15368,2024-01-29,  Cena  ,P-17,4
T-12347,2024-09-24,Cena,P-06,1
T-16323,2025-03-31,Desayuno?,P-12,1
T-12262,2025-07-22,  Cena  ,P-18,2
T-17241,2025-11-24,N/A,P-09,4
T-10993,2024-01-11,comida,P-22,2
T-10741,2024-01-15,NULL,P-23,2
T-15917,2025-06-12,Cena,P-13,4
T-10183,2024-12-19,NULL,P-19,3
T-10538,2025-07-18,comida,P-07,1
T-12746,2025-03-25,NULL,P-11,1
T-13730,2024-01-16,Desayuno?,P-05,3
T-13129,2024-08-17,CENA,P-02,4
T-16968,2025-06-21,Comida,P-06,1
T-12541,2025-08-01,Cena,P-20,4
T-16830,2025-07-27,NULL,P-14,2
T-12582,2025-08-29,Desayuno?,P-10,2
T-13830,2025-04-12,N/A,P-15,1
T-12905,2024-11-01,  Cena  ,P-09,1
T-12761,2025-11-03,Comida,P-12,3
T-13188,2024-04-10,Comida,P-05,4
T-11726,2025-11-29,CENA,P-08,3
T-14660,2024-02-27,N/A,P-12,2
T-16994,2024-08-16,Cena,P-16,2
T-12911,2024-01-24,Comida,P-20,4
T-10280,2024-05-10,CENA,P-10,1
T-15902,2024-09-17,  Cena  ,P-23,4
T-11567,2024-07-01,Desayuno?,P-10,3
T-16348,2025-06-25,,P-99,1
T-14473,2025-09-24,comida,P-14,-1
T-16671,2024-12-07,NULL,P-22,4
T-12894,2024-03-07,  Cena  ,P-19,3
T-16816,2025-03-15,CENA,P-17,1
T-15700,2025-07-23,  Cena  ,P-09,2
T-12138,2024-02-11,Desayuno?,P-99,1
T-15508,2025-12-28,  Cena  ,P-17,1
T-14301,2024-02-10,  Cena  ,P-16,-1
T-10212,2024-02-25,,P-03,3
T-16133,2025-01-30,  Cena  ,P-20,1
T-11765,2024-12-30,CENA,P-11,4
T-10810,2024-10-05,NULL,P-20,2
T-14815,2024-07-31,Desayuno?,P-22,4
T-11478,26/04/2025,Cena,P-04,3
T-14882,2025-09-12,Cena,P-01,3
T-15432,2024-10-12,CENA,P-09,3
T-13964,2024-02-18,N/A,P-03,1
T-13246,2025-07-11,CENA,P-25,3
T-10702,2024-11-27,NULL,P-16,1
T-16347,2025-11-28,N/A,P-20,3
T-15116,2024-03-05,Cena,P-17,2
T-11763,2025-10-09,  Cena  ,P-10,3
T-11368,2024-01-22,Comida,P-20,3
T-15158,2025-04-29,Desayuno?,P-25,1
T-15670,2024-05-10,N/A,P-08,4
T-12880,2024-04-05,NULL,P-23,3
T-10759,2025-11-30,Cena,P-06,3
T-13719,2025-11-27,comida,P-09,3
T-14158,2024-09-07,NULL,P-23,2
T-15579,27/12/2025,comida,P-17,4
T-15542,2024-12-11,  Cena  ,P-06,3
T-17189,2024-03-01,comida,P-10,-1
T-17902,2024-09-24,,P-04,2
T-11115,18/02/2025,N/A,P-06,3
T-16179,2024-09-04,comida,P-09,4
T-11290,2024-07-22,,P-03,2
T-15635,2024-10-09,Comida,P-20,3
T-13467,2024-12-24,  Cena  ,P-10,3
T-14092,16/04/2025,Comida,P-99,4
T-17905,2024-02-04,CENA,P-25,2
T-14740,2025-10-16,comida,P-21,4
T-10786,2025-04-28,NULL,P-14,4
T-11347,2025-09-30,N/A,P-24,4
T-11562,2024-01-13,Desayuno?,P-12,4
T-11156,2024-01-19,Cena,P-05,2
T-12679,2025-01-13,Cena,P-23,1
T-10991,25/04/2025,comida,P-23,3
T-15992,2025-07-29,Comida,P-03,1
T-12490,2024-06-26,Cena,P-06,4
T-14799,2024-10-24,  Cena  ,P-03,4
T-10702,2024-09-27,NULL,P-03,4
T-15466,2025-09-17,Comida,P-08,2
T-12720,2025-11-20,Desayuno?,P-21,2
T-14519,15/03/2024,  Cena  ,P-12,2
T-12414,2025-04-03,Desayuno?,P-24,4
T-14847,2024-02-14,NULL,P-06,4
T-15702,2025-06-19,Comida,P-24,2
T-11587,2024-09-10,NULL,P-05,2
T-10195,2024-08-27,Comida,P-18,3
T-11422,2025-09-02,NULL,P-10,4
T-15357,2024-06-26,Cena,P-09,4
T-15610,2024-01-24,,P-08,1
T-10176,2024-03-17,Comida,P-20,2
T-15003,2024-08-15,CENA,P-07,1
T-17485,2024-07-23,CENA,P-07,1
T-11621,21/12/2025,CENA,P-07,3
T-14791,01/12/2024,NULL,P-19,4
T-11162,2024-08-02,Desayuno?,P-25,1
T-16293,2024-09-24,Comida,P-25,1
T-15151,2024-09-02,comida,P-99,3
T-14198,27/08/2024,comida,P-20,3
T-14842,2025-08-26,comida,P-08,4
T-13219,2024-03-27,,P-11,2
T-10592,2024-09-04,Comida,P-15,-1
T-17403,2024-12-06,comida,P-09,4
T-11729,20/10/2025,Desayuno?,P-01,4
T-16187,2025-12-06,Cena,P-09,1
T-10304,2025-02-12,Desayuno?,P-21,1
T-17978,2025-10-15,Cena,P-01,2
T-15560,2025-09-22,NULL,P-04,3
T-12166,2025-03-14,comida,P-12,1
T-15552,2024-12-19,Comida,P-05,4
T-10652,2024-03-02,Desayuno?,P-16,4
T-16697,2024-11-23,Comida,P-24,1
T-17711,2024-08-23,CENA,P-19,1
T-17385,2024-01-09,  Cena  ,P-09,2
T-14775,2025-07-15,N/A,P-08,4
T-11793,2024-04-06,comida,P-21,2
T-12993,2025-04-09,Cena,P-11,2
T-13423,2025-09-25,Comida,P-06,1
T-16675,2024-01-01,Desayuno?,P-05,1
T-15186,2024-04-02,CENA,P-20,3
T-16981,2025-05-01,CENA,P-18,1
T-17953,2025-07-29,Comida,P-11,3
T-14639,2024-01-18,Desayuno?,P-15,3
T-15262,2025-06-18,,P-08,3
T-15530,2025-01-08,  Cena  ,P-18,3
T-11134,2024-09-28,NULL,P-21,4
T-14535,2024-07-01,NULL,P-16,1
T-14180,2025-06-10,  Cena  ,P-18,3
T-15701,29/06/2025,NULL,P-25,1
T-14013,2024-06-10,Comida,P-02,2
T-15609,2025-02-03,N/A,P-17,2
T-16319,2024-03-13,Cena,P-18,2
T-11346,2024-01-23,NULL,P-02,1
T-16930,2025-09-13,comida,P-08,3
T-14986,2024-07-08,NULL,P-13,2
T-17040,2025-02-25,Desayuno?,P-06,4
T-11990,2025-10-17,  Cena  ,P-12,4
T-10588,2025-01-09,  Cena  ,P-10,1
T-16946,01/12/2024,,P-16,3
T-11448,2025-01-27,  Cena  ,P-19,2
T-13696,2025-12-17,Comida,P-04,4
T-15339,2024-10-02,CENA,P-17,1
T-11338,14/12/2025,Comida,P-11,4
T-14190,11/06/2024,Comida,P-13,3
T-16789,2024-08-17,,P-03,4
T-11236,2025-10-28,Cena,P-18,1
T-13109,2025-01-11,NULL,P-08,3
T-17963,2025-12-25,NULL,P-20,3
T-10963,2024-03-15,comida,P-21,2
T-16614,2025-03-14,N/A,P-16,4
T-17736,2025-02-01,Comida,P-09,2
T-10055,2024-07-30,NULL,P-22,4
T-11973,01/02/2024,,P-01,1
T-15186,2024-10-04,Desayuno?,P-05,3
T-15455,2025-01-23,N/A,P-06,4
T-10614,2025-05-07,CENA,P-16,4
T-14818,2025-12-10,NULL,P-11,4
T-10464,2025-12-02,Desayuno?,P-19,2
T-10323,2024-11-28,Comida,P-23,3
T-10062,2025-11-26,Cena,P-20,3
T-11551,2024-04-09,N/A,P-03,4
T-10311,2024-10-03,CENA,P-22,4
T-17678,2024-09-13,N/A,P-22,1
T-17607,2025-04-16,  Cena  ,P-15,2
T-14716,2025-12-30,  Cena  ,P-12,3
T-11593,2024-03-29,comida,P-03,2
T-12451,2024-11-11,Desayuno?,P-06,1
T-13695,2024-09-07,Desayuno?,P-02,1
T-11025,2024-09-16,comida,P-19,3
T-11130,2025-10-06,Comida,P-24,3
T-10902,2024-05-18,Desayuno?,P-12,1
T-15864,2025-06-05,N/A,P-11,4
T-17485,2025-04-23,Comida,P-14,4
T-15082,2024-11-22,N/A,P-02,4
T-16191,2025-07-13,NULL,P-23,1
T-16282,2024-02-20,Desayuno?,P-25,1
T-13092,2025-08-26,N/A,P-15,2
T-11534,2024-09-08,NULL,P-17,4
T-17402,2024-05-13,NULL,P-99,3
T-13629,2025-10-07,NULL,P-12,3
T-11317,14/06/2025,CENA,P-15,4
T-11700,2025-02-04,Comida,P-20,2
T-11952,2024-12-07,Desayuno?,P-21,2
T-10639,2025-05-29,NULL,P-12,2
T-14238,2024-03-03,Desayuno?,P-13,2
T-15921,29/12/2025,comida,P-06,4
T-11876,2024-06-13,N/A,P-19,2
T-17347,07/12/2025,N/A,P-02,1
T-14940,2025-11-09,  Cena  ,P-22,3
T-15977,2025-02-05,Comida,P-05,2
T-13990,2024-10-31,CENA,P-15,3
T-12157,2025-12-26,Cena,P-11,4
T-11914,2024-08-10,comida,P-14,4
T-15353,2025-06-20,Cena,P-14,3
T-17125,2025-02-14,Comida,P-20,1
T-17409,2024-10-07,  Cena  ,P-11,-1
T-15924,2025-12-26,Desayuno?,P-25,3
T-13961,2025-02-24,Desayuno?,P-20,1
T-17288,2025-09-11,Comida,P-11,2
T-14792,2024-07-25,CENA,P-16,2
T-11939,2025-05-06,N/A,P-07,2
T-11630,2024-10-25,Cena,P-09,1
T-15484,2024-06-17,comida,P-22,4
T-11288,2025-02-15,Comida,P-21,1
T-12881,2025-03-11,NULL,P-21,1
T-12485,2025-09-06,N/A,P-21,4
T-14128,2025-06-24,Comida,P-23,2
T-12168,2024-11-09,Cena,P-06,3
T-16950,2024-10-25,  Cena  ,P-19,1
T-10052,2024-06-06,N/A,P-04,3
T-11359,2024-05-25,comida,P-20,2
T-15969,2024-07-26,  Cena  ,P-08,2
T-12274,2024-02-21,Cena,P-21,1
T-17415,2024-03-18,NULL,P-23,3
T-12381,2024-06-18,N/A,P-11,2
T-12790,31/08/2025,NULL,P-08,2
T-13201,2025-04-24,,P-13,3
T-16644,2025-08-20,Cena,P-18,-1
T-14573,2024-01-01,,P-18,3
T-10737,2024-10-30,Cena,P-08,1
T-10350,2024-12-20,NULL,P-21,-1
T-17156,2025-08-20,  Cena  ,P-09,1
T-14313,2025-09-14,N/A,P-09,4
T-16294,2025-06-17,Cena,P-20,1
T-10224,2025-09-24,Comida,P-01,3
T-16966,08/05/2025,CENA,P-01,4
T-14285,2024-12-06,  Cena  ,P-24,2
T-11745,2024-08-19,comida,P-16,3
T-16815,2024-09-03,Desayuno?,P-20,4
T-13616,2025-11-27,NULL,P-21,1
T-10852,2024-04-29,Comida,P-25,2
T-11509,2024-02-17,  Cena  ,P-13,1
T-14770,2024-09-01,CENA,P-03,3
T-10019,2024-12-25,Cena,P-15,3
T-10481,2024-12-21,NULL,P-07,3
T-11738,2025-11-05,N/A,P-04,2
T-14595,2024-10-02,CENA,P-09,1
T-15006,2024-07-29,N/A,P-09,3
T-11693,29/04/2025,comida,P-06,4
T-14867,2025-09-26,Cena,P-25,3
T-15957,2025-01-09,NULL,P-12,2
T-15051,2024-12-26,NULL,P-03,1
T-10001,2025-02-04,Desayuno?,P-02,2
T-11458,2024-05-27,  Cena  ,P-22,3
T-12429,2024-09-10,comida,P-06,4
T-12103,2025-10-16,Desayuno?,P-21,1
T-11398,2025-08-30,NULL,P-24,2
T-16489,2025-12-10,Desayuno?,P-23,2
T-14894,2024-05-06,NULL,P-19,4
T-11895,2024-08-20,NULL,P-11,4
T-15560,2025-04-21,N/A,P-24,2
T-12496,2024-10-06,Comida,P-19,2
T-10972,08/06/2025,NULL,P-22,4
T-10064,2025-08-11,NULL,P-22,2
T-16740,2025-08-18,comida,P-23,1
T-10682,2024-07-29,N/A,P-12,3
T-16483,2025-11-03,,P-03,2
T-12562,2024-12-13,NULL,P-20,2
T-14625,2024-08-11,  Cena  ,P-10,4
T-10113,2024-12-29,N/A,P-15,2
T-12632,2024-04-07,N/A,P-07,4
T-10544,2025-10-17,CENA,P-10,2
T-10620,2025-07-03,Desayuno?,P-16,4
T-13146,16/12/2024,CENA,P-12,3
T-14891,2024-07-21,CENA,P-06,3
T-15429,2025-05-14,  Cena  ,P-08,1
T-12860,2025-08-18,Desayuno?,P-04,3
T-13121,2025-06-04,N/A,P-12,4
T-12089,2024-08-26,Desayuno?,P-21,4
T-10025,2025-01-10,NULL,P-18,2
T-11947,2024-07-30,Desayuno?,P-21,2
T-14666,2024-09-15,Comida,P-24,4
T-13041,2025-10-03,CENA,P-99,2
T-15114,2024-07-13,Comida,P-13,3
T-15221,2025-09-12,  Cena  ,P-19,2
T-13855,2024-08-22,NULL,P-07,4
T-11768,2024-11-09,comida,P-04,4
T-11557,2025-12-30,Desayuno?,P-18,2
T-13196,2025-09-04,  Cena  ,P-01,4
T-12205,2025-11-04,  Cena  ,P-15,2
T-16190,08/03/2024,N/A,P-01,1
T-17795,2025-09-12,comida,P-25,3
T-15152,2025-11-17,NULL,P-23,4
T-15916,2024-08-20,  Cena  ,P-19,4
T-13574,2024-09-11,NULL,P-04,4
T-11549,2025-06-26,NULL,P-16,2
T-11796,2025-01-02,N/A,P-22,4
T-16213,2025-10-27,NULL,P-04,1
T-13521,2024-05-11,N/A,P-06,4
T-11229,2024-12-02,Comida,P-17,3
T-12415,2025-04-25,Comida,P-10,3
T-15876,07/03/2025,Comida,P-07,1
T-11869,2025-08-04,NULL,P-10,4
T-12471,11/12/2024,  Cena  ,P-21,1
T-13170,2024-08-06,NULL,P-10,3
T-17675,2024-02-17,comida,P-15,3
T-13543,2024-06-13,Cena,P-19,2
T-12201,2024-06-04,Comida,P-22,1
T-14303,2024-05-02,N/A,P-12,1
T-12109,2025-03-18,comida,P-08,1
T-16197,2024-11-19,NULL,P-06,2
T-13322,2024-09-05,comida,P-13,1
T-13523,2024-11-28,N/A,P-16,3
T-10180,2024-01-04,,P-17,2
T-17957,2024-02-05,Desayuno?,P-25,4
T-14335,2024-01-27,NULL,P-11,4
T-13602,2024-06-22,Cena,P-10,2
T-11585,2024-05-12,comida,P-19,1
T-12965,2024-08-10,N/A,P-07,1
T-10802,2025-08-11,N/A,P-17,3
T-12964,2025-05-26,Comida,P-22,3
T-13902,2024-05-21,  Cena  ,P-03,3
T-11665,2024-04-20,NULL,P-25,3
T-17791,2024-03-16,Cena,P-04,2
T-13443,2024-03-18,  Cena  ,P-06,1
T-10798,2025-12-14,comida,P-02,1
T-12162,2025-07-11,  Cena  ,P-19,3
T-15657,2024-04-26,Comida,P-18,3
T-10151,2025-08-02,Comida,P-09,2
T-14942,2025-07-31,  Cena  ,P-01,3
T-16089,2024-09-26,  Cena  ,P-17,1
T-11578,2024-07-22,CENA,P-17,1
T-14753,2025-08-23,Comida,P-05,2
T-15407,2025-10-02,  Cena  ,P-14,1
T-17488,2025-05-30,Cena,P-23,1
T-12548,2025-03-29,  Cena  ,P-07,3
T-12076,25/09/2025,NULL,P-09,4
T-16031,2025-12-30,  Cena  ,P-13,2
T-11040,2025-02-04,Desayuno?,P-09,2
T-14726,2025-04-05,NULL,P-07,2
T-17477,2025-06-21,NULL,P-09,2
T-13062,2024-05-24,comida,P-17,1
T-11226,2024-01-17,Cena,P-15,4
T-16066,2025-04-23,Comida,P-10,4
T-16333,2025-07-02,Desayuno?,P-23,4
T-13423,2025-08-12,Comida,P-16,1
T-10710,2025-12-19,comida,P-01,2
T-10747,2024-08-23,Comida,P-20,4
T-17863,2025-11-13,Cena,P-14,4
T-14278,06/02/2025,Cena,P-02,1
T-12630,2024-06-25,comida,P-13,1
T-12993,2025-10-02,comida,P-02,1
T-16711,2025-11-04,Cena,P-17,1
T-15766,2024-03-07,  Cena  ,P-13,4
T-12464,2024-08-19,Cena,P-20,1
T-14662,2024-12-24,Desayuno?,P-21,1
T-12718,2025-04-16,NULL,P-08,2
T-12873,2024-07-22,Comida,P-20,-1
T-11593,2024-10-29,Comida,P-13,2
T-10155,2024-11-23,comida,P-24,2
T-16428,2025-06-16,  Cena  ,P-07,3
T-11149,2024-09-12,,P-10,2
T-16913,2025-08-16,Comida,P-15,4
T-11281,2025-03-15,Comida,P-13,4
T-15835,2025-01-06,Cena,P-15,2
T-15725,2025-11-09,Comida,P-23,1
T-10026,2024-01-01,  Cena  ,P-18,2
T-11484,2025-11-28,Cena,P-01,1
T-13130,2024-10-30,comida,P-23,3
T-17412,2025-05-31,comida,P-19,4
T-14050,2025-05-03,CENA,P-09,2
T-11215,2024-05-10,Desayuno?,P-09,2
T-10508,2024-02-04,CENA,P-13,4
T-13386,2024-01-14,NULL,P-21,3
T-16137,2024-04-12,Cena,P-23,4
T-16352,2024-04-13,N/A,P-01,1
T-16108,2025-10-02,Cena,P-22,2
T-13682,2025-11-10,N/A,P-05,1
T-13542,2024-02-06,Desayuno?,P-23,2
T-12473,2024-08-12,Comida,P-08,3
T-11861,2025-12-11,  Cena  ,P-01,2
T-13449,02/02/2024,N/A,P-11,2
T-17655,2025-07-07,Comida,P-24,2
T-14637,2025-07-08,Cena,P-11,4
T-16065,2024-06-04,Cena,P-14,3
T-11540,2024-04-07,Desayuno?,P-15,4
T-14779,2024-02-12,NULL,P-20,4
T-17494,2025-10-02,Comida,P-05,3
T-14784,2025-08-28,N/A,P-15,4
T-16289,2025-06-19,,P-09,2
T-15333,2025-12-03,  Cena  ,P-03,2
T-15575,2024-03-16,comida,P-03,3
T-12796,07/03/2024,Desayuno?,P-25,3
T-15689,2025-10-29,Desayuno?,P-23,2
T-16018,2025-08-15,Cena,P-07,4
T-13498,2025-10-25,N/A,P-09,4
T-13966,2025-11-25,Comida,P-09,2
T-14094,2025-01-22,N/A,P-10,3
T-11829,2025-04-01,CENA,P-12,2
T-17870,2025-11-25,  Cena  ,P-20,1
T-11318,2025-09-03,,P-18,4
T-13946,2025-04-25,Cena,P-19,1
T-15595,2025-12-23,Desayuno?,P-06,2
T-14247,2025-06-21,  Cena  ,P-09,3
T-12197,2024-02-26,  Cena  ,P-04,2
T-10562,2024-12-18,N/A,P-25,1
T-14707,2024-06-06,comida,P-22,3
T-10230,2024-03-23,N/A,P-20,2
T-11539,2025-05-17,comida,P-05,3
T-14747,2024-07-09,N/A,P-04,3
T-11896,2024-02-02,NULL,P-02,4
T-13906,25/03/2024,CENA,P-11,2
T-13391,2025-02-24,comida,P-21,4
T-16240,2024-10-31,  Cena  ,P-22,3
T-10073,2024-04-14,  Cena  ,P-19,4
T-16109,2024-05-09,Desayuno?,P-24,1
T-17034,2025-11-12,Desayuno?,P-17,3
T-17910,2025-09-12,comida,P-05,2
T-15457,2025-01-15,Cena,P-11,2
T-11362,2025-10-24,Comida,P-04,4
T-13204,2024-04-19,Comida,P-23,1
T-16428,2025-10-04,,P-23,2
T-13625,2025-09-17,CENA,P-18,1
T-17170,2025-10-23,Cena,P-20,4
T-16753,2024-10-26,N/A,P-12,4
T-17941,2025-10-11,comida,P-08,2
T-14737,2025-03-03,CENA,P-13,3
T-13448,2024-03-10,Desayuno?,P-20,4
T-13622,2025-02-01,  Cena  ,P-18,4
T-11714,2025-12-10,Cena,P-09,4
T-16672,2024-05-13,Desayuno?,P-10,4
T-15195,2024-10-11,,P-99,2
T-16298,2025-11-20,Cena,P-09,2
T-17803,2025-12-20,NULL,P-14,2
T-17594,22/06/2025,  Cena  ,P-08,1
T-16901,2025-01-14,Cena,P-03,4
T-10132,2024-06-21,NULL,P-08,4
T-16675,2024-03-24,Cena,P-14,2
T-13100,2025-05-13,Comida,P-24,4
T-11720,16/10/2025,N/A,P-05,4
T-12239,2025-10-30,Desayuno?,P-11,2
T-14219,2024-04-23,comida,P-14,4
T-15123,2024-05-01,NULL,P-09,4
T-17941,2025-08-27,N/A,P-01,3
T-12221,2025-08-08,Comida,P-15,1
T-16492,2024-05-28,N/A,P-21,2
T-15591,2024-04-09,Cena,P-06,2
T-17990,2024-12-26,N/A,P-09,3
T-17088,2025-09-04,NULL,P-25,1
T-13610,2024-09-26,,P-14,-1
T-12610,2025-03-22,  Cena  ,P-24,2
T-13156,2024-11-10,CENA,P-09,4
T-14877,2024-04-23,NULL,P-02,4
T-15876,2025-10-31,Desayuno?,P-10,3
T-14523,2024-07-06,NULL,P-07,3
T-13935,2025-04-12,Desayuno?,P-16,2
T-14660,2025-03-18,Cena,P-11,1
T-12103,2024-10-27,  Cena  ,P-14,4
T-11025,2024-02-22,N/A,P-06,3
T-12725,2025-10-20,  Cena  ,P-11,4
T-10293,2025-05-18,Cena,P-04,4
T-11590,2025-11-12,N/A,P-13,2
T-14605,28/08/2025,,P-99,4
T-10480,2025-07-08,  Cena  ,P-25,1
T-16814,2025-01-19,NULL,P-16,1
T-16802,2024-12-30,NULL,P-16,2
T-16433,2024-08-26,Desayuno?,P-11,1
T-10661,2025-08-03,NULL,P-14,3
T-11929,2024-04-24,comida,P-04,2
T-11945,2024-12-14,NULL,P-20,1
T-13547,23/04/2025,,P-01,1
T-17620,2025-10-15,  Cena  ,P-10,2
T-15653,2025-09-13,Cena,P-07,2
T-10061,2025-12-03,Cena,P-01,1
T-11454,2025-09-18,N/A,P-24,4
T-16986,2024-11-11,comida,P-16,3
T-10440,2025-02-24,Comida,P-12,4
T-14308,2024-12-02,Comida,P-17,2
T-14412,2024-08-26,N/A,P-18,2
T-10719,2025-06-18,  Cena  ,P-06,2
T-11270,2024-02-23,CENA,P-15,1
T-11899,2025-08-29,comida,P-12,2
T-10033,2024-05-02,Comida,P-12,2
T-12329,2024-12-01,N/A,P-23,2
T-13744,30/03/2024,,P-16,4
T-17888,2024-09-04,N/A,P-01,1
T-14752,2025-05-21,NULL,P-17,3
T-10629,2024-02-18,Comida,P-01,1
T-10076,2025-10-06,NULL,P-10,4
T-12122,2025-01-12,NULL,P-23,3
T-11660,2024-06-24,Cena,P-10,2
T-13330,2024-08-25,N/A,P-17,4
T-17886,2024-08-24,Cena,P-02,1
T-16846,2024-12-03,  Cena  ,P-18,2
T-17585,2025-07-30,  Cena  ,P-23,3
T-16420,2025-01-28,CENA,P-15,3
T-11840,2024-03-01,CENA,P-05,4
T-16401,2024-05-03,NULL,P-05,3
T-13711,2025-10-11,NULL,P-20,3
T-13578,2025-02-19,comida,P-18,1
T-10133,2024-04-18,NULL,P-16,4
T-13307,2024-07-01,NULL,P-06,2
T-12727,2025-08-08,comida,P-24,1
T-10537,2025-07-24,Cena,P-15,4
T-17076,2025-02-19,N/A,P-25,3
T-15421,2025-08-08,N/A,P-24,2
T-16326,2025-07-17,  Cena  ,P-03,2
T-10460,2025-09-11,Comida,P-05,2
T-10806,2025-07-14,CENA,P-23,3
T-11577,2024-07-16,NULL,P-23,2
T-12156,2025-02-12,Desayuno?,P-21,2
T-12171,2024-12-07,Comida,P-17,1
T-13205,2025-01-12,CENA,P-03,4
T-15675,2025-05-03,Cena,P-09,4
T-14456,2024-07-18,  Cena  ,P-21,4
T-11754,2024-01-22,NULL,P-11,1
T-12477,2024-05-17,comida,P-18,3
T-16453,2025-05-07,N/A,P-20,2
T-10480,2024-10-12,  Cena  ,P-18,4
T-11872,2024-09-14,Comida,P-15,4
T-12122,2024-06-16,Cena,P-22,3
T-17196,2025-06-17,Cena,P-05,4
T-15632,2025-08-19,,P-24,1
T-16829,28/09/2025,CENA,P-09,2
T-14805,2025-07-02,CENA,P-23,1
T-14384,2025-04-02,N/A,P-01,1
T-10631,2024-10-13,Desayuno?,P-15,2
T-11200,2024-07-04,Desayuno?,P-08,3
T-13398,2025-12-24,Comida,P-13,2
T-10331,2025-04-02,NULL,P-14,3
T-15381,26/08/2025,comida,P-08,3
T-13980,2024-07-14,Desayuno?,P-15,3
T-13692,2025-07-12,Desayuno?,P-20,4
T-16019,2025-08-13,Cena,P-08,1
T-17902,2025-08-02,Cena,P-12,4
T-15244,2024-08-07,  Cena  ,P-11,1
T-15634,2025-03-02,Desayuno?,P-21,3
T-11034,2025-04-12,Desayuno?,P-13,2
T-14778,2024-06-30,  Cena  ,P-02,4
T-15899,2025-06-25,CENA,P-10,3
T-11807,2025-10-12,  Cena  ,P-03,1
T-12420,2025-04-18,NULL,P-20,4
T-17042,2024-04-17,N/A,P-20,3
T-10779,2025-06-04,Comida,P-02,4
T-15314,2024-10-08,CENA,P-24,3
T-17672,2024-08-11,Desayuno?,P-14,1
T-16823,2024-05-27,  Cena  ,P-25,3
T-13861,2025-05-07,NULL,P-08,1
T-14263,2024-05-10,Cena,P-20,1
T-15174,2024-09-26,N/A,P-23,4
T-13166,2024-08-30,comida,P-15,1
T-16338,2024-09-25,Desayuno?,P-25,2
T-17829,2024-01-18,Comida,P-17,3
T-14558,2025-02-28,Cena,P-05,2
T-13732,2025-06-30,comida,P-10,3
T-17971,2024-02-24,Desayuno?,P-08,2
T-17523,2025-06-15,Comida,P-12,4
T-13239,2025-11-05,N/A,P-15,4
T-16550,2024-09-07,Comida,P-01,4
T-13715,2024-09-06,comida,P-07,4
T-12850,2024-04-29,Desayuno?,P-05,1
T-11227,2024-09-18,comida,P-19,3
T-10227,2025-11-01,comida,P-11,1
T-10097,2024-08-15,N/A,P-19,4
T-10405,2024-12-11,Cena,P-24,2
T-12207,2025-07-15,Cena,P-05,3
T-15352,2025-01-14,CENA,P-15,1
T-17293,2024-05-19,Desayuno?,P-02,2
T-11723,2025-08-03,CENA,P-19,4
T-12479,2024-02-16,N/A,P-12,4
T-12818,2024-07-24,comida,P-14,2
T-15428,2025-04-28,Desayuno?,P-05,3
T-17300,2024-04-02,NULL,P-17,3
T-17870,2025-10-10,Comida,P-09,4
T-16808,2024-04-04,N/A,P-19,1
T-15905,08/08/2024,NULL,P-20,1
T-16656,30/01/2025,CENA,P-15,3
T-13406,2024-10-14,N/A,P-01,4
T-15665,2025-06-10,comida,P-22,3
T-14718,2025-06-12,CENA,P-25,1
T-12629,2025-08-15,Cena,P-07,3
T-13976,2024-09-17,  Cena  ,P-16,1
T-10973,2024-11-19,CENA,P-20,2
T-16275,2025-04-18,Comida,P-19,1
T-12556,2024-04-27,N/A,P-04,2
T-11171,2024-06-05,N/A,P-24,3
T-15106,2025-05-30,Desayuno?,P-18,4
T-10217,2024-01-26,Desayuno?,P-06,2
T-14678,2024-08-16,CENA,P-04,4
T-14583,2024-01-23,  Cena  ,P-17,2
T-16695,2025-04-01,,P-18,4
T-16006,2025-04-03,CENA,P-21,2
T-11549,2024-04-17,Comida,P-04,3
T-16389,2025-01-27,NULL,P-22,1
T-17444,2024-10-08,Comida,P-04,1
T-15140,2025-12-26,N/A,P-07,1
T-14199,2025-01-16,Cena,P-20,4
T-11082,2025-04-17,Desayuno?,P-10,2
T-10548,2025-12-11,Cena,P-24,2
T-16539,2024-01-17,NULL,P-14,3
T-17697,2024-08-16,  Cena  ,P-04,2
T-11417,2025-04-06,Desayuno?,P-20,3
T-14610,2024-07-27,N/A,P-05,4
T-17998,2025-03-22,  Cena  ,P-09,1
T-16670,2024-05-17,Desayuno?,P-01,3
T-11426,08/06/2024,Comida,P-03,1
T-13637,2025-04-22,  Cena  ,P-05,3
T-17879,2025-02-17,N/A,P-07,-1
T-16635,19/04/2025,NULL,P-20,3
T-10539,2025-10-24,NULL,P-12,4
T-14575,2024-03-20,  Cena  ,P-18,3
T-16827,2024-02-23,NULL,P-25,2
T-14405,2025-09-19,N/A,P-08,2
T-11151,2025-11-17,  Cena  ,P-04,1
T-14586,2024-07-22,Desayuno?,P-24,3
T-16455,2024-05-31,N/A,P-03,3
T-13366,2024-02-13,Cena,P-12,4
T-10202,2025-12-01,,P-14,2
T-17413,2024-02-11,CENA,P-17,4
T-11099,2025-02-14,Desayuno?,P-14,2
T-10313,2024-08-12,Comida,P-24,4
T-17097,2025-09-07,Cena,P-17,-1
T-13155,2025-03-19,,P-09,4
T-15217,2024-08-03,N/A,P-06,1
T-12936,22/08/2025,comida,P-10,4
T-16255,2025-11-23,Comida,P-09,3
T-15079,2025-08-09,comida,P-09,4
T-16078,2024-06-16,Desayuno?,P-03,2
T-15875,2025-08-09,Desayuno?,P-17,2
T-13493,2025-02-14,NULL,P-01,2
T-10576,2025-03-16,NULL,P-09,2
T-17447,2024-09-08,Comida,P-10,4
T-13025,2024-07-25,Desayuno?,P-03,2
T-17531,2025-02-07,NULL,P-23,1
T-11874,2025-03-12,Comida,P-22,4
T-13952,2025-02-04,comida,P-23,1
T-16636,2025-01-07,Comida,P-20,4
T-15085,2025-02-22,  Cena  ,P-20,1
T-15649,2024-03-21,Comida,P-17,2
T-10331,2025-01-02,Cena,P-15,3
T-14851,2024-03-08,,P-01,3
T-13915,2024-08-30,comida,P-12,3
T-14699,2025-09-05,N/A,P-17,1
T-16770,2024-04-11,CENA,P-17,1
T-15873,06/10/2024,NULL,P-13,4
T-14731,2025-07-03,Desayuno?,P-16,4
T-16491,2025-07-16,NULL,P-02,2
T-11301,2024-10-01,N/A,P-99,2
T-12008,2024-10-12,Comida,P-17,2
T-15485,2024-11-23,  Cena  ,P-01,4
T-16295,2025-10-17,CENA,P-19,2
T-11930,2025-09-21,N/A,P-21,2
T-13203,2024-10-03,Cena,P-15,2
T-14227,2025-10-23,NULL,P-14,2
T-15380,2025-12-14,comida,P-04,2
T-13350,2025-11-24,  Cena  ,P-07,4
T-11444,2024-12-28,  Cena  ,P-25,4
T-17461,2025-04-14,Desayuno?,P-09,1
T-15721,2025-12-27,Cena,P-14,1
T-10519,2025-09-13,Desayuno?,P-11,1
T-12206,2025-07-17,Comida,P-19,3
T-16699,2024-08-08,Desayuno?,P-22,2
T-12537,2025-12-13,Comida,P-17,4
T-12439,02/08/2024,comida,P-17,3
T-10326,2025-12-12,CENA,P-08,4
T-17502,2025-10-13,N/A,P-07,4
T-12267,2025-08-28,Comida,P-23,2
T-10957,2025-07-11,  Cena  ,P-01,2
T-12878,2024-02-21,Cena,P-16,1
T-10356,2024-09-01,CENA,P-07,2
T-10583,2025-05-21,N/A,P-06,3
T-10238,2024-08-11,NULL,P-01,4
T-13371,2024-09-14,NULL,P-09,4
T-15795,2024-09-24,,P-19,2
T-10523,2024-12-27,CENA,P-02,2
T-16260,2025-03-16,CENA,P-20,4
T-13367,2024-12-02,Cena,P-08,4
T-12237,2025-07-09,comida,P-21,2
T-16083,2025-07-21,N/A,P-06,3
T-14059,2024-03-08,comida,P-06,4
T-12122,2025-09-14,Cena,P-25,3
T-13910,2025-04-03,Cena,P-21,3
T-17826,2025-05-04,N/A,P-17,1
T-15263,2024-01-26,Comida,P-06,3
T-16192,2024-08-19,NULL,P-09,2
T-12048,2024-10-25,N/A,P-14,2
T-16723,2024-06-07,N/A,P-05,2
T-16240,2024-03-17,N/A,P-21,3
T-12019,2025-05-07,Desayuno?,P-02,4
T-17347,2024-04-07,comida,P-06,4
T-15957,2024-09-01,Comida,P-18,1
T-14247,2024-06-06,Cena,P-20,1
T-15982,2025-02-27,Cena,P-16,2
T-11235,2024-08-22,  Cena  ,P-14,1
T-10732,2025-03-21,NULL,P-05,4
T-15545,2024-05-21,,P-20,3
T-15543,2025-04-06,,P-20,1
T-14263,2025-04-18,CENA,P-03,2
T-13331,2025-06-13,Cena,P-23,1
T-16334,2025-06-19,CENA,P-04,3
T-15602,2025-07-30,Comida,P-10,4
T-10153,2025-06-21,Comida,P-17,4
T-13818,2025-01-27,Comida,P-11,1
T-15006,2025-01-11,comida,P-20,3
T-17802,2024-10-31,,P-13,2
T-12177,2025-04-29,comida,P-03,4
T-10523,2025-04-14,Desayuno?,P-01,3
T-11916,2025-08-14,CENA,P-13,2
T-14009,2025-12-13,  Cena  ,P-19,2
T-12453,2024-08-27,comida,P-18,4
T-12141,2025-10-16,Desayuno?,P-06,4
T-14396,2025-07-06,NULL,P-10,2
T-13600,2024-10-25,Desayuno?,P-07,3
T-15458,2025-02-23,  Cena  ,P-15,-1
T-16882,2024-11-09,N/A,P-16,2
T-14701,2025-12-12,NULL,P-18,1
T-17456,2024-08-27,  Cena  ,P-19,3
T-10627,2025-09-16,Comida,P-04,2
T-12405,2025-02-06,Desayuno?,P-24,1
T-13961,2025-07-31,comida,P-22,2
T-14818,2024-12-06,NULL,P-06,4
T-14811,2024-02-04,Cena,P-02,4
T-13792,2024-02-24,comida,P-18,2
T-16705,2025-04-10,NULL,P-08,2
T-12703,2025-10-17,CENA,P-11,1
T-10054,2024-12-31,N/A,P-04,2
T-17119,2025-05-26,Desayuno?,P-05,1
T-11625,2024-06-27,NULL,P-03,1
T-12184,05/01/2024,Cena,P-12,3
T-15270,2025-02-11,N/A,P-18,2
T-11127,2024-02-21,Desayuno?,P-01,1
T-12285,2025-07-30,CENA,P-22,3
T-17092,2025-10-14,Comida,P-10,2
T-11252,2025-07-19,Comida,P-12,4
T-14322,2025-09-27,CENA,P-20,2
T-13305,2025-02-01,Desayuno?,P-17,-1
T-13219,2024-10-02,  Cena  ,P-24,3
T-16749,2024-01-26,Cena,P-05,1
T-11404,2025-07-14,NULL,P-11,2
T-12506,2024-01-25,  Cena  ,P-10,2
T-15174,2025-02-23,Cena,P-05,4
T-13628,2024-04-30,Comida,P-14,4
T-11330,2024-06-30,Comida,P-09,4
T-11822,2024-01-30,NULL,P-04,3
T-11096,2025-10-31,N/A,P-22,4
T-13380,2025-08-28,N/A,P-17,2
T-12138,2025-10-11,Desayuno?,P-02,1
T-15223,2024-04-04,CENA,P-09,2
T-13279,2025-01-31,CENA,P-11,4
T-17578,2024-03-30,comida,P-22,4
T-13693,2024-03-10,Cena,P-12,1
T-15074,2024-11-18,CENA,P-13,3
T-16798,2025-02-16,Cena,P-14,4
T-12238,2025-11-25,comida,P-07,3
T-14016,2024-03-05,NULL,P-04,1
T-14730,2025-04-01,Desayuno?,P-14,1
T-16042,2024-06-04,Cena,P-10,1
T-11255,2025-01-03,Cena,P-18,1
T-10898,09/03/2024,CENA,P-19,4
T-13719,2025-12-17,Cena,P-13,1
T-17854,2025-07-15,Cena,P-14,2
T-10034,2025-11-24,comida,P-12,4
T-10559,2024-06-02,Cena,P-13,2
T-13979,2024-08-16,Desayuno?,P-18,4
T-16045,2024-09-20,Desayuno?,P-09,1
T-11245,2024-12-05,Cena,P-05,3
T-17705,2025-09-22,NULL,P-19,2
T-10966,2024-12-29,Desayuno?,P-10,4
T-12047,2025-07-06,NULL,P-08,2
T-12644,2024-06-19,N/A,P-23,-1
T-14888,2024-02-02,CENA,P-07,2
T-10854,2024-05-05,Cena,P-02,2
T-17222,2025-10-16,CENA,P-19,2
T-13478,21/01/2024,NULL,P-25,4
T-16694,2024-06-05,  Cena  ,P-13,3
T-11300,2024-12-29,CENA,P-10,4
T-16495,2025-09-23,,P-02,3
T-17979,2024-03-21,  Cena  ,P-03,2
T-17345,2025-07-13,CENA,P-23,2
T-16144,2024-09-28,Cena,P-13,4
T-14504,2025-12-29,Desayuno?,P-06,1
T-15745,2025-05-07,comida,P-24,3
T-14784,2025-07-17,Desayuno?,P-21,2
T-15533,2025-02-15,Cena,P-18,4
T-13411,2025-10-04,N/A,P-14,4
T-13396,21/06/2025,Cena,P-20,4
T-13443,2024-08-31,N/A,P-23,3
T-13985,2024-07-31,CENA,P-22,3
T-14157,2025-11-03,Cena,P-22,2
T-10479,2024-10-27,CENA,P-15,3
T-14132,2024-03-21,  Cena  ,P-09,3
T-12784,2024-02-07,  Cena  ,P-08,4
T-17491,2025-05-02,Comida,P-12,3
T-10977,2025-07-26,  Cena  ,P-11,1
T-11299,2025-02-05,CENA,P-09,2
T-17602,2025-06-21,N/A,P-24,3
T-10383,07/11/2025,CENA,P-13,2
T-13053,2025-04-10,Comida,P-07,3
T-11694,2025-10-21,Cena,P-14,4
T-15116,2025-12-31,Desayuno?,P-17,2
T-15130,2025-04-30,comida,P-23,4
T-12211,2025-06-13,  Cena  ,P-17,2
T-12142,2024-01-13,  Cena  ,P-04,3
T-11236,2025-07-06,CENA,P-12,1
T-15318,2024-08-04,NULL,P-07,4
T-13031,2024-01-06,comida,P-10,3
T-13798,2024-12-30,Desayuno?,P-22,3
T-16822,2024-05-07,  Cena  ,P-24,1
T-17290,2025-02-22,comida,P-04,3
T-12134,2024-06-29,N/A,P-07,3
T-11305,2024-11-18,Comida,P-04,4
T-15952,2025-05-23,Comida,P-07,4
T-14903,2024-07-18,Comida,P-01,3
T-14808,21/09/2024,CENA,P-12,3
T-17925,2024-06-25,Desayuno?,P-07,3
T-14157,2024-05-22,Cena,P-22,2
T-12689,2025-05-19,  Cena  ,P-05,4
T-16877,2024-11-12,N/A,P-14,2
T-12135,2025-07-17,NULL,P-24,3
T-10711,2024-03-01,NULL,P-25,4
T-12610,2024-12-05,Comida,P-08,1
T-11811,2025-04-16,NULL,P-16,2
T-13838,2024-08-21,  Cena  ,P-02,2
T-14472,2024-04-23,  Cena  ,P-10,1
T-10865,2025-04-11,  Cena  ,P-25,3
T-16146,2025-09-30,comida,P-12,4
T-12226,2025-06-06,N/A,P-18,4
T-12876,2025-04-07,NULL,P-17,4
T-11027,2025-07-29,Comida,P-10,1
T-10464,2024-02-09,comida,P-10,2
T-14340,2025-01-18,CENA,P-15,4
T-14632,2024-03-28,NULL,P-06,3
T-15811,2025-08-28,Desayuno?,P-19,4
T-14700,2025-01-21,comida,P-14,1
T-15455,03/05/2024,Comida,P-11,3
T-11487,2025-02-24,N/A,P-06,3
T-14731,2024-06-05,Desayuno?,P-15,1
T-12079,2024-12-29,N/A,P-07,1
T-16401,2025-02-27,Cena,P-16,3
T-13257,2025-12-29,Cena,P-04,4
T-11488,2025-09-06,Comida,P-21,4
T-16247,12/02/2024,comida,P-07,3
T-16222,2025-05-31,Cena,P-17,1
T-15581,2025-09-24,Comida,P-16,4
T-13946,2024-07-30,,P-16,1
T-16306,2025-12-31,Comida,P-23,4
T-10650,2024-10-26,Desayuno?,P-10,4
T-17802,2024-01-01,N/A,P-07,2
T-11801,2025-08-06,Comida,P-03,1
T-12596,2025-12-12,NULL,P-01,4
T-17521,2024-10-22,comida,P-04,3
T-14337,2024-11-30,N/A,P-18,3
T-14698,2024-09-27,Desayuno?,P-18,1
T-14007,2024-12-25,CENA,P-04,1
T-16702,2025-12-13,NULL,P-25,4
T-13219,2024-11-25,,P-03,1
T-17035,2024-12-12,comida,P-15,3
T-17514,2024-12-28,  Cena  ,P-15,2
T-12641,2024-08-07,N/A,P-22,4
T-16032,2025-12-21,N/A,P-24,4
T-14798,2025-01-09,N/A,P-14,2
T-14657,2024-03-05,Desayuno?,P-19,3
T-12209,26/09/2024,Desayuno?,P-17,4
T-13645,2025-03-18,Desayuno?,P-14,1
T-10603,2025-09-13,N/A,P-01,2
T-13823,2025-01-15,Desayuno?,P-22,4
T-12263,2024-08-02,CENA,P-15,4
T-17734,2025-09-16,Desayuno?,P-09,2
T-10890,2025-07-12,N/A,P-99,1
T-11289,2025-12-19,comida,P-07,2
T-15865,2024-05-20,NULL,P-10,3
T-10520,2024-04-05,CENA,P-24,2
T-16426,2024-04-06,  Cena  ,P-24,1
T-12653,2025-04-06,Desayuno?,P-05,3
T-10337,2025-10-18,  Cena  ,P-11,2
T-15229,2025-08-13,Desayuno?,P-18,1
T-14291,2024-10-06,comida,P-12,3
T-16313,2025-01-02,  Cena  ,P-25,2
T-17618,2024-04-20,comida,P-14,4
T-12736,2024-02-07,NULL,P-02,4
T-16583,2024-07-16,CENA,P-19,4
T-15978,2024-04-02,CENA,P-16,1
T-12671,2025-09-21,  Cena  ,P-25,1
T-15527,2025-07-19,  Cena  ,P-08,1
T-17459,2025-09-25,  Cena  ,P-06,4
T-13102,2025-04-04,N/A,P-25,2
T-14285,26/02/2025,Cena,P-11,3
T-10974,2024-12-02,Desayuno?,P-05,3
T-11976,2025-01-31,NULL,P-21,1
T-11369,2025-05-04,  Cena  ,P-11,1
T-10756,2025-01-24,Comida,P-13,1
T-10383,2025-10-28,Desayuno?,P-06,3
T-11682,2024-03-24,comida,P-07,2
T-15893,2024-12-08,CENA,P-04,1
T-14683,2025-09-23,NULL,P-23,4
T-12320,2024-11-30,Desayuno?,P-12,3
T-10268,2024-03-19,Comida,P-08,2
T-11609,2025-08-07,NULL,P-22,4
T-15019,2024-08-15,N/A,P-02,2
T-10583,2025-09-08,N/A,P-01,4
T-11552,2024-02-22,Cena,P-15,3
T-11356,2024-11-29,  Cena  ,P-23,3
T-10758,2025-09-17,Desayuno?,P-21,3
T-16483,2025-01-30,Cena,P-22,4
T-15902,2024-07-04,N/A,P-16,4
T-15634,2024-05-03,Comida,P-06,2
T-11022,2025-01-10,Cena,P-99,4
T-15270,30/04/2024,Comida,P-10,2
T-12801,2024-02-04,Cena,P-05,3
T-11298,2024-02-22,CENA,P-01,4
T-15827,2024-03-20,Comida,P-17,4
T-10717,2025-08-02,Desayuno?,P-14,1
T-13294,2025-07-31,Cena,P-08,4
T-10802,2025-04-26,Comida,P-03,2
T-16677,2025-09-02,  Cena  ,P-05,2
T-17991,2025-06-11,  Cena  ,P-99,2
T-11236,2024-08-04,  Cena  ,P-04,1
T-11130,2025-02-01,CENA,P-06,4
T-13155,2024-08-18,  Cena  ,P-25,4
T-10229,2025-11-16,N/A,P-10,1
T-12936,2025-09-15,Desayuno?,P-09,4
T-12901,2025-09-27,N/A,P-20,3
T-15859,2025-02-05,Comida,P-23,3
T-10471,2025-02-25,Comida,P-11,1
T-17612,2025-01-18,comida,P-11,4
T-13785,2025-06-17,Desayuno?,P-12,4
T-14785,2024-07-30,Comida,P-12,2
T-12312,2024-10-12,Desayuno?,P-14,2
T-10774,2024-11-28,Desayuno?,P-02,3
T-17490,2025-11-28,N/A,P-09,4
T-13297,2024-03-30,Comida,P-19,4
T-13378,2024-06-02,,P-12,2
T-15197,2024-06-14,  Cena  ,P-11,4
T-12729,2024-01-12,comida,P-19,-1
T-12939,2025-05-01,NULL,P-07,3
T-14183,25/09/2025,Comida,P-02,3
T-12566,2025-10-22,CENA,P-23,1
T-13674,2024-04-29,N/A,P-23,2
T-10413,2025-11-01,Cena,P-01,4
T-15735,2024-06-26,comida,P-01,4
T-11396,2025-12-10,Comida,P-24,4
T-14790,2024-12-31,comida,P-15,2
T-11942,2024-05-09,  Cena  ,P-22,4
T-13395,2025-09-11,comida,P-25,-1
T-17753,2024-11-19,comida,P-14,3
T-10060,2024-04-15,Comida,P-25,4
T-14098,2024-09-02,comida,P-02,3
T-10028,2024-06-13,N/A,P-05,1
T-12924,2025-03-09,NULL,P-11,1
T-16487,2024-08-09,comida,P-16,1
T-11416,2024-05-13,CENA,P-13,4
T-16461,2024-05-07,CENA,P-01,2
T-12200,2025-03-02,Cena,P-03,1
T-15020,2025-01-22,NULL,P-05,1
T-15983,2025-06-24,comida,P-04,2
T-17555,2025-05-10,CENA,P-05,3
T-11275,2025-01-30,comida,P-01,3
T-14526,2024-04-26,NULL,P-08,1
T-16039,2025-05-24,comida,P-17,3
T-12578,2025-07-11,CENA,P-10,2
T-16295,2025-05-18,  Cena  ,P-13,4
T-12165,01/09/2024,Cena,P-21,4
T-16398,2024-03-22,Desayuno?,P-05,2
T-17249,2025-09-11,  Cena  ,P-02,2
T-10719,2025-02-10,  Cena  ,P-12,2
T-10628,2025-03-03,comida,P-20,1
T-10107,2025-03-05,  Cena  ,P-16,2
T-13628,2024-10-05,  Cena  ,P-08,2
T-10949,30/07/2024,comida,P-07,3
T-15923,2025-08-07,N/A,P-01,2
T-15242,2025-04-30,CENA,P-23,1
T-17589,2024-12-06,Cena,P-11,4
T-16778,2025-02-10,Cena,P-01,1
T-14422,01/11/2025,NULL,P-08,3
T-17208,2024-10-06,comida,P-24,2
T-11621,2025-05-24,NULL,P-16,4
T-16627,2024-09-23,Cena,P-24,1
T-12885,2024-11-15,Cena,P-09,3
T-15737,2024-06-12,,P-13,3
T-16918,21/10/2025,  Cena  ,P-19,2
T-12367,2024-04-13,NULL,P-20,2
T-17948,2024-12-21,CENA,P-07,2
T-14601,2025-02-13,,P-23,2
T-16390,2024-12-03,Desayuno?,P-21,4
T-15784,2024-04-05,N/A,P-16,2
T-10618,2024-09-18,Desayuno?,P-23,1
T-16720,2025-09-01,NULL,P-12,3
T-12360,2025-09-18,Cena,P-04,2
T-10010,2025-07-10,,P-24,1
T-11410,2024-01-20,CENA,P-20,4
T-16453,2024-01-02,CENA,P-02,1
T-13539,2025-03-10,comida,P-08,2
T-15621,2025-09-27,  Cena  ,P-24,4
T-13512,2024-07-02,CENA,P-13,1
T-12421,07/01/2025,  Cena  ,P-19,3
T-13214,2024-01-22,  Cena  ,P-17,3
T-17955,11/03/2024,N/A,P-20,3
T-12389,2024-03-03,  Cena  ,P-07,3
T-12922,2025-04-06,CENA,P-21,2
T-16733,2024-11-09,NULL,P-17,3
T-16174,2025-08-24,Comida,P-12,4
T-10906,2024-04-17,N/A,P-16,-1
T-11757,2025-01-09,NULL,P-01,3
T-12231,2025-10-07,NULL,P-19,2
T-14915,2025-08-26,Desayuno?,P-18,4
T-13945,2025-10-12,NULL,P-21,4
T-13641,2024-04-02,N/A,P-04,2
T-11227,2024-06-13,NULL,P-17,2
T-13529,2025-05-01,Cena,P-24,3
T-16186,2024-02-12,N/A,P-21,1
T-16187,2025-12-29,  Cena  ,P-23,4
T-17600,2025-10-05,CENA,P-04,4
T-13306,2024-12-09,  Cena  ,P-17,4
T-10452,2024-11-27,N/A,P-09,4
T-12511,2025-07-26,  Cena  ,P-04,4
T-10995,2024-10-05,  Cena  ,P-23,2
T-14911,2025-05-06,N/A,P-25,4
T-17025,16/02/2024,N/A,P-16,1
T-12766,2025-01-01,Desayuno?,P-13,3
T-13351,2024-01-14,N/A,P-20,3
T-15763,2025-02-14,Cena,P-24,1
T-10363,2025-11-11,CENA,P-12,1
T-15502,2024-10-30,  Cena  ,P-17,1
T-11793,2025-05-09,N/A,P-08,2
T-11986,2024-01-27,Comida,P-03,4
T-14475,2024-08-25,Cena,P-01,1
T-14608,2025-02-04,  Cena  ,P-24,1
T-10482,2025-03-11,CENA,P-20,-1
T-14464,2024-12-03,Desayuno?,P-05,1
T-10713,2024-08-11,CENA,P-23,4
T-11953,2024-12-06,  Cena  ,P-11,1
T-15071,2025-05-10,,P-10,3
T-16838,2025-01-05,Desayuno?,P-04,4
T-17984,2024-02-02,Cena,P-22,1
T-17987,2025-07-28,N/A,P-11,1
T-16759,2024-04-15,comida,P-18,2
T-13047,2025-01-05,Comida,P-18,1
T-15735,2025-05-02,NULL,P-17,2
T-14597,2024-05-10,Desayuno?,P-23,2
T-16764,30/01/2024,N/A,P-24,3
T-15643,2024-05-12,  Cena  ,P-12,1
T-10114,2025-11-18,Comida,P-20,3
T-13441,03/12/2024,N/A,P-05,3
T-14442,2025-04-22,NULL,P-11,3
T-16622,2024-08-09,Desayuno?,P-08,4
T-14722,2025-02-23,comida,P-09,1
T-15546,2025-07-30,comida,P-07,1
T-12872,2024-10-24,NULL,P-18,2
T-15529,2024-06-13,Comida,P-25,4
T-10090,2025-12-20,comida,P-05,2
T-12724,2024-11-17,Comida,P-09,4
T-15626,2024-07-24,NULL,P-06,2
T-13983,2025-10-21,comida,P-03,2
T-16302,2025-06-25,Comida,P-18,4
T-12252,2024-02-13,,P-11,1
T-10761,2025-09-07,Desayuno?,P-21,2
T-14901,2025-07-08,NULL,P-05,4
T-13211,2024-03-09,Desayuno?,P-16,1
T-13009,2024-04-20,N/A,P-10,3
T-16900,2025-07-15,Comida,P-23,2
T-10110,2024-04-15,NULL,P-25,4
T-14945,2024-05-10,comida,P-23,4
T-17631,2024-02-18,Cena,P-08,1
T-15466,2025-03-20,comida,P-01,3
T-11928,2025-11-15,NULL,P-15,1
T-14388,2024-04-07,CENA,P-24,1
T-17478,2024-09-08,NULL,P-19,2
T-14940,2025-01-24,  Cena  ,P-16,4
T-17648,2024-03-31,N/A,P-23,2
T-15877,2025-02-11,Desayuno?,P-07,-1
T-10551,2024-10-24,CENA,P-14,3
T-12183,2024-03-07,comida,P-13,4
T-12385,2025-12-09,,P-01,4
T-14924,2024-03-28,CENA,P-04,2
T-16273,2025-01-14,Desayuno?,P-13,3
T-14828,2024-12-05,Desayuno?,P-24,4
T-14559,2025-10-21,CENA,P-04,3
T-11565,2024-05-06,Cena,P-02,3
T-17014,2025-10-13,Desayuno?,P-08,3
T-10570,25/03/2025,Cena,P-18,3
T-17862,2025-06-03,N/A,P-24,-1
T-17240,2025-06-02,N/A,P-01,2
T-11154,2025-05-03,  Cena  ,P-02,3
T-10477,2024-02-09,N/A,P-11,1
T-11420,2025-05-10,N/A,P-09,4
T-12984,2025-12-11,NULL,P-01,2
T-12583,2025-09-08,Cena,P-11,2
T-13263,2024-01-04,Desayuno?,P-15,2
T-14983,2024-09-20,Cena,P-18,3
T-12491,2025-07-11,CENA,P-05,3
T-15379,2024-09-11,comida,P-05,2
T-16586,2024-08-10,Cena,P-13,2
T-16150,2025-06-13,comida,P-12,3
T-12970,2025-03-29,Comida,P-02,2
T-13950,09/04/2025,CENA,P-03,1
T-17140,2025-02-06,comida,P-21,4
T-13497,2025-01-18,,P-20,4
T-16503,2024-05-28,Comida,P-15,1
T-11870,2025-05-30,NULL,P-25,2
T-14686,2025-04-14,N/A,P-22,1
T-17502,2024-02-03,comida,P-19,1
T-17114,2025-03-15,Comida,P-23,2
T-11023,2024-07-20,N/A,P-23,1
T-14256,2024-07-23,Desayuno?,P-13,3
T-15394,2025-07-07,Comida,P-14,3
T-13813,2024-04-20,CENA,P-20,1
T-10918,2025-01-28,NULL,P-16,4
T-15943,2025-01-31,Desayuno?,P-18,1
T-16097,2024-04-26,Cena,P-21,3
T-10756,2025-01-24,comida,P-15,1
T-13913,2024-11-07,N/A,P-12,4
T-12621,2024-05-23,Comida,P-13,4
T-15233,2024-04-17,CENA,P-20,2
T-10629,2025-02-03,Comida,P-99,4
T-15390,2025-10-17,Comida,P-22,3
T-13221,2025-09-05,NULL,P-05,3
T-14512,2024-02-16,NULL,P-03,-1
T-12566,2024-05-29,N/A,P-08,1
T-16728,2025-11-09,  Cena  ,P-03,3
T-12100,2024-03-06,NULL,P-10,3
T-10457,2025-02-16,Cena,P-07,2
T-15818,2025-04-03,Comida,P-25,3
T-17380,2024-10-31,  Cena  ,P-14,1
T-11862,2024-08-29,CENA,P-20,1
T-17199,2025-01-23,CENA,P-24,1
T-12040,2025-09-09,Comida,P-04,2
T-11141,2025-10-20,N/A,P-06,2
T-11971,2025-09-20,Comida,P-21,3
T-10093,2024-06-24,N/A,P-08,1
T-17063,2025-10-13,Desayuno?,P-04,1
T-10241,2025-12-19,Cena,P-13,4
T-13656,2025-04-15,Desayuno?,P-10,2
T-16243,2024-01-24,Cena,P-01,3
T-11408,2025-12-29,  Cena  ,P-11,4
T-12832,2025-12-10,CENA,P-18,4
T-17681,2024-04-26,NULL,P-20,1
T-15629,17/09/2024,,P-15,4
T-12805,2025-05-14,  Cena  ,P-18,2
T-17330,2024-07-04,Desayuno?,P-18,4
T-11649,2024-05-31,CENA,P-12,2
T-13286,2025-07-30,Cena,P-09,4
T-17297,2025-07-02,Desayuno?,P-06,4
T-11133,2025-07-16,N/A,P-12,3
T-15848,16/10/2024,comida,P-08,-1
T-17245,2024-06-17,Desayuno?,P-08,4
T-12067,2024-02-24,N/A,P-03,1
T-16942,2024-12-07,N/A,P-08,2
T-14899,2024-12-06,comida,P-02,4
T-12483,2024-12-12,CENA,P-09,3
T-15474,2024-07-08,NULL,P-13,1
T-11625,07/04/2024,comida,P-13,1
T-14409,12/04/2024,NULL,P-22,3
T-14742,2025-05-22,CENA,P-23,2
T-12608,2024-03-13,  Cena  ,P-17,2
T-15377,2025-08-12,N/A,P-04,4
T-10526,2024-01-24,Cena,P-03,-1
T-17623,2024-05-20,  Cena  ,P-06,4
T-13654,2024-01-03,NULL,P-08,3
T-16201,2024-09-13,comida,P-07,1
T-16114,2024-02-23,Desayuno?,P-09,3
T-15131,2025-02-15,Comida,P-06,3
T-17041,2025-09-05,NULL,P-21,1
T-13687,2025-12-14,CENA,P-11,2
T-13169,2025-04-17,Cena,P-15,3
T-11248,2024-03-29,N/A,P-22,3
T-11768,2025-09-24,NULL,P-18,2
T-13520,2024-01-03,NULL,P-17,2
T-14726,2025-07-21,CENA,P-24,3
T-10868,2024-10-28,CENA,P-24,1
T-17086,2024-03-14,  Cena  ,P-17,3
T-11930,2025-04-04,N/A,P-23,3
T-17391,14/07/2025,N/A,P-05,3
T-10226,2025-12-15,N/A,P-25,2
T-14506,16/05/2025,  Cena  ,P-25,1
T-14017,2025-11-05,  Cena  ,P-24,2
T-17523,2024-12-26,Cena,P-01,1
T-10358,2025-09-22,NULL,P-10,2
T-17516,2025-12-21,Desayuno?,P-12,2
T-15373,2025-03-03,NULL,P-11,2
T-11387,2024-07-31,NULL,P-18,2
T-11138,2025-06-28,,P-01,2
T-13753,2024-04-23,comida,P-19,2
T-16499,2024-12-18,  Cena  ,P-14,3
T-11881,2024-06-30,,P-05,2
T-15101,2025-01-19,  Cena  ,P-15,1
T-12219,02/09/2024,Desayuno?,P-07,3
T-12296,2024-04-03,Comida,P-99,2
T-10357,2025-08-24,Desayuno?,P-09,3
T-16740,2025-06-08,Comida,P-02,4
T-15077,2025-12-16,comida,P-13,1
T-17064,2025-09-13,Desayuno?,P-11,1
T-15830,2024-09-26,Cena,P-23,1
T-11307,2024-09-21,  Cena  ,P-16,1
T-10584,2024-07-17,comida,P-17,1
T-16186,2024-04-05,comida,P-21,3
T-17531,2024-06-16,Comida,P-21,1
T-14003,2025-01-04,NULL,P-99,1
T-17715,2025-10-18,Cena,P-11,4
T-10008,2024-12-04,Cena,P-17,2
T-10149,19/02/2024,CENA,P-02,2
T-13355,2024-12-11,N/A,P-19,3
T-13574,2024-08-20,Cena,P-13,3
T-17767,2025-04-21,Desayuno?,P-23,3
T-16386,2025-02-22,  Cena  ,P-23,1
T-16438,2024-05-02,Desayuno?,P-14,4
T-14203,2024-01-17,Cena,P-25,3
T-17008,2025-12-02,NULL,P-02,2
T-10300,2024-10-27,Comida,P-22,1
T-13248,2025-03-16,N/A,P-11,3
T-16666,2024-12-29,Comida,P-13,2
T-14942,2024-10-12,N/A,P-08,3
T-14922,2024-12-15,CENA,P-20,2
T-14492,2024-06-16,CENA,P-15,4
T-15539,2025-10-07,comida,P-02,1
T-15316,2025-01-23,comida,P-19,3
T-10530,2024-01-21,NULL,P-25,1
T-15318,2025-06-02,Cena,P-01,4
T-13673,2025-11-14,Cena,P-02,1
T-12015,2025-12-14,,P-16,3
T-11538,2025-07-25,CENA,P-02,3
T-10448,2025-01-19,N/A,P-12,1
T-12086,2024-10-17,  Cena  ,P-03,2
T-16611,2025-06-06,NULL,P-23,4
T-15305,2024-12-15,Comida,P-15,2
T-11704,2025-09-30,Desayuno?,P-14,2
T-17498,2024-04-24,comida,P-20,2
T-11120,2024-04-14,NULL,P-24,1
T-17094,2024-09-08,comida,P-16,4
T-13524,2025-04-16,CENA,P-24,4
T-14431,2025-05-19,NULL,P-08,4
T-13799,2024-12-14,Desayuno?,P-18,2
T-17639,2025-03-10,Desayuno?,P-21,2
T-12887,2024-06-08,CENA,P-12,3
T-14399,2025-08-02,  Cena  ,P-01,1
T-14504,2025-01-14,Comida,P-21,3
T-12951,2025-03-07,NULL,P-19,4
T-16731,2025-11-30,  Cena  ,P-18,1
T-13097,2025-02-26,N/A,P-23,3
T-11639,2024-11-18,Cena,P-04,3
T-17275,2024-09-15,  Cena  ,P-24,3
T-11000,2024-07-18,CENA,P-13,2
T-13387,2025-01-31,NULL,P-02,4
T-16278,2024-05-06,  Cena  ,P-14,1
T-11501,2024-09-05,Desayuno?,P-99,3
T-15202,2024-03-26,comida,P-15,1
T-11097,2024-03-23,comida,P-09,-1
T-17131,17/02/2024,  Cena  ,P-19,1
T-14685,2025-12-31,Cena,P-16,1
T-10179,2025-02-14,N/A,P-09,4
T-16640,2025-05-15,Desayuno?,P-06,4
T-15125,2024-02-26,CENA,P-08,4
T-14251,2025-09-25,CENA,P-99,1
T-17876,2025-06-25,Comida,P-14,2
T-17572,2025-01-29,Cena,P-24,3
T-11322,2025-12-09,Desayuno?,P-12,3
T-11409,14/08/2025,NULL,P-23,2
T-12931,2025-08-24,NULL,P-17,1
T-10804,2024-07-19,Desayuno?,P-10,2
T-13997,2025-05-02,Comida,P-01,4
T-15993,2025-01-29,NULL,P-14,1
T-12900,2025-04-30,Desayuno?,P-23,2
T-15928,2025-01-28,,P-12,2
T-12081,2024-12-09,Comida,P-03,2
T-15477,2025-01-14,Desayuno?,P-23,4
T-10422,2024-04-11,,P-17,1
T-10067,2025-06-27,CENA,P-14,3
T-17198,26/09/2025,,P-12,3
T-13208,2024-03-15,Desayuno?,P-14,2
T-16910,2025-11-07,NULL,P-14,1
T-17907,2024-05-10,Cena,P-07,4
T-10473,2024-11-12,comida,P-08,4
T-15299,2024-03-24,Cena,P-20,3
T-12387,2025-01-26,  Cena  ,P-09,2
T-16624,2024-12-26,comida,P-23,2
T-13318,12/06/2025,  Cena  ,P-17,3
T-12754,2025-05-16,Comida,P-19,4
T-12477,02/12/2025,N/A,P-15,2
T-14674,2025-03-03,  Cena  ,P-24,1
T-15046,2025-04-11,  Cena  ,P-22,4
T-16631,2024-09-09,N/A,P-12,3
T-12974,2025-03-16,comida,P-16,1
T-11293,2024-10-23,Comida,P-12,3
T-14320,2024-03-05,Comida,P-09,4
T-11487,2024-02-19,CENA,P-17,2
T-16991,2024-10-24,comida,P-07,3
T-13970,2024-06-04,Comida,P-15,1
T-15696,2024-11-17,NULL,P-09,4
T-14802,2025-12-14,Desayuno?,P-99,4
T-15031,17/01/2024,N/A,P-08,1
T-10662,2025-10-04,N/A,P-12,4
T-15410,2025-05-18,NULL,P-25,-1
T-12360,2024-10-12,  Cena  ,P-18,2
T-13889,2024-03-24,Cena,P-20,2
T-14264,2024-06-06,NULL,P-23,3
T-14603,2025-10-02,CENA,P-99,2
T-11441,2025-12-19,CENA,P-02,4
T-16102,2024-10-10,NULL,P-01,1
T-17938,2025-07-31,comida,P-15,4
T-14652,2025-06-05,NULL,P-13,4
T-15910,2024-12-13,  Cena  ,P-05,3
T-12403,2025-05-22,CENA,P-01,2
T-12600,2024-04-22,CENA,P-10,2
T-10986,2024-05-19,Cena,P-04,2
T-16159,2025-03-27,NULL,P-07,4
T-17375,2025-04-03,comida,P-22,2
T-16618,2025-04-01,Comida,P-05,4
T-15158,2024-06-26,  Cena  ,P-07,2
T-13431,2024-01-08,CENA,P-11,4
T-14393,2025-07-30,  Cena  ,P-19,1
T-17306,2024-10-08,comida,P-16,4
T-17019,2024-02-22,Comida,P-08,-1
T-13656,2025-07-26,NULL,P-24,4
T-16690,2024-04-18,Comida,P-19,2
T-13146,2025-08-28,comida,P-18,3
T-14320,2024-01-03,  Cena  ,P-15,1
T-14645,2025-10-31,Desayuno?,P-01,2
T-17002,2025-04-26,  Cena  ,P-99,1
T-17626,2024-05-22,Comida,P-03,2
T-16981,2024-10-13,comida,P-24,1
T-17230,2024-04-06,Desayuno?,P-05,4
T-14745,2024-04-27,Desayuno?,P-16,1
T-12892,2024-01-19,  Cena  ,P-01,2
T-17286,2025-02-25,Desayuno?,P-25,3
T-16717,2025-12-16,N/A,P-15,1
T-11123,2024-04-18,Comida,P-14,3
T-14887,2025-06-01,Cena,P-23,3
T-16181,2024-05-31,CENA,P-03,2
T-10013,2024-03-18,Cena,P-25,3
T-11925,2025-03-06,NULL,P-10,2
T-12286,2025-09-07,Desayuno?,P-25,1
T-14068,2024-11-29,comida,P-14,2
T-10866,2025-05-16,comida,P-22,3
T-15471,2024-03-17,Desayuno?,P-17,2
T-16171,2025-11-11,CENA,P-01,4
T-15392,2025-07-12,NULL,P-15,4
T-10607,2024-10-28,  Cena  ,P-02,1
T-13543,2025-11-07,Desayuno?,P-05,2
T-14679,2024-03-21,  Cena  ,P-10,1
T-10425,2025-01-22,Comida,P-05,1
T-13626,2024-02-19,Cena,P-10,3
T-14149,2024-06-09,Comida,P-06,3
T-17404,2024-01-21,,P-03,2
T-16181,2024-07-19,NULL,P-10,1
T-17155,2025-04-07,CENA,P-17,3
T-10976,2025-06-17,NULL,P-02,4
T-11900,2025-04-14,CENA,P-08,4
T-16484,2025-08-09,Cena,P-19,2
T-12369,2025-06-22,N/A,P-02,3
T-13045,2025-04-16,CENA,P-04,3
T-10696,2024-01-15,  Cena  ,P-12,4
T-16967,2025-03-05,NULL,P-09,1
T-10831,04/11/2024,N/A,P-09,1
T-11761,07/01/2025,Cena,P-09,1
T-16692,2025-11-09,  Cena  ,P-21,1
T-10810,2025-08-24,Cena,P-06,3
T-14941,2025-08-26,NULL,P-25,4
T-11424,2024-08-09,  Cena  ,P-15,2
T-16310,24/01/2024,CENA,P-09,1
T-16247,2025-02-10,comida,P-09,2
T-15633,2024-10-24,comida,P-08,4
T-15105,11/11/2024,Cena,P-01,3
T-15343,2024-02-25,CENA,P-19,2
T-17957,2024-03-25,Comida,P-11,3
T-16045,2024-02-28,NULL,P-24,1
T-15608,2025-12-03,  Cena  ,P-19,3
T-13312,2025-11-10,Comida,P-08,2
T-11747,2025-07-27,NULL,P-18,3
T-15111,2024-03-03,  Cena  ,P-23,3
T-15586,2024-11-05,N/A,P-18,1
T-10231,2025-12-12,  Cena  ,P-24,2
T-12382,2025-05-01,N/A,P-02,3
T-13013,2024-09-28,N/A,P-10,1
T-13104,2024-03-29,  Cena  ,P-05,4
T-15478,2025-02-05,NULL,P-20,1
T-12824,2025-12-06,NULL,P-01,2
T-11977,2025-01-05,CENA,P-12,4
T-12846,2025-08-08,Cena,P-23,2
T-15675,2024-09-08,NULL,P-25,2
T-12515,2025-08-21,Desayuno?,P-25,3
T-16444,2025-11-17,Cena,P-19,1
T-17362,2025-08-12,N/A,P-06,1
T-12230,2025-05-25,,P-21,4
T-12937,2025-01-24,Cena,P-20,1
T-15010,2024-08-23,Cena,P-18,4
T-17864,2024-01-10,Comida,P-13,4
T-14158,2024-09-12,Cena,P-24,4
T-10267,2025-12-20,CENA,P-19,1
T-13357,2024-12-16,NULL,P-11,1
T-15052,2025-02-24,Desayuno?,P-25,1
T-15848,18/08/2025,Desayuno?,P-10,3
T-11377,2024-03-06,Desayuno?,P-15,3
T-10358,25/03/2024,Comida,P-99,3
T-14788,2025-10-19,comida,P-25,3
T-12859,2025-05-15,Comida,P-03,2
T-10780,2025-02-02,Comida,P-02,4
T-11963,2025-09-09,comida,P-02,2
T-17672,2025-09-02,Comida,P-99,4
T-13447,2025-11-03,NULL,P-11,3
T-16429,2025-04-03,comida,P-18,3
T-10896,2024-03-06,N/A,P-18,1
T-13410,2024-09-01,Comida,P-22,1
T-10734,2024-11-25,Comida,P-22,3
T-14849,2025-01-07,comida,P-21,4
T-13019,2025-10-16,CENA,P-16,4
T-13348,2024-02-04,N/A,P-18,2
T-17472,2024-06-23,comida,P-09,1
T-17668,2024-11-08,Cena,P-07,2
T-16895,2025-09-29,NULL,P-06,3
T-15950,2025-02-10,NULL,P-24,2
T-15006,2024-07-17,CENA,P-08,1
T-11135,2025-01-03,Desayuno?,P-20,2
T-17912,2024-11-24,comida,P-22,4
T-13837,2025-11-21,Cena,P-05,1
T-17541,2024-04-21,NULL,P-22,2
T-12407,2024-02-06,CENA,P-05,1
T-15073,2025-12-23,NULL,P-20,2
T-17339,2025-09-15,CENA,P-10,4
T-11395,2024-06-28,  Cena  ,P-03,4
T-12084,2024-07-13,  Cena  ,P-20,4
T-10548,2024-06-19,comida,P-24,3
T-12974,2025-03-03,NULL,P-10,1
T-12668,2024-09-18,Desayuno?,P-23,1
T-13341,2025-01-13,CENA,P-17,3
T-17819,2024-02-08,,P-02,2
T-17881,2025-03-08,N/A,P-22,3
T-15264,2025-04-14,Desayuno?,P-21,1
T-11976,2024-05-17,  Cena  ,P-12,2
T-16815,2024-11-30,N/A,P-22,4
T-11374,2025-05-22,Desayuno?,P-04,1
T-14053,2025-11-13,comida,P-11,3
T-16130,2024-04-12,Comida,P-17,3
T-11942,2025-12-20,NULL,P-25,4
T-17486,2024-08-17,  Cena  ,P-06,1
T-10081,2024-06-08,NULL,P-19,4
T-15083,2025-05-03,NULL,P-14,2
T-15809,2025-09-27,comida,P-14,2
T-13100,2025-05-09,N/A,P-21,2
T-16874,2025-05-28,NULL,P-12,4
T-10705,2025-04-15,  Cena  ,P-18,2
T-17261,2025-07-30,comida,P-11,2
T-15870,2025-11-21,NULL,P-08,4
T-13810,2025-09-20,CENA,P-04,4
T-17581,2025-04-26,comida,P-20,3
T-17323,2024-09-15,Comida,P-25,2
T-11837,2024-10-25,Cena,P-13,2
T-17979,10/05/2024,NULL,P-14,4
T-12009,2024-10-09,  Cena  ,P-16,1
T-16278,2025-12-17,comida,P-17,4
T-13907,2025-07-24,CENA,P-14,4
T-15165,2025-07-01,Comida,P-20,3
T-16885,2024-01-05,NULL,P-17,2
T-17265,2025-07-29,Desayuno?,P-05,4
T-16677,2024-02-17,NULL,P-13,1
T-15278,2024-09-15,Comida,P-12,4
T-14883,2025-07-18,comida,P-10,3
T-10510,2024-09-10,N/A,P-05,4
T-14150,2025-10-17,CENA,P-17,4
T-17373,2024-09-26,,P-22,2
T-15720,2025-10-06,comida,P-08,1
T-10114,10/01/2025,,P-11,3
T-10138,2024-01-29,N/A,P-25,2
T-12716,2025-10-21,  Cena  ,P-10,2
T-17332,2025-03-28,Desayuno?,P-07,3
T-13460,2024-11-30,N/A,P-06,3
T-13866,2024-07-03,  Cena  ,P-23,3
T-12555,2025-01-16,Desayuno?,P-09,4
T-15050,2025-06-15,Desayuno?,P-13,1
T-10404,2025-03-04,Comida,P-02,3
T-13937,2025-03-22,comida,P-05,1
T-12538,2024-07-01,CENA,P-24,1
T-13396,2025-02-01,comida,P-04,4
T-13878,2025-10-01,comida,P-12,1
T-10296,2025-04-18,Cena,P-25,2
T-11862,2025-07-05,Comida,P-24,4
T-13076,2025-01-27,  Cena  ,P-19,3
T-16397,2025-05-04,Cena,P-05,3
T-10431,2024-04-07,  Cena  ,P-18,3
T-16487,2024-03-10,Cena,P-23,3
T-12493,2024-03-21,CENA,P-20,1
T-17842,2025-10-06,comida,P-01,2
T-16382,2025-01-31,NULL,P-03,4
T-11489,2025-03-13,comida,P-01,4
T-13880,2024-12-09,comida,P-03,1
T-10360,2024-02-15,NULL,P-16,2
T-12965,2024-11-18,Comida,P-14,3
T-16765,2025-03-02,N/A,P-21,3
T-14492,2024-07-22,N/A,P-11,3
T-14093,2025-08-26,N/A,P-08,1
T-13066,08/04/2024,  Cena  ,P-02,3
T-14355,2025-12-04,N/A,P-10,3
T-15720,2025-10-16,N/A,P-15,3
T-15053,2025-05-11,NULL,P-19,2
T-11094,2025-11-08,  Cena  ,P-05,3
T-13065,2024-10-04,Comida,P-11,2
T-14648,2025-12-17,Comida,P-99,4
T-11275,2025-05-27,CENA,P-01,2
T-15343,2025-08-30,Comida,P-01,2
T-10596,2024-08-07,NULL,P-03,4
T-13914,2025-07-06,NULL,P-03,4
T-14726,2025-07-16,CENA,P-14,3
T-11016,2025-06-05,NULL,P-18,2
T-10135,2024-07-31,CENA,P-08,2
T-14953,2024-05-25,Comida,P-02,1
T-11687,2025-09-15,,P-07,4
T-10043,2024-09-07,comida,P-12,3
T-16353,2024-06-05,  Cena  ,P-19,3
T-15850,2024-08-05,comida,P-11,2
T-14666,2024-09-28,comida,P-07,3
T-15065,2024-04-20,,P-04,3
T-13552,04/08/2024,  Cena  ,P-03,2
T-10090,2025-10-13,comida,P-02,4
T-17688,2024-05-19,comida,P-09,4
T-10402,2025-01-09,Comida,P-03,1
T-15765,2025-12-08,CENA,P-08,1
T-13073,2025-08-19,CENA,P-23,1
T-13911,2024-04-15,CENA,P-03,2
T-10512,2025-10-18,Desayuno?,P-24,4
T-14102,2024-04-05,NULL,P-15,1
T-16265,2024-12-14,Comida,P-20,4
T-14553,2025-02-14,Cena,P-05,3
T-10508,2024-11-25,CENA,P-22,4
T-11271,2025-01-31,NULL,P-20,2
T-11531,2024-04-17,,P-16,2
T-13878,2025-09-26,Desayuno?,P-17,4
T-13377,2025-05-25,CENA,P-18,1
T-17380,2024-12-21,CENA,P-20,4
T-14637,2025-08-28,NULL,P-03,2
T-13747,2024-05-27,Comida,P-03,4
T-16489,2025-04-21,Desayuno?,P-23,2
T-17089,2025-01-06,  Cena  ,P-04,2
T-11739,2025-04-03,Desayuno?,P-16,1
T-15747,2024-07-07,CENA,P-24,3
T-16135,2025-05-07,N/A,P-22,3
T-15483,2025-04-27,CENA,P-13,1
T-17908,2024-07-24,comida,P-19,4
T-11087,2025-05-27,  Cena  ,P-19,3
T-16701,2024-12-27,Desayuno?,P-25,4
T-12353,2024-07-27,  Cena  ,P-04,3
T-15730,2025-11-29,  Cena  ,P-01,3
T-12587,2024-10-08,Comida,P-23,4
T-17996,2025-10-29,Cena,P-16,3
T-12177,2025-08-31,NULL,P-23,4
T-16638,2024-02-16,comida,P-06,3
T-11167,2025-11-28,Cena,P-08,4
T-16744,2025-10-18,comida,P-09,3
T-12175,2025-06-02,NULL,P-15,3
T-11076,2025-06-25,Comida,P-14,1
T-14607,2025-03-16,comida,P-13,4
T-15302,2025-09-08,N/A,P-16,1
T-14209,2025-09-25,  Cena  ,P-06,2
T-10049,2024-02-13,,P-01,2
T-10135,2025-02-07,comida,P-13,3
T-11176,2025-04-13,Desayuno?,P-04,2
T-17353,2025-11-03,Desayuno?,P-02,3
T-11262,2025-03-29,CENA,P-06,4
T-10620,2025-06-01,CENA,P-14,3
T-14045,2024-11-24,comida,P-22,2
T-15159,2025-09-13,Comida,P-17,4
T-12587,2024-03-30,Cena,P-25,4
T-12222,2025-06-26,Comida,P-24,1
T-13710,2024-11-24,N/A,P-06,1
T-11615,10/12/2024,NULL,P-09,1
T-11631,2024-01-13,CENA,P-01,3
T-10525,2025-12-19,CENA,P-02,3
T-16838,2024-05-08,Desayuno?,P-02,2
T-10071,2024-06-18,NULL,P-10,2
T-14699,2024-04-29,CENA,P-17,3
T-10259,2024-04-23,  Cena  ,P-23,3
T-16778,2024-09-27,N/A,P-24,3
T-11073,2025-09-10,  Cena  ,P-21,3
T-13363,2024-03-09,Cena,P-25,4
T-10914,2024-07-18,Comida,P-02,4
T-10785,2024-10-05,,P-11,3
T-11585,2024-10-07,Desayuno?,P-16,2
T-15423,2024-10-27,Cena,P-24,1
T-14172,2024-02-14,NULL,P-06,4
T-10542,2025-07-02,comida,P-17,2
T-15579,2025-02-04,  Cena  ,P-05,2
T-16563,2024-06-13,Cena,P-24,2
T-16245,2024-10-11,NULL,P-24,4
T-16339,2025-06-10,N/A,P-21,1
T-15765,2025-04-09,Cena,P-23,1
T-12498,2024-07-27,  Cena  ,P-04,4
T-15946,2025-06-22,,P-09,1
T-13728,2025-11-28,,P-11,2
T-13821,2024-12-26,Desayuno?,P-23,4
T-10652,2025-09-06,Desayuno?,P-07,3
T-14977,2025-07-18,Desayuno?,P-14,1
T-16212,2025-09-22,  Cena  ,P-25,2
T-14275,2024-11-07,comida,P-24,2
T-11270,2024-07-24,NULL,P-21,4
T-16528,2024-01-21,NULL,P-14,2
T-16280,2025-05-31,Cena,P-06,1
T-14149,2025-06-10,NULL,P-10,3
T-16009,2025-09-22,NULL,P-10,4
T-17040,2024-06-25,Comida,P-16,4
T-15653,2025-01-20,Cena,P-13,4
T-14705,2024-01-14,comida,P-09,4
T-12010,2024-07-14,Comida,P-01,3
T-12522,2025-01-13,CENA,P-24,2
T-12434,2025-02-06,N/A,P-10,1
T-17225,19/05/2024,CENA,P-20,4
T-13112,2025-04-25,NULL,P-01,4
T-17739,2025-01-17,N/A,P-17,3
T-16732,2025-01-07,Desayuno?,P-16,3
T-16592,2025-05-10,N/A,P-18,2
T-14541,2024-07-07,Cena,P-06,1
T-12136,2025-05-07,N/A,P-23,4
T-17245,2025-01-18,  Cena  ,P-04,1
T-13236,2024-08-26,comida,P-25,1
T-14215,2024-02-04,Desayuno?,P-99,4
T-11202,2024-03-30,Desayuno?,P-02,4
T-16808,2024-04-26,N/A,P-06,3
T-10127,2025-12-03,Cena,P-20,3
T-16111,2024-04-08,Comida,P-18,2
T-14482,2024-08-14,N/A,P-07,3
T-17900,2024-06-03,NULL,P-24,3
T-17885,2024-03-17,Comida,P-19,2
T-16741,2025-08-19,Comida,P-14,4
T-10456,2024-04-29,NULL,P-07,4
T-16649,2025-04-19,  Cena  ,P-19,2
T-16476,2025-11-16,comida,P-07,1
T-17600,2024-04-14,N/A,P-07,2
T-16522,18/05/2024,N/A,P-13,3
T-11650,2025-11-12,  Cena  ,P-07,2
T-14532,2025-07-16,  Cena  ,P-09,4
T-17784,2025-10-21,  Cena  ,P-23,2
T-12092,2025-08-27,comida,P-23,2
T-13072,2025-09-08,CENA,P-11,3
T-16101,2025-03-06,Comida,P-17,4
T-16293,2024-01-22,NULL,P-23,1
T-11765,2025-04-24,N/A,P-08,2
T-11006,2025-01-19,,P-07,4
T-11110,2024-11-05,comida,P-20,4
T-12859,2024-07-25,  Cena  ,P-23,1
T-17260,2024-12-25,NULL,P-05,4
T-12594,2025-06-23,Desayuno?,P-03,1
T-13791,2025-09-19,NULL,P-13,1
T-12791,2025-05-10,Cena,P-09,4
T-15462,2024-06-04,N/A,P-08,4
T-13168,2025-12-22,  Cena  ,P-04,1
T-13944,2024-09-29,Cena,P-19,3
T-10540,2025-10-07,CENA,P-19,4
T-10624,2024-09-17,Comida,P-21,2
T-17587,25/11/2024,CENA,P-05,3
T-14383,2025-06-11,CENA,P-03,2
T-14838,2024-03-13,Comida,P-05,1
T-15001,2024-09-23,N/A,P-11,4
T-17209,2024-08-16,CENA,P-16,2
T-13917,2025-01-12,Desayuno?,P-06,4
T-16127,2025-04-24,Comida,P-03,2
T-12151,2024-09-06,comida,P-18,3
T-12550,2024-09-25,Cena,P-21,3
T-16762,2024-03-18,N/A,P-10,1
T-10479,2024-01-11,Cena,P-01,1
T-17373,2024-10-28,CENA,P-19,3
T-15354,2025-11-25,comida,P-11,2
T-15514,2025-09-29,CENA,P-10,4
T-11191,07/09/2024,CENA,P-24,2
T-10248,2024-06-01,NULL,P-03,2
T-11237,2024-09-03,Comida,P-23,3
T-15768,2024-04-22,Cena,P-21,1
T-14403,2025-12-29,CENA,P-15,2
T-11266,2024-02-15,,P-22,2
T-14372,2024-04-13,NULL,P-12,4
T-11247,2025-03-20,N/A,P-20,3
T-11113,2025-01-05,NULL,P-20,2
T-14740,2024-10-15,N/A,P-18,3
T-17796,23/01/2025,CENA,P-08,2
T-15764,2025-08-26,N/A,P-06,4
T-14231,2025-08-04,  Cena  ,P-14,1
T-16317,2025-01-28,comida,P-16,2
T-14552,17/03/2025,Desayuno?,P-19,4
T-12500,2025-01-14,Desayuno?,P-04,1
T-13805,2025-01-31,  Cena  ,P-13,4
T-16591,2024-06-27,N/A,P-05,2
T-15114,2024-08-02,Cena,P-03,-1
T-15626,2025-03-28,Comida,P-11,1
T-15652,2025-05-19,NULL,P-13,2
T-10512,19/04/2024,N/A,P-22,2
T-10575,2025-02-18,  Cena  ,P-24,4
T-14529,2024-03-24,Cena,P-01,3
T-16648,2024-06-17,  Cena  ,P-13,1
T-13554,2025-07-07,Cena,P-17,2
T-16424,2024-08-25,Comida,P-04,2
T-15885,2025-12-08,Desayuno?,P-11,3
T-17759,2024-04-29,NULL,P-14,2
T-14678,2025-04-04,  Cena  ,P-21,2
T-14516,2024-02-29,CENA,P-11,3
T-12262,2025-07-30,Cena,P-07,2
T-11581,2025-10-17,Cena,P-02,4
T-10608,2024-03-10,Desayuno?,P-04,1
T-11282,2025-05-13,Comida,P-03,3
T-12406,2025-07-12,NULL,P-16,4
T-11446,2024-09-11,Cena,P-08,-1
T-12124,2025-05-30,Cena,P-15,1
T-13059,2024-06-21,CENA,P-13,4
T-10561,2025-04-03,Desayuno?,P-07,1
T-16811,2024-01-23,comida,P-09,1
T-12012,2024-11-15,  Cena  ,P-09,3
T-12387,2024-10-07,N/A,P-24,1
T-17455,2024-05-22,CENA,P-21,4
T-10306,2025-10-19,N/A,P-06,4
T-15099,2024-04-13,NULL,P-16,1
T-17452,2024-06-25,N/A,P-10,4
T-14438,2025-08-29,Cena,P-04,4
T-17140,2025-08-14,N/A,P-21,2
T-16846,2025-11-28,Cena,P-12,3
T-15592,2025-03-01,Cena,P-24,4
T-10971,2025-10-22,Desayuno?,P-04,2
T-11320,2024-02-08,N/A,P-18,2
T-12248,2025-12-30,N/A,P-21,4
T-10143,2025-03-06,comida,P-18,3
T-16914,2025-08-02,N/A,P-09,1
T-13438,2025-08-24,comida,P-18,3
T-13687,2024-05-05,CENA,P-14,3
T-10760,2024-12-21,  Cena  ,P-17,4
T-13978,2025-05-21,Desayuno?,P-03,4
T-11043,2025-11-18,Desayuno?,P-06,4
T-14147,2024-05-04,Cena,P-19,2
T-15104,2025-12-06,,P-01,4
T-11515,2024-04-27,Comida,P-06,4
T-12294,2024-12-08,  Cena  ,P-15,4
T-16801,2025-04-14,N/A,P-17,4
T-14802,2024-08-24,Desayuno?,P-25,3
T-17125,2024-02-04,  Cena  ,P-18,3
T-15161,2024-10-29,Desayuno?,P-13,2
T-15568,2024-03-14,N/A,P-23,3
T-13980,2025-11-11,comida,P-17,1
T-14434,2025-09-06,comida,P-21,2
T-13259,02/06/2025,Cena,P-02,1
T-12997,2024-02-08,  Cena  ,P-10,3
T-15745,2024-09-29,Cena,P-18,4
T-11277,2024-02-29,  Cena  ,P-16,2
T-14938,2024-04-10,Desayuno?,P-18,4
T-16253,2025-05-25,Cena,P-04,4
T-11019,2025-06-03,comida,P-25,2
T-10288,24/01/2025,NULL,P-17,3
T-14808,2024-08-01,Desayuno?,P-03,2
T-14035,2025-01-26,NULL,P-99,1
T-17478,2025-03-29,CENA,P-21,4
T-13388,2024-05-09,N/A,P-20,3
T-11458,2025-02-07,comida,P-02,1
T-11322,2024-12-08,Desayuno?,P-06,2
T-16389,2025-09-04,NULL,P-09,4
T-17162,2024-12-27,  Cena  ,P-21,4
T-15807,2025-11-04,N/A,P-01,2
T-11536,2024-07-21,Desayuno?,P-02,1
T-12890,2025-06-10,comida,P-20,1
T-12502,2025-04-05,Comida,P-06,2
T-14458,2025-01-23,Desayuno?,P-24,3
T-13291,21/04/2025,Cena,P-09,1
T-10547,2024-05-09,  Cena  ,P-11,1
T-11384,2024-05-08,Desayuno?,P-14,4
T-10412,18/05/2024,CENA,P-25,4
T-14385,2025-04-23,CENA,P-01,4
T-16710,2024-10-16,Cena,P-03,4
T-11033,2025-10-02,comida,P-02,1
T-11512,2025-08-07,NULL,P-07,2
T-10274,2025-07-03,NULL,P-20,1
T-13374,2025-02-21,comida,P-25,1
T-13403,2025-08-13,  Cena  ,P-21,2
T-13534,2025-10-30,CENA,P-10,2
T-10977,2024-10-22,Cena,P-05,2
T-11576,2024-02-02,comida,P-04,4
T-12279,2025-08-25,Desayuno?,P-17,4
T-10533,2024-03-26,comida,P-14,4
T-16331,05/10/2024,CENA,P-19,3
T-11815,2025-08-15,Desayuno?,P-25,3
T-15936,2024-02-19,comida,P-11,3
T-17184,2024-04-24,comida,P-11,4
T-15242,2025-07-05,  Cena  ,P-10,2
T-12121,2025-05-09,  Cena  ,P-25,2
T-12726,2025-11-14,Desayuno?,P-12,2
T-10531,2025-07-16,Desayuno?,P-06,4
T-12746,2024-07-13,Cena,P-10,4
T-14098,2024-09-14,Cena,P-20,3
T-14379,17/12/2025,N/A,P-09,3
T-10532,2025-12-05,N/A,P-23,4
T-10587,2024-08-11,CENA,P-09,3
T-13384,2025-09-29,CENA,P-18,3
T-14600,2025-06-15,Cena,P-16,2
T-14149,2025-01-31,Desayuno?,P-19,4
T-15862,2025-04-28,Comida,P-10,4
T-10809,2024-04-26,Cena,P-01,1
T-12672,2024-02-08,Desayuno?,P-99,3
T-11987,2025-12-11,Desayuno?,P-17,2
T-10079,03/02/2025,comida,P-18,1
T-15519,2024-09-20,NULL,P-22,1
T-16156,2025-12-10,comida,P-21,4
T-14968,2025-09-15,Desayuno?,P-25,1
T-14390,2024-05-02,NULL,P-10,1
T-11224,2025-02-08,Cena,P-25,3
T-17713,2025-07-24,Cena,P-12,2
T-16509,2025-08-27,Cena,P-01,4
T-15122,2024-10-15,NULL,P-15,2
T-16344,2024-09-11,  Cena  ,P-16,3
T-11732,2024-03-19,N/A,P-23,3
T-12738,2025-10-08,N/A,P-08,3
T-17082,2025-07-18,NULL,P-12,4
T-10446,2025-12-09,  Cena  ,P-25,3
T-14417,2025-01-04,Desayuno?,P-15,1
T-12731,2025-11-10,Desayuno?,P-04,2
T-12809,2024-03-16,NULL,P-08,3
T-10238,2024-07-27,,P-15,4
T-15204,2025-10-05,CENA,P-22,3
T-11754,2024-03-22,N/A,P-08,2
T-10183,2025-10-26,Comida,P-03,3
T-15796,2025-09-20,Comida,P-22,1
T-14543,2024-10-12,CENA,P-14,4
T-12533,2025-09-14,Comida,P-10,4
T-12725,2025-10-20,N/A,P-13,4
T-11317,2024-01-08,Comida,P-19,1
T-16024,2024-06-20,Comida,P-02,3
T-11797,2025-10-31,CENA,P-20,3
T-15858,2024-01-10,Cena,P-04,2
T-14119,2024-06-18,,P-17,4
T-16969,27/11/2024,N/A,P-25,1
T-15943,2024-08-08,Comida,P-07,3
T-15007,2024-01-04,  Cena  ,P-09,1
T-13033,2024-10-29,  Cena  ,P-04,3
T-17245,2025-11-22,  Cena  ,P-10,2
T-16945,2025-09-04,CENA,P-09,1
T-10834,2024-04-11,,P-20,3
T-16548,2024-07-30,Desayuno?,P-25,4
T-13276,2024-06-07,comida,P-13,2
T-16020,2025-09-27,CENA,P-11,2
T-11134,2024-04-20,Comida,P-11,1
T-15923,2024-08-02,,P-99,4
T-14308,2024-12-05,,P-06,4
T-17741,2025-08-08,,P-15,4
T-12462,2025-11-03,Comida,P-06,1
T-11354,2025-04-17,CENA,P-24,3
T-17102,2025-07-24,CENA,P-04,2
T-12368,2025-12-10,Cena,P-18,3
T-17829,2025-03-23,NULL,P-04,2
T-13351,2025-08-18,CENA,P-20,2
T-16175,2024-02-22,Comida,P-18,1
T-17111,2024-08-31,,P-03,2
T-17581,2024-02-05,comida,P-11,2
T-16829,2025-06-04,comida,P-19,2
T-16215,2024-05-28,Comida,P-18,1
T-12770,2025-09-18,Cena,P-22,1
T-13870,2025-08-11,Desayuno?,P-09,4
T-10916,2025-03-03,Desayuno?,P-99,4
T-11125,2024-05-10,comida,P-23,1
T-12392,2024-05-02,Cena,P-14,1
T-13399,2025-11-18,Desayuno?,P-15,1
T-17319,2025-02-03,Cena,P-11,1
T-10880,2024-09-29,Comida,P-04,2
T-16849,2024-11-14,  Cena  ,P-25,4
T-15972,2025-02-11,NULL,P-16,2
T-14704,2024-08-25,N/A,P-99,1
T-14002,2024-03-31,,P-08,3
T-15327,2024-05-04,Cena,P-05,1
T-13577,2025-04-23,N/A,P-07,2
T-14443,2025-12-02,Desayuno?,P-08,4
T-10293,2025-07-31,Desayuno?,P-21,3
T-11906,07/07/2024,Cena,P-02,3
T-12205,2024-07-24,N/A,P-04,2
T-13375,2025-11-10,  Cena  ,P-06,1
T-16410,2025-08-13,N/A,P-20,2
T-14451,2024-12-06,N/A,P-09,3
T-10111,2024-09-21,  Cena  ,P-17,2
T-12964,2024-04-04,CENA,P-12,1
T-12597,26/04/2024,CENA,P-19,2
T-16239,27/03/2024,CENA,P-07,3
T-17108,2024-10-25,,P-09,2
T-17736,2024-12-28,Comida,P-04,2
T-15985,2024-04-09,,P-17,1
T-14863,2024-10-12,NULL,P-24,3
T-17861,2024-02-17,,P-21,3
T-10558,2025-10-27,N/A,P-23,3
T-15734,2024-05-20,comida,P-06,3
T-14069,2024-05-18,Cena,P-07,4
T-13782,2024-11-27,NULL,P-01,2
T-14656,2024-04-04,comida,P-25,1
T-10313,2025-03-29,N/A,P-25,1
T-14460,2025-06-23,Comida,P-09,4
T-14128,2024-04-23,NULL,P-99,2
T-10098,2024-06-15,Cena,P-07,3
T-16581,2024-12-13,N/A,P-25,3
T-12394,2024-11-21,N/A,P-05,3
T-17451,2024-11-14,N/A,P-10,1
T-16583,2024-04-06,NULL,P-13,1
T-14090,2025-02-19,Cena,P-05,1
T-10511,2024-06-08,CENA,P-09,1
T-14850,2025-01-25,NULL,P-19,1
T-14048,2025-05-20,comida,P-01,1
T-14458,2024-08-18,CENA,P-14,3
T-13022,2025-08-08,NULL,P-23,3
T-10809,2025-04-29,CENA,P-03,2
T-15140,2024-04-20,Cena,P-06,1
T-16656,2025-06-17,Comida,P-25,2
T-17949,2024-04-04,Desayuno?,P-18,3
T-17072,2024-07-14,N/A,P-04,2
T-15013,2025-12-26,NULL,P-10,2
T-14955,2025-04-07,N/A,P-17,1
T-11890,24/06/2024,Desayuno?,P-06,1
T-13664,2025-07-23,NULL,P-13,3
T-15511,2025-11-05,Cena,P-10,4
T-15792,2024-08-15,  Cena  ,P-05,3
T-16497,2024-10-20,N/A,P-12,4
T-17963,2024-12-01,comida,P-13,3
T-13859,2024-07-10,  Cena  ,P-24,2
T-14796,2025-01-09,comida,P-01,4
T-11238,2024-04-01,Comida,P-22,1
T-11867,2024-05-25,CENA,P-10,2
T-15223,2024-12-30,N/A,P-01,2
T-10567,2025-01-28,N/A,P-06,1
T-15813,2025-04-14,  Cena  ,P-10,2
T-14012,2024-07-14,N/A,P-02,1
T-10928,2024-03-30,N/A,P-03,3
T-17754,2025-11-08,Cena,P-19,2
T-13692,2025-04-13,CENA,P-13,2
T-13859,2025-08-19,NULL,P-24,1
T-12489,2025-05-18,N/A,P-17,1
T-14072,2024-06-20,CENA,P-04,2
T-15516,2025-04-30,Cena,P-25,2
T-16987,2024-12-21,NULL,P-16,4
T-15018,2024-12-25,comida,P-23,4
T-11936,2024-04-12,  Cena  ,P-02,1
T-11630,2024-02-28,N/A,P-06,2
T-14429,2025-05-12,Desayuno?,P-06,2
T-10513,2025-05-31,N/A,P-16,2
T-15366,2024-09-30,Comida,P-18,4
T-13636,2025-11-29,,P-04,4
T-13322,2024-04-07,Desayuno?,P-08,2
T-16894,2025-01-23,NULL,P-18,1
T-13606,2024-03-05,Cena,P-17,2
T-12869,26/06/2024,  Cena  ,P-17,4
T-13574,2025-09-26,Comida,P-12,4
T-14991,2025-05-19,CENA,P-07,2
T-12032,2025-10-31,NULL,P-07,3
T-10934,2024-07-27,Comida,P-24,3
T-15770,2024-01-02,NULL,P-21,1
T-12605,2024-02-03,Comida,P-99,1
T-17087,2025-06-06,NULL,P-22,1
T-17824,2024-12-06,  Cena  ,P-06,3
T-11269,2025-01-12,  Cena  ,P-25,3
T-14613,01/05/2025,  Cena  ,P-12,2
T-14864,2025-10-12,Desayuno?,P-08,4
T-11266,2025-09-22,Cena,P-15,3
T-13532,2024-02-09,Cena,P-21,-1
T-13440,05/02/2025,Desayuno?,P-16,1
T-13991,2024-04-29,NULL,P-16,3
T-10583,2024-11-02,Comida,P-05,4
T-13173,2025-12-27,,P-12,2
T-11106,2024-03-24,Cena,P-17,1
T-17418,2025-11-26,Comida,P-25,1
T-15032,2024-06-01,CENA,P-06,4
T-10436,2025-07-26,NULL,P-22,2
T-11759,2024-01-05,CENA,P-22,2
T-15059,2024-08-13,N/A,P-20,1
T-14659,2025-06-30,N/A,P-01,1
T-16115,2024-12-12,comida,P-13,1
T-14235,2024-04-01,Cena,P-15,4
T-13453,2024-04-30,N/A,P-19,3
T-11757,2024-07-05,N/A,P-14,4
T-10933,2025-05-20,Cena,P-24,3
T-14456,2024-06-10,Desayuno?,P-18,2
T-12336,2024-05-30,CENA,P-04,1
T-17733,2025-12-19,NULL,P-17,2
T-10066,2024-07-17,,P-20,2
T-10222,2024-01-17,  Cena  ,P-09,1
T-14169,2024-08-13,,P-06,1
T-15525,2025-08-05,Cena,P-13,4
T-14967,2025-11-04,Cena,P-03,1
T-14868,2024-05-12,N/A,P-24,3
T-12575,2025-04-04,N/A,P-17,1
T-12971,2025-10-10,  Cena  ,P-03,3
T-13288,2025-03-24,Desayuno?,P-18,3
T-12585,2024-04-20,Desayuno?,P-01,1
T-16992,2025-09-02,CENA,P-24,3
T-10658,2025-05-21,Desayuno?,P-22,1
T-16497,2024-07-28,comida,P-08,2
T-17306,2024-12-17,comida,P-15,2
T-17398,2024-04-23,CENA,P-11,4
T-12948,2025-10-22,CENA,P-06,1
T-10063,2024-01-08,,P-17,2
T-14899,2025-06-07,Comida,P-15,4
T-10083,2025-02-28,Cena,P-25,4
T-12980,2025-11-02,Desayuno?,P-24,4
T-11117,2024-06-20,  Cena  ,P-11,1
T-15118,01/01/2025,  Cena  ,P-03,3
T-12292,2025-12-12,Cena,P-06,4
T-17359,2024-01-10,comida,P-02,2
T-17541,2024-10-26,Cena,P-01,4
T-12093,2025-05-12,comida,P-21,2
T-16603,2024-01-27,N/A,P-03,1
T-11484,2024-05-19,  Cena  ,P-02,-1
T-17408,2024-05-04,Cena,P-22,3
T-13957,2024-06-24,CENA,P-08,4
T-10888,2024-08-20,Comida,P-07,2
T-10654,2024-10-10,comida,P-17,2
T-14093,2025-11-14,  Cena  ,P-10,2
T-10666,2025-07-22,N/A,P-04,4
T-14241,2025-12-01,NULL,P-19,4
T-13459,2024-11-07,Comida,P-19,2
T-12140,2025-04-20,Comida,P-13,2
T-13558,2024-02-14,  Cena  ,P-16,1
T-10752,2025-04-01,  Cena  ,P-06,4
T-11096,2024-01-18,Desayuno?,P-13,3
T-14122,2024-08-10,Comida,P-14,2
T-13803,2025-06-17,Comida,P-24,2
T-11831,2025-10-13,Cena,P-15,4
T-17632,2024-03-16,comida,P-14,1
T-11023,2024-03-16,N/A,P-04,2
T-10044,2024-03-01,N/A,P-19,2
T-13020,2025-12-10,Desayuno?,P-23,4
T-12930,2025-08-02,NULL,P-11,1
T-11969,2024-01-25,Comida,P-15,1
T-13290,2025-10-11,Cena,P-12,-1
T-12829,2024-11-03,Desayuno?,P-02,3
T-11022,2024-03-30,,P-06,2
T-13578,2024-11-19,CENA,P-03,2
T-15740,2024-01-28,Desayuno?,P-04,4
T-15264,2025-01-25,comida,P-20,3
T-12706,2025-03-14,NULL,P-20,2
T-11085,2024-08-01,Cena,P-08,2
T-17546,2025-12-14,Desayuno?,P-20,3
T-16325,2025-02-15,Desayuno?,P-11,1
T-16668,2024-09-28,N/A,P-05,2
T-13962,2025-06-21,Comida,P-18,1
T-11663,2025-09-18,N/A,P-16,3
T-17073,2025-10-24,NULL,P-01,4
T-10822,02/06/2024,CENA,P-16,3
T-10638,2024-06-03,Desayuno?,P-11,2
T-14758,2025-05-27,Comida,P-15,3
T-16468,2025-07-31,NULL,P-06,1
T-13173,2025-03-06,  Cena  ,P-11,4
T-13213,2025-02-15,NULL,P-18,4
T-14298,2024-03-02,CENA,P-22,1
T-10430,2025-07-20,Comida,P-19,4
T-12625,2024-07-15,N/A,P-13,4
T-13957,2025-07-01,,P-02,3
T-12226,03/07/2025,Desayuno?,P-01,4
T-10318,2024-11-04,NULL,P-12,4
T-13291,2025-11-14,,P-07,1
T-16569,2025-04-24,NULL,P-15,1
T-10094,2024-05-04,N/A,P-04,3
T-12998,2025-01-06,  Cena  ,P-21,3
T-12954,2024-04-23,N/A,P-02,1
T-17946,2025-04-18,Cena,P-07,4
T-16693,04/08/2024,comida,P-22,4
T-16311,2025-02-24,  Cena  ,P-18,4
T-14565,2024-08-10,NULL,P-23,3
T-14163,07/06/2025,comida,P-22,4
T-16261,2025-03-29,Cena,P-20,2
T-14231,2025-06-22,Comida,P-12,4
T-12528,2024-11-13,N/A,P-21,4
T-17031,10/09/2025,NULL,P-21,2
T-13650,2025-12-04,  Cena  ,P-20,4
T-17750,2024-07-27,N/A,P-16,2
T-12380,2025-02-18,N/A,P-25,2
T-14757,2024-03-05,CENA,P-12,2
T-12289,2025-10-22,,P-23,2
T-12995,2024-01-31,,P-10,3
T-16532,2024-05-20,  Cena  ,P-01,2
T-15143,2024-05-06,N/A,P-09,4
T-14294,2024-09-14,Cena,P-16,1
T-17146,2025-09-14,Comida,P-06,3
T-13157,26/12/2025,Desayuno?,P-02,2
T-13956,2024-07-12,Comida,P-14,2
T-17836,2024-01-05,Cena,P-13,2
T-16702,2024-12-25,comida,P-04,3
T-10572,2024-06-08,Comida,P-12,2
T-13404,2024-01-14,Comida,P-09,2
T-11774,2024-08-07,CENA,P-14,3
T-15386,2025-01-04,Comida,P-14,4
T-12588,2025-08-30,N/A,P-12,2
T-14050,2025-01-02,  Cena  ,P-10,1
T-14190,2025-04-24,N/A,P-05,1
T-14837,2024-11-14,CENA,P-05,4
T-12414,2025-02-22,comida,P-15,4
T-15112,2024-12-18,N/A,P-05,4
T-13411,2025-07-03,Cena,P-02,3
T-16415,2025-01-13,Cena,P-12,2
T-16105,2024-06-21,CENA,P-05,3
T-15229,2024-01-29,Desayuno?,P-11,3
T-12866,2024-10-10,  Cena  ,P-01,3
T-14940,2025-07-15,N/A,P-13,1
T-13748,2024-12-29,NULL,P-06,1
T-14725,2024-04-14,N/A,P-20,2
T-10143,2024-09-07,comida,P-18,3
T-14772,2025-12-18,  Cena  ,P-07,1
T-15396,2024-05-27,Comida,P-06,1
T-14039,2025-05-21,Comida,P-19,4
T-17221,2024-11-16,NULL,P-04,2
T-10765,2024-06-14,Desayuno?,P-15,4
T-16657,2025-01-18,CENA,P-04,2
T-14768,2024-11-15,NULL,P-21,4
T-12293,01/01/2025,Desayuno?,P-10,4
T-14242,2024-09-08,NULL,P-13,3
T-10968,2024-07-04,N/A,P-22,2
T-16663,2025-03-24,NULL,P-03,4
T-17586,2024-11-17,NULL,P-24,2
T-16070,2024-01-24,,P-10,1
T-17944,2024-02-23,  Cena  ,P-21,1
T-12864,2025-06-04,Comida,P-23,1
T-13837,2025-03-28,Desayuno?,P-10,4
T-17353,2025-06-03,comida,P-22,1
T-16726,2024-08-25,N/A,P-18,3
T-13756,2025-04-26,,P-13,4
T-12635,2024-06-11,Desayuno?,P-99,4
T-12195,2024-10-08,CENA,P-23,4
T-15133,2024-03-24,Desayuno?,P-23,4
T-10144,2024-03-24,comida,P-23,3
T-12223,2025-12-14,CENA,P-10,2
T-16658,2024-01-28,CENA,P-04,2
T-15933,2024-09-22,CENA,P-13,3
T-15292,2025-08-25,Comida,P-17,4
T-10974,2024-09-23,Cena,P-17,1
T-13303,2025-12-22,  Cena  ,P-18,2
T-16401,2025-01-17,NULL,P-18,2
T-14095,2025-07-20,NULL,P-06,3
T-15383,2024-03-24,Desayuno?,P-16,4
T-10067,2024-11-30,,P-21,4
T-13917,2025-05-26,Comida,P-12,3
T-15068,2024-06-24,  Cena  ,P-20,3
T-12793,2024-11-15,Desayuno?,P-06,4
T-16807,2024-03-30,comida,P-15,3
T-12253,2024-05-25,Desayuno?,P-19,4
T-17823,2024-09-27,Cena,P-23,3
T-10459,2025-12-31,Comida,P-18,3
T-10495,2024-06-15,comida,P-06,3
T-17055,2025-06-07,NULL,P-08,2
T-12128,2024-01-23,  Cena  ,P-08,1
T-12237,2024-09-09,N/A,P-25,4
T-10034,2024-09-03,NULL,P-21,1
T-17076,2025-12-03,comida,P-14,1
T-10003,2025-11-09,comida,P-12,3
T-14413,2024-03-29,Comida,P-16,1
T-10020,2025-12-20,Comida,P-10,2
T-11582,2025-09-10,  Cena  ,P-19,4
T-11022,2025-02-01,Comida,P-17,3
T-14534,2024-12-17,N/A,P-19,1
T-16772,2024-03-21,Cena,P-11,1
T-10401,2024-12-11,CENA,P-06,-1
T-10036,2024-01-11,Cena,P-14,3
T-13437,2024-10-13,N/A,P-09,2
T-11135,2024-10-10,CENA,P-11,1
T-13826,2024-05-04,Desayuno?,P-11,1
T-12228,2024-02-12,comida,P-02,3
T-13949,2024-06-23,comida,P-99,4
T-11365,2025-03-27,Desayuno?,P-99,2
T-15820,2024-05-16,Cena,P-18,4
T-14269,2024-08-05,Cena,P-07,4
T-13983,2025-09-15,comida,P-07,4
T-15963,2024-10-30,Comida,P-14,2
T-12087,2025-01-22,NULL,P-24,3
T-11058,2024-12-12,  Cena  ,P-03,3
T-10155,2025-02-27,Cena,P-24,1
T-15849,2024-11-27,Desayuno?,P-17,1
T-14784,2024-12-23,N/A,P-20,1
T-17986,2025-01-31,Desayuno?,P-02,1
T-14025,2025-12-20,Desayuno?,P-07,1
T-12721,2025-03-17,CENA,P-04,4
T-10356,2024-12-13,Comida,P-25,2
T-10199,2025-02-26,NULL,P-05,1
T-11843,2025-01-29,comida,P-14,1
T-11445,2025-10-09,N/A,P-09,2
T-14428,2025-06-24,N/A,P-03,4
T-17893,2024-05-29,Comida,P-18,3
T-13326,2025-12-29,Cena,P-21,4
T-16273,2025-03-19,Cena,P-20,3
T-16431,2025-07-13,Cena,P-20,4
T-15797,2024-04-04,,P-19,3
T-10795,2025-03-28,NULL,P-17,2
T-13884,2025-10-09,,P-01,4
T-13611,2025-02-27,  Cena  ,P-08,4
T-10799,2024-05-29,CENA,P-01,-1
T-13917,2025-02-05,Cena,P-10,2
T-10542,2024-12-31,Comida,P-02,3
T-11038,2024-03-07,comida,P-16,1
T-14251,2025-05-25,Cena,P-06,4
T-10878,2024-02-08,NULL,P-02,3
T-15996,2025-03-04,N/A,P-04,4
T-16825,2025-10-22,,P-01,2
T-15430,2024-01-09,CENA,P-19,1
T-15209,2024-12-03,Cena,P-15,2
T-14657,2024-12-29,CENA,P-23,1
T-13120,2024-02-23,CENA,P-22,2
T-16835,2025-06-02,Cena,P-03,2
T-11374,2025-12-19,Comida,P-14,1
T-17190,08/10/2025,N/A,P-24,2
T-17645,03/03/2024,  Cena  ,P-19,1
T-17558,2025-07-15,NULL,P-15,2
T-15654,2024-06-27,comida,P-04,1
T-10789,2024-11-17,comida,P-14,3
T-14497,2025-09-19,CENA,P-18,-1
T-17289,2024-04-15,comida,P-10,4
T-10635,2024-12-13,Cena,P-24,3
T-12191,19/10/2025,Comida,P-24,4
T-16842,2024-05-06,  Cena  ,P-13,1
T-10693,2025-04-21,comida,P-08,1
T-14008,2024-06-16,Desayuno?,P-18,2
T-16348,2024-09-06,Cena,P-10,4
T-15014,2025-05-20,NULL,P-12,3
T-14934,2024-04-19,comida,P-14,1
T-12307,2024-11-01,NULL,P-09,2
T-13288,24/03/2025,  Cena  ,P-19,4
T-17654,2025-08-18,Desayuno?,P-19,3
T-13623,2024-05-06,N/A,P-01,2
T-15794,2025-11-25,CENA,P-08,4
T-12156,2024-10-22,  Cena  ,P-03,2
T-17792,2024-10-28,N/A,P-06,4
T-16711,2024-12-11,N/A,P-18,4
T-10874,2025-03-03,NULL,P-12,1
T-16334,2024-01-13,N/A,P-14,1
T-10616,2024-01-22,N/A,P-08,1
T-10436,2024-09-10,NULL,P-23,4
T-14188,2024-02-18,CENA,P-17,1
T-12998,2024-06-09,N/A,P-08,1
T-16722,2024-06-21,Comida,P-10,4
T-15410,2024-10-19,  Cena  ,P-09,4
T-11346,2024-12-30,Desayuno?,P-01,2
T-17862,2024-09-19,CENA,P-13,1
T-11876,2025-04-01,Desayuno?,P-18,4
T-13952,2024-11-26,Comida,P-05,4
T-11270,2025-08-14,N/A,P-23,2
T-11738,2024-04-23,  Cena  ,P-12,1
T-16247,2024-11-13,Desayuno?,P-12,4
T-11203,2025-05-10,Comida,P-12,3
T-16765,2025-11-08,NULL,P-07,4
T-16891,2025-04-14,Cena,P-15,1
T-15576,2025-03-13,CENA,P-12,2
T-12772,2024-03-27,  Cena  ,P-11,3
T-16336,2025-09-23,Comida,P-16,4
T-13153,28/11/2024,N/A,P-12,3
T-11564,2024-11-29,Cena,P-25,4
T-10022,2024-01-15,NULL,P-07,2
T-14991,2024-11-27,Comida,P-10,3
T-12734,2025-12-06,Desayuno?,P-12,3
T-10271,2025-01-15,comida,P-17,2
T-11359,2025-01-14,N/A,P-21,2
T-14632,2025-08-01,Desayuno?,P-21,3
T-11822,2025-12-07,,P-19,4
T-11331,2024-07-25,Comida,P-05,3
T-12575,2025-08-17,CENA,P-20,1
T-13713,2024-02-21,Comida,P-10,3
T-15768,2024-07-19,Desayuno?,P-21,1
T-14969,2025-09-11,NULL,P-25,2
T-13680,2025-01-29,N/A,P-22,1
T-13083,2025-08-09,CENA,P-02,4
T-14457,2025-10-09,comida,P-23,2
T-10128,2025-10-10,Desayuno?,P-10,2
T-11801,2024-11-26,NULL,P-18,4
T-12956,2024-09-16,comida,P-11,3
T-13779,07/01/2025,Comida,P-24,3
T-17101,2025-08-04,Cena,P-25,4
T-14811,2025-10-02,Desayuno?,P-02,4
T-14350,2025-03-31,comida,P-13,2
T-12096,08/08/2024,Cena,P-17,3
T-14627,2025-10-24,comida,P-20,1
T-17961,2025-10-02,Desayuno?,P-10,1
T-10048,2024-02-23,CENA,P-08,3
T-16568,2024-10-24,comida,P-19,2
T-13336,2025-12-09,NULL,P-04,3
T-12508,27/08/2024,CENA,P-12,4
T-15860,2025-10-16,Cena,P-14,2
T-12770,2025-08-31,Cena,P-19,3
T-16611,2025-04-04,N/A,P-12,4
T-10019,2025-04-11,  Cena  ,P-11,1
T-11066,2025-04-15,NULL,P-19,3
T-12494,2025-06-03,Cena,P-07,2
T-12135,2025-06-01,NULL,P-10,1
T-13176,2025-11-08,Cena,P-04,1
T-11312,2024-06-07,  Cena  ,P-17,3
T-16023,2024-02-08,N/A,P-06,2
T-13768,2024-08-15,NULL,P-14,3
T-17156,2024-05-31,N/A,P-04,3
T-11815,2024-01-14,comida,P-02,3
T-17081,2025-06-01,comida,P-03,4
T-10629,2025-12-12,comida,P-19,4
T-16249,2025-03-09,Cena,P-25,4
T-15491,2025-01-24,Comida,P-01,2
T-14759,2024-07-08,Comida,P-19,2
T-14896,2025-01-16,NULL,P-05,4
T-12421,2024-09-25,Desayuno?,P-20,4
T-14578,2025-03-31,Comida,P-06,4
T-14473,2025-09-08,Comida,P-13,2
T-14106,2024-03-07,Desayuno?,P-06,4
T-10047,2025-01-07,comida,P-20,2
T-16447,2025-10-20,comida,P-12,4
T-12416,2025-06-10,Desayuno?,P-13,3
T-16723,2025-08-29,,P-18,1
T-17509,2025-05-19,  Cena  ,P-01,1
T-11657,2024-11-04,N/A,P-17,3
T-17306,2024-08-08,N/A,P-25,4
T-11439,2025-04-27,  Cena  ,P-99,3
T-16463,2024-12-17,comida,P-18,4
T-17907,2024-03-01,N/A,P-15,3
T-17797,2025-09-13,Cena,P-05,4
T-13367,2024-04-25,Desayuno?,P-12,4
T-11598,2024-05-01,Cena,P-19,1
T-15516,2024-05-13,CENA,P-25,1
T-17066,2024-06-05,N/A,P-20,3
T-15348,2025-01-22,CENA,P-17,2
T-10168,29/01/2025,Desayuno?,P-25,2
T-11199,2025-02-07,N/A,P-99,1
T-17376,2025-06-02,Desayuno?,P-16,2
T-12289,2025-08-25,NULL,P-20,4
T-17959,2024-06-04,NULL,P-15,4
T-16443,2025-02-11,N/A,P-07,3
T-15000,2025-06-07,CENA,P-09,4
T-11790,2024-12-07,Comida,P-07,2
T-16060,2025-09-05,comida,P-23,3
T-10556,2025-12-20,Cena,P-10,4
T-16618,2024-02-25,NULL,P-25,4
T-12106,2024-06-15,CENA,P-06,4
T-14100,2025-03-02,NULL,P-99,4
T-17908,2024-01-08,Desayuno?,P-25,4
T-16465,2025-02-21,  Cena  ,P-07,1
T-13992,2024-08-18,  Cena  ,P-23,1
T-15972,2024-09-19,Comida,P-14,1
T-14920,2025-12-25,Cena,P-02,1
T-11709,2024-03-23,NULL,P-10,1
T-13024,2025-03-23,N/A,P-16,3
T-15686,2024-10-24,Cena,P-07,4
T-12668,2025-12-26,comida,P-06,2
T-14425,2025-10-05,Cena,P-25,3
T-13334,2024-07-05,CENA,P-10,4
T-13407,2024-06-11,  Cena  ,P-09,2
T-13808,2025-09-09,NULL,P-12,3
T-17916,2024-12-05,Cena,P-13,3
T-14491,2024-06-16,  Cena  ,P-14,4
T-15459,2024-10-23,  Cena  ,P-25,3
T-14622,2025-11-30,N/A,P-14,1
T-17854,2025-08-27,Comida,P-14,3
T-11782,2025-10-05,CENA,P-10,2
T-16910,2024-05-31,Desayuno?,P-04,4
T-13179,2025-05-20,NULL,P-02,1
T-11813,2024-04-01,comida,P-05,3
T-14048,2024-07-16,Desayuno?,P-10,4
T-11318,2024-12-20,N/A,P-20,4
T-17846,2024-10-16,comida,P-19,2
T-13407,2024-06-30,comida,P-07,3
T-16124,2024-11-30,Desayuno?,P-07,3
T-12848,2025-09-12,NULL,P-10,1
T-11593,2024-06-17,Desayuno?,P-08,2
T-13433,2025-01-06,N/A,P-13,2
T-13465,16/05/2025,comida,P-19,2
T-11270,2025-03-25,CENA,P-07,3
T-11813,2025-04-04,comida,P-24,3
T-17667,2025-01-24,comida,P-23,1
T-16463,2025-10-03,Cena,P-23,3
T-13109,2025-03-04,NULL,P-03,3
T-16361,2024-03-29,Cena,P-03,3
T-10974,2024-02-08,CENA,P-04,4
T-14725,2025-06-27,comida,P-21,-1
T-14105,2024-11-06,Cena,P-10,2
T-12111,2024-09-06,NULL,P-09,4
T-11840,2025-06-30,Desayuno?,P-12,3
T-17897,2025-01-07,NULL,P-08,1
T-10207,2024-11-18,Comida,P-25,1
T-13500,2025-11-23,Desayuno?,P-21,2
T-15048,2024-10-15,comida,P-23,1
T-10703,2025-07-09,Comida,P-23,4
T-12854,2024-09-27,N/A,P-06,3
T-17120,2024-07-16,NULL,P-23,1
T-16219,2025-09-25,Desayuno?,P-24,3
T-12785,2024-03-26,,P-07,3
T-14953,2024-09-11,Cena,P-07,1
T-12882,2024-07-26,N/A,P-25,2
T-11076,2024-10-14,,P-04,4
T-15025,2025-09-13,CENA,P-24,1
T-14793,2025-02-08,Desayuno?,P-14,2
T-11346,2025-02-24,Desayuno?,P-18,4
T-17901,2024-03-15,,P-20,4
T-13846,2024-04-02,comida,P-14,1
T-11258,2024-12-30,CENA,P-18,-1
T-10313,14/11/2025,Cena,P-19,3
T-16710,2025-04-28,N/A,P-06,3
T-12754,2024-04-27,N/A,P-25,2
T-11686,2024-02-22,,P-03,1
T-17493,2025-11-04,,P-21,4
T-10075,2024-07-27,Desayuno?,P-16,2
T-13752,2025-11-23,NULL,P-24,1
T-13039,2024-02-16,Desayuno?,P-20,4
T-14422,2025-06-11,Desayuno?,P-22,3
T-11031,2024-12-02,N/A,P-13,1
T-11778,2025-04-20,comida,P-14,4
T-17312,2025-08-23,Comida,P-03,3
T-12476,2024-04-17,,P-19,3
T-17191,2024-04-02,Comida,P-07,3
T-11605,2025-05-23,comida,P-11,1
T-17516,2024-03-07,  Cena  ,P-11,1
T-16789,2024-03-26,comida,P-06,1
T-11677,2024-07-28,Comida,P-25,2
T-15897,2024-12-30,NULL,P-23,3
T-16413,2025-06-20,CENA,P-24,4
T-16803,2025-02-19,comida,P-07,4
T-16075,2025-05-09,comida,P-05,2
T-17281,2025-04-11,  Cena  ,P-14,4
T-15098,2025-02-01,N/A,P-10,3
T-16967,2025-03-26,CENA,P-19,2
T-10197,2024-10-07,NULL,P-21,2
T-10320,2024-03-13,  Cena  ,P-23,3
T-12241,05/07/2024,Desayuno?,P-01,4
T-10890,2025-10-04,N/A,P-04,2
T-15070,2025-05-07,  Cena  ,P-23,2
T-17649,2024-04-08,comida,P-01,4
T-10859,2024-07-12,Cena,P-13,4
T-13242,2024-07-13,comida,P-25,4
T-14069,2025-08-12,N/A,P-14,2
T-10275,2025-01-28,NULL,P-11,4
T-15986,2024-04-05,Comida,P-25,1
T-11550,2025-07-31,Desayuno?,P-08,4
T-12420,2024-06-03,N/A,P-02,2
T-13215,2025-08-25,Comida,P-01,4
T-16503,2025-01-07,NULL,P-08,3
T-10719,2024-12-26,Desayuno?,P-05,3
T-16280,2025-09-06,  Cena  ,P-01,4
T-15574,2025-09-22,NULL,P-02,1
T-10392,2024-06-11,NULL,P-24,1
T-13322,2025-05-09,Comida,P-11,2
T-15783,2024-09-21,N/A,P-07,4
T-16325,2024-10-05,Comida,P-23,4
T-10344,2025-04-02,comida,P-10,2
T-16176,2025-11-26,Desayuno?,P-11,4
T-17532,2024-09-01,CENA,P-06,1
T-16228,2025-02-25,CENA,P-18,3
T-12537,2024-04-17,Desayuno?,P-19,2
T-12219,2024-09-22,Cena,P-21,1
T-13290,2024-09-11,  Cena  ,P-12,1
T-11366,2025-07-09,Comida,P-15,3
T-11244,2025-09-27,Desayuno?,P-09,4
T-16052,2024-06-24,Comida,P-16,1
T-12644,2024-08-18,N/A,P-23,3
T-14689,2025-07-23,  Cena  ,P-08,1
T-14178,2024-01-10,  Cena  ,P-03,2
T-16783,2024-10-28,Cena,P-21,1
T-14173,2024-03-31,Desayuno?,P-07,4
T-16586,2025-10-30,Comida,P-13,2
T-16422,2025-04-14,,P-21,2
T-14505,2025-03-17,NULL,P-20,4
T-14706,2025-03-01,N/A,P-12,3
T-17429,2025-11-29,Comida,P-18,4
T-12999,2024-07-16,N/A,P-22,2
T-13140,19/08/2025,comida,P-03,1
T-11495,2024-07-17,Comida,P-18,3
T-12833,2024-04-26,N/A,P-06,1
T-15967,2024-07-28,Cena,P-05,2
T-14683,2025-06-13,comida,P-05,4
T-13853,2025-09-23,comida,P-19,1
T-13485,2024-09-20,Desayuno?,P-09,4
T-11610,2024-07-20,N/A,P-10,3
T-16304,2024-01-07,NULL,P-13,3
T-12212,01/10/2025,  Cena  ,P-17,4
T-11617,2024-01-27,comida,P-20,4
T-12013,2025-05-14,  Cena  ,P-03,3
T-15062,2025-11-02,Desayuno?,P-18,4
T-15559,2024-07-13,comida,P-23,1
T-10819,2025-04-17,CENA,P-16,3
T-10596,2025-03-13,Desayuno?,P-05,3
T-10959,2024-05-24,comida,P-07,3
T-15248,2025-06-17,Comida,P-23,4
T-11677,2024-03-15,N/A,P-16,3
T-14183,2024-01-07,N/A,P-18,4
T-10381,2025-07-29,N/A,P-17,4
T-17688,2025-04-22,Comida,P-23,1
T-14932,2025-01-14,Desayuno?,P-05,4
T-17203,2024-06-16,Comida,P-08,4
T-10670,2025-07-05,comida,P-02,3
T-12925,2024-04-23,N/A,P-02,2
T-16248,2025-02-16,CENA,P-06,2
T-10161,2025-07-23,CENA,P-18,4
T-13110,2025-06-28,Desayuno?,P-16,1
T-11753,23/08/2025,Desayuno?,P-09,1
T-13229,2025-01-18,  Cena  ,P-19,2
T-14807,2025-09-23,NULL,P-11,2
T-16889,2024-09-04,N/A,P-19,1
T-15411,2024-10-25,Desayuno?,P-24,3
T-14975,2024-09-21,Comida,P-05,4
T-12020,2025-10-11,  Cena  ,P-07,2
T-15783,2024-08-21,CENA,P-14,4
T-15416,2025-05-22,CENA,P-03,4
T-16383,2025-04-06,Desayuno?,P-03,2
T-17473,2025-01-02,Cena,P-22,1
T-15204,2024-10-23,N/A,P-24,1
T-12854,2024-06-07,  Cena  ,P-21,4
T-17155,2025-01-08,Comida,P-10,4
T-13041,2025-03-06,Comida,P-14,1
T-17764,2024-11-08,NULL,P-24,2
T-10140,2024-11-09,Desayuno?,P-24,4
T-11560,2024-12-24,CENA,P-25,1
T-11765,2024-07-02,CENA,P-17,2
T-14823,2024-08-07,N/A,P-24,4
T-16181,2024-09-08,,P-99,1
T-15110,2024-11-08,N/A,P-06,1
T-15851,2024-08-16,Desayuno?,P-14,2
T-14932,2025-08-27,Desayuno?,P-18,1
T-17877,2025-02-11,,P-01,3
T-16966,2025-05-07,,P-09,4
T-17351,2024-06-27,,P-06,4
T-10217,2025-03-16,Comida,P-17,3
T-13059,2025-02-21,NULL,P-18,3
T-11367,2024-12-29,CENA,P-10,4
T-16573,2024-12-31,NULL,P-19,1
T-10266,2024-09-09,N/A,P-04,2
T-13487,2025-12-08,,P-14,4
T-13625,2024-04-09,Comida,P-09,3
T-15360,2025-04-09,Comida,P-03,2
T-13526,2025-05-22,  Cena  ,P-25,1
T-10774,2025-04-15,  Cena  ,P-14,1
T-16986,2024-02-29,  Cena  ,P-12,4
T-15780,24/11/2024,NULL,P-14,4
T-10805,2025-12-17,CENA,P-05,3
T-16955,2024-01-17,N/A,P-06,1
T-11579,2025-02-28,Comida,P-02,2
T-11192,2025-11-15,CENA,P-11,1
T-15556,2024-04-01,Desayuno?,P-23,3
T-13811,2025-12-20,N/A,P-22,4
T-10763,2025-08-09,CENA,P-02,4
T-16258,2025-02-14,NULL,P-04,4
T-17108,2025-03-03,CENA,P-12,1
T-15420,2025-10-06,comida,P-23,1
T-13032,2025-03-29,Comida,P-13,3
T-17975,2025-10-19,Comida,P-20,2
T-10264,2025-11-12,,P-03,3
T-10313,2024-03-04,Comida,P-18,1
T-16298,2025-06-02,comida,P-17,3
T-16740,2024-10-09,Comida,P-02,3
T-12409,2025-10-09,  Cena  ,P-11,3
T-12838,2024-05-23,Comida,P-24,1
T-17234,2024-05-18,Desayuno?,P-20,4
T-15051,2025-12-11,  Cena  ,P-08,2
T-15928,22/05/2024,NULL,P-17,4
T-10592,2025-08-28,Desayuno?,P-25,3
T-15673,2025-07-12,NULL,P-23,2
T-12930,2024-07-16,CENA,P-13,4
T-12531,2024-07-05,Comida,P-18,1
T-11641,2024-07-18,comida,P-21,4
T-10860,2024-03-13,N/A,P-21,2
T-15085,2024-04-23,NULL,P-04,2
T-16968,2025-04-22,comida,P-10,4
T-16441,2024-07-22,Desayuno?,P-09,2
T-15648,2024-08-16,Comida,P-12,2
T-10333,2024-05-06,N/A,P-20,4
T-10519,29/10/2024,Cena,P-24,4
T-10240,2024-10-22,Comida,P-06,1
T-16045,2025-04-09,,P-19,3
T-10304,2024-12-25,  Cena  ,P-08,2
T-11654,2024-03-18,Cena,P-03,1
T-16548,2024-11-30,  Cena  ,P-18,4
T-16407,2025-03-25,NULL,P-09,4
T-17123,14/03/2024,Comida,P-14,2
T-11484,2025-06-18,Cena,P-09,1
T-11064,2024-01-21,Desayuno?,P-16,4
T-10533,2025-11-11,comida,P-14,2
T-14925,2024-10-30,,P-20,4
T-11589,2024-03-17,comida,P-16,4
T-17108,2024-12-04,Comida,P-21,1
T-15219,2024-08-25,  Cena  ,P-09,1
T-12591,2025-08-19,NULL,P-99,2
T-16433,2024-09-08,  Cena  ,P-23,2
T-10343,2025-02-06,  Cena  ,P-11,1
T-10805,2025-09-12,CENA,P-15,4
T-14703,21/05/2025,Desayuno?,P-18,2
T-10762,2024-07-21,  Cena  ,P-10,3
T-10581,2024-05-17,comida,P-04,2
T-13626,2025-04-09,Cena,P-17,1
T-12644,2024-03-20,NULL,P-16,1
T-14641,2024-01-03,N/A,P-24,3
T-16421,2025-10-08,Cena,P-05,4
T-11515,2025-12-30,N/A,P-25,3
T-12710,2024-10-29,Cena,P-03,3
T-14993,2025-07-06,Desayuno?,P-05,3
T-13825,2025-06-03,Comida,P-11,3
T-11664,2025-09-20,NULL,P-10,3
T-13296,2025-06-06,comida,P-03,2
T-17683,2024-03-28,Desayuno?,P-12,1
T-16808,2025-06-01,Desayuno?,P-15,3
T-14690,2025-10-07,Comida,P-03,3
T-17023,2024-08-11,Comida,P-11,1
T-17091,2025-03-20,Comida,P-06,4
T-17030,2025-09-23,Cena,P-11,4
T-12277,2024-10-13,N/A,P-17,3
T-16499,2024-10-05,Comida,P-06,3
T-13935,2025-11-29,N/A,P-09,1
T-15345,2025-10-15,  Cena  ,P-07,4
T-13319,2024-05-01,Comida,P-09,4
T-15313,2024-02-18,Comida,P-12,3
T-11140,2025-10-08,NULL,P-19,4
T-15274,2024-03-22,Comida,P-24,1
T-13070,2024-06-02,Comida,P-02,2
T-10061,2024-08-30,CENA,P-05,-1
T-10845,2025-09-17,NULL,P-13,4
T-14062,2024-09-12,N/A,P-03,2
T-15145,2024-03-03,Cena,P-16,2
T-10912,2024-09-27,NULL,P-20,4
T-11502,2024-02-21,Comida,P-13,1
T-11497,27/06/2024,N/A,P-18,2
T-11685,2024-07-27,CENA,P-19,3
T-14678,2025-09-26,,P-05,2
T-15647,2024-07-08,N/A,P-22,1
T-11016,2025-04-21,NULL,P-13,2
T-13179,2025-01-24,Comida,P-01,4
T-16165,2024-05-28,Comida,P-25,2
T-11192,2025-06-14,NULL,P-15,3
T-16497,2025-02-11,comida,P-10,2
T-15684,2025-04-06,comida,P-09,1
T-11872,2024-03-29,Comida,P-06,3
T-13463,2024-03-27,comida,P-18,1
T-11114,2025-12-31,,P-12,4
T-17658,2024-06-10,NULL,P-15,1
T-14240,2025-09-17,CENA,P-07,3
T-16340,2024-11-21,comida,P-22,4
T-12661,2025-01-20,CENA,P-24,2
T-16737,2024-07-12,CENA,P-12,2
T-13599,2025-02-09,NULL,P-19,3
T-15070,2024-07-10,Desayuno?,P-03,2
T-13563,2025-01-19,CENA,P-12,3
T-12036,2025-12-13,Desayuno?,P-11,3
T-14177,2025-06-13,  Cena  ,P-10,3
T-10236,2025-05-20,  Cena  ,P-19,2
T-16704,2024-04-09,N/A,P-25,3
T-14256,2025-09-11,NULL,P-10,4
T-13391,2024-12-06,CENA,P-20,4
T-11741,2024-09-26,Comida,P-19,3
T-14877,2025-04-28,Cena,P-07,4
T-14623,2024-09-03,Comida,P-25,3
T-15262,2025-02-11,CENA,P-11,2
T-16146,03/08/2024,NULL,P-12,3
T-13479,2025-10-20,Cena,P-19,2
T-15611,2025-10-09,comida,P-19,1
T-12165,2024-02-18,comida,P-02,4
T-14815,2025-07-02,comida,P-16,2
T-17788,2025-01-07,Cena,P-01,3
T-10360,2025-05-28,comida,P-24,4
T-13718,2025-05-02,Desayuno?,P-19,1
T-17825,2024-09-22,N/A,P-22,4
T-10918,20/05/2024,CENA,P-03,1
T-12147,2024-03-31,N/A,P-17,1
T-13145,2024-12-06,CENA,P-12,4
T-14241,2024-05-03,N/A,P-13,-1
T-14561,2025-09-09,Cena,P-21,2
T-16917,2024-06-29,comida,P-19,1
T-11732,2024-01-25,  Cena  ,P-12,-1
T-15143,2025-08-20,comida,P-11,3
T-15612,2025-01-10,NULL,P-05,3
T-16253,2024-01-08,Cena,P-06,4
T-12673,2024-02-29,comida,P-07,4
T-12380,2024-09-20,  Cena  ,P-03,2
T-12813,2025-12-28,NULL,P-01,3
T-11338,2025-02-04,  Cena  ,P-03,3
T-13681,2025-11-16,Comida,P-19,2
T-15635,2024-10-07,CENA,P-02,3
T-16556,2024-09-26,NULL,P-17,1
T-13529,2024-11-05,NULL,P-21,4
T-12547,22/04/2025,CENA,P-12,1
T-15645,2025-01-15,  Cena  ,P-23,2
T-17254,2025-10-26,NULL,P-10,2
T-15568,2025-04-07,N/A,P-16,3
T-11215,2025-06-24,,P-10,4
T-17785,2024-04-23,CENA,P-03,4
T-16527,2025-04-28,  Cena  ,P-11,2
T-12942,2024-08-19,Desayuno?,P-05,3
T-14089,2024-08-04,N/A,P-02,3
T-14761,2025-09-24,Comida,P-09,4
T-12814,2025-09-06,Desayuno?,P-23,-1
T-17840,2025-10-08,comida,P-18,4
T-10805,2025-11-28,,P-03,1
T-16434,2025-12-18,N/A,P-13,3
T-14152,2025-01-07,  Cena  ,P-21,2
T-16451,2024-05-27,,P-21,1
T-13521,2024-12-30,N/A,P-10,3
T-12200,2024-09-21,NULL,P-23,4
T-17690,2025-09-06,Cena,P-24,3
T-14872,2025-09-06,Desayuno?,P-21,1
T-10994,2025-08-05,N/A,P-12,1
T-14461,2024-11-07,N/A,P-18,2
T-12302,2024-11-14,CENA,P-01,1
T-15152,2025-01-07,  Cena  ,P-24,3
T-11696,2025-12-01,comida,P-13,4
T-10600,2025-10-01,Desayuno?,P-12,2
T-17656,2024-11-26,N/A,P-25,3
T-11144,2025-12-14,NULL,P-13,1
T-17261,2024-05-05,Desayuno?,P-17,3
T-11464,2025-10-08,Desayuno?,P-99,4
T-17674,2024-10-13,CENA,P-03,1
T-15644,2025-09-05,CENA,P-03,2
T-13922,2025-05-08,NULL,P-18,4
T-17914,2024-03-01,  Cena  ,P-20,2
T-11664,2024-04-28,  Cena  ,P-16,2
T-15061,2024-06-30,NULL,P-16,3
T-10887,26/02/2025,N/A,P-01,2
T-14213,2025-03-23,N/A,P-17,2
T-12336,2025-06-19,  Cena  ,P-25,4
T-17072,2025-04-09,CENA,P-25,2
T-12719,2025-07-12,Comida,P-21,1
T-15344,09/07/2024,CENA,P-11,1
T-17979,2025-09-23,CENA,P-10,2
T-14693,2024-08-19,,P-22,2
T-10244,2024-02-15,N/A,P-25,1
T-12878,2024-08-05,comida,P-25,3
T-14868,2025-11-12,CENA,P-17,2
T-15018,2024-06-19,N/A,P-21,4
T-12489,2024-11-13,  Cena  ,P-18,2
T-13219,2024-07-11,CENA,P-12,2
T-16168,2024-01-02,Comida,P-03,3
T-11195,2024-05-22,Comida,P-09,3
T-16443,2024-06-17,Desayuno?,P-06,2
T-17854,2024-06-28,Comida,P-16,4
T-17303,2024-11-25,N/A,P-03,3
T-14336,2025-08-23,NULL,P-18,2
T-12921,2024-05-18,CENA,P-05,1
T-15791,2024-05-11,Comida,P-05,2
T-17979,2025-08-31,NULL,P-09,3
T-10146,2025-05-19,Desayuno?,P-99,3
T-12810,2024-11-20,Comida,P-15,2
T-13316,2024-03-22,  Cena  ,P-06,1
T-12383,2025-03-01,NULL,P-99,2
T-15311,2024-04-13,Cena,P-06,-1
T-15076,2025-07-15,  Cena  ,P-24,4
T-10089,2025-05-22,NULL,P-07,1
T-15832,2025-06-02,Cena,P-20,3
T-16051,2024-01-01,Cena,P-21,4
T-17932,2024-01-14,Cena,P-17,1
T-15473,15/10/2024,  Cena  ,P-02,1
T-15688,2025-05-13,Comida,P-02,1
T-15101,2024-08-22,N/A,P-14,3
T-17693,2024-01-28,Desayuno?,P-10,2
T-11273,2024-11-18,  Cena  ,P-18,3
T-12322,2024-11-25,NULL,P-05,2
T-12894,2025-06-01,  Cena  ,P-23,3
T-16695,2024-10-21,  Cena  ,P-19,4
T-15755,2024-09-14,CENA,P-13,4
T-10558,2025-11-10,Cena,P-21,3
T-12871,2025-11-20,Cena,P-24,1
T-10918,2025-08-19,CENA,P-03,4
T-11744,2025-05-27,Cena,P-21,3
T-12123,2025-03-15,Cena,P-24,1
T-16506,2025-08-18,NULL,P-24,2
T-15500,2025-01-21,Desayuno?,P-09,3
T-14031,2024-01-26,Cena,P-17,2
T-13761,2025-06-16,comida,P-09,3
T-11179,09/08/2024,Comida,P-12,2
T-13024,2024-05-10,CENA,P-05,1
T-16147,2024-01-30,Cena,P-10,1
T-14984,2024-04-04,Comida,P-11,2
T-17229,2024-03-27,  Cena  ,P-02,1
T-12013,2025-12-12,comida,P-17,3
T-14170,2024-11-11,  Cena  ,P-22,4
T-15369,2024-05-16,Comida,P-16,4
T-10844,2024-04-29,Cena,P-07,4
T-15561,2024-04-25,N/A,P-17,3
T-17099,2024-05-18,,P-02,4
T-12778,2025-05-09,  Cena  ,P-21,4
T-14253,19/06/2025,Desayuno?,P-13,1
T-13595,2024-07-05,  Cena  ,P-10,3
T-16523,2024-10-03,,P-11,2
T-14414,2025-12-10,NULL,P-02,3
T-16919,2025-06-03,Comida,P-08,4
T-10330,2024-03-07,,P-17,4
T-11852,2025-10-22,CENA,P-04,2
T-17719,2024-03-16,Desayuno?,P-13,4
T-11265,2024-12-30,NULL,P-07,3
T-14882,2024-10-11,Comida,P-03,2
T-17885,2024-04-17,CENA,P-01,4
T-16418,2024-09-15,NULL,P-16,3
T-14049,2025-05-20,CENA,P-20,4
T-13608,2024-09-17,Cena,P-08,4
T-14660,15/06/2025,CENA,P-18,3
T-11461,2025-12-30,comida,P-06,4
T-13129,2024-02-03,Comida,P-03,2
T-12352,2024-08-18,Comida,P-02,4
T-11691,2024-02-24,Comida,P-07,2
T-17264,2025-07-16,Desayuno?,P-06,4
T-14984,2025-02-08,comida,P-02,3
T-11237,2025-12-01,Comida,P-14,1
T-16118,2024-07-08,  Cena  ,P-99,2
T-13174,2025-03-10,N/A,P-06,2
T-15597,2025-11-21,  Cena  ,P-10,2
T-13373,2024-11-04,Comida,P-05,1
T-16185,2025-08-24,N/A,P-21,4
T-14045,2024-07-30,comida,P-08,1
T-10811,2024-03-18,N/A,P-08,1
T-17020,2025-10-16,N/A,P-09,3
T-13867,2025-01-02,comida,P-05,3
T-10196,2025-10-26,comida,P-19,2
T-11148,2025-01-13,Desayuno?,P-23,2
T-13596,2025-05-25,comida,P-24,4
T-12594,2025-09-17,Cena,P-08,4
T-12745,2024-12-16,comida,P-17,1
T-13557,2024-11-02,Desayuno?,P-07,4
T-16967,2025-12-11,CENA,P-05,4
T-12580,07/03/2024,  Cena  ,P-03,4
T-12610,2025-10-03,CENA,P-18,4
T-15690,2024-10-20,,P-11,3
T-12526,2025-01-27,  Cena  ,P-09,2
T-14370,2025-11-04,N/A,P-03,1
T-10037,2024-12-01,,P-12,3
T-17039,2025-04-28,Cena,P-17,2
T-10799,2025-10-13,NULL,P-17,4
T-10326,2024-02-03,CENA,P-10,4
T-16040,2024-12-15,  Cena  ,P-22,4
T-13711,15/01/2025,Desayuno?,P-24,2
T-12398,2025-08-25,N/A,P-22,1
T-15950,2024-03-03,NULL,P-21,4
T-11696,2025-03-22,Comida,P-13,3
T-17412,2024-06-03,CENA,P-99,1
T-15631,2025-01-15,Desayuno?,P-03,3
T-13315,2025-07-27,  Cena  ,P-23,1
T-17686,2025-10-22,Comida,P-14,2
T-10038,2025-07-29,Cena,P-08,4
T-14910,2024-07-02,CENA,P-20,3
T-16217,2025-07-24,,P-10,1
T-15459,2025-12-18,N/A,P-20,4
T-12709,2025-05-03,,P-08,2
T-16021,2024-10-09,NULL,P-06,2
T-17611,2025-02-18,  Cena  ,P-04,4
T-12095,2024-09-11,comida,P-12,2
T-11166,2024-04-23,comida,P-22,2
T-11344,2024-10-31,  Cena  ,P-25,2
T-13379,2024-07-08,N/A,P-08,3
T-14893,2025-09-22,Comida,P-12,3
T-17924,2025-08-17,Comida,P-04,2
T-11899,2025-07-02,N/A,P-18,4
T-12393,2024-05-14,Cena,P-17,2
T-13714,2025-08-29,Cena,P-21,4
T-13228,2025-05-31,Desayuno?,P-17,2
T-10626,2024-01-26,NULL,P-15,3
T-16331,2024-12-03,Comida,P-05,4
T-13986,2024-04-18,CENA,P-06,4
T-17620,2025-05-24,Comida,P-24,2
T-11226,2024-05-29,comida,P-09,4
T-14449,2024-11-25,N/A,P-22,3
T-10401,2025-03-22,Comida,P-12,1
T-12821,2025-04-30,Cena,P-13,2
T-10215,2025-05-08,comida,P-20,4
T-11146,2025-04-15,CENA,P-10,2
T-10041,2024-02-16,Cena,P-12,4
T-12093,2025-03-18,Cena,P-22,4
T-12584,2024-07-01,Cena,P-03,2
T-13537,2024-03-27,Comida,P-01,3
T-13695,2024-08-26,Comida,P-03,2
T-14756,2024-09-30,comida,P-06,4
T-13038,2025-02-15,Cena,P-19,3
T-12369,2024-07-07,Comida,P-09,2
T-10708,2024-09-09,comida,P-24,2
T-12601,2025-10-26,Cena,P-13,2
T-17542,2025-08-26,Desayuno?,P-16,4
T-10275,2024-01-31,  Cena  ,P-09,4
T-10022,2025-11-13,Desayuno?,P-22,4
T-14537,2025-05-09,N/A,P-09,3
T-14216,2025-01-05,  Cena  ,P-22,2
T-12363,2025-01-06,N/A,P-25,4
T-17411,2025-04-03,comida,P-10,3
T-17597,2025-01-14,N/A,P-19,2
T-12643,2025-12-19,NULL,P-22,4
T-16073,2025-04-16,Desayuno?,P-10,1
T-10778,2024-05-07,comida,P-05,1
T-14530,2025-08-12,Cena,P-18,3
T-17246,2024-08-15,comida,P-22,1
T-14367,2025-08-12,comida,P-19,3
T-17292,2025-06-27,Comida,P-03,2
T-11891,2025-01-09,NULL,P-24,2
T-17410,2025-04-09,Comida,P-09,4
T-15034,2025-01-22,comida,P-23,3
T-14190,2024-08-18,,P-05,2
T-16421,2024-10-22,  Cena  ,P-24,3
T-17578,2025-04-30,N/A,P-08,1
T-17272,2024-11-01,Cena,P-13,1
T-12325,2024-12-30,CENA,P-09,3
T-17857,2025-07-09,Cena,P-19,4
T-14676,2024-07-12,Comida,P-07,1
T-12811,2025-03-05,,P-19,1
T-17251,2024-02-19,  Cena  ,P-23,4
T-15624,2025-12-07,  Cena  ,P-17,2
T-10972,2025-09-20,  Cena  ,P-24,1
T-16934,2024-12-25,comida,P-12,1
T-14923,08/08/2024,NULL,P-22,2
T-11184,2025-03-05,Comida,P-18,4
T-10207,2024-09-27,NULL,P-11,1
T-16991,2024-10-29,comida,P-11,1
T-12409,2025-07-04,NULL,P-24,4
T-10752,2024-06-11,Desayuno?,P-06,4
T-11755,2024-10-25,,P-24,2
T-14070,2025-04-24,comida,P-19,1
T-13192,2024-01-07,Comida,P-07,3
T-12455,2024-12-26,comida,P-11,1
T-11005,2025-09-25,N/A,P-17,3
T-13275,09/07/2025,Desayuno?,P-01,3
T-13812,2025-09-25,Desayuno?,P-19,4
T-16888,2024-11-25,CENA,P-01,2
T-16910,2025-04-10,Comida,P-05,3
T-13918,2025-04-24,comida,P-02,-1
T-15021,2025-02-01,Cena,P-15,4
T-11311,2025-10-07,NULL,P-23,2
T-11921,2025-05-03,NULL,P-15,3
T-11634,2025-08-23,Cena,P-24,4
T-11362,2025-07-18,Desayuno?,P-19,-1
T-10269,2024-04-06,N/A,P-11,1
T-12958,2024-07-02,comida,P-16,1
T-14532,2024-07-22,Cena,P-03,3
T-10239,2025-12-26,  Cena  ,P-12,2
T-14833,08/10/2024,NULL,P-21,4
T-13434,2024-11-29,,P-22,1
T-16240,2024-06-22,,P-13,4
T-14461,2024-05-06,  Cena  ,P-02,3
T-12918,2025-08-14,Desayuno?,P-02,1
T-11938,2025-06-04,Comida,P-25,3
T-13415,2025-01-25,N/A,P-18,1
T-14037,22/08/2024,comida,P-05,4
T-17727,2025-04-13,N/A,P-10,3
T-10352,2025-10-18,CENA,P-14,4
T-12036,08/07/2025,comida,P-12,3
T-13852,2025-06-18,  Cena  ,P-13,2
T-11124,2024-08-27,N/A,P-01,3
T-13353,2025-08-18,N/A,P-24,1
T-13839,2025-12-28,Desayuno?,P-08,2
T-13276,2024-01-11,,P-15,1
T-15502,2025-09-29,,P-09,1
T-15203,2025-05-23,CENA,P-12,2
T-12092,2025-06-03,NULL,P-17,1
T-15689,2025-05-21,NULL,P-01,1
T-12382,2025-06-20,Comida,P-08,4
T-11320,2024-05-30,,P-24,1
T-17549,06/09/2024,NULL,P-07,1
T-10133,2025-06-21,CENA,P-09,1
T-16963,2024-02-17,N/A,P-18,1
T-12803,2024-03-13,Comida,P-02,3
T-14622,2024-03-25,Comida,P-08,3
T-13696,2025-02-26,Cena,P-22,1
T-17988,2024-05-30,  Cena  ,P-23,2
T-14757,2025-03-31,Desayuno?,P-14,4
T-17580,2025-07-07,comida,P-12,2
T-17690,2024-02-17,comida,P-99,3
T-13862,2025-02-09,CENA,P-25,2
T-15923,2025-08-13,N/A,P-24,1
T-13689,2024-07-16,Desayuno?,P-08,4
T-16323,2024-11-15,comida,P-14,4
T-12716,2024-12-10,NULL,P-10,1
T-15018,2025-10-28,Cena,P-10,4
T-15723,2024-12-23,N/A,P-17,1
T-12054,2025-09-24,,P-02,4
T-10830,2024-10-25,  Cena  ,P-05,4
T-11359,2025-04-19,Desayuno?,P-15,2
T-12789,2025-12-19,Desayuno?,P-01,2
T-10396,2024-09-06,N/A,P-08,1
T-14305,2025-11-05,N/A,P-23,4
T-16295,2025-06-24,Cena,P-07,1
T-15587,2024-05-31,comida,P-17,3
T-17067,2024-11-06,Comida,P-12,4
T-10682,2025-05-16,Comida,P-23,1
T-12159,2024-09-18,NULL,P-20,3
T-10735,2025-10-23,Desayuno?,P-07,3
T-14192,2024-04-04,,P-10,2
T-10350,2025-08-19,Cena,P-07,1
T-16210,2025-07-17,Comida,P-01,2
T-15286,2024-07-16,Desayuno?,P-02,3
T-12181,2025-05-16,NULL,P-13,2
T-13228,2025-06-08,  Cena  ,P-06,4
T-13988,30/10/2025,CENA,P-23,1
T-15822,2025-09-22,Comida,P-12,2
T-16086,2025-12-06,NULL,P-05,3
T-17620,2025-04-06,comida,P-11,2
T-14310,2025-10-30,Desayuno?,P-15,4
T-13427,2024-06-21,CENA,P-15,1
T-10924,2024-10-07,Comida,P-24,3
T-16200,2025-03-19,CENA,P-18,1
T-16177,2025-09-12,N/A,P-17,1
T-12974,2024-08-15,Comida,P-25,3
T-16443,2024-09-23,  Cena  ,P-18,2
T-12304,2025-06-09,NULL,P-23,2
T-15630,2025-03-11,Cena,P-13,3
T-16360,2025-08-22,Desayuno?,P-18,3
T-12598,2024-08-12,  Cena  ,P-05,4
T-15790,25/07/2024,,P-21,3
T-11739,2025-09-17,N/A,P-14,2
T-13178,2025-12-24,  Cena  ,P-06,2
T-17762,2025-02-14,CENA,P-22,2
T-12710,2024-12-06,Comida,P-06,4
T-15963,2025-11-26,Desayuno?,P-16,1
T-11687,2025-05-10,Comida,P-12,3
T-12548,2025-05-21,  Cena  ,P-18,2
T-11172,2024-01-01,NULL,P-01,2
T-11496,2025-01-21,comida,P-99,4
T-10852,2024-03-27,N/A,P-17,4
T-15411,2024-04-09,Desayuno?,P-10,2
T-13623,2024-03-28,  Cena  ,P-24,3
T-12413,2024-05-21,Comida,P-12,1
T-16913,2025-05-10,  Cena  ,P-17,1
T-12170,2025-09-01,comida,P-03,1
T-11840,2024-07-10,Desayuno?,P-10,4
T-17734,2025-05-29,CENA,P-09,3
T-13191,2024-08-27,Cena,P-14,1
T-14204,2025-05-31,CENA,P-24,3
T-14820,2024-03-21,  Cena  ,P-05,3
T-11606,2024-09-23,N/A,P-16,3
T-16250,2024-04-04,comida,P-03,1
T-17309,2024-03-25,Cena,P-15,2
T-13084,2025-04-04,N/A,P-17,3
T-15336,2024-09-18,N/A,P-16,4
T-12904,2025-03-12,Desayuno?,P-08,3
T-16792,2025-01-14,N/A,P-04,1
T-12021,2024-07-22,Cena,P-16,2
T-10404,2025-11-13,  Cena  ,P-23,1
T-14946,2024-04-19,,P-24,-1
T-13657,2024-05-09,Comida,P-16,3
T-11148,2024-11-16,Desayuno?,P-08,2
T-10772,2024-05-09,NULL,P-17,4
T-14644,2024-12-27,,P-12,4
T-13537,2024-12-23,Desayuno?,P-19,4
T-14021,2025-01-03,NULL,P-13,3
T-15491,2024-11-21,CENA,P-21,4
T-15971,2024-11-23,Comida,P-12,4
T-17959,2025-02-23,NULL,P-06,1
T-11724,2025-05-02,,P-23,2
T-14207,2024-11-30,NULL,P-12,2
T-15240,2025-01-16,CENA,P-04,-1
T-10939,2024-04-21,  Cena  ,P-16,4
T-14374,2024-12-05,Comida,P-04,4
T-11800,2025-12-11,NULL,P-02,1
T-13476,01/06/2024,  Cena  ,P-07,4
T-10479,2025-05-21,  Cena  ,P-22,3
T-15269,2024-07-23,NULL,P-20,2
T-13786,2025-07-04,comida,P-24,3
T-16107,2024-07-30,Comida,P-99,2
T-10439,2025-12-11,NULL,P-11,-1
T-15626,2025-12-25,CENA,P-25,4
T-14759,2025-03-11,Cena,P-11,4
T-16305,2024-01-06,Desayuno?,P-08,1
T-12305,2025-05-15,Comida,P-17,3
T-10423,2024-12-22,  Cena  ,P-03,2
T-15161,2025-07-22,Desayuno?,P-06,2
T-14984,2025-11-24,CENA,P-23,2
T-10581,2025-08-03,comida,P-17,1
T-12165,2025-12-14,  Cena  ,P-03,2
T-13240,2025-08-26,comida,P-16,2
T-16025,08/05/2024,N/A,P-12,4
T-13527,2025-08-03,  Cena  ,P-02,1
T-13069,2025-12-02,comida,P-04,3
T-10379,2025-09-24,Comida,P-09,4
T-15027,2024-03-21,Desayuno?,P-99,2
T-11545,2025-11-01,CENA,P-99,4
T-17823,2025-03-05,N/A,P-09,1
T-11022,2024-08-16,comida,P-02,4
T-10627,2024-07-10,Cena,P-05,3
T-15160,2024-05-07,,P-23,1
T-11016,2024-03-05,NULL,P-01,3
T-14915,2025-07-20,CENA,P-03,3
T-16476,2025-11-18,comida,P-14,4
T-15765,2024-11-11,  Cena  ,P-18,2
T-10170,2025-04-07,Cena,P-06,3
T-11840,2025-02-06,Comida,P-03,3
T-14542,2025-01-05,Desayuno?,P-05,2
T-11854,2025-02-12,  Cena  ,P-20,2
T-14567,2024-05-20,,P-07,4
T-10202,2024-07-20,CENA,P-01,2
T-14936,2025-01-05,NULL,P-24,3
T-14976,2024-12-17,CENA,P-08,1
T-13085,2024-07-29,Comida,P-22,1
T-12350,2025-09-12,Desayuno?,P-20,1
T-10649,2025-04-29,NULL,P-06,1
T-13735,2025-07-28,  Cena  ,P-05,2
T-14391,2025-07-04,NULL,P-17,1
T-16139,2024-10-01,N/A,P-11,1
T-10515,2024-10-18,  Cena  ,P-10,3
T-16422,2025-09-12,Cena,P-07,1
T-13644,2025-04-09,Comida,P-12,2
T-14006,2025-12-15,CENA,P-21,2
T-10251,2025-12-07,Desayuno?,P-11,4
T-12917,2025-11-15,Cena,P-22,4
T-13700,2025-06-16,Cena,P-06,3
T-13324,2025-11-11,Desayuno?,P-08,3
T-17673,2025-01-25,  Cena  ,P-07,3
T-14894,2024-02-11,NULL,P-13,2
T-13293,2025-12-19,N/A,P-20,4
T-15451,2025-07-03,N/A,P-20,4
T-12359,2025-02-17,NULL,P-16,1
T-16982,2025-07-18,,P-14,3
T-15423,2024-12-26,Cena,P-04,1
T-13677,2025-06-27,  Cena  ,P-23,2
T-12274,2024-07-11,Comida,P-24,4
T-12069,2025-06-13,Comida,P-18,4
T-12304,2024-08-27,NULL,P-19,1
T-11516,2025-06-01,NULL,P-25,1
T-17135,2024-10-15,Desayuno?,P-19,2
T-10510,2024-10-19,  Cena  ,P-18,4
T-10674,2024-07-23,Desayuno?,P-19,4
T-14989,2024-01-31,Desayuno?,P-16,4
T-17162,2024-12-24,  Cena  ,P-14,1
T-11444,2024-08-05,  Cena  ,P-03,2
T-17321,2024-07-20,Desayuno?,P-02,4
T-17988,2025-07-30,N/A,P-06,1
T-15281,2025-01-23,Cena,P-22,2
T-10041,2025-12-07,  Cena  ,P-19,3
T-15919,2025-10-13,NULL,P-07,2
T-16414,2024-10-17,CENA,P-01,1
T-12133,2025-08-08,Cena,P-16,3
T-13635,2024-04-08,Comida,P-23,1
T-16668,2024-08-08,Desayuno?,P-08,4
T-17357,2025-01-14,Comida,P-15,4
T-16253,2025-06-19,Comida,P-04,3
T-17551,2025-12-27,  Cena  ,P-19,2
T-14598,2025-02-10,CENA,P-05,4
T-14592,2025-10-21,Cena,P-19,2
T-17003,2024-05-02,CENA,P-11,1
T-15425,2025-02-26,Cena,P-15,4
T-16054,2024-10-26,N/A,P-16,-1
T-15051,2025-04-28,comida,P-02,1
T-11898,20/10/2025,  Cena  ,P-06,3
T-16365,2025-10-26,comida,P-14,2
T-13097,2024-03-22,  Cena  ,P-19,1
T-12993,2024-08-04,Cena,P-10,4
T-11524,2024-12-31,Comida,P-02,1
T-14800,2025-05-06,  Cena  ,P-12,2
T-14217,2024-10-20,  Cena  ,P-10,4
T-11009,2025-06-30,Comida,P-14,2
T-14922,2025-03-02,Desayuno?,P-18,2
T-14613,2025-08-04,CENA,P-01,2
T-11993,2024-11-08,Comida,P-03,3
T-10877,2024-07-25,NULL,P-16,1
T-13796,2024-08-02,Desayuno?,P-25,2
T-11060,2024-05-29,Comida,P-99,2
T-16599,2025-10-22,Cena,P-11,1
T-12323,2024-12-10,Cena,P-12,2
T-15129,2024-06-18,comida,P-12,4
T-16172,2024-11-05,,P-19,2
T-13318,2024-09-07,N/A,P-07,1
T-12860,2025-12-25,Cena,P-07,2
T-11134,2025-11-23,CENA,P-10,3
T-17539,2025-11-21,Desayuno?,P-14,1
T-16009,2025-02-09,Cena,P-21,4
T-15671,19/05/2024,NULL,P-11,3
T-17350,2024-05-30,N/A,P-20,3
T-11385,2025-04-08,Desayuno?,P-14,1
T-11619,2025-04-29,N/A,P-01,2
T-11028,2025-02-09,comida,P-03,2
T-10558,2025-06-23,  Cena  ,P-04,2
T-11388,2025-12-20,comida,P-10,4
T-11795,2025-10-08,Desayuno?,P-02,1
T-16485,2024-05-23,Cena,P-22,3
T-10255,2025-10-16,NULL,P-11,2
T-11164,2024-08-08,Comida,P-13,4
T-16899,2025-09-01,  Cena  ,P-05,1
T-11758,2025-01-31,Comida,P-15,2
T-11096,2024-04-08,Comida,P-20,1
T-14577,2025-09-15,Cena,P-09,1
T-17975,2024-06-07,Cena,P-22,4
T-16877,22/11/2025,Cena,P-10,2
T-10337,17/08/2025,Cena,P-04,3
T-15002,09/01/2024,CENA,P-10,3
T-16133,2025-04-07,CENA,P-09,2
T-14628,2024-04-05,NULL,P-19,4
T-17610,2025-07-31,Cena,P-08,2
T-13615,2025-12-15,NULL,P-01,3
T-12171,2025-05-18,Comida,P-05,2
T-13366,2024-09-26,NULL,P-20,4
T-15262,20/01/2025,Desayuno?,P-06,3
T-17272,2025-02-22,Cena,P-05,-1
T-15575,2025-03-13,comida,P-03,3
T-16978,2024-07-25,Desayuno?,P-02,1
T-12160,2025-03-29,comida,P-14,4
T-12046,2024-08-02,Comida,P-05,1
T-12169,2025-12-24,Cena,P-09,1
T-10118,2024-12-08,Cena,P-10,1
T-13118,2024-04-23,Desayuno?,P-21,2
T-15105,2025-03-13,comida,P-25,3
T-16093,2025-05-25,Cena,P-25,2
T-13811,2025-09-05,  Cena  ,P-07,1
T-14995,2025-08-18,Cena,P-04,4
T-14588,2024-09-28,  Cena  ,P-07,2
T-17447,2025-10-30,Cena,P-19,3
T-15252,2025-04-05,  Cena  ,P-22,1
T-15930,2024-04-11,Cena,P-05,4
T-12832,2025-05-24,  Cena  ,P-01,1
T-11970,2024-10-12,Cena,P-11,3
T-17051,2025-03-20,comida,P-16,2
T-17873,25/11/2024,Cena,P-18,1
T-10488,07/12/2025,N/A,P-06,1
T-14926,2024-10-01,comida,P-22,4
T-10823,2024-12-25,NULL,P-09,4
T-12474,2025-08-08,comida,P-20,4
T-12992,2025-04-29,comida,P-25,4
T-14258,2024-02-22,  Cena  ,P-06,4
T-10630,2025-12-13,,P-08,3
T-11421,2025-03-02,N/A,P-99,4
T-17962,2025-03-07,CENA,P-16,1
T-12641,2025-12-04,Comida,P-07,4
T-14090,2025-08-05,comida,P-09,3
T-12037,2025-05-20,CENA,P-04,2
T-10695,2025-06-18,Desayuno?,P-21,3
T-16716,2025-08-10,,P-05,1
T-12593,2024-04-02,comida,P-18,1
T-14775,2025-10-07,Desayuno?,P-20,4
T-16715,2025-11-25,comida,P-10,1
T-11437,2024-12-30,NULL,P-11,1
T-16251,2024-04-17,Cena,P-23,1
T-14792,2025-11-28,N/A,P-15,4
T-13424,28/02/2025,CENA,P-11,4
T-17196,25/01/2025,comida,P-20,4
T-15236,2025-04-26,NULL,P-08,2
T-11176,2025-10-31,N/A,P-01,4
T-13597,2025-11-09,Comida,P-01,1
T-15115,2025-07-07,Cena,P-19,4
T-10964,2025-02-05,N/A,P-07,4
T-16095,2025-09-22,  Cena  ,P-17,4
T-16572,2025-09-28,Comida,P-06,1
T-14216,2025-12-14,comida,P-09,2
T-17481,2024-11-03,comida,P-23,1
T-11554,2024-10-19,comida,P-23,3
T-15350,2024-05-22,N/A,P-12,1
T-12566,2024-07-28,Desayuno?,P-24,3
T-14011,2024-08-23,comida,P-10,4
T-17805,2025-08-26,NULL,P-13,4
T-12596,2025-08-10,,P-99,3
T-14589,2025-08-12,comida,P-15,4
T-10870,2025-10-11,Cena,P-07,4
T-16526,2025-11-03,Cena,P-17,1
T-12287,2025-06-11,CENA,P-01,4
T-17614,2024-05-30,CENA,P-11,3
T-14267,2025-05-15,comida,P-01,3
T-13664,2024-05-07,N/A,P-07,1
T-16775,2024-03-07,  Cena  ,P-25,1
T-10567,2024-06-29,CENA,P-02,1
T-12558,2025-12-15,Comida,P-07,2
T-14725,19/01/2025,  Cena  ,P-24,4
T-11525,2024-04-30,Cena,P-01,3
T-10996,2024-08-01,Cena,P-24,4
T-11797,2025-08-21,comida,P-16,1
T-12431,2024-07-27,comida,P-20,4
T-12476,2024-01-14,  Cena  ,P-12,2
T-17176,2024-08-04,comida,P-12,4
T-15405,2024-12-20,  Cena  ,P-04,3
T-16629,2025-01-27,Comida,P-10,1
T-16403,2024-01-27,Comida,P-01,4
T-17441,2025-02-13,NULL,P-08,3
T-16185,2024-11-18,NULL,P-05,4
T-14514,2024-03-19,CENA,P-02,4
T-16267,2025-01-21,,P-06,3
T-16585,2024-08-13,Comida,P-04,2
T-11486,2024-12-29,Cena,P-16,3
T-15930,2025-10-17,CENA,P-18,3
T-16272,2024-03-28,Desayuno?,P-20,2
T-11330,2025-11-20,NULL,P-04,2
T-11963,2024-04-03,Cena,P-05,3
T-10262,2024-08-30,CENA,P-02,1
T-13798,2025-12-12,NULL,P-25,1
T-17150,2024-01-05,Desayuno?,P-18,3
T-14682,2025-06-13,Cena,P-20,2
T-10622,2024-03-14,comida,P-09,1
T-16405,2024-03-16,Desayuno?,P-04,3
T-11994,2024-02-27,Cena,P-13,2
T-16459,2025-12-11,,P-10,2
T-10641,2024-06-22,  Cena  ,P-09,3
T-15260,2025-10-11,Cena,P-16,3
T-10044,2025-09-04,  Cena  ,P-06,4
T-14868,2025-09-01,NULL,P-13,4
T-17965,2025-05-04,Comida,P-09,3
T-16486,2024-06-13,N/A,P-18,3
T-17753,2025-10-27,CENA,P-05,4
T-11469,2025-11-09,Cena,P-15,3
T-12083,2025-09-27,NULL,P-07,2
T-17689,2024-03-05,CENA,P-07,2
T-14970,2025-03-04,Desayuno?,P-24,3
T-11650,2024-05-14,CENA,P-23,2
T-16925,2025-07-18,N/A,P-99,3
T-13077,2024-08-05,comida,P-19,4
T-13142,2024-12-09,Comida,P-04,4
T-17284,2025-10-30,Desayuno?,P-12,3
T-12830,2024-07-18,comida,P-02,4
T-12296,2025-02-16,  Cena  ,P-17,3
T-16239,2024-12-29,N/A,P-16,4
T-10346,2025-01-26,Comida,P-25,3
T-16815,2025-10-07,  Cena  ,P-01,4
T-14671,2025-10-31,comida,P-09,4
T-13043,2024-09-12,CENA,P-04,2
T-16247,02/09/2025,Desayuno?,P-08,2
T-13544,2025-02-24,CENA,P-23,4
T-13334,2024-01-07,  Cena  ,P-19,3
T-17115,2025-08-21,Cena,P-15,3
T-10860,2025-01-26,CENA,P-99,4
T-17845,09/06/2025,,P-08,1
T-12717,2025-03-09,Comida,P-07,4
T-13768,2024-07-02,  Cena  ,P-03,2
T-15388,2025-08-23,N/A,P-06,2
T-17244,2024-12-08,Comida,P-12,3
T-13201,2024-09-28,Cena,P-04,3
T-10761,2024-11-24,N/A,P-12,1
T-11930,2025-03-15,Desayuno?,P-19,3
T-11075,2024-04-08,NULL,P-04,4
T-14757,2024-05-30,  Cena  ,P-08,4
T-17495,2024-04-30,Comida,P-01,3
T-15974,2025-08-22,N/A,P-11,2
T-16495,2024-12-12,  Cena  ,P-17,4
T-17635,2025-12-26,CENA,P-09,1
T-12095,2024-05-10,N/A,P-21,1
T-13046,2025-06-19,CENA,P-10,2
T-17729,2024-04-23,Comida,P-12,3
T-11180,2025-12-07,comida,P-12,2
T-16308,2024-07-15,Comida,P-04,3
T-12876,2025-05-02,comida,P-09,1
T-10588,2024-11-21,NULL,P-07,2
T-15336,2024-04-18,N/A,P-15,4
T-13851,2024-11-16,Desayuno?,P-06,4
T-13061,2025-02-19,comida,P-20,1
T-16137,2024-12-20,CENA,P-03,3
T-10677,2025-11-25,NULL,P-01,4
T-10030,2025-03-11,N/A,P-15,4
T-15182,2025-09-01,,P-05,2
T-13709,2024-09-06,Desayuno?,P-02,1
T-10808,2025-09-09,  Cena  ,P-05,1
T-11443,2024-11-07,  Cena  ,P-09,2
T-13018,28/09/2024,  Cena  ,P-09,1
T-11700,2024-10-06,Comida,P-24,1
T-17168,2024-02-24,Cena,P-09,4
T-14954,2025-06-05,Cena,P-05,4
T-16514,2025-08-18,N/A,P-21,3
T-15677,2024-05-05,comida,P-06,3
T-10826,2025-02-23,Comida,P-11,3
T-16502,2024-10-04,comida,P-05,4
T-11861,2025-03-12,Comida,P-05,1
T-16702,2024-01-14,Desayuno?,P-19,2
T-12742,08/04/2024,NULL,P-08,2
T-13942,2025-01-01,  Cena  ,P-17,3
T-13551,2025-10-21,NULL,P-07,1
T-16319,2024-06-10,  Cena  ,P-18,1
T-11940,2024-06-06,  Cena  ,P-04,4
T-16811,2024-01-14,CENA,P-16,3
T-16884,20/07/2024,comida,P-23,4
T-17878,2024-03-24,Desayuno?,P-10,3
T-11864,2025-07-26,CENA,P-21,1
T-14934,2025-10-12,Cena,P-25,3
T-16447,19/04/2024,Desayuno?,P-20,4
T-14544,2025-03-10,Desayuno?,P-10,1
T-12199,2025-06-12,Cena,P-14,3
T-16234,2025-11-11,comida,P-08,2
T-15389,2025-01-27,Comida,P-08,3
T-17786,2025-11-12,  Cena  ,P-24,3
T-14846,2025-01-16,CENA,P-19,2
T-13869,2024-12-21,N/A,P-02,3
T-16091,2024-06-01,comida,P-20,3
T-11031,2024-04-21,Desayuno?,P-04,3
T-14527,2025-12-13,N/A,P-22,4
T-15580,15/12/2024,NULL,P-16,4
T-14372,2025-10-02,CENA,P-07,2
T-10846,23/03/2024,CENA,P-23,4
T-14430,2024-12-29,Cena,P-07,1
T-16970,2025-01-08,NULL,P-14,4
T-12983,2024-04-16,NULL,P-19,1
T-16148,2025-05-25,  Cena  ,P-07,1
T-13769,2024-10-09,NULL,P-03,4
T-17347,2025-06-25,Desayuno?,P-08,3
T-12115,2024-06-12,comida,P-18,2
T-12924,2025-03-15,Cena,P-03,3
T-16462,2025-09-21,NULL,P-12,3
T-11290,2024-06-28,CENA,P-06,2
T-17416,2024-12-12,CENA,P-25,1
T-16866,2024-05-25,NULL,P-07,3
T-17081,2025-03-15,Comida,P-22,4
T-10922,2025-02-27,Comida,P-23,1
T-13320,2025-11-04,comida,P-13,3
T-16464,2024-03-03,  Cena  ,P-25,4
T-15704,31/07/2024,  Cena  ,P-21,4
T-10331,2024-08-31,comida,P-11,2
T-11214,2025-08-15,Desayuno?,P-20,2
T-10830,2024-03-04,Comida,P-18,3
T-12584,2024-03-27,  Cena  ,P-17,4
T-10964,2025-08-23,NULL,P-12,1
T-17794,2025-08-05,  Cena  ,P-22,3
T-12746,18/04/2024,  Cena  ,P-12,3
T-13590,2025-10-26,comida,P-01,3
T-11315,2025-12-14,Comida,P-21,1
T-12208,2025-05-01,CENA,P-10,2
T-10607,2025-12-07,  Cena  ,P-13,1
T-16381,2024-10-12,comida,P-19,3
T-15593,2025-08-30,NULL,P-07,2
T-15197,2025-02-22,N/A,P-12,3
T-15160,2025-07-11,Comida,P-16,4
T-12194,2025-03-31,  Cena  ,P-24,2
T-15203,2025-08-29,  Cena  ,P-14,1
T-13170,2025-09-08,Desayuno?,P-02,4
T-15879,2024-11-05,Desayuno?,P-15,4
T-14208,2024-12-28,N/A,P-16,1
T-13606,2024-10-29,N/A,P-09,2
T-15174,2025-02-20,  Cena  ,P-09,3
T-15541,2025-12-18,comida,P-22,4
T-15683,2024-09-15,NULL,P-03,1
T-14171,2024-09-03,CENA,P-04,2
T-16208,2025-03-20,CENA,P-23,1
T-14723,2025-08-05,N/A,P-02,1
T-12049,2024-08-26,  Cena  ,P-10,2
T-11634,2024-08-23,comida,P-24,4
T-15260,2025-05-17,  Cena  ,P-21,3
T-11862,2024-07-08,Cena,P-14,2
T-12580,2025-08-21,Comida,P-99,4
T-17488,2025-03-20,N/A,P-07,2
T-15262,2025-02-20,comida,P-05,2
T-13983,2024-09-07,comida,P-04,3
T-16799,22/04/2025,CENA,P-19,2
T-12943,2024-02-08,  Cena  ,P-05,3
T-17383,2024-10-02,Comida,P-11,1
T-10606,2025-01-10,CENA,P-10,4
T-14109,2025-11-02,N/A,P-04,4
T-15046,2024-10-16,CENA,P-14,2
T-14336,2025-07-26,Cena,P-24,4
T-16468,2024-01-08,CENA,P-05,2
T-10242,2024-08-31,CENA,P-09,1
T-15003,2024-10-23,  Cena  ,P-06,1
T-10994,2025-01-13,comida,P-13,2
T-13330,2024-08-20,Comida,P-02,2
T-14883,2025-10-10,comida,P-08,4
T-16720,2025-05-13,NULL,P-21,4
T-13008,2024-01-20,comida,P-19,1
T-14896,29/12/2024,Comida,P-14,2
T-13315,2024-09-25,comida,P-23,4
T-12858,2025-04-16,NULL,P-17,3
T-13940,2025-01-05,Comida,P-24,3
T-16367,2025-06-06,Desayuno?,P-24,3
T-16008,2025-07-13,CENA,P-16,1
T-12487,11/04/2024,N/A,P-14,2
T-16803,2025-09-07,Comida,P-24,3
T-11197,2024-09-14,Cena,P-15,2
T-12473,2025-03-12,Desayuno?,P-14,4
T-13511,2024-04-13,NULL,P-15,1
T-15369,2024-04-10,  Cena  ,P-24,3
T-14023,2025-11-28,Desayuno?,P-22,1
T-17358,2025-04-19,,P-19,4
T-13283,2025-03-22,Cena,P-08,1
T-11597,2025-04-02,Desayuno?,P-06,1
T-12669,2025-09-28,  Cena  ,P-15,1
T-17002,2025-05-23,CENA,P-16,3
T-17846,2024-10-12,  Cena  ,P-20,3
T-12740,2024-12-25,Desayuno?,P-17,3
T-13118,18/12/2025,N/A,P-08,3
T-12280,2025-06-18,Desayuno?,P-09,4
T-14633,07/11/2025,  Cena  ,P-14,2
T-14032,2025-07-22,Cena,P-11,3
T-11913,2024-09-08,NULL,P-21,2
T-15613,2024-09-26,NULL,P-05,3
T-12039,2024-11-17,Cena,P-02,4
T-12628,2024-12-13,  Cena  ,P-99,2
T-16214,2025-02-28,NULL,P-25,2
T-16409,2024-07-05,N/A,P-18,2
T-12192,2025-09-21,Cena,P-20,3
T-12774,2024-10-08,CENA,P-22,4
T-17810,2024-03-08,N/A,P-18,2
T-13397,2024-01-10,comida,P-05,2
T-14853,2025-09-30,N/A,P-23,4
T-17658,25/08/2025,Desayuno?,P-07,3
T-15461,2025-09-04,Cena,P-07,4
T-13893,2025-09-09,CENA,P-13,2
T-17381,2025-07-16,Cena,P-15,1
T-13005,2024-12-01,Desayuno?,P-17,3
T-17999,2025-10-24,CENA,P-08,3
T-11109,2025-01-02,CENA,P-04,4
T-13432,2024-08-20,Cena,P-25,3
T-17151,2025-06-03,  Cena  ,P-20,3
T-13366,2025-12-30,Desayuno?,P-22,1
T-16483,2024-04-03,comida,P-19,3
T-10281,15/05/2025,CENA,P-16,1
T-17667,2024-06-22,CENA,P-22,1
T-16693,2025-12-22,NULL,P-07,1
T-10778,2025-09-30,Desayuno?,P-19,3
T-11323,2024-10-15,N/A,P-09,4
T-12813,2024-01-26,NULL,P-05,2
T-15119,2025-02-15,CENA,P-16,4
T-10952,13/12/2025,N/A,P-19,4
T-17206,2025-02-01,comida,P-17,1
T-16336,2024-11-04,NULL,P-07,4
T-15160,2025-05-25,  Cena  ,P-16,4
T-16170,22/02/2024,NULL,P-16,3
T-13119,2024-01-18,,P-01,3
T-16237,2025-09-07,NULL,P-15,2
T-12636,2024-05-04,Comida,P-02,2
T-10002,2024-08-07,N/A,P-15,2
T-11635,2025-11-12,CENA,P-03,4
T-11573,01/07/2025,comida,P-20,1
T-11643,2024-03-30,Cena,P-16,2
T-14828,2024-09-13,NULL,P-16,2
T-13275,2025-05-13,N/A,P-23,4
T-10442,23/03/2024,Desayuno?,P-20,4
T-13488,2025-04-26,  Cena  ,P-05,4
T-11745,2024-07-06,NULL,P-07,1
T-17476,2024-03-26,CENA,P-09,2
T-10148,2024-01-10,Desayuno?,P-04,2
T-14194,2025-06-16,N/A,P-11,4
T-12753,2025-04-14,Comida,P-11,1
T-16544,2025-06-22,Comida,P-23,1
T-11395,2024-11-29,NULL,P-15,1
T-12813,2025-03-07,N/A,P-15,3
T-10775,2024-03-21,Comida,P-23,4
T-17877,2025-03-18,Cena,P-17,3
T-12316,2024-12-30,,P-15,2
T-14734,2024-03-23,  Cena  ,P-25,3
T-11889,2025-04-30,CENA,P-19,1
T-14782,2025-04-06,NULL,P-10,1
T-13591,2024-01-03,CENA,P-04,2
T-15303,2025-10-31,NULL,P-09,1
T-12446,2024-08-26,NULL,P-15,1
T-12376,2024-12-19,,P-12,1
T-17752,2025-07-16,  Cena  ,P-17,1
T-17127,2025-10-15,N/A,P-10,4
T-15779,2024-05-01,Comida,P-21,2
T-11360,2025-05-22,N/A,P-18,4
T-15989,2025-03-25,NULL,P-03,4
T-14826,2024-09-15,Comida,P-06,1
T-17799,2025-10-07,NULL,P-06,2
T-17098,2024-11-29,Comida,P-11,1
T-13194,2024-07-08,CENA,P-22,4
T-15365,2025-09-27,  Cena  ,P-09,1
T-15284,2025-12-30,comida,P-10,2
T-10234,2024-08-07,Desayuno?,P-04,1
T-13640,2025-11-30,Comida,P-25,2
T-14518,2024-12-06,  Cena  ,P-08,2
T-12883,2025-08-17,Cena,P-15,1
T-14472,2024-08-18,N/A,P-20,3
T-10051,2024-11-18,Cena,P-22,4
T-15817,2024-07-25,CENA,P-12,1
T-12728,2024-04-05,Desayuno?,P-10,2
T-11816,2025-11-12,Desayuno?,P-14,2
T-17854,2024-12-08,N/A,P-22,3
T-17174,12/10/2024,Desayuno?,P-25,4
T-15783,29/07/2024,CENA,P-19,2
T-16278,2025-12-12,Cena,P-20,3
T-10959,2024-05-23,N/A,P-06,4
T-10374,30/03/2024,NULL,P-05,1
T-16788,2024-10-21,,P-04,1
T-12864,2024-08-03,N/A,P-17,1
T-17902,2025-11-26,CENA,P-13,2
T-15319,2025-02-07,N/A,P-10,1
T-13908,2024-12-24,  Cena  ,P-23,2
T-16386,2024-03-06,  Cena  ,P-17,2
T-13768,2025-03-24,,P-19,2
T-12698,2024-02-02,  Cena  ,P-18,3
T-17588,2025-04-16,CENA,P-07,1
T-10785,2025-07-11,Comida,P-23,2
T-13092,2024-09-02,Comida,P-08,1
T-12635,2024-10-05,Desayuno?,P-05,3
T-14373,2025-12-04,N/A,P-15,2
T-11603,2024-09-28,Cena,P-13,2
T-16289,24/01/2025,NULL,P-16,3
T-13473,2024-05-02,NULL,P-08,1
T-15682,2024-06-02,,P-14,4
T-11773,2024-11-02,NULL,P-17,2
T-13625,2025-07-15,Desayuno?,P-17,4
T-10751,06/12/2025,  Cena  ,P-11,2
T-12336,2024-04-11,,P-02,2
T-15360,2024-10-25,Desayuno?,P-20,4
T-13546,2025-10-29,N/A,P-07,3
T-12637,2025-07-29,Cena,P-06,4
T-11685,2025-01-05,CENA,P-15,-1
T-10111,2024-01-07,CENA,P-05,3
T-11910,2025-02-11,N/A,P-01,2
T-15941,2024-04-03,Cena,P-16,4
T-16202,2025-01-03,NULL,P-99,1
T-14527,2024-10-20,N/A,P-09,4
T-15686,2025-08-28,Comida,P-06,3
T-11132,2025-02-01,Desayuno?,P-04,4
T-11380,2024-09-09,CENA,P-14,1
T-11714,2025-09-24,  Cena  ,P-18,2
T-12460,2025-01-05,Desayuno?,P-23,1
T-10372,2024-04-04,  Cena  ,P-23,2
T-12010,2025-12-11,N/A,P-14,3
T-11758,2024-02-09,NULL,P-20,2
T-11235,2024-07-05,N/A,P-06,2
T-17345,2024-03-15,Comida,P-19,2
T-12152,2024-09-10,Desayuno?,P-25,3
T-16624,2024-08-15,N/A,P-07,1
T-15054,2024-04-23,  Cena  ,P-10,3
T-17208,2025-03-09,comida,P-23,2
T-13187,2024-10-01,CENA,P-13,2
T-14378,2025-03-17,CENA,P-09,2
T-11473,2025-03-18,NULL,P-09,1
T-14880,2024-10-05,comida,P-09,4
T-12236,2025-11-01,Cena,P-13,4
T-11571,2024-01-18,Desayuno?,P-11,1
T-17292,2025-02-21,N/A,P-22,2
T-16856,2025-11-09,N/A,P-17,3
T-10816,2024-12-16,,P-16,1
T-11711,2025-04-13,CENA,P-02,2
T-16053,2025-06-12,NULL,P-08,3
T-13328,2024-11-26,Comida,P-08,1
T-16399,2024-01-31,comida,P-08,4
T-17431,2025-01-31,N/A,P-08,3
T-14089,2025-02-19,Cena,P-23,3
T-17400,2024-12-27,  Cena  ,P-10,1
T-12483,2024-09-16,CENA,P-25,2
T-17074,16/12/2025,NULL,P-10,2
T-10700,2024-12-30,Cena,P-08,3
T-14711,2024-10-27,N/A,P-25,1
T-14494,2025-02-21,NULL,P-10,4
T-13521,2025-12-10,CENA,P-07,2
T-12939,28/12/2025,comida,P-08,1
T-10239,2024-01-18,,P-01,2
T-10479,2025-02-24,NULL,P-05,2
T-17290,2024-10-10,Cena,P-11,2
T-14248,2025-08-26,,P-24,3
T-10213,2025-11-22,NULL,P-05,1
T-10458,2024-10-27,Cena,P-14,2
T-12434,2025-04-13,comida,P-11,4
T-14418,2024-04-12,CENA,P-06,2
T-17616,19/11/2024,Desayuno?,P-03,1
T-14220,2025-11-24,Comida,P-05,3
T-10383,2025-11-04,Desayuno?,P-25,1
T-11178,2024-01-18,Comida,P-07,2
T-13406,2024-03-03,Cena,P-15,2
T-13712,2024-09-12,Cena,P-05,4
T-12399,06/09/2024,NULL,P-23,2
T-17593,2025-06-04,CENA,P-18,3
T-17579,2025-08-26,Comida,P-21,4
T-16097,2025-11-08,comida,P-99,4
T-15461,2024-04-24,comida,P-16,3
T-11015,2024-01-12,N/A,P-11,2
T-14396,2024-11-17,  Cena  ,P-16,2
T-16452,2024-12-24,Desayuno?,P-24,4
T-10213,2025-07-21,comida,P-13,3
T-11629,07/07/2024,Cena,P-10,2
T-11691,2025-02-06,Comida,P-21,4
T-11479,26/09/2024,  Cena  ,P-24,4
T-11738,2025-02-02,Cena,P-24,2
T-17448,2024-10-15,  Cena  ,P-04,3
T-15759,2024-04-09,Cena,P-20,1
T-17367,2024-12-04,NULL,P-12,4
T-15650,2024-07-13,  Cena  ,P-07,1
T-14390,2024-03-17,CENA,P-12,3
T-15894,2024-07-28,Cena,P-18,2
T-12613,2025-11-27,CENA,P-01,4
T-15361,2025-11-24,CENA,P-23,3
T-14872,2024-01-28,NULL,P-18,2
T-17142,2025-05-01,comida,P-08,2
T-17250,2025-08-24,comida,P-25,1
T-17965,2024-01-20,  Cena  ,P-16,3
T-11557,2025-08-12,Cena,P-10,3
T-14255,2025-02-14,NULL,P-99,1
T-13538,2024-05-31,NULL,P-19,4
T-14307,2025-04-22,N/A,P-16,1
T-16713,2024-12-27,CENA,P-21,1
T-16508,2025-11-16,Desayuno?,P-08,1
T-14098,2025-07-30,  Cena  ,P-11,1
T-14500,2024-11-13,N/A,P-23,1
T-12557,2025-11-24,N/A,P-16,1
T-17127,2024-09-22,Cena,P-21,1
T-17029,2024-03-24,Cena,P-07,4
T-14709,2025-08-04,comida,P-17,2
T-13101,2025-05-05,  Cena  ,P-20,4
T-10455,2024-07-23,Desayuno?,P-12,2
T-17426,2025-07-10,Comida,P-15,1
T-14790,2025-02-13,CENA,P-15,1
T-12685,2025-08-30,Comida,P-14,4
T-15286,2025-11-11,N/A,P-11,1
T-12872,2025-07-15,CENA,P-19,2
T-13349,2025-06-11,NULL,P-01,4
T-17419,2025-01-01,Desayuno?,P-15,4
T-12248,2025-12-28,NULL,P-03,4
T-10509,2025-11-27,Desayuno?,P-07,4
T-17403,2024-02-17,Desayuno?,P-11,3
T-12866,2025-10-31,  Cena  ,P-03,1
T-11700,2024-11-04,Cena,P-12,4
T-16329,2024-11-11,Desayuno?,P-13,4
T-12937,2024-06-15,comida,P-20,2
T-10094,2025-04-10,comida,P-02,4
T-16268,2024-02-22,comida,P-13,1
T-12710,2024-02-20,Desayuno?,P-05,4
T-17929,2024-03-09,Comida,P-12,2
T-17432,2025-04-12,  Cena  ,P-19,1
T-16176,2024-09-08,CENA,P-07,1
T-17625,2024-01-22,NULL,P-04,1
T-13687,2025-11-15,N/A,P-06,4
T-12348,2025-01-15,  Cena  ,P-17,1
T-16654,2024-10-24,Comida,P-19,2
T-15909,2025-03-11,NULL,P-01,2
T-10158,2025-01-21,Comida,P-25,4
T-15523,2024-11-16,Comida,P-02,1
T-13487,2024-07-10,Comida,P-13,4
T-17042,2025-10-02,  Cena  ,P-99,4
T-17971,2024-02-27,comida,P-04,3
T-15778,2024-07-25,  Cena  ,P-11,4
T-10090,2025-09-09,NULL,P-25,4
T-17086,2024-08-03,comida,P-09,4
T-11213,2024-10-20,Cena,P-10,3
T-10870,2025-07-06,NULL,P-24,4
T-16567,2025-11-12,comida,P-08,2
T-13996,2024-09-10,NULL,P-03,4
T-11416,2025-04-22,Desayuno?,P-10,3
T-14868,2024-09-26,CENA,P-12,4
T-16099,2024-02-09,,P-05,1
T-15145,2024-12-09,NULL,P-11,1
T-10927,2024-10-24,Cena,P-19,2
T-11883,2024-05-02,  Cena  ,P-03,2
T-15608,2025-03-12,comida,P-18,1
T-11113,2025-01-13,Comida,P-18,3
T-17304,2025-07-30,Comida,P-24,1
T-11369,2025-01-06,Desayuno?,P-10,2
T-13139,2025-11-30,Cena,P-10,4
T-11174,2024-10-10,NULL,P-10,4
T-12549,2024-02-16,NULL,P-12,2
T-14305,2025-11-06,Cena,P-10,2
T-10983,2024-08-31,NULL,P-21,4
T-12100,2025-01-13,N/A,P-20,3
T-15522,2024-02-29,Desayuno?,P-25,4
T-17349,2025-07-12,NULL,P-01,2
T-13872,2025-07-07,CENA,P-07,2
T-12274,2025-01-30,CENA,P-07,1
T-12295,2025-06-15,N/A,P-10,3
T-17818,2024-07-30,  Cena  ,P-19,3
T-11089,2025-12-16,Cena,P-19,1
T-15312,2024-12-23,NULL,P-17,1
T-14586,2025-04-24,N/A,P-10,1
T-16067,2025-04-30,Cena,P-22,2
T-11559,2025-03-08,CENA,P-10,1
T-15055,2024-12-07,Desayuno?,P-23,3
T-13111,05/11/2024,comida,P-08,4
T-15098,2025-10-30,CENA,P-17,3
T-14646,2024-04-16,,P-03,3
T-13015,2025-03-20,Cena,P-17,2
T-17271,2025-03-22,Cena,P-05,3
T-16430,2024-05-28,Desayuno?,P-19,4
T-16299,2024-05-12,N/A,P-02,2
T-10464,2024-12-10,Cena,P-04,4
T-11164,26/01/2025,Comida,P-05,3
T-13644,2024-10-19,  Cena  ,P-25,2
T-13739,2025-10-25,N/A,P-17,1
T-11138,2024-10-29,comida,P-14,1
T-16603,28/01/2025,CENA,P-04,2
T-10839,2025-08-26,Cena,P-10,3
T-16617,2024-12-12,Cena,P-12,1
T-10198,2024-06-05,Cena,P-15,4
T-15944,2025-11-30,,P-24,3
T-13282,2024-11-06,,P-03,-1
T-11701,2025-02-24,Desayuno?,P-08,3
T-15958,2024-09-25,CENA,P-15,2
T-12424,2024-07-20,NULL,P-13,2
T-12046,17/08/2024,Cena,P-04,2
T-17455,2024-02-13,Cena,P-22,2
T-11190,2024-09-29,NULL,P-05,4
T-13249,2024-03-07,Desayuno?,P-14,4
T-12748,2024-07-04,Desayuno?,P-01,2
T-13387,2025-01-22,CENA,P-24,1
T-16053,2025-12-09,Cena,P-05,2
T-14724,2024-03-19,Desayuno?,P-10,3
T-15185,2025-02-13,Cena,P-14,4
T-11270,2025-11-21,,P-10,4
T-14819,2025-10-14,comida,P-23,2
T-16036,2025-11-18,NULL,P-22,3
T-14716,2025-01-17,N/A,P-09,1
T-11591,2025-03-04,Cena,P-12,2
T-15780,2025-10-06,NULL,P-16,3
T-12499,17/08/2024,  Cena  ,P-15,4
T-14463,2024-02-08,Comida,P-06,3
T-17276,2024-02-24,comida,P-14,2
T-13213,2024-12-07,Cena,P-23,1
T-15783,2024-05-12,Desayuno?,P-21,1
T-16074,2024-07-31,Comida,P-11,3
T-12409,2024-10-20,CENA,P-17,2
T-10277,2025-02-15,N/A,P-06,3
T-12276,2024-11-14,Desayuno?,P-02,4
T-11050,02/06/2024,CENA,P-12,2
T-15254,2024-05-18,NULL,P-19,3
T-15354,2025-09-11,  Cena  ,P-25,1
T-10696,2025-06-20,N/A,P-05,1
T-11685,2025-06-08,CENA,P-08,2
T-13057,2025-12-03,Cena,P-15,3
T-12173,2025-10-18,N/A,P-23,4
T-14790,2025-11-28,  Cena  ,P-10,1
T-11510,27/08/2025,  Cena  ,P-24,1
T-17153,2024-07-02,  Cena  ,P-24,4
T-14380,2025-06-07,Cena,P-13,1
T-12695,2024-03-11,N/A,P-11,2
T-17550,2024-01-31,Comida,P-09,3
T-13783,2025-12-06,Desayuno?,P-01,2
T-17392,2025-11-29,comida,P-17,3
T-14807,2024-05-18,  Cena  ,P-14,2
T-17212,2025-03-03,CENA,P-08,4
T-16992,2024-10-22,NULL,P-05,3
T-17888,2025-08-04,N/A,P-09,3
T-11564,2025-06-17,Desayuno?,P-11,4
T-13621,2025-07-30,Desayuno?,P-99,4
T-15769,2025-01-22,,P-02,2
T-17667,2025-04-25,comida,P-24,2
T-13642,2024-09-26,comida,P-23,1
T-12689,2025-02-23,NULL,P-16,3
T-15033,2024-11-24,  Cena  ,P-21,2
T-13801,2024-01-17,Desayuno?,P-02,3
T-11097,08/01/2025,N/A,P-04,3
T-11771,2024-10-08,  Cena  ,P-12,3
T-13473,2024-05-21,comida,P-07,2
T-11803,2024-03-05,comida,P-20,1
T-11523,2024-07-04,,P-07,3
T-14599,27/02/2025,Desayuno?,P-25,2
T-10114,2025-07-26,  Cena  ,P-18,4
T-12411,2025-11-05,,P-23,2
T-12493,2024-09-24,Cena,P-12,3
T-12089,2025-09-19,N/A,P-04,3
T-16092,2025-08-24,comida,P-22,4
T-16393,2025-01-11,comida,P-19,3
T-13304,2024-10-17,Desayuno?,P-15,1
T-17419,2025-04-12,Cena,P-18,1
T-17481,2024-10-13,N/A,P-09,1
T-14811,2025-09-28,,P-20,4
T-10539,2025-04-06,  Cena  ,P-12,3
T-16145,21/10/2024,Comida,P-16,1
T-15441,2024-06-08,CENA,P-10,4
T-15954,2024-07-03,  Cena  ,P-23,1
T-17931,2025-05-26,Cena,P-08,1
T-15808,2025-11-05,Desayuno?,P-18,1
T-16774,2025-05-09,  Cena  ,P-12,2
T-12965,2024-11-11,Desayuno?,P-21,1
T-13750,2024-11-20,N/A,P-24,1
T-11100,2024-05-05,comida,P-20,2
T-11546,2024-08-22,Desayuno?,P-03,3
T-17557,2025-01-08,Comida,P-09,1
T-10483,27/05/2024,Comida,P-09,3
T-17010,2025-01-11,Comida,P-03,3
T-17086,2024-10-04,comida,P-06,4
T-15782,2025-08-31,CENA,P-21,3
T-17871,2024-07-17,Desayuno?,P-02,4
T-13710,2024-11-12,Desayuno?,P-24,3
T-15120,2025-04-04,  Cena  ,P-10,3
T-16902,2025-12-15,N/A,P-25,1
T-12053,2025-08-02,  Cena  ,P-11,3
T-16181,2024-11-24,  Cena  ,P-21,2
T-17403,2024-05-31,comida,P-21,3
T-13152,2024-09-28,,P-03,1
T-13295,2025-01-21,comida,P-06,4
T-17708,08/11/2024,N/A,P-22,2
T-10202,2025-06-14,CENA,P-11,2
T-16246,2025-02-13,N/A,P-11,2
T-15870,11/02/2025,CENA,P-23,2
T-13633,2024-10-27,Cena,P-12,1
T-13676,2025-07-12,Cena,P-02,2
T-13913,2025-11-08,NULL,P-08,2
T-15200,2025-05-27,comida,P-02,1
T-11426,2024-12-25,CENA,P-18,2
T-16276,2024-07-09,N/A,P-05,4
T-17413,2025-10-04,  Cena  ,P-10,1
T-16104,2024-01-05,  Cena  ,P-06,3
T-10560,2025-04-05,Desayuno?,P-25,1
T-16913,2025-05-28,Desayuno?,P-24,1
T-16197,2024-09-10,NULL,P-17,3
T-10486,2025-08-21,NULL,P-22,1
T-15608,2024-01-22,Desayuno?,P-03,4
T-12606,2024-09-23,  Cena  ,P-24,4
T-12578,2025-11-24,Desayuno?,P-15,4
T-14676,2024-08-11,NULL,P-12,2
T-16992,2024-02-19,Desayuno?,P-12,4
T-16167,2024-09-05,NULL,P-06,4
T-15799,2024-07-02,CENA,P-21,1
T-11038,17/03/2025,Comida,P-13,4
T-16946,2025-12-24,NULL,P-05,3
T-12022,2025-05-01,Comida,P-25,4
T-14606,2024-06-11,CENA,P-05,4
T-10017,2025-05-05,NULL,P-25,3
T-11360,2025-11-16,Comida,P-04,3
T-16359,2024-04-15,CENA,P-15,1
T-17369,2025-03-23,Desayuno?,P-14,2
T-10225,2024-04-06,comida,P-14,1
T-10964,2025-01-28,N/A,P-20,3
T-15170,2025-01-13,N/A,P-03,4
T-16173,2024-02-25,N/A,P-16,1
T-11117,2024-10-21,NULL,P-19,1
T-17823,2024-12-23,N/A,P-15,2
T-16518,2024-10-07,CENA,P-21,1
T-17271,2025-05-27,N/A,P-10,3
T-17046,2024-03-14,CENA,P-20,4
T-10106,2024-01-13,NULL,P-99,1
T-11176,12/12/2024,N/A,P-21,4
T-12688,2024-02-25,Comida,P-13,3
T-17280,2025-02-22,Desayuno?,P-07,3
T-14563,2024-05-24,Desayuno?,P-16,3
T-11978,2025-04-15,NULL,P-07,1
T-16641,2025-10-15,Desayuno?,P-16,1
T-13999,2024-03-21,Comida,P-09,4
T-15342,2025-07-27,NULL,P-19,3
T-11865,2024-09-17,N/A,P-04,2
T-16834,2024-04-13,Comida,P-22,1
T-14667,2025-11-17,Desayuno?,P-23,1
T-14796,2024-08-28,N/A,P-05,4
T-17920,2025-02-01,NULL,P-17,4
T-15284,2024-04-17,N/A,P-19,1
T-16709,2024-10-30,NULL,P-20,3
T-11005,08/08/2024,Comida,P-20,3
T-14079,2025-12-02,CENA,P-01,2
T-14216,2024-04-12,,P-16,1
T-16128,2025-04-25,CENA,P-09,3
T-12926,2025-08-03,Comida,P-14,4
T-12250,2024-06-20,,P-21,1
T-11766,2025-06-26,  Cena  ,P-03,-1
T-16246,2025-06-17,Comida,P-24,3
T-17245,2025-06-09,Comida,P-20,2
T-10680,2024-04-05,  Cena  ,P-08,1
T-11843,2024-08-18,  Cena  ,P-01,2
T-16917,2025-02-24,  Cena  ,P-17,3
T-11872,2024-05-06,N/A,P-01,2
T-11038,2024-06-03,,P-09,4
T-12319,2024-10-20,NULL,P-19,4
T-14228,2025-04-30,  Cena  ,P-07,3
T-17965,2025-07-05,NULL,P-04,4
T-15830,2024-11-26,Cena,P-07,1
T-10968,2025-10-30,  Cena  ,P-20,4
T-14393,2025-07-16,Cena,P-04,2
T-17710,2024-03-13,Comida,P-25,2
T-14194,2024-09-09,Cena,P-15,3
T-15914,2024-09-04,Comida,P-23,2
T-14106,2025-02-10,Comida,P-08,4
T-10803,2024-07-29,  Cena  ,P-25,2
T-14294,2025-03-22,Desayuno?,P-03,3
T-13974,2024-07-24,comida,P-01,1
T-15497,2025-02-21,,P-17,4
T-17871,2024-04-11,Comida,P-03,1
T-11513,2025-10-05,Cena,P-22,2
T-12818,2025-02-01,CENA,P-08,1
T-14490,2025-09-20,comida,P-23,1
T-16774,2025-05-27,Comida,P-07,4
T-17127,2024-09-18,,P-22,1
T-15487,02/05/2024,Cena,P-19,4
T-14551,17/07/2024,  Cena  ,P-15,2
T-14411,2024-12-06,comida,P-13,3
T-12767,2024-11-18,N/A,P-21,1
T-10244,2024-12-06,Comida,P-12,4
T-13544,2024-09-23,comida,P-07,4
T-14386,2025-10-02,,P-15,1
T-14348,2025-05-02,NULL,P-01,1
T-15334,2024-06-22,NULL,P-10,3
T-15943,2025-07-26,NULL,P-05,3
T-17938,2025-12-08,Comida,P-15,4
T-12960,2025-04-05,comida,P-20,2
T-15408,2025-09-02,  Cena  ,P-02,2
T-17466,2025-04-01,CENA,P-14,4
T-14340,2025-11-08,comida,P-21,1
T-17070,2024-12-20,Comida,P-08,1
T-11147,2025-05-27,NULL,P-02,1
T-12956,2024-05-18,comida,P-14,4
T-14734,2024-05-23,CENA,P-20,4
T-12898,2024-05-19,Desayuno?,P-23,2
T-14302,2024-09-03,Cena,P-13,2
T-16288,2024-04-19,Cena,P-24,4
T-14876,2024-03-03,NULL,P-19,1
T-10692,2025-11-02,NULL,P-24,1
T-13335,2025-10-01,CENA,P-04,2
T-12246,2024-09-08,NULL,P-16,4
T-12245,2024-08-19,,P-05,4
T-12170,06/07/2024,Comida,P-25,3
T-13569,2025-09-28,CENA,P-20,4
T-13760,24/02/2024,Desayuno?,P-17,3
T-16402,2025-03-23,Cena,P-14,2
T-13017,2024-11-11,N/A,P-14,2
T-10529,2025-05-16,comida,P-19,4
T-10126,2024-11-22,Comida,P-18,1
T-11197,2025-07-06,Desayuno?,P-16,2
T-10817,2024-06-04,Cena,P-21,3
T-12153,2024-03-21,Desayuno?,P-21,1
T-13273,19/08/2025,Cena,P-01,3
T-15296,2024-10-04,Desayuno?,P-12,4
T-14295,2025-09-16,CENA,P-07,4
T-12614,02/03/2025,comida,P-16,1
T-12686,2024-05-28,  Cena  ,P-20,3
T-10259,2024-07-17,Comida,P-22,4
T-14558,2024-01-04,CENA,P-05,1
T-13794,2025-06-17,N/A,P-06,2
T-14722,2025-07-07,Comida,P-19,2
T-10451,2025-10-11,Cena,P-17,2
T-17581,2024-03-31,  Cena  ,P-21,1
T-12521,2024-03-08,  Cena  ,P-02,1
T-17535,2025-02-11,comida,P-16,3
T-10578,2024-03-14,Comida,P-17,2
T-13819,2024-09-26,Desayuno?,P-20,3
T-10739,2025-03-18,CENA,P-19,3
T-15468,2025-07-04,N/A,P-21,2
T-13753,2024-03-17,CENA,P-05,3
T-13408,2025-04-26,Comida,P-03,4
T-13663,2025-09-07,CENA,P-08,2
T-10103,2025-03-17,NULL,P-20,2
T-16532,2025-09-14,  Cena  ,P-03,4
T-16087,2025-09-18,,P-16,2
T-16648,2024-12-01,N/A,P-25,4
T-15232,2025-10-26,Desayuno?,P-13,1
T-13281,2024-07-08,comida,P-15,4
T-10544,2024-09-26,Cena,P-25,1
T-12174,2024-10-17,comida,P-06,4
T-10636,14/03/2024,  Cena  ,P-24,4
T-17428,2024-12-10,Comida,P-12,4
T-16183,2025-10-15,Desayuno?,P-20,3
T-16150,2024-08-05,comida,P-03,2
T-13649,2025-12-01,  Cena  ,P-24,1
T-17335,2025-03-07,N/A,P-10,3
T-11876,2025-04-12,N/A,P-14,2
T-15006,2025-03-04,Comida,P-10,3
T-13156,2025-04-08,Desayuno?,P-03,2
T-16046,2025-04-01,,P-24,2
T-11575,2025-10-13,Desayuno?,P-22,4
T-11836,2025-08-02,Desayuno?,P-11,3
T-17846,2025-08-14,Comida,P-09,3
T-14294,2024-08-02,Comida,P-24,4
T-14044,2024-04-22,comida,P-16,1
T-11321,2025-06-05,Desayuno?,P-16,2
T-14260,2024-10-28,NULL,P-07,1
T-15475,2025-10-09,  Cena  ,P-24,1
T-15602,2024-03-26,comida,P-10,4
T-15294,2025-02-09,,P-11,2
T-11225,2025-03-20,Cena,P-04,3
T-17448,2025-02-17,Comida,P-11,3
T-15360,2024-12-10,CENA,P-16,1
T-14441,2025-11-04,  Cena  ,P-15,2
T-17272,2024-06-30,Comida,P-07,1
T-17013,2024-06-07,NULL,P-01,4
T-10135,2024-04-15,CENA,P-08,3
T-16770,2024-12-23,N/A,P-18,3
T-15398,2025-11-27,comida,P-17,4
T-12988,2025-01-09,N/A,P-02,1
T-14364,2025-09-06,N/A,P-03,4
T-10584,2024-02-22,Cena,P-06,4
T-13833,2024-10-06,  Cena  ,P-17,2
T-14725,2024-02-01,Comida,P-10,3
T-10354,2025-11-20,NULL,P-16,4
T-13661,2024-12-05,NULL,P-16,1
T-14047,03/03/2024,Comida,P-14,4
T-12521,2024-05-05,,P-04,2
T-14753,2024-05-01,,P-25,3
T-12949,2024-02-27,NULL,P-04,2
T-13411,2025-10-02,Cena,P-15,1
T-14837,2024-08-26,Comida,P-23,1
T-15925,2025-11-28,comida,P-06,1
T-15088,2025-02-15,CENA,P-02,1
T-14582,2024-09-26,comida,P-09,1
T-13767,2025-08-13,Cena,P-99,1
T-16374,2024-02-15,comida,P-10,2
T-10533,23/11/2025,N/A,P-02,1
T-11988,2024-08-19,NULL,P-13,3
T-16687,2024-06-05,NULL,P-20,2
T-10612,2024-12-06,Cena,P-10,3
T-17576,2025-02-10,CENA,P-20,3
T-11020,2024-09-15,Comida,P-21,-1
T-10150,2024-01-13,N/A,P-14,4
T-16708,2025-11-24,  Cena  ,P-14,1
T-15290,2024-03-14,Comida,P-09,3
T-11528,2025-04-23,Cena,P-16,4
T-14735,2025-05-15,comida,P-21,1
T-15273,2024-02-01,CENA,P-09,1
T-13919,2024-02-10,NULL,P-18,4
T-13067,2025-01-06,comida,P-03,3
T-17971,2024-05-19,CENA,P-03,4
T-14904,2025-07-14,comida,P-10,1
T-10747,2025-07-16,CENA,P-22,2
T-13449,2025-08-22,CENA,P-06,1
T-11713,2025-08-16,N/A,P-14,1
T-12631,2024-01-27,,P-21,1
T-12000,2024-07-27,comida,P-01,4
T-12149,2024-07-29,N/A,P-25,4
T-17530,2025-04-23,,P-23,3
T-14079,2025-07-23,Comida,P-19,1
T-11054,2025-04-17,Comida,P-05,1
T-14992,2025-06-29,N/A,P-10,1
T-13493,2024-11-05,Cena,P-24,2
T-14405,2025-08-30,,P-23,3
T-14680,2024-07-11,comida,P-02,2
T-17991,2024-08-26,CENA,P-08,4
T-17882,2024-09-20,Cena,P-23,1
T-16864,25/01/2024,Comida,P-09,2
T-16728,2024-10-12,Cena,P-08,2
T-12491,2025-03-10,Cena,P-04,4
T-12163,2024-12-25,Desayuno?,P-11,2
T-17640,2024-01-17,,P-12,4
T-16739,2024-08-14,CENA,P-22,3
T-12048,2024-11-29,N/A,P-14,3
T-12969,2024-07-23,comida,P-25,4
T-13031,2024-01-31,Desayuno?,P-21,3
T-11419,2024-06-02,Cena,P-17,2
T-10658,2025-07-25,Desayuno?,P-12,3
T-17471,2025-10-24,CENA,P-08,3
T-10554,2025-01-28,Cena,P-21,2
T-13700,2024-04-12,NULL,P-24,3
T-11238,2024-06-20,  Cena  ,P-10,1
T-17537,2024-03-22,N/A,P-23,4
T-13418,2025-08-31,N/A,P-06,3
T-14132,2024-01-09,,P-23,2
T-14381,30/12/2025,N/A,P-23,1
T-12364,2024-10-09,Cena,P-99,-1
T-11702,13/02/2025,NULL,P-01,3
T-16635,2024-04-24,  Cena  ,P-09,1
T-17207,2025-06-11,NULL,P-04,3
T-11138,2024-04-01,,P-14,2
T-13657,2025-08-27,Cena,P-15,3
T-14655,2025-12-14,NULL,P-13,4
T-12823,2025-04-18,NULL,P-23,1
T-12353,2025-10-07,Cena,P-08,1
T-15095,2025-10-02,Comida,P-06,2
T-17884,2025-05-19,NULL,P-10,3
T-12176,2025-10-23,Cena,P-10,4
T-16740,2025-07-10,CENA,P-18,3
T-12931,2025-03-06,CENA,P-25,3
T-14937,2025-01-11,N/A,P-14,3
T-12456,2025-11-01,Desayuno?,P-24,3
T-17525,2024-02-20,Cena,P-05,2
T-12084,2025-09-04,Comida,P-24,3
T-12063,2025-10-04,  Cena  ,P-11,1
T-14360,2025-09-15,,P-09,1
T-12291,2024-02-24,comida,P-10,2
T-16992,2024-08-19,N/A,P-03,1
T-12376,2024-12-06,Comida,P-12,4
T-17191,2024-10-27,CENA,P-22,4
T-11186,2024-10-01,CENA,P-23,2
T-14501,2025-03-05,NULL,P-12,1
T-10990,2025-04-01,N/A,P-22,3
T-17125,2024-03-01,N/A,P-11,-1
T-12248,2025-08-20,NULL,P-17,4
T-10062,2024-07-03,Comida,P-12,1
T-16107,2025-04-29,Desayuno?,P-20,2
T-10207,2025-05-11,NULL,P-02,2
T-17025,2025-09-22,Cena,P-01,3
T-10418,2024-02-01,Desayuno?,P-11,3
T-16170,2024-06-25,comida,P-19,3
T-17052,2025-10-29,N/A,P-13,3
T-16724,2025-04-05,  Cena  ,P-10,2
T-17797,2025-06-01,N/A,P-99,4
T-10592,2024-09-25,Desayuno?,P-25,1
T-16988,03/08/2024,Comida,P-16,2
T-16005,2024-01-11,N/A,P-24,-1
T-12168,2025-03-19,comida,P-20,1
T-10192,2025-07-21,,P-25,2
T-14670,2024-11-05,NULL,P-02,2
T-14397,2025-11-02,Comida,P-02,3
T-17782,30/03/2025,Desayuno?,P-15,3
T-14868,2024-01-24,comida,P-14,2
T-16624,2024-08-18,  Cena  ,P-03,4
T-15857,2025-07-11,Desayuno?,P-09,2
T-12601,2025-01-14,CENA,P-04,2
T-11955,2025-01-24,Desayuno?,P-10,2
T-15106,09/11/2025,CENA,P-11,3
T-13362,2025-09-16,,P-12,2
T-13857,2025-05-12,  Cena  ,P-06,1
T-11911,14/12/2025,,P-03,2
T-16247,2025-02-27,comida,P-15,2
T-14379,2025-06-07,Comida,P-04,4
T-16808,2025-07-16,N/A,P-13,4
T-17455,2024-05-15,  Cena  ,P-09,3
T-13302,2025-01-09,,P-06,4
T-17192,2025-10-17,  Cena  ,P-21,4
T-10067,2024-04-17,NULL,P-07,1
T-15327,2025-02-11,NULL,P-22,4
T-10975,2024-07-13,  Cena  ,P-08,4
T-12348,2024-07-15,N/A,P-23,4
T-13329,23/11/2025,NULL,P-17,2
T-12432,2025-02-22,Cena,P-04,1
T-12352,2025-06-04,Desayuno?,P-08,1
T-15749,2024-01-15,  Cena  ,P-03,3
T-16484,2025-11-09,  Cena  ,P-11,4
T-12244,2024-04-21,comida,P-14,3
T-11977,2025-06-14,N/A,P-12,2
T-15428,2024-09-05,N/A,P-14,4
T-13599,2025-10-07,Comida,P-18,4
T-10078,2025-05-09,Comida,P-06,1
T-16101,2024-01-05,Cena,P-06,1
T-14414,2024-10-15,  Cena  ,P-07,4
T-13971,2025-02-25,NULL,P-19,1
T-12518,2025-03-25,Cena,P-03,1
T-13974,2024-07-08,Comida,P-12,1
T-12034,2025-07-04,Desayuno?,P-18,3
T-15431,2025-03-25,comida,P-01,4
T-14111,2025-11-07,,P-03,1
T-12685,2025-02-12,NULL,P-25,3
T-10035,2024-11-13,CENA,P-20,3
T-11599,2024-10-01,Desayuno?,P-11,4
T-12481,2024-11-28,CENA,P-02,4
T-14675,2024-02-13,CENA,P-12,2
T-14723,2024-06-15,CENA,P-10,2
T-11527,2025-02-24,comida,P-02,2
T-13611,2024-02-28,Desayuno?,P-17,3
T-13144,2025-11-01,NULL,P-99,3
T-14764,2025-10-17,Cena,P-07,2
T-11768,2024-04-28,  Cena  ,P-11,4
T-14063,27/03/2025,CENA,P-20,2
T-12970,2024-04-28,Desayuno?,P-15,3
T-13462,2024-07-13,NULL,P-08,4
T-15395,2025-10-07,Cena,P-21,3
T-11588,2025-04-10,N/A,P-06,4
T-11909,2025-09-10,comida,P-24,2
T-12070,2025-01-09,Cena,P-06,1
T-15391,2024-09-01,comida,P-08,2
T-13818,2025-09-08,CENA,P-06,2
T-10595,2024-02-16,NULL,P-22,4
T-13816,2025-12-09,comida,P-03,1
T-15868,2024-10-06,NULL,P-17,1
T-11305,2024-05-18,N/A,P-14,4
T-13263,2025-10-25,CENA,P-25,2
T-13829,2025-02-19,NULL,P-08,4
T-10304,07/10/2025,  Cena  ,P-04,2
T-11920,2024-04-02,Desayuno?,P-16,2
T-11403,2025-06-04,NULL,P-19,4
T-10394,2025-01-02,Cena,P-19,3
T-10525,2024-02-14,NULL,P-21,3
T-15860,2025-02-23,Comida,P-15,3
T-11210,04/09/2024,Desayuno?,P-04,3
T-17264,2024-08-27,NULL,P-01,3
T-10620,2025-06-24,Desayuno?,P-23,3
T-10920,2024-03-02,NULL,P-02,4
T-16155,2025-02-05,Comida,P-06,3
T-13791,2025-01-23,  Cena  ,P-14,4
T-16813,2025-02-26,comida,P-02,1
T-17050,2024-10-15,Comida,P-09,1
T-13375,2024-05-01,CENA,P-21,4
T-14542,2024-07-31,Comida,P-23,3
T-14748,2024-06-17,Comida,P-19,2
T-10009,2025-12-16,Comida,P-16,3
T-11935,2024-09-29,NULL,P-18,4
T-13039,2025-01-11,NULL,P-09,2
T-14114,2024-04-13,Comida,P-09,4
T-12707,2024-07-20,comida,P-05,2
T-13251,18/10/2025,comida,P-14,2
T-13528,19/11/2025,Desayuno?,P-19,3
T-12174,2025-05-12,N/A,P-03,2
T-14387,2024-08-07,comida,P-03,4
T-13676,2024-04-08,,P-19,1
T-17910,2024-07-28,Desayuno?,P-14,4
T-14346,2024-06-22,Comida,P-20,1
T-11506,2024-01-25,  Cena  ,P-24,2
T-11742,2025-09-09,Comida,P-23,4
T-11865,2025-03-03,  Cena  ,P-24,-1
T-13988,2024-02-15,Cena,P-06,2
T-15504,2024-01-08,  Cena  ,P-19,2
T-11410,2024-09-06,Desayuno?,P-17,-1
T-10746,2025-09-12,  Cena  ,P-06,2
T-11823,2024-04-17,  Cena  ,P-07,1
T-13352,2025-06-24,N/A,P-15,2
T-15281,2025-01-01,  Cena  ,P-15,3
T-12971,27/01/2024,N/A,P-19,4
T-10882,2024-05-20,comida,P-01,1
T-11081,2024-02-24,CENA,P-21,3
T-10521,2025-04-24,N/A,P-09,1
T-17100,2025-03-09,N/A,P-12,1
T-12649,2025-07-23,NULL,P-11,3
T-16961,2024-01-30,comida,P-05,4
T-14419,2025-07-18,CENA,P-15,4
T-14484,2025-03-06,N/A,P-07,3
T-16468,2025-03-01,Cena,P-25,3
T-11963,2025-02-25,Desayuno?,P-11,3
T-17118,2024-12-30,,P-02,3
T-17484,2025-12-29,NULL,P-01,4
T-15482,2025-03-25,Cena,P-08,1
T-16860,2025-01-15,Desayuno?,P-24,3
T-10837,2024-06-08,Cena,P-11,3
T-10946,2025-02-23,Desayuno?,P-17,4
T-14859,2025-10-31,Comida,P-25,1
T-12558,2024-12-16,comida,P-19,3
T-15490,2024-12-26,,P-14,2
T-10209,2024-10-04,comida,P-22,2
T-15179,2025-02-05,comida,P-14,4
T-17606,2024-05-23,N/A,P-22,3
T-14948,2024-11-05,Desayuno?,P-08,3
T-17291,2025-11-04,Cena,P-21,3
T-10677,2025-07-22,  Cena  ,P-10,2
T-17496,2024-03-22,NULL,P-13,2
T-12349,2024-01-06,  Cena  ,P-15,2
T-10486,17/05/2024,  Cena  ,P-22,2
T-12647,2025-07-17,  Cena  ,P-10,3
T-14413,2024-11-19,Cena,P-18,4
T-14043,2025-04-11,,P-13,2
T-10009,2025-03-11,,P-15,1
T-11167,2024-07-13,NULL,P-99,4
T-16060,2024-03-25,  Cena  ,P-21,4
T-14683,2025-06-06,Cena,P-17,3
T-15379,2025-06-09,NULL,P-21,3
T-17186,2024-02-02,Cena,P-10,2
T-12157,2024-04-15,NULL,P-12,4
T-11839,2025-09-05,CENA,P-14,2
T-15705,2025-10-01,Comida,P-08,3
T-15651,2024-04-08,N/A,P-01,2
T-12012,2025-04-07,N/A,P-19,3
T-10650,2024-11-30,comida,P-25,1
T-17389,2025-08-14,Desayuno?,P-09,3
T-17440,2025-03-06,  Cena  ,P-11,3
T-17782,2024-03-06,N/A,P-20,3
T-17021,2025-12-19,comida,P-18,1
T-12154,2025-12-01,Comida,P-06,1
T-16664,2024-06-10,Desayuno?,P-19,3
T-10295,2025-11-12,NULL,P-15,1
T-15347,2025-01-18,comida,P-04,3
T-15684,2025-03-06,comida,P-15,4
T-12039,29/03/2025,comida,P-02,3
T-17427,2024-02-26,comida,P-01,2
T-14509,2024-02-15,Cena,P-13,3
T-12089,2025-05-26,comida,P-03,4
T-10763,2025-06-05,Cena,P-07,4
T-14552,2024-05-18,Desayuno?,P-24,4
T-17807,2024-08-02,CENA,P-09,3
T-15875,2025-10-13,NULL,P-18,3
T-13512,2025-03-27,NULL,P-10,1
T-10654,2025-05-27,NULL,P-25,4
T-10466,2024-02-08,N/A,P-05,3
T-12776,2024-01-28,  Cena  ,P-22,2
T-14493,2025-11-04,Cena,P-11,2
T-10254,2025-05-29,Desayuno?,P-22,1
T-14063,2025-07-15,N/A,P-19,2
T-10138,2025-01-04,Desayuno?,P-10,2
T-14781,2025-02-03,N/A,P-15,1
T-11805,2024-06-24,comida,P-13,1
T-13199,2024-06-05,CENA,P-02,3
T-12445,2025-06-26,NULL,P-13,3
T-11437,06/12/2024,Desayuno?,P-09,3
T-10506,2024-12-08,N/A,P-05,4
T-11069,2024-11-09,comida,P-10,1
T-11480,2025-02-09,CENA,P-18,3
T-16077,2025-04-17,N/A,P-15,3
T-13567,2024-01-09,Desayuno?,P-10,4
T-15971,2025-01-20,  Cena  ,P-11,2
T-13431,2025-09-12,Comida,P-21,4
T-17698,01/08/2024,,P-25,1
T-17684,2024-01-16,Cena,P-23,3
T-11525,2025-05-11,Desayuno?,P-18,3
T-17130,2024-08-12,Cena,P-19,2
T-10228,2025-06-12,Desayuno?,P-19,1
T-10236,2025-06-22,N/A,P-21,2
T-16995,2024-11-01,,P-19,3
T-11039,29/12/2024,Comida,P-03,1
T-11236,2024-02-14,N/A,P-07,4
T-13625,2025-12-20,comida,P-03,2
T-17530,2024-06-03,Comida,P-24,1
T-15408,2025-03-25,NULL,P-06,2
T-13832,2024-12-30,N/A,P-05,4
T-16791,2024-03-19,Comida,P-12,4
T-10913,2024-10-12,Cena,P-09,4
T-14413,2024-01-12,Comida,P-07,3
T-14697,2025-08-28,N/A,P-16,2
T-16864,2025-11-29,  Cena  ,P-04,4
T-17304,2024-10-01,,P-24,4
T-15559,12/03/2024,CENA,P-25,2
T-14689,2024-12-17,Cena,P-02,3
T-16785,2024-11-07,  Cena  ,P-05,1
T-17887,2025-12-27,Desayuno?,P-19,4
T-17772,2025-06-14,  Cena  ,P-11,1
T-10595,2024-05-08,Cena,P-08,4
T-13107,2025-02-16,Desayuno?,P-07,2
T-11617,2025-03-02,N/A,P-10,2
T-13651,2024-01-02,NULL,P-25,1
T-16309,2025-05-17,Cena,P-14,3
T-10413,2025-12-15,CENA,P-04,2
T-11683,2024-05-16,,P-12,3
T-13964,2024-07-07,CENA,P-10,2
T-12772,2025-02-25,comida,P-06,2
T-12541,2025-08-18,N/A,P-13,4
T-14794,2024-07-15,comida,P-23,3
T-17886,2024-11-09,Cena,P-06,2
T-16097,2024-10-16,Desayuno?,P-10,1
T-13064,2025-02-10,Cena,P-20,1
T-12918,19/12/2024,comida,P-02,4
T-17663,2024-08-05,Cena,P-18,4
T-14098,2025-04-19,NULL,P-25,2
T-17097,2025-01-06,comida,P-09,4
T-17157,2025-12-14,,P-22,2
T-12680,19/06/2024,Comida,P-17,2
T-17405,2025-03-27,N/A,P-05,3
T-10388,2025-07-04,,P-08,4
T-11657,2024-02-10,NULL,P-12,1
T-16254,2024-11-29,Comida,P-22,1
T-16677,2025-08-04,Comida,P-01,4
T-15814,2025-04-01,Desayuno?,P-19,1
T-14110,2025-12-09,NULL,P-11,1
T-15444,2025-05-24,,P-21,3
T-11092,2025-03-01,NULL,P-01,-1
T-13346,2025-10-20,CENA,P-10,1
T-10008,2024-07-15,Desayuno?,P-99,3
T-11872,2025-08-27,NULL,P-14,4
T-10219,2024-12-20,Cena,P-04,1
T-17645,2024-06-24,N/A,P-23,2
T-10026,2024-06-29,NULL,P-10,1
T-12121,2024-04-15,N/A,P-23,3
T-12787,2024-08-09,CENA,P-25,4
T-12446,2024-01-11,NULL,P-10,4
T-14330,2024-10-03,Desayuno?,P-20,3
T-15406,2024-12-29,,P-07,2
T-10995,2025-11-03,Comida,P-03,3
T-11634,2024-07-15,NULL,P-11,1
T-15110,2024-02-26,Cena,P-17,3
T-11442,2025-08-27,comida,P-20,2
T-11092,2025-03-09,Comida,P-23,1
T-10467,2024-11-29,NULL,P-03,4
T-13755,2025-12-04,NULL,P-20,4
T-14835,2024-06-15,,P-17,1
T-16749,2024-12-19,  Cena  ,P-10,1
T-11800,2025-11-29,CENA,P-16,4
T-17518,2024-10-05,CENA,P-21,-1
T-17837,2025-11-10,Comida,P-13,1
T-10134,2024-01-26,Comida,P-10,2
T-10420,2025-02-24,Comida,P-10,1
T-10390,2024-07-05,NULL,P-07,4
T-16814,2025-06-13,Cena,P-04,-1
T-13557,2025-09-11,Cena,P-21,3
T-11361,2024-08-04,N/A,P-16,1
T-15412,2024-04-05,Desayuno?,P-23,1
T-10726,2025-11-06,Cena,P-06,1
T-13708,2024-12-23,N/A,P-24,1
T-14229,2025-05-19,N/A,P-06,1
T-16202,2024-12-02,NULL,P-04,2
T-12103,2024-02-12,comida,P-12,3
T-11726,2024-07-18,  Cena  ,P-20,1
T-17639,2025-09-25,Comida,P-22,4
T-13254,2024-08-30,Comida,P-11,2
T-10061,2024-09-25,Cena,P-08,3
T-13539,2025-06-30,Comida,P-24,4
T-10201,22/05/2025,NULL,P-01,1
T-12013,19/02/2025,Cena,P-09,2
T-11031,2024-03-02,Comida,P-17,4
T-15974,2024-10-13,Cena,P-21,2
T-13470,2024-05-09,Desayuno?,P-13,3
T-16205,2025-01-13,Desayuno?,P-21,3
T-14811,2024-12-13,comida,P-24,2
T-12067,2024-02-07,CENA,P-03,3
T-12918,2025-02-17,Comida,P-03,1
T-15244,2025-03-12,NULL,P-10,1
T-13854,2024-02-20,Desayuno?,P-03,3
T-14599,05/01/2025,Cena,P-14,1
T-16528,2025-04-03,Cena,P-23,3
T-13077,2025-05-20,Cena,P-08,3
T-13375,2025-05-09,  Cena  ,P-06,4
T-14626,2024-09-26,Cena,P-24,2
T-14265,2024-03-14,N/A,P-03,4
T-16772,2024-05-22,Comida,P-17,4
T-15181,2024-10-12,,P-25,2
T-17230,2025-04-28,CENA,P-20,3
T-16151,2025-08-23,N/A,P-24,4
T-13703,2024-06-19,  Cena  ,P-15,1
T-13961,2025-01-05,comida,P-16,1
T-16747,2025-09-26,NULL,P-10,3
T-10492,2025-07-20,  Cena  ,P-99,3
T-12195,04/03/2024,  Cena  ,P-02,4
T-14787,2024-03-07,Cena,P-07,1
T-11132,2025-05-27,comida,P-19,2
T-10566,2025-04-20,N/A,P-03,2
T-17644,2025-04-19,comida,P-21,3
T-12730,2024-06-06,comida,P-02,-1
T-17142,2025-10-21,Desayuno?,P-14,3
T-16741,19/07/2024,NULL,P-03,4
T-15464,2025-08-08,  Cena  ,P-22,3
T-14749,2025-02-22,comida,P-24,3
T-10593,2024-02-20,Cena,P-99,4
T-12897,2025-01-31,comida,P-24,2
T-16873,2025-03-08,Desayuno?,P-11,2
T-14397,2024-06-13,N/A,P-05,1
T-15641,2024-10-07,  Cena  ,P-17,4
T-12349,2024-06-25,N/A,P-18,3
T-16006,2024-04-05,Cena,P-18,4
T-12935,2025-07-30,NULL,P-24,4
T-16847,2025-03-08,NULL,P-11,3
T-17036,2024-01-26,N/A,P-09,3
T-11594,2025-01-29,CENA,P-13,4
T-11218,2025-03-28,Desayuno?,P-08,4
T-10325,2024-10-18,  Cena  ,P-17,3
T-16909,2025-06-12,CENA,P-12,3
T-13107,2024-09-12,CENA,P-21,2
T-12797,2025-09-22,comida,P-24,3
T-17531,2024-11-02,Cena,P-08,4
T-10677,2025-11-25,  Cena  ,P-18,1
T-17440,2025-09-11,NULL,P-10,2
T-14296,2025-02-12,Desayuno?,P-14,2
T-12102,2024-03-27,Desayuno?,P-08,2
T-11690,2024-03-19,Cena,P-04,1
T-10882,2025-02-17,Desayuno?,P-07,4
T-11724,2024-03-09,Comida,P-20,2
T-11670,05/08/2024,CENA,P-23,2
T-14587,2025-02-26,CENA,P-25,2
T-11536,2024-07-23,  Cena  ,P-01,4
T-15877,2025-03-01,comida,P-16,1
T-13153,2024-01-04,  Cena  ,P-13,1
T-17080,2025-03-22,N/A,P-14,4
T-10846,2024-12-24,NULL,P-05,1
T-15361,2024-04-15,Cena,P-99,1
T-16644,2025-03-22,  Cena  ,P-05,1
T-13864,2025-10-25,CENA,P-01,1
T-17396,2025-04-02,  Cena  ,P-23,2
T-13435,2024-07-04,,P-06,4
T-15016,2024-03-06,N/A,P-11,3
T-10088,2025-05-30,Desayuno?,P-09,3
T-15376,2025-04-06,NULL,P-20,4
T-13284,2024-09-24,Cena,P-11,3
T-12190,2025-06-16,CENA,P-06,3
T-14504,2024-09-21,,P-07,3
T-10424,2024-02-24,Desayuno?,P-16,3
T-17432,2025-12-17,  Cena  ,P-04,1
T-10148,2024-05-15,NULL,P-25,4
T-14044,2025-03-05,Comida,P-19,1
T-17946,2024-05-23,N/A,P-02,4
T-11217,2024-01-10,CENA,P-22,1
T-10099,2024-12-24,  Cena  ,P-04,3
T-11524,2024-09-25,Cena,P-22,3
T-12940,2025-04-25,NULL,P-19,1
T-11862,2025-01-25,  Cena  ,P-10,1
T-12254,2024-08-01,Comida,P-16,2
T-17633,10/05/2024,CENA,P-01,1
T-14843,2024-05-26,Desayuno?,P-08,1
T-11046,2025-06-12,CENA,P-16,4
T-13663,2025-11-05,CENA,P-05,1
T-11575,2025-02-05,CENA,P-03,3
T-17784,2024-04-14,CENA,P-17,4
T-12066,2025-06-23,Cena,P-18,3
T-10969,2025-08-28,  Cena  ,P-01,1
T-14927,2024-04-17,CENA,P-25,3
T-14570,2025-09-26,Comida,P-02,2
T-12809,2024-11-30,Comida,P-06,2
T-12196,2024-08-09,N/A,P-17,-1
T-16507,2024-11-29,Comida,P-03,2
T-11985,2024-03-14,Desayuno?,P-14,4
T-14561,2025-03-08,Cena,P-21,2
T-10610,2025-05-07,Comida,P-15,1
T-13186,2024-05-27,Desayuno?,P-01,4
T-16600,2024-11-17,N/A,P-21,1
T-15688,2025-01-28,  Cena  ,P-03,1
T-10223,2025-08-04,N/A,P-08,1
T-17859,2025-05-26,NULL,P-06,2
T-15250,2025-10-19,Comida,P-17,2
T-11491,2024-05-20,Comida,P-23,2
T-10108,2024-05-22,NULL,P-24,3
T-10239,2024-05-29,Cena,P-16,2
T-17687,2025-03-18,CENA,P-03,1
T-11332,2025-02-04,NULL,P-02,2
T-12413,2025-10-04,Cena,P-03,1
T-13964,2024-11-24,Desayuno?,P-19,3
T-10507,2024-07-04,Comida,P-11,1
T-15584,2024-05-17,Desayuno?,P-23,3
T-13873,2025-12-03,Comida,P-09,2
T-16143,2025-05-23,  Cena  ,P-08,4
T-11049,2024-08-25,Desayuno?,P-10,2
T-15295,2025-04-16,Cena,P-18,1
T-12792,2024-01-03,CENA,P-13,4
T-14160,2024-05-18,Cena,P-24,4
T-12102,2025-04-12,NULL,P-20,4
T-12910,2025-11-20,comida,P-10,3
T-13933,2024-03-11,Desayuno?,P-25,1
T-15509,2025-09-03,comida,P-17,3
T-11527,2025-11-17,comida,P-24,2
T-17904,2025-06-26,Cena,P-15,3
T-16018,08/12/2025,CENA,P-01,4
T-16899,2025-06-16,,P-05,2
T-10198,2025-04-05,NULL,P-20,1
T-15187,2025-06-15,Cena,P-23,4
T-14775,2024-09-10,CENA,P-17,3
T-16302,2024-03-04,Desayuno?,P-09,4
T-10537,2024-08-28,Cena,P-07,4
T-12739,2025-02-25,Cena,P-21,4
T-13071,2025-12-06,Desayuno?,P-06,2
T-13309,2025-07-02,N/A,P-13,4
T-14811,07/02/2025,NULL,P-16,1
T-11079,2024-05-06,Cena,P-09,4
T-14881,2024-09-01,  Cena  ,P-12,1
T-16357,2025-10-06,Cena,P-21,3
T-14631,2024-06-21,,P-03,2
T-16513,2024-06-15,Cena,P-07,4
T-17979,2024-01-01,CENA,P-99,4
T-13700,2024-09-17,N/A,P-25,2
T-17793,2025-11-21,Desayuno?,P-23,4
T-16870,2025-03-01,CENA,P-24,3
T-12273,2024-08-19,Desayuno?,P-99,3
T-10154,2025-01-27,N/A,P-18,2
T-15466,2024-06-22,N/A,P-07,2
T-14533,2025-04-21,Comida,P-15,3
T-17111,21/09/2025,Desayuno?,P-16,3
T-14533,2025-06-24,,P-10,1
T-14191,2024-09-20,CENA,P-15,-1
T-16777,2025-03-29,Desayuno?,P-12,4
T-11625,2024-01-23,NULL,P-06,2
T-13246,2025-05-23,Comida,P-06,3
T-16707,2025-08-18,NULL,P-16,4
T-15615,2025-03-29,NULL,P-13,4
T-15263,2024-06-03,  Cena  ,P-18,4
T-10693,2025-08-21,Cena,P-09,1
T-17712,2024-10-13,N/A,P-09,3
T-14088,2024-03-25,Desayuno?,P-24,1
T-10042,2024-05-08,NULL,P-21,1
T-14577,2024-02-20,CENA,P-22,1
T-13384,02/09/2024,N/A,P-08,2
T-10854,2025-06-13,Comida,P-24,4
T-17252,2025-04-15,comida,P-18,1
T-13387,2025-05-03,  Cena  ,P-08,4
T-10686,2024-10-31,Comida,P-08,4
T-16157,2025-05-26,,P-19,2
T-17099,2025-01-29,  Cena  ,P-04,3
T-16886,2025-02-18,Desayuno?,P-15,4
T-14153,2025-02-08,Comida,P-24,4
T-14329,2024-12-01,  Cena  ,P-04,4
T-11325,2025-03-15,,P-12,1
T-14174,2025-01-14,comida,P-25,3
T-16001,07/06/2024,Desayuno?,P-11,3
T-17444,2024-10-04,comida,P-06,2
T-11890,2024-06-11,NULL,P-16,2
T-10168,2025-06-02,  Cena  ,P-05,1
T-12490,2025-11-11,  Cena  ,P-25,4
T-11292,2025-10-25,Cena,P-09,1
T-11911,2024-08-22,  Cena  ,P-03,1
T-10364,2024-07-04,Cena,P-15,4
T-12766,2025-06-15,comida,P-07,4
T-12077,2025-10-02,Comida,P-13,2
T-11640,2025-08-17,CENA,P-06,4
T-11249,2025-07-26,  Cena  ,P-02,3
T-15681,22/08/2025,  Cena  ,P-16,4
T-12850,2024-04-24,NULL,P-22,3
T-16038,2024-04-04,NULL,P-08,1
T-11570,2025-11-22,comida,P-18,3
T-11814,2024-05-25,comida,P-16,2
T-13805,2024-10-16,Desayuno?,P-08,2
T-15327,2025-02-13,comida,P-17,3
T-10119,2025-03-02,,P-07,3
T-16368,2024-12-30,Cena,P-21,1
T-11021,2024-07-05,Desayuno?,P-07,4
T-15362,2024-11-11,N/A,P-11,1
T-14736,2024-10-17,CENA,P-21,1
T-11373,2024-02-07,N/A,P-07,4
T-14666,2025-07-24,  Cena  ,P-99,3
T-17742,2024-02-18,N/A,P-12,4
T-15221,2025-12-11,  Cena  ,P-18,1
T-11815,2024-08-05,Comida,P-08,4
T-10950,2024-10-27,N/A,P-12,3
T-16611,2025-01-23,comida,P-16,3
T-10847,2025-09-03,comida,P-07,1
T-10144,2024-02-08,Comida,P-11,1
T-16181,2024-02-01,  Cena  ,P-15,2
T-13299,2024-04-04,NULL,P-06,2
T-14025,2025-02-01,Cena,P-04,2
T-14427,2024-06-18,  Cena  ,P-09,3
T-11021,2024-12-05,NULL,P-10,4
T-17214,2025-09-11,Desayuno?,P-22,2
T-15481,2024-11-20,N/A,P-15,3
T-11140,2024-02-23,N/A,P-15,2
T-11859,2024-04-24,CENA,P-12,3
T-14457,2025-09-03,NULL,P-22,3
T-11590,2024-01-05,N/A,P-14,3
T-15994,2025-07-02,Cena,P-25,4
T-12785,2024-08-01,NULL,P-01,3
T-17408,2024-01-04,Comida,P-06,4
T-16348,2024-05-07,comida,P-03,2
T-10370,2025-12-01,  Cena  ,P-17,2
T-15074,2024-05-07,CENA,P-04,4
T-10847,2025-02-07,CENA,P-21,1
T-13931,2025-03-16,comida,P-13,1
T-12683,2024-07-29,Cena,P-13,1
T-15334,2024-12-27,CENA,P-99,3
T-17072,2024-07-11,Desayuno?,P-03,3
T-11879,2025-11-23,N/A,P-12,2
T-15408,2025-08-20,Desayuno?,P-13,3
T-17584,2025-10-11,,P-08,4
T-16680,2025-08-05,Comida,P-12,4
T-11056,2024-08-24,Comida,P-01,1
T-11321,2024-07-02,NULL,P-18,1
T-17593,2024-02-22,Comida,P-11,3
T-16842,2025-08-08,CENA,P-05,2
T-10780,2024-06-13,Desayuno?,P-13,3
T-15500,2025-10-31,NULL,P-07,1
T-11186,2025-02-07,Cena,P-23,4
T-16738,2024-11-20,CENA,P-24,3
T-12769,2025-09-01,N/A,P-18,2
T-15157,2024-04-26,comida,P-03,4
T-10156,2025-11-01,NULL,P-16,1
T-16066,2024-06-17,Comida,P-05,4
T-17948,2024-09-17,NULL,P-17,4
T-15784,2025-04-02,N/A,P-17,1
T-17380,2024-10-23,NULL,P-24,3
T-16525,2025-02-14,NULL,P-17,2
T-14712,2025-11-16,CENA,P-20,2
T-13412,2024-11-18,N/A,P-22,3
T-15242,2025-07-18,  Cena  ,P-01,1
T-12960,2024-09-15,Cena,P-04,4
T-12106,2025-07-04,Desayuno?,P-16,4
T-13291,2025-11-05,N/A,P-13,1
T-16178,2025-03-27,N/A,P-01,1
T-11752,2025-11-22,comida,P-24,3
T-13984,2024-02-03,N/A,P-12,4
T-11820,2025-08-13,NULL,P-99,3
T-14553,2024-01-13,CENA,P-25,4
T-14007,2025-11-04,Comida,P-24,4
T-13026,2025-07-04,,P-06,1
T-10581,2025-08-14,NULL,P-17,1
T-17228,2025-10-03,CENA,P-14,4
T-15138,2025-01-13,  Cena  ,P-15,4
T-11318,2025-01-10,N/A,P-05,1
T-13190,2024-11-14,N/A,P-07,3
T-11536,22/11/2024,Comida,P-11,1
T-14529,2025-12-01,CENA,P-18,3
T-12205,22/12/2024,N/A,P-10,1
T-16002,2025-01-11,Cena,P-13,4
T-15064,2024-04-30,comida,P-21,2
T-14438,2025-05-22,  Cena  ,P-08,1
T-17372,2024-02-28,N/A,P-06,3
T-11929,2025-03-22,Comida,P-16,4
T-12210,2025-05-21,  Cena  ,P-03,4
T-16018,2025-04-21,,P-19,1
T-10159,2025-05-31,Desayuno?,P-22,3
T-10688,2024-11-13,comida,P-05,1
T-17089,2024-05-24,Desayuno?,P-04,3
T-16536,2025-08-11,Cena,P-03,1
T-16045,2025-06-15,comida,P-23,4
T-14664,2025-02-24,CENA,P-16,2
T-14700,2024-09-09,,P-24,3
T-12843,2025-05-28,CENA,P-03,4
T-17642,2025-08-24,comida,P-10,4
T-14368,2024-03-13,NULL,P-02,1
T-10652,2024-06-26,CENA,P-06,1
T-14714,10/05/2025,comida,P-16,3
T-16562,2024-11-04,  Cena  ,P-08,2
T-14667,2025-08-02,Cena,P-17,1
T-11523,2024-03-31,,P-10,3
T-16971,2025-05-27,,P-15,3
T-12323,2024-07-01,NULL,P-09,3
T-11058,2024-04-06,Cena,P-05,3
T-16135,2024-05-10,comida,P-23,1
T-17456,2025-11-01,,P-15,2
T-12202,2025-05-14,Comida,P-16,2
T-12948,2025-12-21,Cena,P-09,1
T-17620,2025-07-11,comida,P-21,1
T-10988,18/04/2024,N/A,P-08,4
T-15216,2025-04-20,Desayuno?,P-21,3
T-14535,2025-08-01,  Cena  ,P-01,4
T-10014,2024-06-30,Comida,P-06,1
T-14674,2025-09-12,,P-14,2
T-16077,2025-06-10,NULL,P-12,3
T-17396,2025-03-24,N/A,P-22,1
T-12005,2025-06-16,N/A,P-12,1
T-15921,23/02/2024,Cena,P-08,4
T-14557,2025-10-30,CENA,P-16,3
T-12565,2025-01-13,Cena,P-07,2
T-14358,11/01/2024,N/A,P-22,3
T-17107,20/06/2025,NULL,P-03,2
T-10797,2024-08-15,comida,P-21,2
T-15352,2025-01-09,Desayuno?,P-18,2
T-12355,2024-12-26,N/A,P-23,1
T-16835,2024-11-27,comida,P-99,3
T-11412,2025-04-18,CENA,P-18,2
T-13874,2025-02-08,Cena,P-06,4
T-17702,18/08/2024,N/A,P-14,4
T-13621,2025-10-18,,P-04,3
T-12711,24/05/2025,N/A,P-13,3
T-12547,2024-05-06,CENA,P-15,1
T-11930,2025-05-21,Comida,P-14,4
T-17732,2024-07-16,Comida,P-22,2
T-15007,2025-05-21,NULL,P-07,3
T-16060,2024-04-28,comida,P-20,4
T-10733,2024-10-14,Cena,P-25,2
T-14861,2024-03-05,comida,P-17,1
T-13370,2025-11-12,N/A,P-24,1
T-12695,2025-03-01,  Cena  ,P-23,2
T-10662,2025-09-22,Desayuno?,P-14,4
T-11473,2024-10-11,NULL,P-05,3
T-10794,2024-01-03,N/A,P-19,1
T-15632,2024-11-29,comida,P-21,4
T-13353,2024-04-04,Comida,P-15,1
T-11291,28/08/2025,CENA,P-15,3
T-13294,2024-01-10,,P-99,1
T-15754,2025-12-16,Comida,P-15,2
T-10024,2025-11-19,Desayuno?,P-14,4
T-12488,2024-01-29,N/A,P-13,1
T-15832,2025-03-14,NULL,P-18,4
T-12363,2025-04-08,NULL,P-08,1
T-13991,2025-10-09,Comida,P-15,4
T-10679,2025-06-23,CENA,P-04,4
T-11626,2025-09-14,N/A,P-14,3
T-11281,2025-06-01,Desayuno?,P-12,4
T-12343,2024-01-30,N/A,P-05,4
T-13272,2025-06-29,comida,P-18,3
T-15869,2025-07-02,,P-99,1
T-16351,2025-12-25,Comida,P-12,4
T-13793,2025-12-06,Comida,P-15,1
T-15697,2025-04-06,  Cena  ,P-14,3
T-17146,2024-09-09,,P-13,3
T-11719,2025-05-12,NULL,P-18,4
T-13358,2024-12-30,CENA,P-13,-1
T-11016,2024-08-23,,P-17,3
T-14645,2024-06-09,N/A,P-22,2
T-11847,2024-01-04,NULL,P-08,2
T-15288,2024-02-10,CENA,P-14,1
T-16112,2024-01-02,comida,P-03,1
T-17307,2025-08-25,CENA,P-03,4
T-15724,2024-06-03,Comida,P-24,2
T-11416,2025-02-17,,P-25,3
T-10510,2024-10-08,CENA,P-99,4
T-16085,2024-02-21,N/A,P-11,3
T-10398,2025-02-03,,P-14,3
T-11875,2025-01-10,NULL,P-15,1
T-15684,2024-10-26,Desayuno?,P-06,2
T-16137,2025-07-24,CENA,P-10,2
T-13442,2024-03-24,  Cena  ,P-03,4
T-12704,2025-02-04,Cena,P-10,1
T-15497,2024-10-25,Cena,P-18,3
T-11963,2025-04-28,Comida,P-04,4
T-10375,2024-05-05,Comida,P-17,3
T-14587,2025-07-20,Cena,P-21,4
T-11391,2025-02-19,NULL,P-16,2
T-16612,2024-10-29,comida,P-20,2
T-10105,2025-04-06,Desayuno?,P-21,1
T-17025,2025-06-04,CENA,P-20,4
T-14969,2025-07-13,NULL,P-09,3
T-14692,2024-08-03,N/A,P-06,3
T-14933,2024-01-03,Desayuno?,P-12,2
T-10691,2024-12-19,Cena,P-19,3
T-15464,2024-02-11,N/A,P-14,3
T-13854,2024-11-09,  Cena  ,P-06,2
T-16203,2025-05-03,NULL,P-05,2
T-11336,2025-05-18,CENA,P-01,4
T-12809,2025-05-09,comida,P-24,2
T-14838,2024-02-05,comida,P-14,4
T-15317,2025-05-24,,P-99,1
T-16055,2025-11-02,,P-19,2
T-14844,2025-04-22,NULL,P-15,3
T-13420,2024-08-02,N/A,P-02,3
T-16844,2025-10-27,NULL,P-05,1
T-11602,2024-10-30,Cena,P-19,2
T-10437,2025-01-21,,P-08,2
T-14341,2025-02-25,Cena,P-18,1
T-15738,2025-10-24,Desayuno?,P-11,1
T-11001,2024-12-19,N/A,P-08,2
T-13569,2025-12-29,comida,P-02,1
T-16799,2025-04-07,Cena,P-21,2
T-15818,11/02/2024,Cena,P-17,4
T-10521,2024-08-01,comida,P-20,2
T-13873,2025-08-09,Comida,P-01,2
T-16385,2024-01-04,CENA,P-08,2
T-13647,2025-09-17,CENA,P-16,2
T-10422,2024-12-05,CENA,P-08,2
T-15634,2024-12-07,NULL,P-15,4
T-12598,2024-05-19,  Cena  ,P-24,2
T-10995,2025-03-28,CENA,P-07,4
T-13307,2025-02-09,CENA,P-02,2
T-12039,2025-02-11,N/A,P-17,2
T-17306,2025-10-14,  Cena  ,P-19,2
T-10486,11/07/2024,comida,P-20,3
T-10806,2024-01-17,comida,P-08,4
T-12801,2025-07-16,Comida,P-20,1
T-12346,2024-11-10,CENA,P-07,1
T-10501,2024-11-25,  Cena  ,P-11,2
T-17660,2024-03-07,comida,P-12,2
T-17392,2024-03-15,Cena,P-10,4
T-14227,2025-09-06,comida,P-09,4
T-10644,2025-12-28,Comida,P-05,3
T-11377,2025-02-03,  Cena  ,P-11,1
T-13586,25/04/2025,Desayuno?,P-03,2
T-12320,2025-03-11,CENA,P-06,1
T-11752,2024-01-03,Desayuno?,P-17,2
T-10496,2025-01-08,Cena,P-20,2
T-10731,2025-11-12,Cena,P-10,3
T-10974,2024-02-10,Cena,P-12,3
T-11550,2024-01-23,Cena,P-99,4
T-14591,22/07/2025,N/A,P-01,4
T-17814,2024-12-22,N/A,P-99,1
T-10729,2025-11-22,Comida,P-07,4
T-17856,2024-09-02,NULL,P-19,3
T-15797,2025-05-14,NULL,P-18,1
T-13078,2025-12-19,comida,P-14,4
T-10005,2024-03-21,CENA,P-11,1
T-11940,2024-04-17,comida,P-99,3
T-14679,2025-05-09,NULL,P-03,3
T-11827,2024-01-04,Cena,P-04,1
T-14272,2024-07-15,Comida,P-23,3
T-12019,2025-09-11,Comida,P-17,4
T-11011,2025-05-22,CENA,P-04,1
T-13072,2025-10-18,CENA,P-14,3
T-15209,2024-12-09,CENA,P-15,4
T-12525,2025-04-23,N/A,P-07,3
T-16518,2025-10-16,  Cena  ,P-25,4
T-17176,2024-02-18,  Cena  ,P-16,4
T-15212,2024-04-07,N/A,P-18,1
T-12287,2025-11-18,CENA,P-25,2
T-11847,2024-04-26,Comida,P-10,2
T-11954,2025-12-08,comida,P-15,1
T-11982,2025-09-11,Comida,P-09,1
T-15572,2024-04-04,CENA,P-10,4
T-15701,2025-12-24,N/A,P-18,3
T-11674,2024-09-02,CENA,P-15,4
T-17417,2024-10-13,NULL,P-17,2
T-12868,30/08/2024,Comida,P-24,1
T-14243,2024-07-09,Cena,P-09,2
T-16064,2024-02-16,  Cena  ,P-23,2
T-13796,2025-12-17,N/A,P-16,1
T-13397,2024-01-22,comida,P-18,4
T-10285,2025-07-01,comida,P-13,1
T-12475,2024-03-07,NULL,P-20,4
T-16529,2025-07-04,NULL,P-12,1
T-13008,03/10/2025,CENA,P-04,4
T-11251,2024-10-07,Comida,P-09,1
T-11208,2024-11-29,comida,P-01,3
T-13720,2024-01-03,comida,P-21,3
T-17719,2024-04-26,Comida,P-03,2
T-17783,2024-06-10,Desayuno?,P-17,1
T-12768,2024-06-23,Desayuno?,P-15,2
T-13199,2025-11-02,Comida,P-24,3
T-17194,2025-08-22,  Cena  ,P-22,-1
T-14091,2024-05-14,CENA,P-99,1
T-16128,2024-12-13,Cena,P-04,4
T-17613,2024-02-05,NULL,P-22,4
T-10059,2024-10-13,NULL,P-16,4
T-11613,2024-06-16,NULL,P-16,4
T-14998,2025-09-21,comida,P-04,3
T-17940,2024-08-09,CENA,P-19,1
T-17872,2025-05-28,NULL,P-12,1
T-11540,2025-07-10,Cena,P-04,1
T-14183,2024-02-08,comida,P-10,2
T-16399,2025-04-06,CENA,P-18,4
T-12568,2025-04-17,comida,P-08,1
T-17320,2024-11-07,Cena,P-99,1
T-17355,2025-04-22,Cena,P-18,4
T-10374,2024-03-12,N/A,P-99,4
T-12911,2025-12-10,comida,P-19,2
T-11340,2024-10-21,comida,P-13,3
T-17547,27/09/2025,  Cena  ,P-11,-1
T-11344,2025-06-29,Desayuno?,P-16,2
T-10450,2024-05-12,N/A,P-06,4
T-17148,2024-04-02,comida,P-22,3
T-15103,2025-07-26,comida,P-16,4
T-17882,2025-01-15,comida,P-11,3
T-13592,2025-06-26,comida,P-16,2
T-15224,2025-08-14,  Cena  ,P-01,3
T-15891,2025-04-04,Comida,P-06,4
T-10580,2024-06-09,Comida,P-17,2
T-16256,2025-06-09,Desayuno?,P-01,1
T-13716,2024-10-31,Cena,P-07,3
T-17617,2025-10-09,  Cena  ,P-25,1
T-13240,2024-09-16,NULL,P-22,2
T-16605,2025-01-22,Cena,P-17,2
T-10597,2024-04-24,Comida,P-08,4
T-16931,2025-05-26,NULL,P-07,3
T-13765,2024-10-12,,P-16,1
T-11147,2024-06-05,N/A,P-16,3
T-13075,2024-07-06,comida,P-17,3
T-15099,2024-11-29,Comida,P-16,2
T-10956,2025-02-19,  Cena  ,P-11,2
T-17534,2025-09-01,  Cena  ,P-08,2
T-12403,2025-12-28,Desayuno?,P-04,2
T-12783,2024-09-12,  Cena  ,P-17,3
T-15099,2024-11-30,N/A,P-19,3
T-15188,2024-04-14,N/A,P-05,1
T-10354,2025-08-13,comida,P-17,1
T-12672,2025-12-10,Cena,P-21,2
T-14278,2024-10-19,NULL,P-21,3
T-12809,2025-04-01,CENA,P-09,1
T-12216,2025-11-16,NULL,P-19,3
T-11650,2025-08-18,NULL,P-05,1
T-17118,2025-09-28,,P-10,3
T-10338,2025-12-04,,P-25,4
T-14314,2024-02-11,CENA,P-20,4
T-17259,2024-05-09,Cena,P-20,1
T-14194,2024-07-15,Cena,P-06,1
T-15272,2024-06-15,N/A,P-05,2
T-12955,24/10/2024,CENA,P-11,1
T-15974,2025-12-10,NULL,P-13,1
T-15179,2024-10-27,CENA,P-22,3
T-16341,2025-07-22,comida,P-17,4
T-13458,2025-05-17,CENA,P-22,1
T-10858,2025-02-04,Comida,P-16,1
T-12154,2025-09-09,Cena,P-20,2
T-16455,2025-11-23,  Cena  ,P-17,1
T-10398,2025-07-28,Desayuno?,P-12,4
T-14820,2024-05-20,Cena,P-25,4
T-16503,15/03/2024,comida,P-24,4
T-15273,25/06/2024,Desayuno?,P-16,3
T-17974,07/05/2025,N/A,P-11,1
T-15643,2024-02-26,CENA,P-06,2
T-14861,2024-01-03,  Cena  ,P-16,3
T-16823,2025-01-01,N/A,P-02,4
T-16681,2024-07-15,  Cena  ,P-20,4
T-12719,2024-12-07,Comida,P-99,2
T-11439,2025-02-07,Comida,P-16,3
T-16345,2025-08-23,Desayuno?,P-05,2
T-15667,2024-09-07,Comida,P-07,2
T-11757,2024-06-05,Comida,P-11,2
T-13138,2024-11-07,NULL,P-09,4
T-16359,2025-03-14,comida,P-03,1
T-12549,2024-11-02,CENA,P-18,2
T-13628,2024-06-08,comida,P-01,3
T-13425,2025-11-29,NULL,P-06,2
T-14777,2025-03-30,N/A,P-11,3
T-15233,2024-05-27,CENA,P-17,2
T-14426,2024-06-09,CENA,P-22,4
T-12256,2024-05-21,CENA,P-23,4
T-17468,2024-07-06,NULL,P-15,2
T-13204,2024-04-11,,P-23,1
T-16760,2025-03-08,CENA,P-16,3
T-10457,2025-12-22,CENA,P-11,2
T-15015,2025-10-29,Desayuno?,P-07,3
T-14607,2024-07-26,Desayuno?,P-20,1
T-17256,2024-06-30,N/A,P-25,4
T-13857,2024-08-30,,P-21,3
T-15893,2024-10-23,CENA,P-08,1
T-15217,2024-02-13,N/A,P-23,1
T-10819,2024-09-09,CENA,P-18,1
T-10810,2025-12-09,CENA,P-08,4
T-11381,2025-06-28,NULL,P-14,3
T-16032,2024-09-30,Cena,P-20,2
T-11261,2024-08-20,Cena,P-12,4
T-14111,2024-07-10,Cena,P-10,3
T-14942,2024-12-14,NULL,P-16,1
T-16206,2025-03-03,NULL,P-21,3
T-14010,2024-12-30,  Cena  ,P-13,4
T-11477,2025-06-01,Desayuno?,P-17,3
T-16409,2025-04-17,comida,P-06,3
T-17912,2024-09-08,CENA,P-09,4
T-17471,2024-12-14,,P-14,1
T-11923,2025-03-25,NULL,P-02,2
T-10344,2025-09-23,Comida,P-03,3
T-14076,2024-01-20,NULL,P-10,1
T-14738,2024-03-15,  Cena  ,P-23,2
T-11498,2024-09-02,,P-18,4
T-12731,2024-10-18,CENA,P-06,1
T-16459,31/07/2024,Comida,P-07,4
T-14364,2025-11-15,comida,P-09,2
T-12423,2025-01-12,comida,P-22,4
T-13909,2025-12-17,Comida,P-22,1
T-12914,2024-03-20,Comida,P-16,2
T-10631,2025-11-19,Comida,P-10,4
T-10235,2025-04-01,comida,P-19,3
T-16329,2024-03-14,N/A,P-09,1
T-12892,2025-04-02,Cena,P-23,4
T-14257,2024-01-21,comida,P-02,2
T-13500,2024-04-01,N/A,P-09,1
T-10089,2025-06-26,NULL,P-10,2
T-14727,2025-03-13,N/A,P-22,1
T-17141,2024-03-05,Desayuno?,P-03,4
T-14436,2025-07-28,,P-23,2
T-16032,2025-03-12,Desayuno?,P-12,2
T-13285,2024-08-18,,P-02,3
T-16458,2024-05-24,,P-07,2
T-17018,2024-06-13,CENA,P-21,2
T-16661,2025-08-19,  Cena  ,P-03,3
T-13731,2025-08-12,  Cena  ,P-24,4
T-14579,2025-06-19,Desayuno?,P-09,1
T-10298,2025-03-16,  Cena  ,P-12,2
T-11214,2025-05-25,,P-04,4
T-13559,2025-09-04,Desayuno?,P-25,2
T-15742,2024-01-17,Cena,P-11,2
T-14445,2025-03-13,Desayuno?,P-03,1
T-14046,2024-11-19,Comida,P-21,4
T-16420,2025-08-01,  Cena  ,P-24,2
T-15832,2024-03-17,Cena,P-16,1
T-12358,2024-03-18,,P-15,4
T-15758,2024-12-22,N/A,P-07,4
T-17283,2024-02-16,CENA,P-06,1
T-10244,2024-04-27,Comida,P-04,3
T-12625,2024-01-26,comida,P-01,4
T-11918,2024-04-29,CENA,P-24,2
T-17947,2024-09-17,CENA,P-20,2
T-16638,2024-10-26,NULL,P-17,2
T-13897,2024-08-26,Cena,P-02,3
T-13994,2025-03-10,comida,P-11,3
T-11238,2025-12-05,NULL,P-06,1
T-15498,28/05/2024,comida,P-07,1
T-12791,2024-09-20,NULL,P-07,2
T-15041,2024-04-21,  Cena  ,P-05,1
T-17114,2024-11-13,N/A,P-17,1
T-10092,21/01/2025,,P-21,2
T-11443,2025-05-30,comida,P-16,1
T-16257,2025-02-25,NULL,P-03,3
T-12310,2024-12-24,comida,P-16,1
T-16168,2024-01-05,N/A,P-04,2
T-16314,2024-06-13,Cena,P-22,4
T-17872,2024-02-06,Comida,P-20,3
T-14652,2025-08-15,comida,P-16,1
T-12189,2024-12-23,CENA,P-21,3
T-11228,2025-12-23,Cena,P-14,2
T-14126,2024-04-11,  Cena  ,P-15,3
T-17929,2025-03-29,Desayuno?,P-14,4
T-15386,2024-06-03,NULL,P-06,4
T-10685,2024-12-05,Cena,P-99,1
T-17039,2024-04-10,NULL,P-25,2
T-11924,2025-11-25,Cena,P-25,4
T-12496,22/08/2024,Cena,P-14,1
T-15210,2024-09-20,  Cena  ,P-13,3
T-16959,2025-08-07,comida,P-21,3
T-12054,2025-07-16,N/A,P-10,1
T-15042,2025-09-28,CENA,P-05,2
T-16756,2025-08-18,,P-21,2
T-10780,2025-08-02,comida,P-04,2
T-10492,11/02/2025,N/A,P-22,4
T-11053,2025-07-28,N/A,P-25,3
T-16552,09/07/2024,Desayuno?,P-01,2
T-16592,2024-11-23,Desayuno?,P-07,2
T-14904,15/04/2025,comida,P-15,3
T-12633,2024-11-13,N/A,P-12,3
T-11630,2025-08-06,comida,P-19,3
T-17055,2024-12-17,N/A,P-08,1
T-16313,2025-11-29,N/A,P-15,2
T-12556,2024-01-27,Comida,P-18,2
T-13815,2024-07-14,Desayuno?,P-02,2
T-17994,14/12/2024,  Cena  ,P-10,3
T-12074,2024-10-15,comida,P-99,4
T-10355,2024-12-13,Cena,P-09,3
T-10614,2024-05-14,  Cena  ,P-20,1
T-17359,2025-06-22,CENA,P-10,3
T-16036,2025-12-09,CENA,P-05,3
T-12907,2025-08-03,CENA,P-24,2
T-12896,2024-12-15,Cena,P-05,1
T-14156,2025-10-12,Cena,P-20,2
T-15313,2024-12-06,NULL,P-07,1
T-14770,24/10/2025,  Cena  ,P-13,4
T-10382,2024-08-05,N/A,P-22,2
T-11140,2025-03-03,Desayuno?,P-09,3
T-17418,2024-01-10,Comida,P-04,-1
T-17948,2025-12-08,Desayuno?,P-01,2
T-12808,2024-10-15,,P-21,2
T-11089,2024-05-30,CENA,P-07,3
T-12502,2025-05-23,  Cena  ,P-15,2
T-17405,2024-08-23,CENA,P-19,3
T-14190,10/03/2025,CENA,P-14,4
T-17193,2025-06-05,CENA,P-12,2
T-13149,2024-11-15,Comida,P-05,3
T-11253,2025-09-09,comida,P-23,1
T-14040,2025-04-13,  Cena  ,P-20,2
T-16579,2025-09-27,Cena,P-24,1
T-12228,2024-11-28,Desayuno?,P-21,1
T-12772,2024-05-24,CENA,P-18,2
T-10479,2025-07-25,CENA,P-01,2
T-11936,2024-09-01,  Cena  ,P-15,3
T-10189,2025-07-11,comida,P-14,4
T-15999,2025-09-04,N/A,P-08,4
T-16998,2025-05-15,Cena,P-20,1
T-16017,2025-12-16,Comida,P-02,2
T-11832,2025-05-11,  Cena  ,P-12,1
T-12177,2025-09-10,Comida,P-03,3
T-15361,2024-09-02,NULL,P-17,4
T-13583,2024-07-14,CENA,P-24,3
T-15093,2025-11-28,Desayuno?,P-04,2
T-10969,2024-05-20,Comida,P-22,1
T-16900,2024-09-16,  Cena  ,P-20,4
T-17804,2025-06-19,N/A,P-05,1
T-14729,2024-04-23,Comida,P-03,2
T-10501,2024-08-08,Comida,P-05,4
T-10894,2025-02-03,NULL,P-15,3
T-12836,2025-12-27,NULL,P-15,3
T-11612,2024-09-28,comida,P-03,1
T-12773,2024-01-06,N/A,P-07,4
T-11592,2024-12-06,  Cena  ,P-16,3
T-11658,2025-01-12,Desayuno?,P-05,2
T-12754,11/04/2024,Desayuno?,P-23,4
T-12090,2025-10-06,  Cena  ,P-21,2
T-10094,2025-09-16,N/A,P-24,4
T-13329,2025-11-04,N/A,P-22,4
T-10603,2024-09-28,NULL,P-03,3
T-17046,2025-10-14,Cena,P-09,1
T-17577,2025-09-20,Desayuno?,P-99,4
T-16242,2025-07-12,Comida,P-25,3
T-16146,2024-08-06,Cena,P-17,2
T-16926,2025-07-18,  Cena  ,P-10,2
T-15565,11/10/2025,,P-24,4
T-13778,2025-02-24,N/A,P-06,3
T-17653,2025-04-11,N/A,P-12,3
T-11461,2025-05-28,CENA,P-15,4
T-13808,2025-11-12,Comida,P-22,3
T-15207,2025-07-01,Comida,P-12,1
T-11334,2024-01-31,Cena,P-22,4
T-10147,2024-12-05,comida,P-12,1
T-15706,2024-11-26,Cena,P-20,2
T-13940,2025-11-06,  Cena  ,P-12,3
T-11527,2024-01-22,NULL,P-16,4
T-13594,2025-07-28,  Cena  ,P-12,3
T-15841,2024-02-21,CENA,P-23,3
T-10296,2025-07-15,comida,P-14,2
T-15268,2025-08-26,Desayuno?,P-23,1
T-12811,2025-06-18,N/A,P-12,1
T-14847,2024-01-17,Comida,P-19,4
T-14744,2024-03-19,NULL,P-19,3
T-14032,2025-07-06,CENA,P-25,2
T-12179,2025-08-09,comida,P-08,4
T-14587,2024-01-10,NULL,P-18,3
T-17173,2024-05-14,comida,P-11,3
T-10971,2025-05-22,CENA,P-08,3
T-12046,2024-07-23,NULL,P-19,4
T-15639,2025-09-20,CENA,P-01,4
T-14439,2025-12-18,Cena,P-18,2
T-10990,05/08/2025,Cena,P-24,4
T-11839,2025-04-17,Desayuno?,P-15,1
T-11557,2024-01-10,comida,P-08,3
T-11031,2024-04-07,N/A,P-01,3
T-16321,2024-10-07,comida,P-25,2
T-13679,2025-10-06,Cena,P-08,1
T-13664,2025-02-28,N/A,P-22,4
T-11997,2025-12-18,  Cena  ,P-21,-1
T-14080,2025-05-30,Cena,P-19,4
T-12802,2024-12-04,CENA,P-19,3
T-17159,2025-12-02,comida,P-09,1
T-10356,2024-03-30,CENA,P-09,2
T-12378,2024-02-17,,P-15,2
T-17150,2024-04-03,Cena,P-05,3
T-10259,2024-08-23,NULL,P-17,2
T-15581,2024-02-02,Cena,P-02,3
T-17796,2024-05-18,Cena,P-24,3
T-14914,2025-07-18,comida,P-14,1
T-14870,2025-10-28,CENA,P-05,1
T-12604,2025-12-27,Comida,P-06,4
T-14046,2025-08-24,comida,P-22,1
T-13419,2024-08-24,comida,P-11,3
T-12262,2024-06-19,Cena,P-21,3
T-17173,2025-02-15,Desayuno?,P-11,2
T-11601,2025-05-12,comida,P-02,1
T-17211,2025-08-16,N/A,P-08,3
T-16756,2024-07-25,Desayuno?,P-01,2
T-10580,2024-10-23,CENA,P-25,4
T-11634,2025-07-06,N/A,P-04,3
T-14321,2025-04-11,Desayuno?,P-04,4
T-13336,2024-10-13,Cena,P-15,3
T-14296,2025-06-19,Cena,P-01,2
T-15914,2024-03-07,  Cena  ,P-06,1
T-13163,2025-08-01,CENA,P-01,1
T-17124,2024-11-11,comida,P-10,2
T-13158,2025-09-29,Desayuno?,P-02,2
T-12454,2024-10-06,  Cena  ,P-20,3
T-12348,2025-07-21,,P-03,4
T-12062,2025-09-09,NULL,P-10,4
T-16675,2024-12-10,comida,P-12,2
T-15633,2024-10-13,Desayuno?,P-22,4
T-10435,05/10/2025,CENA,P-05,2
T-11173,2025-01-05,comida,P-01,2
T-14967,2025-06-22,Comida,P-20,3
T-17425,2025-05-27,Comida,P-21,2
T-11909,2025-10-04,N/A,P-12,1
T-14319,2025-08-07,comida,P-08,3
T-11941,2025-10-23,Desayuno?,P-20,1
T-10211,2025-09-02,comida,P-03,4
T-17870,2024-06-29,CENA,P-24,3
T-10554,2024-02-26,Desayuno?,P-19,4
T-13751,2025-11-17,Desayuno?,P-07,2
T-17036,23/06/2025,  Cena  ,P-19,1
T-12216,2025-01-30,Desayuno?,P-04,3
T-15206,2025-04-18,Comida,P-19,3
T-11091,2025-08-31,CENA,P-22,3
T-10218,2024-04-14,comida,P-07,1
T-17344,2025-02-16,,P-03,1
T-14733,2025-11-08,comida,P-12,3
T-12194,2024-01-02,  Cena  ,P-23,2
T-15144,2025-05-27,comida,P-16,2
T-15427,22/11/2024,CENA,P-18,1
T-16181,2025-06-27,  Cena  ,P-12,3
T-17179,2025-03-01,Desayuno?,P-99,1
T-12060,2025-09-15,Cena,P-13,2
T-11374,2024-01-17,Comida,P-22,1
T-17772,2025-07-14,NULL,P-14,2
T-14073,2025-12-13,,P-10,2
T-17667,2024-09-01,NULL,P-10,4
T-10372,2024-06-30,N/A,P-19,2
T-12508,2025-03-14,  Cena  ,P-13,2
T-12216,2025-11-23,CENA,P-01,1
T-13844,13/07/2025,Desayuno?,P-06,1
T-17989,2025-12-22,  Cena  ,P-99,1
T-11275,14/07/2025,  Cena  ,P-01,4
T-12952,2025-11-19,Comida,P-15,4
T-10033,2024-02-27,CENA,P-99,3
T-12823,2024-08-08,Cena,P-21,4
T-15681,2024-01-09,,P-11,4
T-15994,2024-08-09,  Cena  ,P-20,3
T-13123,2024-05-04,N/A,P-03,4
T-14154,2025-07-29,Desayuno?,P-18,1
T-13598,2025-12-10,,P-05,2
T-14421,2025-05-26,  Cena  ,P-14,1
T-17755,2024-09-07,N/A,P-99,2
T-11472,2024-06-16,Desayuno?,P-22,4
T-10448,2024-07-23,CENA,P-24,3
T-11040,2024-05-23,comida,P-18,1
T-10324,2024-07-27,  Cena  ,P-12,1
T-10308,2024-09-24,  Cena  ,P-11,2
T-17044,2024-05-13,comida,P-06,1
T-13588,2025-03-22,Comida,P-10,3
T-13189,27/05/2025,CENA,P-19,3
T-13064,2024-08-19,Comida,P-12,2
T-12279,2025-03-11,N/A,P-07,2
T-16433,2024-09-16,comida,P-07,4
T-13872,2024-10-21,NULL,P-20,4
T-17222,2024-01-30,Desayuno?,P-18,1
T-17075,2024-10-20,Cena,P-15,1
T-17615,2025-10-12,comida,P-17,1
T-14531,2024-04-07,Desayuno?,P-19,1
T-13270,2025-09-14,Cena,P-17,3
T-14400,2024-06-26,  Cena  ,P-14,4
T-14401,2024-05-12,Cena,P-07,1
T-11542,2024-03-11,CENA,P-13,1
T-15644,2024-03-28,Comida,P-05,4
T-12747,2025-05-10,comida,P-25,4
T-16480,2025-11-02,N/A,P-12,1
T-12737,2024-05-18,Desayuno?,P-99,4
T-13483,2025-06-30,Comida,P-09,2
T-12500,2024-12-02,Cena,P-12,3
T-17122,2025-02-11,Comida,P-23,-1
T-17566,2024-06-04,Cena,P-09,1
T-17660,06/02/2024,Comida,P-01,1
T-11138,2024-04-24,Comida,P-17,-1
T-11865,2025-09-30,CENA,P-08,2
T-14356,2024-02-29,Comida,P-18,2
T-10875,2025-05-01,comida,P-21,3
T-12956,2025-05-20,Cena,P-23,4
T-14128,2025-06-04,NULL,P-19,3
T-17576,2025-05-06,Cena,P-06,2
T-16588,2025-08-24,Comida,P-11,3
T-11697,2024-07-03,Cena,P-99,2
T-16012,2025-01-11,N/A,P-18,3
T-12289,2024-07-18,N/A,P-25,4
T-13200,2025-02-05,Comida,P-21,1
T-11263,2025-07-04,CENA,P-01,2
T-14346,2025-09-09,Desayuno?,P-16,2
T-14354,2025-01-14,Cena,P-20,2
T-11998,2025-06-24,  Cena  ,P-20,4
T-10240,2024-03-26,CENA,P-12,3
T-13558,2025-12-22,,P-14,4
T-10841,2025-07-25,CENA,P-22,3
T-11880,2024-07-01,comida,P-23,1
T-10598,2024-10-11,comida,P-04,2
T-17581,2024-07-20,CENA,P-99,3
T-14499,2024-02-13,NULL,P-08,1
T-13447,2025-07-11,  Cena  ,P-12,3
T-16493,2024-07-02,N/A,P-17,4
T-15330,2024-07-08,Desayuno?,P-17,1
T-13006,2024-07-25,  Cena  ,P-21,3
T-15631,2024-04-01,comida,P-19,1
T-15368,2025-02-08,CENA,P-07,1
T-12571,2025-07-01,,P-21,1
T-15434,2024-03-30,N/A,P-07,1
T-10054,2025-08-01,Comida,P-14,1
T-16049,2025-08-12,CENA,P-24,4
T-10697,2025-08-06,NULL,P-09,4
T-16328,2025-04-27,  Cena  ,P-12,2
T-14507,2025-07-08,comida,P-14,1
T-16233,2025-01-10,N/A,P-08,4
T-14223,2025-08-12,NULL,P-23,2
T-12189,2025-12-03,NULL,P-04,3
T-14741,14/12/2025,  Cena  ,P-14,3
T-14177,2024-09-06,,P-13,2
T-15452,2024-11-08,Comida,P-25,3
T-13196,2025-04-17,Cena,P-12,3
T-12390,2025-04-14,NULL,P-18,4
T-17286,2024-07-29,comida,P-17,4
T-13769,2025-06-27,Desayuno?,P-13,1
T-11780,2025-09-10,Desayuno?,P-13,1
T-15360,2025-08-20,N/A,P-13,2
T-11824,2025-12-29,Cena,P-02,3
T-10330,2024-06-11,CENA,P-12,2
T-16745,2024-08-11,NULL,P-04,2
T-15788,2024-07-25,,P-25,2
T-10577,2024-10-05,N/A,P-25,4
T-10550,2025-09-18,CENA,P-06,4
T-13871,2025-12-20,CENA,P-99,1
T-11742,2024-10-26,Comida,P-19,4
T-17880,2024-12-31,Comida,P-24,1
T-12108,2025-02-19,N/A,P-03,3
T-14359,2024-08-04,Cena,P-24,3
T-12982,2024-10-07,Desayuno?,P-01,3
T-17778,2024-03-09,Comida,P-06,2
T-13954,2025-04-15,CENA,P-06,2
T-15591,2025-08-10,comida,P-20,1
T-16295,2025-04-28,N/A,P-15,2
T-16018,2025-08-01,NULL,P-01,4
T-16743,2025-05-06,Comida,P-21,3
T-13722,2024-11-03,Cena,P-12,2
T-14414,2024-10-08,Cena,P-02,2
T-13682,2025-02-27,NULL,P-09,1
T-16040,2025-03-03,Comida,P-03,2
T-14694,2025-09-11,,P-24,1
T-13946,2024-12-10,CENA,P-10,1
T-13421,2025-03-15,Cena,P-18,4
T-12554,2025-08-09,Cena,P-13,4
T-14184,2024-05-12,Comida,P-23,3
T-13802,2025-12-21,N/A,P-11,1
T-17584,2024-05-21,NULL,P-03,3
T-16174,2025-07-11,  Cena  ,P-07,2
T-16446,2025-04-10,comida,P-01,4
T-17701,2024-01-03,CENA,P-16,3
T-17572,2024-09-30,N/A,P-22,4
T-16614,2025-07-24,N/A,P-03,1
T-14166,2025-09-07,comida,P-02,4
T-11877,2024-01-09,Comida,P-09,2
T-11130,2025-02-26,Cena,P-22,2
T-10135,2024-06-09,NULL,P-13,4
T-16907,2024-08-08,Comida,P-05,3
T-17672,2025-04-28,NULL,P-15,4
T-10009,2025-07-31,N/A,P-20,1
T-10674,2025-09-14,N/A,P-05,4
T-15926,2024-01-07,Cena,P-09,1
T-12365,2025-07-01,Cena,P-19,2
T-13312,2025-11-15,CENA,P-21,3
T-17655,2025-06-10,comida,P-02,2
T-12626,2025-11-03,  Cena  ,P-23,4
T-15793,2025-03-30,N/A,P-09,4
T-17766,2025-09-13,Cena,P-14,2
T-14772,2024-12-22,  Cena  ,P-10,3
T-15210,24/06/2024,Desayuno?,P-21,2
T-13306,2024-05-18,Cena,P-07,1
T-16977,2024-11-20,Cena,P-07,1
T-14038,2024-10-18,comida,P-10,3
T-17235,2024-05-17,NULL,P-14,4
T-11331,24/05/2024,CENA,P-08,2
T-12998,2024-05-30,Desayuno?,P-03,4
T-17267,2024-02-17,comida,P-03,3
T-12981,2024-04-02,Desayuno?,P-11,1
T-14486,2024-05-17,NULL,P-22,3
T-14469,2024-07-01,N/A,P-05,2
T-12166,2025-03-12,Comida,P-05,2
T-11512,2024-08-16,Cena,P-03,2
T-11554,2025-11-05,CENA,P-14,1
T-12436,2024-02-12,Comida,P-02,3
T-10501,2025-05-09,N/A,P-17,4
T-11391,2025-05-19,,P-18,3
T-13969,2024-02-07,Cena,P-99,-1
T-16020,2024-05-25,N/A,P-10,2
T-11541,2024-10-24,comida,P-21,-1
T-10583,2025-12-18,CENA,P-03,4
T-17672,2024-07-21,CENA,P-08,1
T-16430,2025-12-01,  Cena  ,P-04,1
T-12355,2024-09-26,CENA,P-17,3
T-12498,2024-04-24,NULL,P-21,1
T-17630,2024-04-16,  Cena  ,P-16,1
T-10697,2024-10-26,Comida,P-14,3
T-15212,2024-11-08,Comida,P-25,2
T-12189,2025-03-28,NULL,P-12,1
T-17786,2024-09-12,Comida,P-10,2
T-14370,2025-03-03,  Cena  ,P-14,3
T-15983,09/04/2024,Comida,P-10,2
T-10630,2025-10-11,CENA,P-09,4
T-13027,2025-03-04,CENA,P-10,1
T-15512,05/02/2025,Cena,P-07,1
T-13130,2024-06-23,NULL,P-11,4
T-15216,2025-07-08,Cena,P-06,2
T-12913,2025-12-16,NULL,P-24,4
T-15508,2024-04-06,Desayuno?,P-04,1
T-12553,2025-02-15,NULL,P-04,1
T-17598,2025-09-09,comida,P-17,2
T-16213,2025-09-10,,P-14,3
T-17181,2025-04-14,Cena,P-13,1
T-14178,2024-12-15,  Cena  ,P-20,2
T-16838,2025-02-23,Desayuno?,P-07,2
T-14659,2024-05-20,N/A,P-20,2
T-17808,2025-01-07,  Cena  ,P-01,4
T-14464,2024-04-08,  Cena  ,P-07,3
T-14304,2024-10-14,comida,P-10,3
T-13604,2025-09-15,CENA,P-15,3
T-15973,2025-02-06,Comida,P-25,1
T-12240,2025-09-22,  Cena  ,P-16,2
T-11308,2025-01-30,comida,P-08,4
T-14648,2024-12-10,CENA,P-01,2
T-12671,2025-08-08,Comida,P-04,2
T-16688,2024-03-15,N/A,P-20,1
T-14859,2025-11-08,Desayuno?,P-25,4
T-12155,2024-10-27,NULL,P-22,2
T-14681,2025-10-15,N/A,P-16,1
T-16388,2025-12-08,Desayuno?,P-21,2
T-15489,2025-10-03,Desayuno?,P-23,3
T-17901,2024-04-03,  Cena  ,P-20,1
T-14260,2024-06-23,Desayuno?,P-19,2
T-13117,2024-07-22,NULL,P-17,4
T-16688,2025-04-25,CENA,P-16,4
T-12978,2024-07-11,,P-12,1
T-11002,2025-01-01,Comida,P-18,4
T-10945,2025-06-21,CENA,P-25,4
T-13019,2024-08-25,Cena,P-18,4
T-14150,16/02/2024,NULL,P-18,4
T-11792,2025-02-22,  Cena  ,P-03,3
T-12760,2024-03-02,comida,P-03,2
T-13922,2025-11-28,Cena,P-07,1
T-13433,2025-02-13,Cena,P-01,3
T-17170,2024-06-09,comida,P-10,4
T-16770,2024-07-12,Comida,P-22,3
T-12872,2024-03-08,Cena,P-23,4
T-17604,2025-10-30,CENA,P-07,-1
T-10098,2025-11-05,N/A,P-22,4
T-11490,07/12/2025,  Cena  ,P-06,1
T-14831,2025-02-02,CENA,P-19,2
T-15601,2025-07-17,CENA,P-18,3
T-12284,2025-11-19,Desayuno?,P-07,3
T-16383,2024-05-03,Desayuno?,P-14,4
T-15246,18/12/2025,  Cena  ,P-15,1
T-10772,2025-07-08,  Cena  ,P-23,4
T-15271,2025-11-20,  Cena  ,P-05,2
T-14807,2025-10-18,Cena,P-09,1
T-16545,2024-04-03,  Cena  ,P-13,-1
T-15671,2025-05-02,Cena,P-06,3
T-15733,2025-11-27,CENA,P-01,3
T-11921,2025-01-06,comida,P-13,1
T-14088,2024-04-01,Comida,P-06,4
T-11267,14/12/2024,Comida,P-06,4
T-11214,2025-12-25,N/A,P-19,3
T-16315,2025-06-20,CENA,P-15,4
T-13263,2025-10-14,N/A,P-12,4
T-17590,2025-09-11,CENA,P-22,3
T-14679,2024-02-21,comida,P-13,4
T-12344,2024-06-07,Desayuno?,P-17,3
T-17871,2025-09-17,Cena,P-13,3
T-10788,2024-11-21,comida,P-05,3
T-17834,2024-10-26,N/A,P-01,1
T-11081,2025-11-11,CENA,P-18,2
T-12559,2025-06-19,Cena,P-25,3
T-13559,2024-07-29,Desayuno?,P-02,2
T-15907,2024-12-26,  Cena  ,P-11,2
T-14113,2025-11-28,N/A,P-03,4
T-11832,2025-08-16,comida,P-19,3
T-16521,2024-05-17,CENA,P-19,4
T-11416,07/02/2024,comida,P-17,3
T-15898,2024-01-31,Desayuno?,P-99,3
T-12800,2024-05-31,NULL,P-11,4
T-12168,2025-10-02,CENA,P-08,1
T-17962,2025-09-28,Desayuno?,P-05,4
T-12978,20/05/2024,comida,P-09,3
T-10197,2025-03-25,  Cena  ,P-02,1
T-13001,15/02/2025,NULL,P-03,2
T-10847,2024-07-17,Cena,P-17,1
T-10776,2024-09-04,Desayuno?,P-08,3
T-15922,2024-04-10,Cena,P-99,4
T-15375,2024-03-18,N/A,P-21,3
T-17791,2025-01-10,Comida,P-13,3
T-16092,2025-05-23,NULL,P-04,4
T-12455,2025-07-04,  Cena  ,P-24,3
T-12531,2025-06-29,CENA,P-10,1
T-15267,2024-04-30,CENA,P-10,4
T-15166,2025-09-04,Comida,P-25,3
T-14324,2024-12-31,N/A,P-01,3
T-10006,2025-12-16,Cena,P-01,2
T-12293,2024-06-13,Cena,P-16,1
T-12979,2024-04-15,  Cena  ,P-20,1
T-14738,2024-02-24,Desayuno?,P-11,3
T-10694,2025-04-17,Comida,P-06,4
T-13216,2025-12-15,,P-20,3
T-13684,2024-08-18,Desayuno?,P-02,2
T-10199,2025-02-26,Cena,P-15,3
T-15736,2025-09-10,Desayuno?,P-21,2
T-11476,2025-09-25,Desayuno?,P-02,3
T-16456,2025-07-21,Desayuno?,P-99,2
T-12685,2025-10-15,N/A,P-16,1
T-11049,2024-09-21,NULL,P-18,1
T-17043,2025-09-02,N/A,P-07,3
T-13529,2025-08-09,  Cena  ,P-18,1
T-16278,2025-02-06,Desayuno?,P-23,1
T-14291,31/07/2025,Comida,P-08,2
T-14885,2024-08-07,N/A,P-04,4
T-11587,05/06/2024,Desayuno?,P-12,2
T-16385,2025-03-06,NULL,P-11,3
T-14116,2025-11-26,  Cena  ,P-21,4
T-15539,2025-03-09,NULL,P-14,1
T-14749,2024-06-28,CENA,P-13,2
T-11975,2024-01-28,CENA,P-19,2
T-11359,2025-11-03,Comida,P-19,4
T-14886,2024-02-28,  Cena  ,P-19,2
T-11964,2025-06-26,N/A,P-09,3
T-10980,2025-09-12,comida,P-02,1
T-14125,2024-05-03,NULL,P-07,4
T-14403,2024-03-09,Desayuno?,P-09,1
T-14736,2025-03-23,CENA,P-04,3
T-10711,2025-03-02,,P-12,2
T-16551,2025-04-28,N/A,P-21,4
T-13570,2025-10-24,NULL,P-19,3
T-15960,2025-11-11,,P-11,4
T-15336,2024-08-26,  Cena  ,P-22,1
T-12949,2024-11-05,CENA,P-08,4
T-16726,2025-04-30,CENA,P-20,3
T-16709,2024-12-08,Comida,P-03,2
T-16803,2025-06-27,N/A,P-10,3
T-17274,2025-10-15,CENA,P-24,4
T-13286,2025-11-17,,P-04,4
T-15730,2024-10-09,Comida,P-04,4
T-10011,2024-04-27,  Cena  ,P-11,1
T-10705,2025-05-23,Desayuno?,P-06,3
T-17790,2024-10-18,Desayuno?,P-24,2
T-14351,2025-05-20,Comida,P-11,1
T-10009,2025-05-20,,P-01,1
T-17700,2024-05-16,comida,P-05,2
T-11436,2024-10-21,Desayuno?,P-21,2
T-12048,2024-05-01,N/A,P-14,1
T-16929,2024-06-29,  Cena  ,P-21,-1
T-16324,2025-03-06,NULL,P-01,3
T-12648,2025-08-19,Cena,P-11,3
T-12372,2024-07-24,,P-03,3
T-17942,2025-04-22,comida,P-08,4
T-10549,2025-08-16,Cena,P-01,4
T-14564,2025-01-26,NULL,P-01,4
T-11622,06/09/2025,NULL,P-16,1
T-11662,2024-01-03,Comida,P-14,1
T-11789,2024-11-29,CENA,P-09,1
T-14200,2025-05-25,Cena,P-16,3
T-11891,08/09/2024,,P-03,1
T-13959,2025-09-27,Comida,P-08,4
T-10280,2024-12-16,CENA,P-99,1
T-17212,2025-06-04,comida,P-06,4
T-15389,2024-05-31,Cena,P-14,3
T-13819,2024-12-20,Comida,P-02,3
T-15881,2025-04-15,NULL,P-21,3
T-11289,2025-10-10,comida,P-17,2
T-17747,2025-06-26,Cena,P-07,4
T-17517,2025-10-07,NULL,P-13,4
T-16291,2025-08-19,N/A,P-18,3
T-17051,2025-02-04,Comida,P-19,2
T-14912,2025-11-17,Desayuno?,P-25,3
T-13161,2025-09-05,CENA,P-02,2
T-15145,2025-08-23,Cena,P-10,-1
T-16270,2024-08-31,CENA,P-03,3
T-14948,2025-05-14,CENA,P-17,4
T-10294,2025-04-03,Comida,P-11,2
T-12463,2025-02-01,NULL,P-18,4
T-13855,2025-05-10,Comida,P-17,2
T-17293,2025-06-19,  Cena  ,P-10,2
T-15846,03/08/2024,,P-25,1
T-11200,2024-10-20,  Cena  ,P-15,2
T-10111,2025-11-08,Desayuno?,P-11,4
T-13163,2024-03-31,  Cena  ,P-12,4
T-10745,2025-06-21,CENA,P-07,4
T-13770,2025-06-14,N/A,P-05,4
T-10950,2025-08-31,comida,P-13,4
T-13685,2024-11-17,,P-23,4
T-15332,2025-01-09,CENA,P-07,2
T-15277,2024-12-15,Desayuno?,P-07,2
T-11457,2025-10-20,comida,P-04,1
T-10327,2024-06-10,comida,P-07,4
T-17066,2024-03-08,CENA,P-14,1
T-10527,2025-03-09,Comida,P-08,1
T-17306,2024-04-08,comida,P-14,4
T-12199,2024-01-12,,P-20,3
T-11562,2024-01-23,NULL,P-24,3
T-14351,2024-12-06,Comida,P-16,3
T-11834,2025-02-12,NULL,P-11,3
T-13480,2025-12-15,Comida,P-99,1
T-10087,2024-07-25,N/A,P-23,3
T-13334,2025-09-19,  Cena  ,P-05,1
T-10665,27/08/2024,comida,P-22,4
T-12396,2025-08-08,Cena,P-11,1
T-10186,2025-05-24,comida,P-14,4
T-15624,2025-09-26,comida,P-24,4
T-15044,2025-09-11,CENA,P-07,4
T-11016,2024-03-26,Cena,P-19,1
T-17521,2025-12-09,  Cena  ,P-08,3
T-15968,2024-01-02,Desayuno?,P-11,3
T-13745,2025-08-03,Cena,P-04,1
T-12183,2025-09-13,NULL,P-24,3
T-13692,2025-04-28,N/A,P-06,3
T-10183,2024-08-28,Desayuno?,P-07,2
T-17272,2024-11-13,Comida,P-99,4
T-16352,2024-06-19,NULL,P-18,4
T-16232,10/04/2025,comida,P-13,3
T-17655,2024-12-30,comida,P-15,1
T-16810,2024-04-21,Desayuno?,P-14,2
T-17048,2025-10-16,N/A,P-24,1
T-14608,2025-08-29,comida,P-99,3
T-13196,2024-04-12,Cena,P-18,4
T-15863,2025-10-18,N/A,P-13,4
T-10754,2024-05-01,NULL,P-18,4
T-11155,2024-04-27,Desayuno?,P-19,2
T-10890,2025-07-11,Cena,P-13,2
T-11067,02/12/2025,Cena,P-14,3
T-12848,2024-07-03,Comida,P-16,2
T-11001,2024-05-13,CENA,P-11,4
T-15632,2024-07-02,Comida,P-15,4
T-15174,2024-07-25,comida,P-02,4
T-16971,2025-07-28,Cena,P-15,2
T-13497,2024-08-24,,P-18,3
T-10059,2024-01-22,comida,P-19,2
T-15245,2025-01-01,Desayuno?,P-06,4
T-16361,2024-04-05,  Cena  ,P-02,3
T-14261,2024-08-21,NULL,P-08,2
T-10072,2024-06-23,,P-11,1
T-15390,2024-12-22,Cena,P-11,1
T-17051,2024-03-08,Cena,P-14,1
T-12153,2024-09-25,  Cena  ,P-10,1
T-10626,2024-12-30,,P-04,3
T-10703,2025-05-25,Desayuno?,P-20,3
T-13191,2024-05-13,Desayuno?,P-18,1
T-16833,2025-03-11,Cena,P-17,1
T-17256,2025-06-26,NULL,P-09,2
T-12339,2024-10-30,  Cena  ,P-20,1
T-10495,2024-04-12,NULL,P-04,1
T-15819,2025-01-07,comida,P-22,3
T-16927,2025-02-26,Desayuno?,P-07,2
T-15133,2025-04-24,Desayuno?,P-18,1
T-12731,2025-01-23,Desayuno?,P-04,1
T-10371,2024-03-27,NULL,P-21,2
T-10273,2025-06-28,NULL,P-17,2
T-13168,2025-10-30,,P-15,2
T-11957,2024-06-16,Comida,P-12,2
T-14337,2025-08-15,comida,P-19,4
T-11451,2025-10-06,  Cena  ,P-20,1
T-13228,2024-12-22,NULL,P-18,2
T-14982,19/11/2025,NULL,P-16,2
T-14636,2024-08-28,CENA,P-22,1
T-14989,2025-07-19,N/A,P-24,3
T-12163,2024-03-30,CENA,P-10,2
T-10129,2025-11-20,comida,P-11,4
T-10339,2024-01-15,NULL,P-14,2
T-11376,17/08/2024,CENA,P-16,1
T-12193,2024-04-04,,P-22,3
T-15331,2025-09-10,  Cena  ,P-09,1
T-14987,2024-08-24,Desayuno?,P-18,2
T-13890,2025-06-22,comida,P-23,4
T-11993,2025-07-10,NULL,P-14,2
T-17439,2025-07-12,Desayuno?,P-10,1
T-17324,2025-01-15,Cena,P-03,1
T-12828,2025-05-24,NULL,P-08,4
T-16697,2024-01-27,Cena,P-05,1
T-15878,2025-05-28,N/A,P-08,4
T-17557,2025-12-14,N/A,P-08,4
T-17210,2024-05-25,NULL,P-99,3
T-12750,2024-05-27,Cena,P-03,3
T-11712,2025-05-14,CENA,P-22,1
T-14582,2024-10-19,Cena,P-21,1
T-17397,2024-07-21,Comida,P-07,2
T-15241,2024-03-29,N/A,P-13,3
T-17354,28/11/2025,N/A,P-07,3
T-15402,2025-08-24,NULL,P-15,4
T-17755,2024-03-05,  Cena  ,P-19,1
T-11817,2024-11-21,NULL,P-25,2
T-15250,2024-01-28,  Cena  ,P-03,3
T-10559,2025-04-05,Desayuno?,P-08,2
T-12565,2024-01-15,CENA,P-12,4
T-10034,2024-12-13,Desayuno?,P-13,4
T-14849,2024-06-12,N/A,P-07,4
T-16701,2024-01-23,NULL,P-16,1
T-10186,2025-08-31,NULL,P-03,3
T-11091,2025-07-04,NULL,P-05,4
T-16156,2025-01-14,CENA,P-25,2
T-13067,2024-10-24,N/A,P-24,-1
T-10675,2024-11-06,Cena,P-12,1
T-14692,2025-11-10,NULL,P-25,2
T-17488,2024-08-11,NULL,P-20,4
T-11858,2025-04-25,,P-24,3
T-13731,2024-11-18,comida,P-09,2
T-10519,2024-05-20,Cena,P-99,3
T-17781,2024-01-22,Cena,P-07,2
T-13830,2025-02-22,  Cena  ,P-24,1
T-16077,2025-09-09,  Cena  ,P-06,4
T-14039,2024-09-22,NULL,P-01,2
T-11487,2025-02-19,NULL,P-16,1
T-12106,27/11/2024,CENA,P-06,4
T-12531,2024-07-03,comida,P-08,2
T-16808,2024-07-29,comida,P-25,3
T-11704,2024-09-12,Cena,P-15,4
T-13262,2025-07-30,NULL,P-05,4
T-10150,2025-02-09,Comida,P-19,2
T-12337,2024-12-18,  Cena  ,P-22,1
T-12506,2025-07-08,Cena,P-18,3
T-13462,2024-04-23,,P-23,3
T-12618,2024-09-21,  Cena  ,P-08,4
T-12135,2024-11-04,,P-12,2
T-17708,2024-01-24,comida,P-07,4
T-16513,2025-11-28,Cena,P-13,2
T-14259,2024-09-06,NULL,P-23,2
T-12093,2025-04-25,NULL,P-11,2
T-17133,2024-08-24,comida,P-02,4
T-12368,2024-03-03,NULL,P-11,4
T-11735,2025-07-31,N/A,P-06,3
T-11581,2024-04-01,  Cena  ,P-09,3
T-16431,2025-03-31,,P-07,1
T-12637,2025-09-28,CENA,P-20,4
T-12422,2024-02-15,Desayuno?,P-15,3
T-15241,2024-05-03,N/A,P-23,2
T-17867,2025-01-21,CENA,P-15,2
T-13087,2025-07-20,NULL,P-23,4
T-13732,2025-11-03,NULL,P-08,4
T-17564,2024-03-29,CENA,P-23,1
T-10790,2025-06-21,Cena,P-21,2
T-17395,2024-10-11,CENA,P-23,3
T-17850,2024-08-25,Comida,P-09,2
T-11612,2025-08-13,Cena,P-22,4
T-16363,2024-06-20,NULL,P-11,3
T-16655,2024-03-25,CENA,P-15,2
T-11025,2024-01-25,comida,P-16,4
T-14181,2025-08-03,NULL,P-18,1
T-16221,2024-06-21,Comida,P-25,1
T-11140,2024-04-26,CENA,P-06,4
T-11858,2025-07-14,NULL,P-16,3
T-16936,2024-06-07,comida,P-09,2
T-11172,2024-12-21,NULL,P-13,1
T-13699,2025-08-22,N/A,P-07,2
T-12217,2024-08-14,,P-08,3
T-16299,2024-07-06,comida,P-12,1
T-17911,10/09/2024,comida,P-24,1
T-16811,2025-12-10,NULL,P-14,2
T-16968,2024-12-06,comida,P-19,4
T-14787,2025-01-24,N/A,P-22,3
T-13767,2024-02-07,,P-09,1
T-11922,2025-06-12,  Cena  ,P-14,2
T-10862,2025-02-23,Cena,P-01,1
T-10387,2025-12-21,Comida,P-03,1
T-14820,2024-08-10,Cena,P-17,4
T-13077,2024-03-16,Comida,P-17,4
T-10489,08/03/2024,comida,P-18,3
T-17184,2024-06-08,NULL,P-22,1
T-10023,2025-05-14,CENA,P-23,2
T-10662,2024-01-20,Cena,P-25,2
T-10726,2025-05-17,comida,P-08,2
T-17984,2025-09-17,NULL,P-05,3
T-14743,2025-04-29,NULL,P-99,2
T-13521,2024-08-23,comida,P-14,2
T-17511,14/07/2025,Cena,P-18,3
T-10445,2025-10-14,NULL,P-01,3
T-17917,2025-12-08,CENA,P-16,2
T-14253,2025-10-01,Cena,P-23,-1
T-16916,2024-07-23,CENA,P-04,3
T-12823,2025-12-02,Comida,P-10,4
T-15000,2025-09-11,Comida,P-24,3
T-14252,2024-06-15,Cena,P-02,2
T-10838,2025-06-19,Comida,P-01,2
T-16793,2025-01-08,N/A,P-18,1
T-16865,2024-05-29,CENA,P-08,1
T-15627,2025-03-26,NULL,P-08,1
T-16035,2024-07-01,Desayuno?,P-23,4
T-16600,2025-07-06,Desayuno?,P-10,2
T-17845,2025-04-01,CENA,P-25,1
T-15952,2024-07-17,CENA,P-11,4
T-13973,2024-11-14,N/A,P-04,3
T-14873,2025-10-17,CENA,P-14,1
T-14049,2025-03-26,CENA,P-22,1
T-17429,2025-07-02,comida,P-17,3
T-14920,2024-09-27,NULL,P-10,4
T-13841,2024-06-22,NULL,P-17,3
T-17092,2024-01-17,NULL,P-16,2
T-15682,2025-02-21,  Cena  ,P-21,4
T-17359,2024-01-10,,P-03,3
T-16397,02/12/2024,NULL,P-04,3
T-10794,2024-05-31,NULL,P-20,4
T-14559,2025-05-13,  Cena  ,P-09,1
T-16844,2025-11-26,N/A,P-20,4
T-13110,2025-04-14,N/A,P-15,1
T-14287,2024-01-15,NULL,P-08,3
T-16306,2024-01-14,Comida,P-09,4
T-16298,2025-03-06,Desayuno?,P-22,4
T-14289,2024-12-26,Desayuno?,P-13,1
T-12427,2024-09-08,CENA,P-19,1
T-14404,2024-12-08,NULL,P-09,2
T-13542,2024-07-17,NULL,P-01,3
T-13902,2024-03-20,comida,P-01,2
T-14489,2024-12-01,comida,P-09,2
T-13175,2025-10-03,NULL,P-22,3
T-10092,2025-06-01,  Cena  ,P-16,4
T-15468,2025-09-18,,P-19,3
T-13822,2024-11-14,CENA,P-08,3
T-12696,2025-03-17,  Cena  ,P-07,4
T-11029,2025-10-26,Desayuno?,P-02,1
T-16459,2025-06-26,comida,P-07,4
T-13659,2024-01-28,N/A,P-17,1
T-14614,2025-07-13,Cena,P-12,2
T-14457,2024-08-08,Cena,P-04,3
T-12740,2025-10-09,Cena,P-03,4
T-10521,2025-04-27,CENA,P-22,2
T-16847,2024-01-02,comida,P-18,1
T-12624,2025-08-26,Desayuno?,P-11,3
T-17043,2025-01-22,N/A,P-09,2
T-12308,2024-08-13,CENA,P-03,3
T-13287,2024-12-29,Comida,P-22,2
T-14710,2024-12-15,NULL,P-16,4
T-14042,2024-04-15,NULL,P-17,3
T-16204,2025-02-13,N/A,P-15,1
T-15378,2024-07-25,NULL,P-09,4
T-10382,2024-05-17,  Cena  ,P-04,2
T-12711,2025-03-08,,P-25,4
T-13611,2025-04-15,Comida,P-24,1
T-10543,2025-12-12,Comida,P-05,4
T-14145,28/12/2025,  Cena  ,P-23,3
T-15204,2025-07-20,Comida,P-02,4
T-10974,2024-04-21,Cena,P-03,2
T-12819,2025-01-19,Comida,P-17,2
T-10415,2025-03-09,Cena,P-24,2
T-15477,2024-06-26,comida,P-09,3
T-10875,24/09/2024,Cena,P-02,1
T-13692,2025-01-03,N/A,P-24,4
T-13498,2025-10-24,Cena,P-18,1
T-15182,2024-10-29,CENA,P-09,3
T-16685,2024-04-15,Cena,P-23,1
T-15314,19/10/2024,NULL,P-14,1
T-16810,2025-02-13,NULL,P-05,2
T-12233,2024-01-31,N/A,P-18,4
T-16907,03/02/2025,Cena,P-22,2
T-14678,2025-02-18,NULL,P-03,4
T-13560,2025-03-19,comida,P-12,4
T-17419,2025-07-30,NULL,P-06,3
T-11527,2024-11-24,N/A,P-19,4
T-12662,2025-03-02,Comida,P-19,2
T-15432,2024-08-11,CENA,P-16,3
T-16125,2024-10-11,comida,P-02,4
T-14462,2024-12-07,  Cena  ,P-16,2
T-14515,2025-03-26,Cena,P-03,1
T-14823,2024-07-14,comida,P-01,3
T-13899,2024-08-24,Comida,P-17,4
T-14704,2024-11-02,CENA,P-20,2
T-16673,2024-12-15,Cena,P-14,4
T-12859,2024-07-31,CENA,P-20,4
T-16393,2025-07-28,Cena,P-09,4
T-10743,2024-11-21,  Cena  ,P-10,1
T-17503,2024-08-21,comida,P-23,1
T-17733,2025-09-18,NULL,P-06,3
T-14873,2025-10-31,NULL,P-11,1
T-11694,2024-03-16,Comida,P-15,2
T-10533,2025-06-01,Comida,P-15,1
T-16815,2024-05-21,comida,P-07,4
T-13324,2025-09-20,Cena,P-17,4
T-14871,2024-10-10,comida,P-21,3
T-12646,2025-01-10,CENA,P-23,4
T-12253,12/02/2025,Desayuno?,P-21,3
T-16564,2024-05-19,N/A,P-15,4
T-14359,2024-04-22,CENA,P-25,4
T-10771,2024-03-23,Desayuno?,P-09,4
T-17815,2025-08-17,comida,P-08,4
T-13909,2025-12-24,NULL,P-05,3
T-10209,2024-11-22,comida,P-07,3
T-15674,2025-01-31,NULL,P-21,4
T-16956,2024-01-22,Desayuno?,P-24,1
T-15284,2024-07-05,Cena,P-05,1
T-12806,2025-10-23,CENA,P-04,3
T-10702,2024-06-18,Cena,P-19,4
T-15550,2025-03-23,NULL,P-20,4
T-12356,2025-06-03,Comida,P-20,1
T-10153,2025-03-10,Comida,P-08,2
T-10643,2025-01-22,  Cena  ,P-03,4
T-15911,2024-03-03,Cena,P-01,4
T-10973,2024-09-10,Cena,P-20,3
T-13323,2025-04-10,comida,P-03,2
T-16108,2025-08-14,  Cena  ,P-21,1
T-15816,2024-05-21,  Cena  ,P-19,1
T-13603,2024-02-25,CENA,P-12,4
T-13095,2025-11-05,CENA,P-11,2
T-14628,2024-05-23,comida,P-06,1
T-15753,2024-12-31,Cena,P-15,3
T-12727,2025-07-08,  Cena  ,P-14,4
T-10790,2024-10-08,Comida,P-19,2
T-12768,2024-12-06,Comida,P-13,4
T-15855,2024-02-27,Cena,P-16,2
T-13954,2024-09-19,N/A,P-09,4
T-17372,2025-08-29,Comida,P-23,3
T-10234,2025-12-14,Comida,P-15,1
T-11878,2024-10-31,comida,P-05,4
T-12245,2024-07-08,,P-15,4
T-17958,2024-11-24,comida,P-03,2
T-16388,2024-03-28,CENA,P-17,3
T-11221,2024-10-15,Cena,P-25,1
T-16385,2025-05-08,NULL,P-21,3
T-14704,2025-12-11,Cena,P-15,3
T-12436,2025-07-15,NULL,P-11,3
T-16667,2025-09-25,Cena,P-03,4
T-13222,2024-06-12,N/A,P-05,2
T-17509,2025-04-21,NULL,P-04,1
T-10802,2025-12-26,NULL,P-09,2
T-16170,2025-03-20,CENA,P-20,3
T-11801,2024-07-14,comida,P-20,3
T-11293,2024-04-04,NULL,P-08,1
T-10073,2024-10-02,CENA,P-23,2
T-15181,2024-10-20,Cena,P-05,2
T-16068,2025-08-07,CENA,P-09,4
T-14890,2024-01-13,comida,P-04,1
T-13393,2025-05-20,CENA,P-04,2
T-10843,2025-05-14,  Cena  ,P-24,2
T-10343,2024-12-23,Desayuno?,P-23,4
T-15722,2025-01-26,N/A,P-08,1
T-12031,2025-10-23,comida,P-25,2
T-13606,2025-08-20,Comida,P-25,3
T-13567,2024-03-16,N/A,P-10,3
T-16820,2024-10-26,  Cena  ,P-01,2
T-11330,2025-07-26,  Cena  ,P-03,1
T-11896,2025-03-21,Cena,P-07,3
T-16433,2025-04-15,Desayuno?,P-24,2
T-14533,2024-06-27,comida,P-10,1
T-12257,2025-04-26,N/A,P-07,4
T-15877,2024-07-11,Desayuno?,P-18,2
T-12643,2024-04-28,CENA,P-99,2
T-15316,2025-08-13,N/A,P-11,2
T-14528,2025-12-15,comida,P-11,3
T-12953,2024-06-15,  Cena  ,P-21,1
T-11865,2024-03-03,Desayuno?,P-02,4
T-17925,2024-02-24,NULL,P-24,1
T-12505,2025-04-03,CENA,P-11,2
T-10583,2025-03-03,NULL,P-11,2
T-11029,2025-04-16,NULL,P-14,1
T-10071,05/03/2024,Desayuno?,P-10,3
T-16287,2024-11-25,comida,P-13,3
T-15792,2024-09-12,Cena,P-08,4
T-16866,2025-12-17,NULL,P-23,1
T-17871,2024-11-01,comida,P-19,3
T-10882,2024-05-15,,P-15,3
T-11651,2024-10-23,Comida,P-05,3
T-16937,2025-09-06,Comida,P-20,1
T-16808,2025-11-16,,P-10,2
T-14441,2024-01-09,Desayuno?,P-06,4
T-17211,2025-10-09,CENA,P-25,2
T-15295,2024-09-19,CENA,P-03,3
T-15112,2024-12-28,Desayuno?,P-05,1
T-14320,2025-10-31,,P-20,2
T-13096,2025-11-11,comida,P-07,4
T-17927,2025-02-15,N/A,P-02,1
T-11687,2025-10-26,,P-18,3
T-15734,2025-03-13,Cena,P-16,2
T-15279,2025-01-02,NULL,P-03,2
T-11055,2024-01-31,NULL,P-11,3
T-14108,2024-05-28,  Cena  ,P-10,2
T-11286,2025-10-25,Cena,P-01,3
T-16741,2024-11-07,Comida,P-18,4
T-14703,2025-03-01,CENA,P-04,2
T-17630,2025-12-07,Comida,P-09,4
T-14250,2024-09-10,comida,P-10,1
T-14242,2025-11-24,NULL,P-14,4
T-15652,2025-10-26,comida,P-24,1
T-16022,2025-01-29,Desayuno?,P-05,1
T-13805,2024-10-31,Desayuno?,P-11,1
T-14052,2024-07-04,,P-17,1
T-12257,2025-11-20,CENA,P-15,4
T-16928,2025-01-11,N/A,P-04,3
T-17575,2024-04-06,Desayuno?,P-22,1
T-14142,2024-09-30,Cena,P-14,1
T-13296,2025-11-12,Comida,P-09,3
T-11847,2025-02-01,NULL,P-01,2
T-10758,2024-07-24,Desayuno?,P-02,1
T-15262,2025-12-08,Comida,P-01,2
T-12440,16/04/2025,CENA,P-17,3
T-16788,21/06/2025,  Cena  ,P-23,3
T-17101,2024-11-10,  Cena  ,P-23,2
T-13040,2024-08-11,  Cena  ,P-19,2
T-15121,2025-11-07,,P-13,3
T-17433,2025-12-21,Cena,P-14,4
T-16307,2024-07-24,  Cena  ,P-13,4
T-17729,2025-04-18,  Cena  ,P-02,2
T-12258,2024-08-03,,P-13,4
T-14656,2025-10-15,Cena,P-09,3
T-11737,2025-10-28,CENA,P-24,2
T-16823,2024-01-09,Comida,P-02,4
T-14318,2025-02-19,Comida,P-14,2
T-10984,2025-01-18,N/A,P-08,3
T-16668,2024-02-06,N/A,P-09,4
T-17344,2024-01-25,N/A,P-15,1
T-11461,2024-03-15,NULL,P-12,2
T-11764,2025-05-12,CENA,P-17,4
T-13248,2025-03-22,N/A,P-17,2
T-14011,2025-10-15,comida,P-16,1
T-10631,2025-12-09,Comida,P-23,3
T-16555,2025-06-02,CENA,P-22,1
T-15596,2024-06-03,CENA,P-01,2
T-16681,2025-11-09,Desayuno?,P-04,1
T-14223,2025-10-17,  Cena  ,P-19,3
T-17268,2025-10-28,CENA,P-06,1
T-12695,2025-04-15,comida,P-25,3
T-15773,2025-01-02,N/A,P-08,1
T-11008,2024-07-05,Cena,P-12,-1
T-10322,05/11/2024,N/A,P-08,2
T-16068,2025-08-04,CENA,P-01,4
T-14568,2024-07-05,N/A,P-15,4
T-17197,2025-03-10,,P-15,4
T-11415,2024-08-30,NULL,P-21,1
T-14782,2024-08-24,Cena,P-21,1
T-11233,09/12/2024,N/A,P-02,3
T-10740,2024-05-09,NULL,P-08,3
T-17842,2025-02-04,,P-01,2
T-13574,2024-06-23,N/A,P-18,4
T-12851,2024-05-16,Desayuno?,P-25,4
T-13023,2025-10-29,N/A,P-10,1
T-17158,2024-05-20,Desayuno?,P-24,1
T-17970,2024-03-27,N/A,P-24,1
T-17830,2025-01-26,comida,P-02,2
T-13495,2025-07-11,Comida,P-09,4
T-17915,2024-07-07,comida,P-16,2
T-14450,2025-06-19,,P-07,3
T-12276,2025-08-09,  Cena  ,P-13,3
T-14584,2024-11-27,Cena,P-12,3
T-17196,2025-07-23,comida,P-06,3
T-10963,2025-12-02,  Cena  ,P-12,4
T-11416,2025-09-12,comida,P-21,4
T-13593,2024-07-27,Cena,P-12,4
T-13313,2025-04-26,Desayuno?,P-14,3
T-17860,2025-03-12,CENA,P-17,1
T-16018,2024-03-25,  Cena  ,P-21,3
T-14751,2025-04-25,,P-02,1
T-17657,2024-11-14,comida,P-99,4
T-14610,2025-04-13,N/A,P-04,1
T-17420,2025-12-16,Cena,P-14,2
T-12275,2024-08-23,  Cena  ,P-12,1
T-11551,2024-03-13,,P-10,4
T-13604,2025-08-27,CENA,P-06,3
T-15654,2024-11-08,NULL,P-08,1
T-13081,2024-05-05,CENA,P-15,4
T-15374,14/11/2024,CENA,P-08,1
T-14759,2025-04-10,Cena,P-19,1
T-17936,2025-11-17,  Cena  ,P-06,4
T-15693,2024-02-02,NULL,P-19,3
T-14478,2024-01-04,  Cena  ,P-03,2
T-11211,2024-03-09,N/A,P-03,2
T-16788,2024-07-22,  Cena  ,P-20,4
T-13474,2025-10-22,N/A,P-09,4
T-10028,2025-04-25,  Cena  ,P-24,3
T-11819,2025-05-09,Cena,P-22,3
T-14185,2025-04-19,Desayuno?,P-12,3
T-11521,2025-11-11,N/A,P-20,3
T-12719,2024-09-26,Desayuno?,P-24,1
T-11153,2024-07-13,comida,P-18,1
T-14954,28/11/2024,  Cena  ,P-06,4
T-16688,2025-01-20,  Cena  ,P-20,1
T-10900,2024-07-25,N/A,P-09,2
T-14767,2025-09-01,Cena,P-25,2
T-14229,2024-04-27,Desayuno?,P-19,2
T-11315,2024-05-08,CENA,P-18,2
T-12697,2025-01-17,  Cena  ,P-01,3
T-17303,2025-03-07,N/A,P-06,3
T-17459,2024-04-06,NULL,P-25,3
T-12014,2024-12-03,Comida,P-09,2
T-13926,2025-02-05,CENA,P-04,1
T-17642,2025-07-19,,P-21,4
T-17804,2024-08-30,Desayuno?,P-18,2
T-17101,2024-03-09,comida,P-03,2
T-13839,10/02/2024,Comida,P-21,2
T-15971,2024-11-30,Cena,P-01,4
T-17444,2024-04-16,CENA,P-02,1
T-17721,2024-02-28,  Cena  ,P-12,3
T-16142,2025-10-14,Comida,P-18,4
T-13126,2025-12-15,Comida,P-15,2
T-16903,2024-03-31,Comida,P-13,1
T-11581,2024-03-22,NULL,P-17,3
T-16020,2025-02-28,  Cena  ,P-19,4
T-10175,2024-01-09,,P-03,1
T-17095,2024-02-03,,P-17,3
T-11563,2024-05-24,NULL,P-01,2
T-10146,2024-09-29,Desayuno?,P-22,1
T-14240,2024-02-10,  Cena  ,P-04,1
T-14095,2024-06-16,comida,P-01,4
T-14188,2025-10-31,Cena,P-02,3
T-12215,2025-05-17,Cena,P-05,4
T-15151,2024-02-01,NULL,P-24,1
T-12580,2024-10-29,  Cena  ,P-13,3
T-10122,2025-12-01,  Cena  ,P-99,3
T-15015,2024-07-14,  Cena  ,P-13,3
T-15126,2025-05-13,Desayuno?,P-15,1
T-11149,2024-10-04,Comida,P-12,4
T-12138,21/10/2025,N/A,P-14,4
T-13374,2024-07-06,Comida,P-23,1
T-10756,2025-04-16,CENA,P-19,1
T-14129,2024-01-27,Comida,P-25,4
T-14235,2024-02-14,Cena,P-04,3
T-14279,2024-08-16,N/A,P-17,1
T-16341,2024-08-31,N/A,P-25,2
T-13968,2024-05-14,comida,P-25,1
T-15530,2025-05-13,comida,P-20,1
T-10562,2024-01-01,CENA,P-19,4
T-15997,2024-12-03,Cena,P-11,3
T-13234,2025-06-18,comida,P-21,2
T-10233,2024-01-06,comida,P-05,4
T-13604,2024-09-09,CENA,P-18,4
T-12590,2024-01-08,  Cena  ,P-03,2
T-14873,2024-04-03,NULL,P-11,1
T-10492,2025-08-23,Comida,P-07,4
T-15551,2025-12-22,Desayuno?,P-02,3
T-17530,2025-02-14,comida,P-23,3
T-12181,2025-12-24,comida,P-13,2
T-16569,2025-03-06,  Cena  ,P-07,2
T-13676,2025-03-06,Cena,P-14,2
T-11869,2025-09-06,,P-19,3
T-11655,22/03/2024,NULL,P-07,3
T-15404,2024-07-17,Comida,P-15,3
T-13476,2024-05-02,Cena,P-18,4
T-10589,2025-07-08,NULL,P-14,3
T-13505,2025-01-14,  Cena  ,P-17,1
T-11590,2025-02-06,Cena,P-07,4
T-16368,2024-07-23,,P-07,2
T-14826,2024-10-18,NULL,P-22,1
T-12397,2025-04-03,comida,P-01,1
T-17319,2025-03-01,Desayuno?,P-24,2
T-16900,2024-04-14,NULL,P-08,2
T-13474,2025-04-28,comida,P-18,2
T-16867,2025-02-10,,P-04,2
T-11873,2025-03-19,Cena,P-06,1
T-12403,2025-10-29,N/A,P-10,3
T-12161,2024-11-14,N/A,P-14,3
T-17016,2025-05-08,Cena,P-15,4
T-15147,2025-11-25,N/A,P-17,3
T-13025,2024-05-20,Cena,P-20,4
T-10693,2025-02-13,Comida,P-18,4
T-10254,19/01/2025,NULL,P-12,2
T-12743,2025-05-27,Comida,P-08,1
T-15898,2024-10-13,  Cena  ,P-16,3
T-17912,2025-10-29,comida,P-25,2
T-13326,2025-05-01,Cena,P-01,3
T-12808,2025-12-03,Desayuno?,P-15,4
T-17161,2025-04-16,,P-06,2
T-10247,2025-01-20,CENA,P-16,2
T-12836,2025-02-07,N/A,P-23,3
T-15498,2025-06-21,comida,P-23,4
T-17973,2025-06-10,  Cena  ,P-07,2
T-11454,2025-05-03,comida,P-13,2
T-17048,2024-05-31,Cena,P-21,2
T-16112,2025-12-14,Comida,P-04,4
T-10682,2025-11-19,  Cena  ,P-11,2
T-14994,2024-10-21,Comida,P-23,3
T-15626,2025-07-09,Comida,P-16,2
T-17595,2024-01-05,N/A,P-01,1
T-16894,2025-11-26,,P-25,4
T-14416,2025-08-22,CENA,P-13,3
T-10760,2024-03-30,comida,P-09,3
T-14863,2024-12-09,Desayuno?,P-22,4
T-17575,2024-05-21,CENA,P-11,2
T-11342,2024-04-20,NULL,P-02,2
T-14525,2025-04-03,Desayuno?,P-99,4
T-15463,2025-08-18,NULL,P-03,2
T-16984,2025-08-26,N/A,P-08,2
T-14925,2025-03-30,N/A,P-02,2
T-12520,2024-03-01,CENA,P-15,2
T-16838,2024-05-25,NULL,P-16,2
T-17950,23/05/2025,comida,P-06,1
T-15619,2025-10-07,NULL,P-04,4
T-12788,2024-11-26,N/A,P-21,1
T-11219,2025-08-29,comida,P-10,3
T-12336,2024-01-11,CENA,P-22,4
T-11862,2025-09-15,N/A,P-23,1
T-10465,2025-10-18,CENA,P-17,3
T-15923,2025-04-16,  Cena  ,P-12,4
T-12883,2025-07-15,,P-99,4
T-13759,2025-08-11,CENA,P-10,2
T-16152,2025-05-13,CENA,P-14,2
T-12155,2024-01-15,Comida,P-16,3
T-15983,2025-10-17,Comida,P-14,4
T-14817,2025-09-08,comida,P-11,2
T-17165,2024-03-01,NULL,P-03,3
T-14940,2024-04-04,  Cena  ,P-07,1
T-14748,2024-03-05,Comida,P-13,4
T-17808,03/06/2025,  Cena  ,P-23,3
T-16324,2024-12-16,Cena,P-10,1
T-14166,2025-11-17,comida,P-01,4
T-13105,2024-07-23,CENA,P-20,4
T-13844,2025-10-01,Cena,P-10,4
T-10842,2025-01-13,Cena,P-24,3
T-16254,2024-03-26,Desayuno?,P-23,2
T-12930,2025-11-13,comida,P-24,3
T-11567,2024-06-16,  Cena  ,P-08,1
T-13347,2024-10-02,  Cena  ,P-23,-1
T-13949,2025-01-16,  Cena  ,P-17,1
T-12651,2025-03-13,  Cena  ,P-07,2
T-10757,2025-08-24,  Cena  ,P-25,2
T-17853,2025-05-12,CENA,P-05,3
T-10538,2024-03-29,N/A,P-03,3
T-16255,2025-12-04,  Cena  ,P-20,3
T-17187,2025-05-12,CENA,P-01,2
T-13747,2025-06-06,comida,P-13,3
T-14761,2024-06-08,Comida,P-24,3
T-16186,2024-10-12,N/A,P-07,1
T-10252,2024-01-02,Comida,P-24,3
T-17435,2025-04-01,Desayuno?,P-13,3
T-10928,2025-04-01,N/A,P-25,1
T-14197,2025-12-01,comida,P-07,2
T-13041,2025-05-28,Comida,P-05,3
T-15618,2025-01-08,NULL,P-07,3
T-10555,2024-04-28,Comida,P-03,3
T-17343,2025-01-30,Comida,P-18,3
T-12222,2024-02-21,N/A,P-03,4
T-11881,2024-12-31,,P-20,3
T-15415,2024-01-20,comida,P-15,2
T-10697,2024-04-03,  Cena  ,P-17,3
T-13583,2025-01-15,  Cena  ,P-17,2
T-16369,2024-07-21,Comida,P-12,4
T-11864,2024-04-25,Comida,P-13,2
T-10208,2025-08-27,CENA,P-14,3
T-15656,2024-07-07,Cena,P-11,2
T-10169,2025-10-05,N/A,P-07,4
T-11221,2025-02-12,Cena,P-13,1
T-14933,2024-05-26,  Cena  ,P-05,1
T-16302,2024-07-17,N/A,P-99,1
T-13183,2024-06-27,NULL,P-07,2
T-16158,2025-06-20,N/A,P-12,4
T-14152,2024-07-18,Desayuno?,P-23,1
T-12402,2025-06-16,N/A,P-06,2
T-17638,2024-04-10,Comida,P-22,2
T-14911,2025-07-27,Comida,P-16,2
T-14839,2025-01-30,comida,P-18,3
T-15213,2024-06-10,,P-01,4
T-12076,2024-06-19,NULL,P-11,2
T-17765,2024-12-07,Comida,P-15,2
T-13638,2024-11-30,  Cena  ,P-08,3
T-11742,2025-10-16,Cena,P-09,1
T-15461,2024-05-04,CENA,P-14,4
T-13678,2024-06-21,Desayuno?,P-08,1
T-16593,2025-08-14,comida,P-20,4
T-13713,2024-04-23,comida,P-14,3
T-12858,2024-09-24,Cena,P-02,1
T-15293,2025-01-26,CENA,P-01,3
T-13857,2024-12-14,Comida,P-01,2
T-16696,2025-07-10,comida,P-99,3
T-17036,2024-05-01,NULL,P-18,4
T-10892,2025-03-03,CENA,P-01,3
T-11109,2025-10-08,N/A,P-20,1
T-13107,2024-02-22,Desayuno?,P-06,1
T-13910,2024-08-30,comida,P-24,2
T-13853,2025-10-08,Cena,P-06,3
T-15735,2025-08-30,,P-07,1
T-15553,2025-11-10,NULL,P-24,2
T-13460,2024-11-15,CENA,P-06,2
T-11189,2024-07-29,NULL,P-04,1
T-15160,2025-02-17,  Cena  ,P-24,1
T-17783,25/08/2025,Desayuno?,P-16,2
T-14012,2025-12-05,  Cena  ,P-20,4
T-10571,2024-11-17,Comida,P-05,2
T-17068,2025-12-16,Comida,P-05,4
T-10769,2025-12-04,CENA,P-08,4
T-10643,2025-03-14,Desayuno?,P-19,1
T-12968,2024-03-13,N/A,P-13,4
T-12536,2024-12-31,Cena,P-07,4
T-12794,2024-01-19,N/A,P-11,3
T-10691,2025-12-13,comida,P-14,2
T-13851,2024-08-17,Cena,P-19,2
T-16669,2025-07-17,  Cena  ,P-25,3
T-13607,2025-06-14,Cena,P-20,1
T-13103,2024-03-07,N/A,P-16,3
T-17808,2025-09-13,N/A,P-24,3
T-15200,2025-11-15,Comida,P-04,1
T-11002,2024-02-28,  Cena  ,P-01,3
T-10392,2024-04-23,  Cena  ,P-23,1
T-13050,2024-09-28,  Cena  ,P-09,2
T-17168,2025-08-25,  Cena  ,P-09,3
T-17329,2025-12-10,Desayuno?,P-21,4
T-15352,2025-11-05,N/A,P-04,3
T-15761,2025-10-14,,P-12,1
T-11949,2025-01-21,Cena,P-09,1
T-13131,2025-02-18,  Cena  ,P-05,3
T-17991,2024-11-01,Comida,P-10,2
T-13689,2025-04-25,  Cena  ,P-17,3
T-14694,2025-04-17,  Cena  ,P-07,2
T-16095,2024-12-12,NULL,P-09,2
T-14280,2025-04-30,comida,P-10,2
T-14487,23/05/2024,Cena,P-22,3
T-17644,2025-09-13,Cena,P-13,4
T-11157,2024-01-06,  Cena  ,P-04,1
T-12378,2025-12-03,  Cena  ,P-18,4
T-14553,2024-01-23,comida,P-19,3
T-13299,2025-02-07,NULL,P-10,4
T-11798,2024-06-25,Comida,P-05,3
T-14050,2025-01-19,  Cena  ,P-24,4
T-15663,2025-08-20,Cena,P-16,2
T-14011,2024-02-27,Cena,P-21,1
T-11569,2024-01-27,CENA,P-08,2
T-12100,2024-10-02,Cena,P-14,4
T-10531,2025-03-31,Desayuno?,P-13,4
T-10456,2024-02-23,Cena,P-14,1
T-15025,2024-04-25,N/A,P-12,4
T-15848,2025-11-19,N/A,P-13,3
T-11197,2024-01-02,  Cena  ,P-19,3
T-11489,2024-06-01,comida,P-17,4
T-14272,2024-11-12,Desayuno?,P-02,1
T-14179,2024-02-13,  Cena  ,P-10,1
T-15187,2025-04-16,N/A,P-03,4
T-10969,2024-06-10,N/A,P-19,3
T-16343,2025-05-24,Cena,P-17,2
T-13625,2024-11-29,Comida,P-07,1
T-11599,2024-11-09,NULL,P-20,1
T-10899,2025-05-18,Cena,P-22,3
T-10934,10/07/2025,comida,P-10,3
T-15021,2025-11-07,NULL,P-15,4
T-13495,2024-12-29,comida,P-15,1
T-17893,2024-12-21,Desayuno?,P-12,4
T-10581,2025-12-26,Desayuno?,P-09,2
T-12870,2025-11-05,Cena,P-19,1
T-15907,2025-12-14,Cena,P-21,4
T-12373,2024-05-20,comida,P-21,2
T-17027,2024-06-08,NULL,P-05,1
T-15270,2024-10-25,comida,P-09,4
T-13107,2025-01-04,Comida,P-15,2
T-16645,2024-07-13,CENA,P-09,1
T-12233,2025-12-04,comida,P-05,2
T-14755,07/12/2024,  Cena  ,P-03,3
T-11048,2025-07-02,Desayuno?,P-11,4
T-12488,2025-08-25,,P-12,4
T-16042,2024-12-21,NULL,P-15,2
T-10220,2024-06-02,,P-17,1
T-14413,25/01/2025,comida,P-16,2
T-13722,2024-10-01,Cena,P-04,2
T-11312,2024-08-12,N/A,P-19,4
T-13678,2025-08-08,  Cena  ,P-17,3
T-17077,2025-03-11,  Cena  ,P-20,4
T-10930,2025-05-07,,P-02,2
T-12753,2024-06-18,  Cena  ,P-19,3
T-11121,2025-06-06,Comida,P-23,2
T-14672,06/10/2024,  Cena  ,P-24,4
T-15584,2024-07-30,Comida,P-12,3
T-13477,2024-07-08,  Cena  ,P-13,4
T-11682,2024-03-24,CENA,P-23,3
T-11054,2025-12-27,Comida,P-11,3
T-14515,2025-04-25,comida,P-03,4
T-13197,2024-11-05,Desayuno?,P-16,2
T-17862,2024-01-31,Comida,P-14,3
T-17024,2024-10-05,  Cena  ,P-21,2
T-17917,2024-11-24,Comida,P-01,4
T-16043,2025-03-26,N/A,P-11,2
T-10233,2025-05-21,Comida,P-20,2
T-13830,2025-05-11,NULL,P-17,2
T-14947,2025-04-13,Desayuno?,P-12,1
T-17277,2024-08-05,Desayuno?,P-22,1
T-17230,2024-05-28,  Cena  ,P-24,1
T-16859,2024-06-10,,P-21,2
T-14623,2024-01-21,,P-15,4
T-10295,2025-10-30,Desayuno?,P-17,1
T-11607,2024-05-15,Cena,P-06,2
T-14837,2025-03-13,NULL,P-24,1
T-12097,2025-10-07,Desayuno?,P-03,1
T-14776,2024-06-30,comida,P-24,4
T-17010,2024-03-05,NULL,P-01,1
T-11533,2024-06-13,N/A,P-05,4
T-16164,2025-01-17,Cena,P-11,2
T-12739,2024-08-06,NULL,P-14,1
T-17336,2024-07-06,NULL,P-22,1
T-11025,09/01/2025,comida,P-21,1
T-13106,2024-02-16,CENA,P-02,4
T-14780,2025-10-14,Comida,P-21,1
T-16422,2024-11-08,Desayuno?,P-09,1
T-13112,2024-03-26,Desayuno?,P-22,1
T-10815,2024-07-05,  Cena  ,P-12,1
T-10249,2025-04-09,Cena,P-07,1
T-14840,2024-06-09,NULL,P-02,3
T-13376,2025-04-16,Desayuno?,P-16,4
T-17827,2025-07-01,  Cena  ,P-14,2
T-10154,2024-11-14,  Cena  ,P-13,3
T-11020,2025-03-08,CENA,P-22,4
T-13207,2024-02-26,CENA,P-25,4
T-11794,2024-05-02,NULL,P-07,3
T-12085,2024-10-20,NULL,P-99,4
T-16350,2024-06-26,NULL,P-06,1
T-13996,07/06/2025,NULL,P-16,4
T-15165,2025-04-18,Comida,P-16,3
T-14100,2024-10-02,NULL,P-12,3
T-11815,2025-07-21,N/A,P-22,1
T-16512,2025-01-25,  Cena  ,P-22,4
T-13672,2024-09-29,Desayuno?,P-02,4
T-12874,2025-05-09,  Cena  ,P-24,2
T-11406,2025-11-07,comida,P-13,3
T-14043,2024-03-23,Cena,P-21,3
T-14159,2024-08-19,NULL,P-12,1
T-11843,2025-05-20,NULL,P-99,1
T-11349,2025-05-22,Cena,P-15,-1
T-16735,2025-02-25,Comida,P-18,4
T-14042,19/01/2024,N/A,P-05,3
T-11708,2025-06-18,NULL,P-16,3
T-14848,2025-12-25,comida,P-20,4
T-12592,2025-05-18,Comida,P-05,2
T-16110,2025-09-06,,P-15,3
T-11153,2025-03-23,Desayuno?,P-15,4
T-14224,2025-02-13,  Cena  ,P-13,4
T-14109,08/08/2025,NULL,P-13,2
T-10047,2024-10-09,comida,P-22,1
T-17815,2024-01-19,comida,P-07,1
T-14570,2024-08-17,Comida,P-24,1
T-10695,2024-06-24,N/A,P-12,4
T-15738,2024-03-30,N/A,P-11,4
T-10747,2024-04-22,NULL,P-05,4
T-11230,19/02/2024,Desayuno?,P-10,2
T-11011,2024-07-26,NULL,P-10,4
T-16783,2025-11-01,  Cena  ,P-25,1
T-12760,2025-09-30,Desayuno?,P-17,3
T-17583,2024-06-22,NULL,P-11,3
T-11166,2024-08-05,Cena,P-14,1
T-17341,2024-07-05,comida,P-19,4
T-15481,2024-08-09,NULL,P-23,3
T-11366,2025-10-04,CENA,P-23,1
T-13722,15/01/2025,CENA,P-01,3
T-14090,2024-02-17,comida,P-07,1
T-11302,2025-03-19,comida,P-15,4
T-16540,2024-11-18,NULL,P-22,1
T-12150,2024-06-01,comida,P-21,2
T-17786,2024-01-09,Cena,P-14,4
T-15471,2025-07-18,CENA,P-08,4
T-11185,2024-08-16,Cena,P-06,4
T-14127,2025-12-07,Desayuno?,P-12,2
T-17969,2024-08-18,CENA,P-20,2
T-12725,2024-10-12,CENA,P-04,4
T-16365,2024-06-11,Comida,P-14,2
T-11978,2025-10-26,  Cena  ,P-04,2
T-15027,2024-12-15,comida,P-12,2
T-13974,2025-07-25,Comida,P-25,4
T-16117,2024-08-05,  Cena  ,P-22,3
T-15334,2025-04-10,Comida,P-23,4
T-11570,2025-06-16,Comida,P-15,2
T-12934,2024-08-17,Comida,P-18,2
T-14124,2025-08-30,N/A,P-20,1
T-16690,2024-03-28,,P-05,3
T-17728,2024-11-24,,P-12,4
T-12282,2025-03-26,N/A,P-16,1
T-15514,2024-05-31,,P-05,3
T-10129,2025-01-14,  Cena  ,P-09,4
T-11671,2025-01-05,CENA,P-15,1
T-14560,2024-02-17,CENA,P-18,3
T-11190,2024-02-15,  Cena  ,P-14,2
T-17931,2024-02-20,CENA,P-23,3
T-16510,2024-04-30,CENA,P-07,3
T-11713,2025-07-25,NULL,P-03,4
T-10757,2024-02-17,N/A,P-05,3
T-11878,2025-04-24,NULL,P-07,1
T-15935,2024-10-17,Comida,P-08,4
T-13895,2024-07-03,comida,P-20,3
T-10345,2024-10-31,comida,P-18,1
T-14075,2025-10-08,Desayuno?,P-04,2
T-15082,2024-10-30,comida,P-10,2
T-15026,2025-10-06,Desayuno?,P-04,1
T-11223,2024-06-15,CENA,P-01,2
T-13912,16/11/2025,comida,P-17,3
T-17444,2025-02-11,N/A,P-09,2
T-17921,2025-07-05,comida,P-10,2
T-16298,2024-05-17,NULL,P-14,3
T-12838,2025-10-10,  Cena  ,P-14,4
T-10475,2025-05-19,CENA,P-09,1
T-17578,2025-06-01,Cena,P-04,4
T-16221,2025-05-10,CENA,P-15,3
T-10155,2025-12-24,CENA,P-05,3
T-13462,2025-12-02,  Cena  ,P-05,1
T-17486,2024-03-25,Comida,P-23,3
T-15836,2025-12-31,,P-25,1
T-15126,2024-06-09,NULL,P-99,-1
T-13024,2025-05-06,Cena,P-15,4
T-17611,2025-09-11,Cena,P-20,2
T-16221,2025-09-25,comida,P-13,2
T-16190,2024-01-27,Cena,P-11,1
T-10237,2024-03-01,Comida,P-99,2
T-12425,2024-07-18,Comida,P-21,3
T-12666,2025-09-09,  Cena  ,P-18,3
T-13265,2025-11-27,CENA,P-06,2
T-10147,2025-05-08,NULL,P-22,2
T-12109,2024-01-16,CENA,P-20,1
T-15699,19/04/2025,N/A,P-16,4
T-13287,2024-08-27,NULL,P-12,2
T-17721,2024-10-27,  Cena  ,P-23,4
T-16085,2024-12-18,Desayuno?,P-09,4
T-13096,2025-05-03,  Cena  ,P-09,3
T-14275,2025-01-14,Desayuno?,P-10,1
T-16398,2024-12-27,Cena,P-04,4
T-17210,2024-01-29,Comida,P-16,4
T-13960,2024-08-08,comida,P-16,3
T-10617,2024-08-31,comida,P-23,1
T-17580,2024-11-05,Comida,P-05,2
T-17149,2025-05-05,CENA,P-18,3
T-15068,10/06/2024,N/A,P-23,2
T-13611,2024-06-20,Comida,P-03,1
T-11857,2024-01-18,Cena,P-12,4
T-11637,2024-09-04,CENA,P-21,1
T-10917,19/04/2024,comida,P-08,4
T-13813,2025-07-13,Cena,P-13,4
T-13582,2025-05-03,Comida,P-99,2
T-11697,02/02/2025,NULL,P-02,4
T-12972,2025-10-29,Desayuno?,P-13,1
T-17201,2025-06-27,comida,P-15,3
T-11092,2025-08-09,Comida,P-20,3
T-14314,2024-09-12,comida,P-16,4
T-13589,05/11/2025,Desayuno?,P-21,1
T-10221,2025-05-24,N/A,P-09,3
T-16414,2025-05-06,Desayuno?,P-02,3
T-14790,2024-10-03,N/A,P-22,1
T-13038,2025-10-16,CENA,P-19,2
T-10978,2024-10-02,  Cena  ,P-20,4
T-13096,2025-01-20,Cena,P-17,2
T-14290,2025-09-13,Comida,P-07,2
T-11320,2024-07-17,Desayuno?,P-24,2
T-12270,2024-10-21,Cena,P-19,4
T-15591,16/09/2024,N/A,P-11,1
T-14986,2025-09-04,  Cena  ,P-22,3
T-13881,2024-12-18,Comida,P-15,4
T-13828,22/05/2024,  Cena  ,P-05,3
T-14887,2025-05-15,Desayuno?,P-17,1
T-14644,2025-09-01,Comida,P-17,1
T-16787,2024-03-12,CENA,P-01,2
T-15997,2024-09-05,CENA,P-08,2
T-17693,2025-08-01,Cena,P-18,3
T-16287,2024-11-08,N/A,P-05,2
T-11284,17/06/2025,N/A,P-17,1
T-11580,2025-05-12,CENA,P-05,4
T-15178,2024-01-10,,P-14,1
T-15180,2024-07-30,CENA,P-14,3
T-11803,2024-08-07,Comida,P-25,1
T-15744,2025-09-30,comida,P-13,3
T-11810,2024-08-27,  Cena  ,P-14,3
T-17588,2025-07-22,comida,P-08,2
T-16959,2025-11-02,  Cena  ,P-07,4
T-12333,2024-01-19,CENA,P-18,2
T-11247,2024-08-24,Desayuno?,P-24,3
T-13782,2024-09-14,  Cena  ,P-21,3
T-17397,2025-04-15,comida,P-04,1
T-12645,2024-10-17,Desayuno?,P-17,2
T-10470,2024-06-07,Cena,P-07,3
T-13063,2025-09-18,NULL,P-05,3
T-10299,2024-11-13,CENA,P-25,3
T-14573,2025-07-10,Comida,P-20,4
T-13090,2025-03-22,  Cena  ,P-06,3
T-12185,03/05/2024,Comida,P-07,1
T-12903,2024-09-19,CENA,P-22,4
T-12693,2024-06-07,  Cena  ,P-20,1
T-15896,2025-04-09,Comida,P-11,3
T-13897,2025-09-04,Cena,P-11,2
T-10260,2024-08-08,,P-24,3
T-14537,2025-05-12,  Cena  ,P-07,1
T-14445,2025-02-01,Desayuno?,P-15,4
T-12560,2024-12-26,  Cena  ,P-19,1
T-10114,2024-01-05,  Cena  ,P-23,2
T-16356,2025-10-01,,P-09,2
T-10775,2025-02-13,N/A,P-07,2
T-12597,2024-06-14,CENA,P-23,1
T-10693,2024-03-10,NULL,P-14,2
T-13728,2024-06-07,NULL,P-14,1
T-10738,2024-08-03,Cena,P-18,1
T-11645,2024-04-16,CENA,P-11,4
T-12100,2025-03-16,,P-03,3
T-17596,2024-06-29,Cena,P-08,4
T-17617,2024-03-25,  Cena  ,P-06,1
T-11353,2024-06-12,Cena,P-18,3
T-13764,2025-03-17,,P-05,3
T-11014,2024-01-23,comida,P-16,1
T-12029,2024-07-12,Desayuno?,P-03,3
T-14351,2024-05-17,Comida,P-14,3
T-11037,2024-05-23,Desayuno?,P-23,2
T-13846,2024-04-08,,P-15,1
T-15357,2024-05-26,Desayuno?,P-14,4
T-16339,2024-09-18,Comida,P-01,3
T-11847,2024-06-03,Cena,P-08,1
T-16316,2024-05-11,Cena,P-03,3
T-14020,2024-08-06,,P-15,1
T-11737,2025-01-31,comida,P-13,3
T-16868,2024-10-16,Desayuno?,P-05,1
T-15739,2025-08-27,Desayuno?,P-16,4
T-15667,2024-04-12,Cena,P-22,1
T-16163,2024-11-13,  Cena  ,P-18,4
T-14516,2024-08-30,  Cena  ,P-23,4
T-15528,2025-07-24,Comida,P-12,2
T-16197,2024-07-15,Desayuno?,P-07,-1
T-10687,2025-12-20,comida,P-20,4
T-15143,2025-07-02,Desayuno?,P-10,1
T-17810,2025-05-30,NULL,P-16,2
T-13720,2024-11-02,N/A,P-07,3
T-10300,2025-10-26,N/A,P-13,2
T-16835,2024-05-28,Comida,P-01,1
T-16787,2025-10-19,NULL,P-09,3
T-14210,2025-03-19,Comida,P-14,1
T-16448,2025-02-12,CENA,P-01,3
T-16289,2025-07-04,comida,P-16,2
T-10640,2025-08-03,Cena,P-99,4
T-10854,2025-01-01,comida,P-06,2
T-13372,2025-11-03,comida,P-19,4
T-15259,2024-05-07,Desayuno?,P-13,3
T-14249,2025-07-03,Cena,P-10,4
T-10067,2024-07-22,Cena,P-12,3
T-17240,2025-08-22,Desayuno?,P-07,3
T-14489,2025-02-11,Comida,P-17,4
T-13121,2025-01-29,  Cena  ,P-01,4
T-10283,03/08/2024,comida,P-11,1
T-13787,2025-09-05,comida,P-17,3
T-15225,2025-11-19,CENA,P-05,4
T-10734,2025-12-21,N/A,P-20,3
T-11071,2024-03-20,NULL,P-06,3
T-11736,2024-04-30,Comida,P-15,1
T-15283,2025-03-29,  Cena  ,P-07,2
T-15167,2025-09-26,Desayuno?,P-22,1
T-11906,2024-07-08,Cena,P-17,1
T-13628,2024-09-01,N/A,P-06,2
T-15039,2025-08-29,CENA,P-15,3
T-11379,2024-05-27,CENA,P-09,1
T-17049,2024-12-21,Comida,P-19,1
T-10591,2025-01-07,CENA,P-06,2
T-15172,2024-10-27,NULL,P-24,3
T-11619,2024-11-11,Cena,P-01,4
T-16926,2025-07-06,,P-06,3
T-10137,2024-05-13,  Cena  ,P-03,1
T-12152,2025-10-02,comida,P-01,3
T-17420,2024-03-15,comida,P-21,1
T-15454,2025-03-21,NULL,P-02,2
T-13298,2025-04-23,Comida,P-12,1
T-12237,2024-08-09,Comida,P-23,4
T-15325,2024-01-27,,P-16,4
T-10130,2024-11-08,Comida,P-99,2
T-13362,2024-06-17,CENA,P-19,2
T-15586,2025-08-07,CENA,P-18,4
T-10793,2024-07-27,CENA,P-04,3
T-14909,2024-04-20,Comida,P-10,4
T-15387,2025-04-27,  Cena  ,P-01,1
T-15197,2025-09-14,comida,P-24,1
T-11444,2025-08-07,,P-19,4
T-13191,2024-11-28,comida,P-01,3
T-15653,2024-11-27,Cena,P-14,4
T-17938,2025-11-19,NULL,P-11,3
T-17167,2024-10-31,Cena,P-10,1
T-11986,2024-01-10,  Cena  ,P-24,2
T-13044,2024-01-17,Comida,P-14,4
T-16279,2024-08-11,Cena,P-21,2
T-10989,2025-11-05,N/A,P-13,4
T-14768,2024-07-31,Desayuno?,P-02,1
T-10762,2024-05-22,CENA,P-24,2
T-11884,2024-09-27,  Cena  ,P-08,3
T-13241,2024-05-28,  Cena  ,P-12,2
T-14024,25/02/2024,Cena,P-14,2
T-15983,2025-02-23,comida,P-22,2
T-10304,10/11/2024,,P-10,3
T-15520,16/12/2024,Desayuno?,P-02,1
T-17751,2025-04-11,NULL,P-18,1
T-17186,2025-04-24,CENA,P-09,2
T-14551,2024-02-03,Cena,P-10,1
T-14446,2024-02-09,N/A,P-09,2
T-14173,2025-03-08,Desayuno?,P-06,1
T-17242,2024-10-06,comida,P-10,2
T-10225,2025-07-14,Comida,P-19,2
T-14463,2024-01-05,CENA,P-21,4
T-12130,2025-11-07,NULL,P-08,2
T-17084,2024-04-25,Desayuno?,P-25,2
T-12953,12/12/2025,  Cena  ,P-25,1
T-16349,2024-05-17,Desayuno?,P-07,3
T-17223,2025-11-16,Comida,P-21,2
T-14181,2025-08-22,Cena,P-15,1
T-11727,2024-06-13,Desayuno?,P-22,4
T-14403,2024-09-18,Desayuno?,P-22,2
T-17479,03/02/2025,  Cena  ,P-21,4
T-15008,2025-01-30,  Cena  ,P-23,1
T-17014,2025-06-13,  Cena  ,P-14,1
T-11541,2024-10-21,Comida,P-25,3
T-10980,2024-04-09,Desayuno?,P-05,1
T-11947,25/10/2024,CENA,P-23,1
T-10788,2025-11-09,,P-06,3
T-13439,2024-12-15,Cena,P-99,2
T-14123,2024-12-22,comida,P-09,3
T-17841,2025-07-05,CENA,P-06,2
T-14788,2025-01-31,Comida,P-12,3
T-15756,2025-10-26,CENA,P-10,1
T-17825,2024-08-29,NULL,P-24,4
T-17598,2024-08-11,  Cena  ,P-01,4
T-14185,2024-11-12,Cena,P-12,1
T-13332,2025-09-07,Cena,P-13,2
T-17699,2025-12-24,Comida,P-17,3
T-13138,2024-12-16,  Cena  ,P-20,4
T-13008,2025-09-25,  Cena  ,P-09,3
T-11823,2025-11-19,Desayuno?,P-21,1
T-15284,2025-06-16,NULL,P-20,3
T-10669,2025-03-17,comida,P-01,3
T-17676,2024-12-18,  Cena  ,P-16,3
T-11464,2024-12-14,Cena,P-10,4
T-15976,2024-06-26,NULL,P-99,4
T-13808,2024-04-19,  Cena  ,P-16,3
T-17723,2025-01-20,N/A,P-05,2
T-17499,2025-06-27,comida,P-22,3
T-14879,2025-10-19,comida,P-19,2
T-15340,2024-06-27,CENA,P-12,4
T-13974,2024-06-24,Cena,P-05,1
T-14016,2025-04-18,N/A,P-13,4
T-12863,2025-06-20,Comida,P-22,2
T-15987,2025-09-04,Comida,P-02,3
T-17432,2024-01-16,NULL,P-22,2
T-16569,2024-05-18,Cena,P-02,1
T-12730,03/09/2025,Cena,P-23,4
T-10284,2025-07-12,comida,P-06,1
T-10055,08/12/2024,N/A,P-25,3
T-15233,2025-01-07,Desayuno?,P-25,1
T-12522,2025-04-04,NULL,P-11,3
T-11801,26/05/2024,Comida,P-10,2
T-11022,2024-02-29,NULL,P-07,2
T-12875,2025-07-15,CENA,P-14,4
T-13495,2024-01-14,comida,P-04,4
T-10782,2024-12-29,N/A,P-17,1
T-13158,2024-11-27,Cena,P-11,4
T-13724,2024-02-29,N/A,P-10,2
T-14076,2024-11-23,Desayuno?,P-05,1
T-11347,2025-08-28,Desayuno?,P-20,3
T-16831,2025-10-17,Desayuno?,P-20,3
T-16302,2025-02-26,comida,P-18,1
T-17337,2024-10-25,Cena,P-25,2
T-14949,2024-08-19,comida,P-06,1
T-16563,2025-02-24,Cena,P-12,4
T-17167,2024-09-10,Cena,P-06,1
T-17369,2025-11-28,comida,P-21,1
T-13763,20/07/2024,Cena,P-19,4
T-10298,03/03/2025,N/A,P-19,3
T-14104,2025-03-15,Comida,P-99,1
T-10330,2025-04-20,Desayuno?,P-16,1
T-16624,2024-09-10,CENA,P-09,2
T-15516,2025-01-27,Comida,P-20,2
T-17614,2024-09-14,CENA,P-06,4
T-12426,2024-12-13,comida,P-20,3
T-10034,2024-07-28,Cena,P-13,4
T-15395,2024-03-24,  Cena  ,P-08,2
T-17799,2025-05-29,Cena,P-22,4
T-16320,2025-06-09,comida,P-10,3
T-16501,2025-12-28,Comida,P-11,4
T-14869,2024-06-08,Comida,P-07,1
T-13825,2025-04-03,comida,P-21,2
T-14160,20/12/2025,CENA,P-09,4
T-11083,2025-12-28,  Cena  ,P-12,3
T-13863,2025-11-17,CENA,P-01,2
T-12539,2024-08-26,Comida,P-06,1
T-17767,2024-02-15,  Cena  ,P-07,1
T-13282,2025-07-24,Cena,P-11,3
T-11961,2025-11-06,NULL,P-05,2
T-10051,2025-07-12,Cena,P-02,2
T-17930,2025-08-31,Desayuno?,P-23,4
T-15766,2025-11-27,Cena,P-03,3
T-17591,2024-04-15,  Cena  ,P-20,2
T-17896,2025-06-12,CENA,P-13,3
T-15387,2025-05-18,CENA,P-01,1
T-15810,2024-06-24,Cena,P-15,2
T-13329,2024-09-14,  Cena  ,P-12,4
T-12868,20/11/2024,  Cena  ,P-14,3
T-10741,2025-06-08,NULL,P-04,1
T-17746,2024-01-03,NULL,P-17,3
T-17143,2025-06-28,CENA,P-10,3
T-16370,2025-06-18,NULL,P-18,2
T-15390,2025-09-04,NULL,P-23,3
T-12995,2025-12-28,  Cena  ,P-07,3
T-10328,30/11/2025,Comida,P-06,2
T-15999,2025-12-29,Comida,P-24,3
T-14398,2025-04-15,comida,P-07,3
T-16344,2025-05-29,Comida,P-02,4
T-13794,2024-07-23,NULL,P-06,3
T-16884,2025-03-31,  Cena  ,P-07,1
T-17878,2025-06-05,Cena,P-20,3
T-12965,2025-11-08,Cena,P-10,2
T-14166,2025-08-30,Comida,P-18,1
T-13602,2025-05-24,CENA,P-04,3
T-17721,2025-07-26,NULL,P-21,4
T-11025,2025-03-04,  Cena  ,P-99,4
T-11420,2025-11-21,NULL,P-03,2
T-12179,24/09/2024,N/A,P-12,4
T-13441,2024-10-12,Cena,P-24,1
T-16346,2024-06-21,comida,P-14,2
T-12639,2024-10-23,Cena,P-08,4
T-14767,2025-01-29,NULL,P-06,3
T-14953,2025-04-06,CENA,P-25,4
T-15267,2024-01-04,Comida,P-10,3
T-17961,2024-08-23,NULL,P-09,1
T-15516,2025-09-02,N/A,P-21,2
T-15889,2025-01-25,Comida,P-12,3
T-16691,2025-11-03,comida,P-19,4
T-16516,2024-12-21,  Cena  ,P-12,3
T-11445,2024-09-01,Desayuno?,P-14,3
T-11602,2024-04-15,  Cena  ,P-11,1
T-16105,2024-09-17,Desayuno?,P-13,3
T-12521,2025-03-25,CENA,P-16,1
T-13634,2024-04-12,CENA,P-13,2
T-15868,2024-10-02,  Cena  ,P-10,3
T-13708,2025-10-29,NULL,P-03,1
T-10957,2024-02-16,  Cena  ,P-04,4
T-17300,11/12/2025,Cena,P-04,2
T-14981,2024-01-27,  Cena  ,P-02,1
T-12274,2025-07-16,,P-09,3
T-16881,2025-06-25,Cena,P-12,3
T-13541,2025-07-25,CENA,P-22,1
T-15099,2025-06-07,NULL,P-08,2
T-17413,2024-04-18,Comida,P-11,4
T-15120,2025-03-12,Desayuno?,P-03,2
T-12128,2024-07-23,N/A,P-21,3
T-12983,2024-10-15,comida,P-01,1
T-17358,2025-11-08,comida,P-11,2
T-13896,2024-02-01,Cena,P-08,3
T-13384,2024-08-08,CENA,P-17,1
T-14116,2024-01-09,  Cena  ,P-16,1
T-16887,2025-06-16,N/A,P-08,3
T-10052,2025-09-16,N/A,P-15,1
T-11404,2024-04-21,N/A,P-20,3
T-11461,2024-02-09,NULL,P-02,3
T-17710,2025-11-30,N/A,P-04,3
T-17312,2024-07-01,Desayuno?,P-16,3
T-11925,2024-05-11,Cena,P-99,4
T-10032,2024-06-18,N/A,P-01,1
T-12883,2025-05-09,comida,P-22,1
T-16888,2024-12-25,  Cena  ,P-15,4
T-16920,2024-01-22,,P-19,1
T-12525,2025-01-28,CENA,P-17,2
T-14243,2024-08-18,  Cena  ,P-02,3
T-16990,2025-09-04,NULL,P-19,2
T-13089,2025-02-23,CENA,P-19,3
T-14335,2025-09-24,CENA,P-07,2
T-12667,2024-10-23,Comida,P-18,1
T-13007,2025-08-02,NULL,P-15,3
T-14535,2025-03-16,N/A,P-20,2
T-11840,2024-01-05,CENA,P-10,4
T-10429,2025-02-08,comida,P-18,3
T-13847,2024-10-24,Cena,P-02,4
T-16055,2024-12-17,N/A,P-02,3
T-17535,21/08/2024,  Cena  ,P-05,3
T-14306,2025-03-26,Desayuno?,P-14,3
T-12861,2025-03-25,,P-02,3
T-17435,2024-06-27,Comida,P-16,3
T-16814,2025-07-13,,P-08,1
T-16305,2024-08-13,Cena,P-17,3
T-12741,2025-07-11,CENA,P-01,4
T-15121,2025-04-04,  Cena  ,P-16,1
T-10340,2024-05-03,CENA,P-24,1
T-11813,2024-09-08,Cena,P-06,3
T-11574,2024-08-30,Desayuno?,P-14,1
T-15507,2024-04-13,NULL,P-14,4
T-16496,01/10/2024,CENA,P-14,1
T-12831,2025-03-07,N/A,P-20,-1
T-12321,2024-07-28,,P-19,4
T-17215,2025-10-01,comida,P-03,4
T-10338,2025-08-08,Cena,P-10,2
T-14412,2024-01-13,Cena,P-22,1
T-17010,2024-06-27,CENA,P-06,3
T-15543,2025-04-19,,P-23,3
T-10712,2025-03-24,Desayuno?,P-02,1
T-15390,2025-12-06,N/A,P-06,3
T-13059,2024-08-14,,P-20,1
T-12770,2025-07-23,Desayuno?,P-18,4
T-15151,2025-08-29,comida,P-20,4
T-15229,2025-05-28,Desayuno?,P-09,2
T-11764,2025-06-07,CENA,P-01,1
T-10818,2025-07-30,CENA,P-99,3
T-17941,2025-06-13,CENA,P-07,3
T-12964,2025-12-31,NULL,P-18,3
T-11859,2025-12-14,Desayuno?,P-11,4
T-11605,2025-03-08,Comida,P-05,2
T-12018,2025-07-23,N/A,P-07,1
T-17531,2024-12-15,Cena,P-08,1
T-13038,2025-12-08,Cena,P-20,1
T-15488,2025-12-16,Comida,P-21,2
T-11617,2025-01-20,CENA,P-16,4
T-15072,2024-12-11,Cena,P-24,4
T-12521,2025-07-30,comida,P-99,3
T-13067,2024-06-28,comida,P-15,2
T-16341,2025-04-22,Comida,P-09,3
T-13747,12/09/2025,Desayuno?,P-21,3
T-11623,2025-12-27,  Cena  ,P-20,1
T-11474,2024-11-02,N/A,P-19,4
T-12964,2024-02-23,  Cena  ,P-03,3
T-17959,2025-06-19,N/A,P-20,1
T-11388,2025-07-20,Cena,P-25,2
T-14091,2024-07-15,Desayuno?,P-17,1
T-12743,2024-03-31,  Cena  ,P-18,2
T-16830,2024-05-17,CENA,P-23,4
T-10482,2024-11-03,,P-20,3
T-15902,2024-10-05,Comida,P-02,2
T-16636,2025-06-14,,P-13,2
T-14929,2025-06-02,CENA,P-20,1
T-16547,2024-02-13,comida,P-22,1
T-11314,2024-02-27,Cena,P-22,2
T-10497,2025-09-03,  Cena  ,P-25,3
T-17044,2024-05-05,N/A,P-13,4
T-10748,2024-02-26,,P-18,2
T-12340,2024-09-09,NULL,P-03,3
T-10502,2024-12-22,  Cena  ,P-23,1
T-11089,2025-06-18,CENA,P-12,3
T-16598,2025-02-05,Comida,P-18,1
T-16409,2025-11-26,CENA,P-05,4
T-12331,2025-10-22,N/A,P-23,3
T-14156,2025-12-01,,P-20,2
T-14208,2024-11-12,Comida,P-11,3
T-13985,2024-02-28,comida,P-03,3
T-14970,2024-08-07,  Cena  ,P-04,2
T-12855,2025-07-16,,P-01,2
T-17403,2024-11-27,Comida,P-25,3
T-11983,2024-10-17,CENA,P-25,2
T-10762,2025-01-05,CENA,P-16,1
T-12004,2024-03-24,comida,P-10,1
T-11658,2025-01-17,Cena,P-21,3
T-15628,2025-02-10,comida,P-03,1
T-14588,2025-04-10,  Cena  ,P-04,2
T-11286,2024-03-27,,P-14,4
T-17734,08/12/2024,  Cena  ,P-21,4
T-13181,2024-05-30,Desayuno?,P-17,4
T-11663,2025-10-14,  Cena  ,P-07,2
T-13690,2025-05-27,NULL,P-14,4
T-17180,2025-10-25,NULL,P-06,4
T-11593,2025-12-06,comida,P-13,3
T-15444,2024-11-11,CENA,P-20,1
T-17163,2024-10-06,Desayuno?,P-01,2
T-13313,2025-05-08,NULL,P-04,3
T-14404,2025-05-03,comida,P-21,1
T-13727,2025-04-23,CENA,P-07,3
T-17536,2025-03-26,Desayuno?,P-20,1
T-17589,2025-08-29,Cena,P-20,2
T-16907,2024-02-10,comida,P-15,3
T-11688,2024-03-19,  Cena  ,P-01,-1
T-10452,2024-05-13,  Cena  ,P-19,1
T-17546,2025-04-25,CENA,P-09,2
T-11375,2024-08-08,  Cena  ,P-21,3
T-12317,2024-08-10,comida,P-02,4
T-10717,2025-05-22,comida,P-23,2
T-12448,2024-11-04,N/A,P-25,1
T-12167,2024-10-05,N/A,P-09,2
T-14924,2025-04-21,comida,P-07,2
T-14218,2025-08-10,NULL,P-03,4
T-13077,2024-05-31,comida,P-18,3
T-10241,2024-08-04,  Cena  ,P-05,2
T-15559,2025-04-19,Comida,P-13,4
T-12651,2024-03-09,Comida,P-19,3
T-13323,27/08/2024,Comida,P-05,4
T-10550,2025-01-17,comida,P-16,3
T-16677,2024-08-11,Cena,P-21,3
T-10440,2025-06-28,comida,P-14,1
T-11316,2024-04-22,  Cena  ,P-02,4
T-14003,2025-02-13,Desayuno?,P-25,1
T-10445,2025-06-07,Cena,P-06,1
T-16498,2024-06-02,Cena,P-20,2
T-11920,2025-05-13,N/A,P-21,2
T-11284,2025-09-05,Comida,P-08,1
T-11906,2025-06-24,NULL,P-11,3
T-13333,2024-07-18,comida,P-21,4
T-13290,2025-12-31,Comida,P-10,1
T-12775,22/11/2025,Desayuno?,P-06,2
T-11679,2024-07-18,Comida,P-08,2
T-17028,2024-07-14,,P-14,3
T-11007,2024-10-01,  Cena  ,P-05,2
T-10208,2025-10-24,Comida,P-05,4
T-11202,2025-05-19,CENA,P-23,2
T-13248,2024-02-17,CENA,P-23,4
T-15156,2025-07-23,Desayuno?,P-21,1
T-12341,2024-11-25,N/A,P-17,3
T-15468,2024-12-05,Desayuno?,P-12,3
T-11040,2024-12-26,Cena,P-10,2
T-15160,2024-03-27,Comida,P-03,4
T-11423,2024-07-03,  Cena  ,P-02,1
T-13124,2024-09-24,Desayuno?,P-12,1
T-17332,2025-03-17,Cena,P-25,3
T-11269,2025-05-23,N/A,P-16,4
T-15103,2024-03-10,Desayuno?,P-13,4
T-10027,2025-12-28,comida,P-15,3
T-17016,2025-07-31,NULL,P-18,3
T-10111,27/04/2025,  Cena  ,P-25,3
T-15376,2025-05-20,comida,P-16,4
T-17953,2025-10-03,CENA,P-01,2
T-11527,2024-07-07,Desayuno?,P-10,4
T-16848,2024-12-02,comida,P-24,1
T-13080,2025-11-03,Comida,P-20,2
T-13269,2025-09-09,CENA,P-25,3
T-14539,2024-12-09,NULL,P-18,1
T-16213,2024-04-07,N/A,P-01,1
T-15073,2024-03-01,comida,P-12,1
T-13926,2024-07-26,  Cena  ,P-09,2
T-12084,2024-04-12,N/A,P-17,4
T-16937,2024-10-31,Comida,P-21,1
T-13742,2024-04-22,,P-24,1
T-15241,2024-09-21,Comida,P-09,4
T-16072,2024-09-07,CENA,P-09,4
T-13074,2024-01-26,Cena,P-07,3
T-17657,2024-03-08,CENA,P-08,2
T-10575,2025-11-13,Desayuno?,P-24,1
T-17997,2025-01-12,Cena,P-08,1
T-17437,2025-01-20,Comida,P-24,4
T-13917,2024-03-18,,P-17,1
T-16356,2024-01-05,N/A,P-14,4
T-10160,2024-12-01,CENA,P-22,2
T-14613,2024-05-15,comida,P-18,1
T-10272,2024-12-16,Cena,P-12,3
T-11084,2025-05-24,comida,P-11,1
T-14439,2024-12-28,  Cena  ,P-15,4
T-16942,2025-08-06,Cena,P-14,3
T-11113,2025-10-21,,P-16,4
T-13458,2024-02-18,Desayuno?,P-18,4
T-12664,2024-08-14,CENA,P-03,2
T-15820,2025-09-24,Cena,P-20,1
T-13238,2024-07-27,Comida,P-11,3
T-13829,21/11/2024,Desayuno?,P-20,4
T-17760,2025-11-20,Cena,P-04,3
T-15532,2024-07-26,N/A,P-04,4
T-13666,2024-03-09,CENA,P-04,1
T-10495,2024-11-04,CENA,P-19,4
T-17908,2024-03-07,comida,P-01,4
T-11778,2024-07-22,Cena,P-10,4
T-17263,2025-08-02,comida,P-12,1
T-11826,2025-05-13,  Cena  ,P-22,4
T-11314,2025-10-28,NULL,P-99,3
T-17074,2024-04-01,N/A,P-14,1
T-13198,2024-03-17,Comida,P-22,1
T-13792,2024-12-15,comida,P-04,1
T-13569,2025-12-26,Cena,P-06,1
T-12121,2025-06-20,  Cena  ,P-21,4
T-16473,2024-12-24,comida,P-09,2
T-17391,2024-05-23,Desayuno?,P-01,1
T-15320,2025-03-08,Desayuno?,P-23,2
T-16736,2025-04-02,Comida,P-11,4
T-11692,2025-04-29,  Cena  ,P-11,1
T-17981,2024-10-01,N/A,P-05,1
T-15270,2025-05-04,CENA,P-17,1
T-15800,2025-04-17,N/A,P-02,2
T-12210,2025-06-10,Cena,P-25,1
T-15104,2025-01-07,Comida,P-10,3
T-10144,2025-07-11,N/A,P-04,1
T-10345,2024-12-24,Desayuno?,P-99,4
T-17812,2025-03-23,  Cena  ,P-24,4
T-14616,2024-11-10,NULL,P-04,1
T-11102,2025-01-10,Cena,P-01,-1
T-11099,2024-07-15,  Cena  ,P-13,2
T-17795,2025-04-01,Comida,P-12,-1
T-12784,2025-04-13,NULL,P-22,2
T-12663,2024-08-11,Cena,P-15,1
T-13694,2024-11-13,  Cena  ,P-02,2
T-12117,2024-01-12,N/A,P-05,3
T-13030,2024-08-23,  Cena  ,P-05,4
T-16342,2024-10-11,Cena,P-03,2
T-17635,2024-08-09,CENA,P-09,4
T-16733,2024-10-13,Cena,P-07,1
T-17710,2025-11-21,CENA,P-08,4
T-12935,2025-04-30,Comida,P-09,1
T-14509,2024-03-10,N/A,P-08,3
T-10079,2024-07-09,,P-15,2
T-10294,2025-11-21,  Cena  ,P-19,2
T-11586,18/11/2024,CENA,P-20,1
T-11296,2025-04-02,Cena,P-05,2
T-16246,2025-09-03,Desayuno?,P-23,3
T-16348,2025-11-19,comida,P-14,2
T-12712,2025-05-15,NULL,P-19,2
T-15497,2025-05-03,Comida,P-09,4
T-13302,2025-03-27,CENA,P-14,1
T-17225,2025-07-22,NULL,P-14,3
T-11943,2024-02-02,NULL,P-15,2
T-13633,2024-08-28,Cena,P-17,3
T-12088,2024-04-11,NULL,P-22,1
T-13904,2025-11-21,Desayuno?,P-24,2
T-11614,2024-10-28,  Cena  ,P-25,2
T-13954,31/03/2024,CENA,P-02,1
T-13345,2025-05-22,comida,P-16,3
T-11116,2024-09-20,  Cena  ,P-99,2
T-13139,2024-08-11,N/A,P-05,2
T-13569,2025-12-05,Desayuno?,P-03,2
T-14964,2024-12-04,CENA,P-07,1
T-12011,2024-04-09,Desayuno?,P-20,4
T-16521,2025-11-20,comida,P-04,3
T-13293,2024-07-22,CENA,P-08,1
T-13281,2025-06-28,,P-02,2
T-14987,2025-07-04,  Cena  ,P-22,2
T-15792,2025-07-28,,P-13,4
T-17856,2024-11-07,,P-16,3
T-14111,2025-04-09,Cena,P-18,2
T-17452,2025-02-18,comida,P-01,2
T-13005,2024-07-30,  Cena  ,P-01,1
T-17633,2025-03-27,Desayuno?,P-05,2
T-15063,2025-02-04,comida,P-22,3
T-16022,2025-10-29,Desayuno?,P-99,1
T-14383,2025-10-17,NULL,P-24,2
T-15381,2024-02-02,comida,P-25,1
T-13428,2025-01-16,  Cena  ,P-16,1
T-10120,2024-03-11,Desayuno?,P-05,2
T-17245,2025-09-23,CENA,P-01,3
T-10051,2024-08-14,Comida,P-22,3
T-17558,2025-03-07,Comida,P-10,3
T-11736,2024-08-14,,P-20,2
T-12883,2025-12-15,comida,P-01,4
T-10586,2024-12-06,Comida,P-15,1
T-11218,2024-01-25,Cena,P-10,2
T-15053,2025-12-27,comida,P-05,3
T-12932,2024-01-13,Cena,P-20,2
T-17432,2025-12-27,CENA,P-05,4
T-16443,2024-06-11,NULL,P-04,3
T-17729,2024-03-16,Comida,P-24,4
T-12571,2025-10-12,Comida,P-19,1
T-17082,2025-08-31,Desayuno?,P-20,2
T-11353,2025-04-21,CENA,P-11,4
T-14308,19/07/2024,Comida,P-08,1
T-11597,2025-01-29,,P-01,2
T-14035,2024-02-15,Cena,P-24,3
T-11192,2024-03-19,comida,P-11,2
T-15050,2025-01-22,,P-04,3
T-17506,2025-02-17,  Cena  ,P-24,1
T-15680,2025-11-29,  Cena  ,P-09,2
T-13950,2024-04-15,comida,P-05,4
T-12995,2025-04-20,CENA,P-15,1
T-15062,2025-09-26,Desayuno?,P-10,3
T-12083,2024-12-05,Cena,P-25,4
T-17151,2025-03-10,comida,P-12,2
T-15068,2024-08-10,Desayuno?,P-05,4
T-12393,2024-04-09,comida,P-04,4
T-15965,2024-11-01,NULL,P-25,1
T-13459,2024-10-14,  Cena  ,P-06,3
T-10177,2024-10-04,N/A,P-02,3
T-13173,2025-05-05,  Cena  ,P-06,3
T-11057,2025-02-21,CENA,P-24,4
T-11136,2024-11-16,NULL,P-07,1
T-12903,2025-11-22,CENA,P-08,1
T-14882,2025-05-03,  Cena  ,P-17,1
T-15979,2024-05-04,Comida,P-15,1
T-17647,2024-11-14,NULL,P-14,2
T-11751,2024-01-13,NULL,P-25,1
T-13451,2024-03-31,Cena,P-16,1
T-11786,22/02/2024,Comida,P-06,3
T-15396,2024-06-18,comida,P-10,3
T-13288,2024-12-09,N/A,P-05,4
T-16653,2024-07-03,  Cena  ,P-18,2
T-16497,2025-05-21,N/A,P-11,3
T-10779,2025-09-05,Cena,P-02,2
T-13948,2025-10-06,Comida,P-19,4
T-14908,2024-10-01,N/A,P-10,4
T-16349,2024-11-28,NULL,P-25,3
T-14427,2025-05-16,NULL,P-12,1
T-15737,2024-12-03,Desayuno?,P-23,3
T-11924,2024-12-20,  Cena  ,P-09,2
T-13836,2024-02-22,NULL,P-08,2
T-10930,2024-02-02,,P-16,2
T-17067,2024-02-27,comida,P-10,3
T-15084,2025-08-25,Desayuno?,P-20,3
T-16045,2025-01-08,,P-09,2
T-17033,2025-03-27,comida,P-08,3
T-11813,2024-02-05,Comida,P-04,2
T-15247,2025-01-12,  Cena  ,P-18,1
T-17799,2024-12-29,Comida,P-13,2
T-13820,2025-08-24,Comida,P-06,4
T-15800,2024-12-20,comida,P-16,2
T-11685,2024-08-06,  Cena  ,P-25,3
T-16979,2024-05-30,Cena,P-17,1
T-17438,2024-12-15,Comida,P-19,3
T-16942,2025-08-26,Comida,P-24,4
T-11173,2025-03-20,comida,P-10,3
T-15797,2024-12-02,comida,P-04,2
T-12968,2024-08-12,  Cena  ,P-05,4
T-10520,2025-09-25,comida,P-12,1
T-10347,2025-05-21,comida,P-21,3
T-11639,2024-04-04,Desayuno?,P-04,2
T-14842,2024-10-08,Cena,P-10,2
T-17295,2025-09-17,NULL,P-16,1
T-15751,2024-06-23,  Cena  ,P-23,4
T-11778,2025-08-14,Cena,P-05,2
T-16654,2025-04-10,comida,P-05,1
T-15293,2025-02-13,CENA,P-14,3
T-11708,01/06/2025,Comida,P-09,3
T-14215,2025-02-10,N/A,P-03,2
T-12435,2024-03-17,Cena,P-25,3
T-13123,2024-07-04,CENA,P-19,1
T-16082,2024-11-20,CENA,P-11,4
T-16806,2024-09-28,Desayuno?,P-15,4
T-10393,2025-11-25,comida,P-16,1
T-12812,2025-09-23,  Cena  ,P-23,1
T-13102,2024-07-14,CENA,P-23,3
T-11172,2024-03-06,comida,P-20,2
T-14991,2024-05-14,NULL,P-17,3
T-17367,2024-12-31,N/A,P-12,1
T-11417,09/07/2025,comida,P-03,2
T-14358,2024-07-15,Comida,P-03,1
T-13543,29/12/2024,  Cena  ,P-12,3
T-11529,2025-07-19,Cena,P-02,1
T-17520,2024-12-07,comida,P-19,3
T-11591,2025-06-09,  Cena  ,P-16,1
T-14291,2025-02-21,Cena,P-18,2
T-14591,2025-10-19,N/A,P-13,4
T-15634,2024-03-19,Desayuno?,P-24,2
T-16765,2024-02-24,Desayuno?,P-22,-1
T-16462,2024-05-07,NULL,P-15,4
T-16161,2024-10-15,comida,P-18,4
T-17599,2024-08-15,  Cena  ,P-16,4
T-10620,2025-05-16,Cena,P-20,2
T-14098,2025-03-28,comida,P-25,2
T-17848,2024-09-24,Desayuno?,P-09,3
T-13491,2024-09-24,Desayuno?,P-23,4
T-17404,2024-12-26,Comida,P-08,3
T-15173,2024-12-08,comida,P-25,2
T-11632,2025-04-12,N/A,P-05,1
T-11608,2024-09-30,Cena,P-25,1
T-15165,2024-02-09,N/A,P-07,1
T-11206,2024-01-15,NULL,P-22,4
T-11037,2024-01-12,NULL,P-99,2
T-17182,2024-01-18,,P-01,3
T-11895,2024-10-20,Comida,P-13,3
T-11029,2024-02-26,Comida,P-03,4
T-16739,2024-12-02,  Cena  ,P-16,4
T-12880,2025-06-02,Desayuno?,P-21,4
T-12268,2024-04-02,CENA,P-09,4
T-13271,2024-03-13,Desayuno?,P-24,2
T-17220,2024-01-21,Comida,P-18,4
T-16741,2025-06-30,Desayuno?,P-21,2
T-16550,2024-10-18,  Cena  ,P-09,1
T-14859,2025-11-17,  Cena  ,P-10,2
T-13486,2025-10-13,comida,P-02,4
T-15401,2024-09-09,NULL,P-19,3
T-12125,2024-08-31,CENA,P-01,4
T-15916,2025-06-23,comida,P-01,1
T-13471,2024-06-06,N/A,P-01,4
T-12150,2025-06-01,  Cena  ,P-20,1
T-15963,2024-06-27,  Cena  ,P-13,2
T-15285,2024-01-20,NULL,P-13,3
T-17316,2024-05-28,,P-12,2
T-14655,2024-09-13,Comida,P-17,4
T-12180,2024-02-11,comida,P-17,4
T-10360,2025-07-13,comida,P-10,2
T-14225,2025-02-24,  Cena  ,P-25,2
T-15282,2024-07-17,  Cena  ,P-15,1
T-13579,2025-06-08,Desayuno?,P-09,4
T-13564,2024-07-06,CENA,P-16,2
T-13533,2025-06-27,NULL,P-22,1
T-17676,2025-07-29,  Cena  ,P-15,3
T-10838,2024-06-10,Comida,P-02,2
T-10265,2025-11-14,comida,P-18,4
T-12354,2025-09-10,comida,P-02,2
T-14836,2024-02-29,Cena,P-07,3
T-11367,2024-07-27,,P-15,4
T-11004,2025-06-10,Desayuno?,P-06,1
T-16056,2024-12-01,  Cena  ,P-02,2
T-15319,2024-09-21,  Cena  ,P-16,4
T-15302,2025-10-20,Comida,P-02,2
T-13497,2024-03-26,CENA,P-15,3
T-10663,2025-09-25,CENA,P-18,1
T-16459,2025-08-11,NULL,P-22,1
T-14028,2025-04-10,Desayuno?,P-11,2
T-17275,2024-04-27,Comida,P-01,4
T-15270,2024-10-03,CENA,P-19,1
T-11181,2025-05-30,NULL,P-07,2
T-16905,2024-10-30,CENA,P-11,3
T-15312,2025-02-02,  Cena  ,P-15,1
T-17874,2024-04-20,Comida,P-06,4
T-14773,2025-04-24,Comida,P-13,4
T-14843,2025-04-22,Desayuno?,P-23,1
T-15662,2025-07-03,,P-13,1
T-14585,2025-06-05,Cena,P-16,3
T-15980,2025-11-20,Cena,P-99,4
T-12468,2024-03-15,N/A,P-08,2
T-11992,2024-12-27,comida,P-15,2
T-10992,2025-01-09,CENA,P-14,2
T-17062,2024-07-03,NULL,P-03,2
T-15571,2025-12-25,N/A,P-08,3
T-13689,2025-07-15,N/A,P-01,4
T-12235,2024-05-17,comida,P-16,2
T-10850,2024-09-15,Desayuno?,P-99,2
T-10537,2024-11-20,Comida,P-01,3
T-14437,2025-08-25,CENA,P-08,2
T-15294,2024-11-24,  Cena  ,P-05,4
T-15779,2025-07-27,CENA,P-12,4
T-12992,2024-07-12,Cena,P-23,3
T-10475,2025-02-27,NULL,P-21,1
T-14972,2025-10-31,N/A,P-04,4
T-17144,2025-09-04,N/A,P-23,1
T-13012,2025-07-07,NULL,P-13,2
T-15322,2024-12-08,NULL,P-04,2
T-13033,2025-05-06,Desayuno?,P-12,3
T-17932,2024-09-02,Cena,P-21,3
T-14976,2025-12-01,Cena,P-22,3
T-13703,2025-02-27,CENA,P-17,1
T-12460,2024-03-28,CENA,P-24,3
T-16678,2025-02-17,Cena,P-14,1
T-17934,2025-05-03,comida,P-09,3
T-10622,06/01/2024,NULL,P-23,3
T-11658,2025-10-01,CENA,P-10,1
T-14006,2024-02-14,comida,P-22,3
T-17133,2024-12-08,Cena,P-11,2
T-16976,12/09/2024,  Cena  ,P-16,2
T-17683,2025-02-04,Comida,P-18,1
T-14296,2025-01-30,comida,P-23,3
T-17295,2025-02-15,Comida,P-16,3
T-13662,2024-12-19,Comida,P-04,4
T-17632,2024-11-19,CENA,P-21,1
T-14879,2024-10-17,Cena,P-19,2
T-10520,2024-03-07,comida,P-05,4
T-11134,2024-06-23,Cena,P-04,1
T-14088,2024-12-27,Comida,P-02,1
T-10347,2025-03-04,Desayuno?,P-07,4
T-15112,2025-07-28,Desayuno?,P-15,3
T-12819,2025-11-23,Desayuno?,P-20,3
T-17741,2024-08-29,  Cena  ,P-16,1
T-14242,2025-05-26,N/A,P-25,4
T-15606,2025-07-16,comida,P-03,2
T-10601,2025-02-22,  Cena  ,P-05,4
T-15759,2025-06-23,NULL,P-15,1
T-15041,2024-08-01,  Cena  ,P-18,2
T-11861,2025-01-29,Comida,P-10,1
T-16426,2024-12-06,CENA,P-25,4
T-17043,2025-06-08,Desayuno?,P-16,4
T-15867,2025-06-05,,P-05,3
T-14792,2024-07-15,N/A,P-17,3
T-13002,2025-08-04,N/A,P-03,4
T-10157,2024-05-23,comida,P-20,1
T-14549,2024-04-04,Comida,P-99,3
T-15294,2024-09-27,Cena,P-24,4
T-13409,2024-10-25,  Cena  ,P-16,1
T-10568,2024-12-17,N/A,P-08,3
T-14385,2024-10-15,,P-14,4
T-16855,2024-04-06,NULL,P-02,1
T-16320,2024-04-18,CENA,P-20,3
T-16164,2024-09-09,CENA,P-06,2
T-11602,2025-03-22,Cena,P-13,1
T-15052,2025-07-18,N/A,P-05,1
T-14226,2024-06-24,,P-05,1
T-14677,2024-03-10,comida,P-15,3
T-15023,2025-10-06,Cena,P-08,4
T-17765,2025-12-05,,P-19,4
T-11899,2024-05-01,  Cena  ,P-12,4
T-11849,2024-11-03,NULL,P-22,3
T-13673,2024-02-20,  Cena  ,P-09,4
T-11756,2025-10-04,comida,P-04,2
T-11237,2025-04-16,Cena,P-23,1
T-10994,2024-12-17,NULL,P-02,2
T-10419,2024-12-28,N/A,P-19,4
T-13303,2025-11-23,Desayuno?,P-25,1
T-12350,2024-10-27,Cena,P-10,4
T-13783,2024-12-23,N/A,P-16,2
T-14422,2025-05-03,CENA,P-23,4
T-11076,2024-12-26,  Cena  ,P-17,1
T-12425,2025-05-03,Comida,P-24,3
T-15942,2025-10-23,Cena,P-25,4
T-16619,2025-03-17,comida,P-14,1
T-14326,2025-03-20,comida,P-02,1
T-10553,2024-07-08,CENA,P-15,3
T-11990,2024-12-27,Desayuno?,P-04,2
T-11649,2025-10-28,CENA,P-13,3
T-12300,2025-08-25,  Cena  ,P-17,3
T-15398,2025-01-11,N/A,P-20,3
T-11665,2024-09-26,Desayuno?,P-17,1
T-13977,2025-08-22,Desayuno?,P-02,2
T-14966,2024-10-17,Comida,P-02,4
T-13399,2024-11-05,NULL,P-07,3
T-13667,2025-04-09,N/A,P-15,4
T-16510,28/12/2025,comida,P-18,2
T-15912,2024-09-25,comida,P-22,4
T-17547,2025-02-16,Cena,P-24,1
T-11874,2025-08-23,NULL,P-05,2
T-17216,2025-03-23,  Cena  ,P-05,-1
T-11052,2024-04-30,NULL,P-14,2
T-14917,2024-03-06,comida,P-02,2
T-10452,2024-07-16,comida,P-20,3
T-15930,2025-12-17,comida,P-15,2
T-17920,2024-12-07,Cena,P-24,1
T-17934,2025-03-04,NULL,P-24,4
T-17057,2025-09-20,Cena,P-05,1
T-17797,2024-03-14,Desayuno?,P-17,3
T-14138,2024-10-09,  Cena  ,P-20,3
T-16225,2025-05-23,Cena,P-99,1
T-14618,2025-03-13,Comida,P-01,3
T-17341,2024-06-09,CENA,P-14,3
T-10488,2025-12-18,NULL,P-20,4
T-11965,2025-09-14,Desayuno?,P-15,1
T-12619,2024-09-15,Comida,P-20,1
T-13293,2024-06-23,Cena,P-17,3
T-13860,2024-04-28,CENA,P-14,3
T-12918,2025-03-30,  Cena  ,P-11,4
T-14262,2024-01-31,NULL,P-10,1
T-15339,2025-02-10,Comida,P-20,2
T-13553,2025-08-21,NULL,P-14,4
T-14248,2024-01-03,Desayuno?,P-21,1
T-13782,2025-04-18,NULL,P-05,4
T-16790,2025-09-04,comida,P-10,2
T-17738,2024-07-18,CENA,P-25,3
T-17085,2024-09-04,N/A,P-23,4
T-13480,2024-12-01,  Cena  ,P-13,1
T-12862,2024-11-24,Cena,P-04,2
T-16259,2025-03-12,Cena,P-07,4
T-10615,2024-04-23,  Cena  ,P-24,3
T-17366,2024-05-28,Desayuno?,P-24,4
T-16998,2025-06-19,NULL,P-21,1
T-10494,2025-06-22,N/A,P-06,3
T-15312,2025-02-16,Comida,P-24,1
T-10892,2025-12-14,comida,P-04,1
T-13429,2024-12-01,  Cena  ,P-15,2
T-11124,2025-01-16,Cena,P-18,-1
T-13207,2024-02-16,Cena,P-15,3
T-15112,2025-10-12,CENA,P-19,1
T-12455,2024-06-14,comida,P-16,4
T-16730,2024-07-08,Comida,P-17,4
T-12784,2025-08-24,comida,P-23,2
T-12976,2025-09-11,Desayuno?,P-25,1
T-14137,2024-08-03,Cena,P-14,4
T-15066,2025-03-04,Desayuno?,P-06,2
T-11430,2025-11-27,Desayuno?,P-25,4
T-10839,2024-05-19,N/A,P-06,4
T-13658,2025-09-25,NULL,P-24,2
T-10314,2024-09-15,N/A,P-12,1
T-13964,2025-09-10,  Cena  ,P-22,2
T-12147,2024-06-10,Comida,P-12,4
T-17651,2024-04-19,,P-05,2
T-16471,2024-06-09,NULL,P-10,3
T-17444,2024-02-04,,P-13,1
T-11255,2024-09-20,N/A,P-16,1
T-17900,2024-11-10,comida,P-18,3
T-15269,2024-08-04,N/A,P-22,-1
T-15207,2025-08-30,N/A,P-09,1
T-17944,2025-07-16,Desayuno?,P-11,2
T-10460,2024-12-04,comida,P-03,4
T-16110,2025-08-07,NULL,P-06,3
T-17201,2024-11-10,Comida,P-19,2
T-16921,2025-06-28,Desayuno?,P-02,4
T-15770,2024-05-05,  Cena  ,P-02,2
T-15727,2024-08-05,CENA,P-18,-1
T-17663,2025-06-06,  Cena  ,P-24,1
T-17973,2024-03-29,Cena,P-07,2
T-14802,2025-01-17,N/A,P-99,4
T-17922,2025-05-13,Desayuno?,P-22,4
T-10329,2024-11-06,CENA,P-25,2
T-13215,2024-02-10,,P-10,1
T-15826,2025-10-03,CENA,P-11,2
T-12737,2024-04-18,N/A,P-05,2
T-16866,2024-02-26,CENA,P-18,1
T-16457,2024-03-10,N/A,P-14,3
T-10645,2025-12-27,NULL,P-24,3
T-14130,2025-11-11,NULL,P-10,3
T-11742,2025-05-30,Comida,P-19,4
T-16755,2025-06-07,Desayuno?,P-04,4
T-17700,2025-12-11,Cena,P-18,1
T-14905,2024-11-05,,P-25,1
T-11419,2025-11-17,Cena,P-24,4
T-17740,2025-02-16,comida,P-02,4
T-14129,2024-07-25,N/A,P-14,3
T-12870,2025-12-09,Desayuno?,P-22,4
T-17909,2024-06-06,Cena,P-11,2
T-15632,2024-05-30,  Cena  ,P-01,2
T-10903,2025-11-08,Comida,P-14,2
T-16143,2024-04-23,,P-14,4
T-14427,2024-10-20,comida,P-24,2
T-14705,2025-11-22,Desayuno?,P-19,3
T-16274,2025-03-03,Desayuno?,P-23,4
T-10841,2025-02-16,Comida,P-99,2
T-16920,2024-01-25,comida,P-02,3
T-10599,2024-02-11,Desayuno?,P-04,3
T-11815,2025-12-18,N/A,P-15,2
T-12198,2025-11-02,N/A,P-07,4
T-10363,2025-02-13,NULL,P-09,2
T-11652,04/10/2025,Cena,P-21,2
T-16731,2024-02-11,Cena,P-13,2
T-17669,25/05/2024,  Cena  ,P-20,1
T-17438,2024-01-09,NULL,P-24,-1
T-12349,2024-04-14,NULL,P-23,4
T-14679,2024-01-07,  Cena  ,P-24,4
T-11475,2024-03-23,comida,P-20,1
T-10604,2024-11-05,CENA,P-19,2
T-15701,2024-05-19,N/A,P-04,4
T-17838,2025-12-17,CENA,P-19,4
T-15973,2024-12-17,comida,P-05,2
T-10264,23/11/2025,Cena,P-21,4
T-15502,07/01/2024,  Cena  ,P-18,3
T-12798,2025-11-15,N/A,P-07,2
T-15193,2025-12-10,  Cena  ,P-15,2
T-16282,2024-05-18,CENA,P-05,2
T-16571,2025-05-18,Desayuno?,P-01,2
T-13231,2024-01-04,NULL,P-22,2
T-12746,29/07/2024,Desayuno?,P-22,4
T-14960,2024-12-22,Comida,P-07,1
T-13253,2025-10-04,comida,P-09,4
T-10060,2024-01-07,Cena,P-24,3
T-17410,2024-08-13,Comida,P-11,1
T-11491,2025-01-24,NULL,P-08,1
T-11682,2025-09-06,  Cena  ,P-05,3
T-12503,2025-11-03,  Cena  ,P-06,2
T-12240,2025-07-29,NULL,P-19,1
T-14213,2024-11-02,  Cena  ,P-11,2
T-13895,2024-01-14,Desayuno?,P-01,2
T-15282,2024-10-18,,P-22,2
T-16243,2025-02-26,CENA,P-25,2
T-13333,2025-07-30,  Cena  ,P-08,-1
T-10824,2024-04-03,Desayuno?,P-13,1
T-11937,2025-03-16,NULL,P-19,4
T-16869,2025-05-08,N/A,P-04,2
T-14305,2025-03-17,comida,P-16,1
T-14325,2025-02-09,Comida,P-16,1
T-14393,2025-08-04,comida,P-13,1
T-13016,2024-10-15,Desayuno?,P-12,2
T-10789,2024-09-29,NULL,P-21,4
T-15844,2025-01-02,Desayuno?,P-05,2
T-15756,2025-11-27,Comida,P-11,2
T-13644,2025-07-06,comida,P-23,4
T-11957,2024-12-04,  Cena  ,P-05,1
T-17342,2024-08-11,NULL,P-18,2
T-10746,2025-11-18,  Cena  ,P-18,2
T-17554,2024-08-22,Cena,P-02,2
T-11686,2024-08-11,  Cena  ,P-15,4
T-10852,2024-01-29,Cena,P-07,2
T-10065,2025-02-28,Comida,P-10,2
T-14877,2025-02-13,N/A,P-02,3
T-13721,2024-11-20,comida,P-11,1
T-10014,2025-04-29,Desayuno?,P-21,1
T-11875,2025-04-25,CENA,P-24,2
T-10974,2025-07-28,N/A,P-15,3
T-14855,2025-04-01,,P-11,3
T-15441,2024-12-05,Desayuno?,P-12,2
T-14240,2024-02-28,comida,P-02,3
T-11192,2025-10-11,Desayuno?,P-07,3
T-15331,2024-09-22,NULL,P-06,1
T-16820,2025-08-23,CENA,P-05,1
T-10430,2025-07-31,NULL,P-08,3
T-17383,2025-03-30,N/A,P-05,1
T-14541,2025-05-30,CENA,P-10,4
T-14681,2024-06-03,CENA,P-09,-1
T-14989,2025-07-01,  Cena  ,P-13,-1
T-17843,2025-10-04,,P-10,4
T-14536,21/12/2024,Cena,P-01,3
T-16144,2025-07-15,CENA,P-12,2
T-14408,2025-09-21,  Cena  ,P-22,1
T-13917,2024-03-27,CENA,P-20,3
T-11889,2024-09-10,N/A,P-08,2
T-10078,2025-08-02,N/A,P-04,3
T-15340,2024-09-30,NULL,P-18,1
T-14766,2025-01-09,N/A,P-22,3
T-12383,2025-11-24,NULL,P-24,2
T-17538,2025-05-19,Desayuno?,P-12,4
T-10542,2024-06-06,Cena,P-06,4
T-15190,2024-01-29,Cena,P-11,2
T-13128,2025-03-15,  Cena  ,P-13,3
T-13081,2024-04-20,Comida,P-13,1
T-16598,2024-07-28,Desayuno?,P-07,3
T-10379,2025-10-31,comida,P-04,2
T-13049,2024-06-21,CENA,P-13,3
T-14770,2025-12-13,Desayuno?,P-05,4
T-14140,2025-02-09,NULL,P-25,3
T-16451,2024-06-06,,P-21,1
T-14949,2025-01-11,N/A,P-19,4
T-11916,2024-07-04,comida,P-01,1
T-15706,2024-08-25,Comida,P-04,2
T-17249,2024-04-28,  Cena  ,P-04,-1
T-14556,2024-05-14,,P-03,4
T-16262,2025-09-19,Desayuno?,P-15,2
T-13204,2025-02-23,N/A,P-22,4
T-12483,2025-10-17,CENA,P-99,4
T-10378,2025-12-13,comida,P-20,1
T-10620,2025-12-03,N/A,P-20,4
T-17954,2024-03-30,CENA,P-14,1
T-10675,2024-09-23,Cena,P-01,1
T-12180,2025-12-12,NULL,P-14,1
T-16212,2024-05-12,,P-10,1
T-11946,2024-09-07,Comida,P-23,4
T-15775,2024-09-25,Cena,P-19,1
T-13282,2024-11-25,CENA,P-18,3
T-11808,2025-06-26,N/A,P-12,3
T-12255,2024-11-28,Desayuno?,P-04,1
T-13187,2025-09-30,comida,P-20,2
T-12193,2025-11-08,Desayuno?,P-13,1
T-11608,08/06/2024,comida,P-19,3
T-14030,2025-09-14,comida,P-08,2
T-17482,2025-04-28,CENA,P-12,4
T-14734,2025-11-11,,P-18,1
T-16408,2024-03-24,  Cena  ,P-25,1
T-13064,2025-04-08,Comida,P-15,3
T-16111,2024-06-02,Cena,P-01,3
T-13163,2024-05-03,comida,P-08,1
T-10882,2024-08-27,  Cena  ,P-04,4
T-13418,2024-11-28,Desayuno?,P-08,2
T-15607,2024-03-20,Cena,P-01,4
T-17532,2025-12-09,comida,P-22,4
T-10982,2024-07-04,Cena,P-18,1
T-14015,2025-07-21,Comida,P-22,1
T-15319,2024-05-09,N/A,P-10,1
T-10459,2024-07-20,Comida,P-17,2
T-11369,2025-06-25,NULL,P-21,3
T-16561,2025-04-20,Comida,P-19,3
T-14363,2024-07-01,Cena,P-16,2
T-16042,2024-01-09,CENA,P-15,2
T-14621,2025-06-03,N/A,P-01,2
T-14014,2024-03-24,comida,P-08,3
T-11206,2024-11-12,Desayuno?,P-17,4
T-10118,2025-12-22,N/A,P-20,4
T-12698,2025-01-23,comida,P-20,2
T-16843,2024-01-22,Comida,P-16,3
T-15651,2024-09-03,Cena,P-12,4
T-17226,2024-07-23,Cena,P-02,4
T-15037,2025-07-29,CENA,P-20,3
T-17094,28/09/2024,,P-09,2
T-17733,2025-02-20,comida,P-14,2
T-14943,2024-03-05,Desayuno?,P-25,2
T-13830,17/04/2024,CENA,P-99,1
T-17611,2024-03-24,comida,P-19,3
T-16584,2024-10-25,  Cena  ,P-19,1
T-10248,2025-07-24,Cena,P-06,1
T-14930,2025-10-18,,P-23,3
T-14812,2024-02-06,N/A,P-14,2
T-14097,2025-08-11,N/A,P-07,1
T-13161,2024-06-08,Cena,P-24,4
T-11837,2024-10-06,Desayuno?,P-07,3
T-17897,2024-10-30,CENA,P-01,2
T-17515,2024-09-21,Comida,P-09,3
T-12160,2024-07-31,NULL,P-01,3
T-10395,2024-10-08,CENA,P-24,4
T-11866,2024-09-13,CENA,P-15,3
T-17485,2024-09-02,Comida,P-11,1
T-11015,2025-02-10,Comida,P-14,1
T-16471,2024-06-05,N/A,P-02,1
T-11476,2025-04-24,NULL,P-17,4
T-17456,2024-10-03,NULL,P-24,1
T-10289,2025-04-06,N/A,P-13,4
T-16797,21/05/2024,  Cena  ,P-20,2
T-16418,2025-05-08,NULL,P-08,2
T-10647,2024-03-30,  Cena  ,P-25,4
T-12581,2025-06-25,  Cena  ,P-20,4
T-17127,2025-04-18,NULL,P-21,1
T-14123,2025-10-11,  Cena  ,P-24,4
T-16021,2025-03-18,CENA,P-07,3
T-13620,2025-11-04,NULL,P-23,2
T-11175,2024-06-10,comida,P-25,2
T-17266,2025-10-02,CENA,P-18,2
T-15524,2025-07-25,Comida,P-99,1
T-14585,2025-06-04,comida,P-19,3
T-16321,2025-04-27,NULL,P-09,4
T-12434,2024-09-12,Comida,P-25,1
T-10854,2024-04-26,  Cena  ,P-99,2
T-10040,2025-01-26,Cena,P-07,2
T-14816,2024-05-11,  Cena  ,P-23,3
T-14091,21/01/2024,  Cena  ,P-07,4
T-15256,2024-05-29,comida,P-15,2
T-12520,2025-08-18,NULL,P-01,2
T-16873,2025-02-11,NULL,P-02,1
T-13294,2024-08-25,comida,P-02,4
T-15705,2025-04-18,CENA,P-06,1
T-14561,2024-01-29,Desayuno?,P-01,4
T-13906,14/04/2025,Desayuno?,P-05,4
T-10015,2024-04-19,Comida,P-21,3
T-10642,2025-10-23,CENA,P-21,2
T-13824,2025-06-10,comida,P-11,2
T-13438,10/02/2024,Comida,P-16,2
T-11808,2025-06-09,Cena,P-25,3
T-11947,2025-05-31,comida,P-01,4
T-13523,2025-10-05,Cena,P-23,4
T-10333,2024-06-03,Cena,P-10,2
T-10140,2025-12-21,  Cena  ,P-07,2
T-16993,2024-11-12,Comida,P-10,1
T-15240,2024-02-17,Comida,P-13,4
T-16271,2025-12-28,comida,P-01,4
T-17441,2025-07-16,NULL,P-21,4
T-13545,2025-07-04,N/A,P-19,3
T-10429,2025-10-09,Cena,P-02,4
T-15506,2024-05-08,CENA,P-12,4
T-15525,2024-02-17,  Cena  ,P-99,2
T-17460,2024-07-10,Cena,P-24,1
T-15325,2024-08-18,N/A,P-08,2
T-13865,13/11/2024,CENA,P-02,3
T-17331,2024-08-25,  Cena  ,P-23,4
T-15685,2025-09-16,,P-18,2
T-16578,2025-06-17,N/A,P-21,2
T-13079,2024-05-22,Comida,P-09,4
T-15490,21/04/2025,CENA,P-11,2
T-10853,25/09/2024,Desayuno?,P-18,4
T-13654,2025-08-16,CENA,P-18,3
T-17372,23/09/2025,,P-21,1
T-11068,2024-02-06,CENA,P-21,1
T-16137,2024-08-03,Comida,P-02,1
T-12852,2024-06-14,Comida,P-14,4
T-16710,2025-01-01,Comida,P-18,1
T-10454,2024-08-15,NULL,P-22,2
T-16577,2024-06-26,CENA,P-16,4
T-10838,2024-09-26,N/A,P-22,1
T-13034,14/07/2024,N/A,P-19,2
T-16407,2025-06-08,NULL,P-18,1
T-14675,2024-07-30,Comida,P-21,1
T-15814,2024-03-09,Comida,P-03,2
T-14812,2024-03-04,comida,P-06,4
T-12562,2024-02-24,,P-08,4
T-10654,26/02/2025,N/A,P-25,3
T-10726,2025-09-27,  Cena  ,P-22,4
T-17471,2025-09-08,,P-17,1
T-16054,2025-05-01,NULL,P-22,1
T-13843,2025-11-25,Desayuno?,P-01,2
T-12236,2024-01-11,Comida,P-22,3
T-16736,2025-08-21,Comida,P-17,4
T-13353,2024-07-09,NULL,P-09,3
T-15101,2025-11-09,,P-03,1
T-13733,2025-12-18,N/A,P-21,3
T-13976,2025-07-18,CENA,P-07,3
T-10723,2025-09-22,Comida,P-18,4
T-13506,2025-09-18,Desayuno?,P-03,2
T-11008,2024-02-27,comida,P-08,4
T-16152,2024-11-18,  Cena  ,P-17,2
T-12049,2024-06-14,CENA,P-11,2
T-15930,2025-11-22,comida,P-02,1
T-15398,2024-11-17,Comida,P-24,2
T-10391,2024-02-09,Comida,P-06,1
T-17712,2025-04-07,Cena,P-21,4
T-16160,2025-08-10,Comida,P-24,2
T-17805,2025-10-11,N/A,P-19,2
T-11693,2024-05-14,NULL,P-12,1
T-10193,2024-03-26,NULL,P-06,-1
T-15828,2025-10-30,Desayuno?,P-23,4
T-17733,2025-12-12,CENA,P-07,2
T-12017,2024-05-14,  Cena  ,P-08,4
T-12896,2024-04-27,NULL,P-03,3
T-10647,2025-01-01,N/A,P-06,4
T-16172,2024-12-25,NULL,P-25,1
T-11434,2024-08-24,Desayuno?,P-14,4
T-14982,2025-10-12,Comida,P-06,2
T-15268,2025-03-19,Comida,P-23,1
T-11946,2024-03-06,Desayuno?,P-03,3
T-11960,2025-06-23,NULL,P-21,2
T-10789,2024-01-17,NULL,P-01,2
T-14555,2024-09-04,,P-23,2
T-16543,2025-07-31,  Cena  ,P-18,4
T-13687,2025-07-24,Comida,P-21,3
T-16746,2024-12-01,comida,P-24,4
T-11299,2024-09-17,CENA,P-99,4
T-13543,2025-10-14,Desayuno?,P-10,4
T-10949,2024-04-21,comida,P-24,3
T-12728,2025-04-11,CENA,P-22,2
T-10956,2024-09-26,,P-23,4
T-14569,2024-09-30,Desayuno?,P-20,2
T-15092,2025-09-17,CENA,P-06,3
T-14251,2025-10-18,Comida,P-06,2
T-16990,2024-04-25,NULL,P-14,1
T-14737,2024-05-10,N/A,P-02,2
T-17757,2025-07-20,comida,P-25,4
T-17117,2024-12-16,CENA,P-25,2
T-15066,2024-06-10,N/A,P-04,1
T-14133,2024-04-17,CENA,P-05,1
T-14015,24/12/2025,,P-09,1
T-10914,19/11/2025,Cena,P-13,1
T-11507,2025-01-14,comida,P-24,4
T-12530,2025-05-10,  Cena  ,P-08,3
T-15412,2024-11-01,Desayuno?,P-01,2
T-10055,2024-09-20,Cena,P-06,4
T-14685,2024-02-16,Cena,P-21,3
T-14450,2024-12-14,CENA,P-04,2
T-16798,2024-08-19,Desayuno?,P-01,2
T-10472,2025-02-14,Desayuno?,P-10,1
T-12317,2025-02-18,comida,P-17,1
T-16896,2024-03-19,comida,P-06,4
T-14332,2025-10-08,Comida,P-17,3
T-11137,2025-08-31,CENA,P-99,2
T-15866,2025-06-17,,P-08,4
T-12291,24/04/2025,N/A,P-10,4
T-15344,2025-09-03,Desayuno?,P-08,1
T-15024,2024-10-22,CENA,P-21,2
T-17386,2024-09-06,CENA,P-07,3
T-10249,2025-02-03,NULL,P-19,3
T-12884,2025-09-16,Desayuno?,P-14,2
T-10339,2025-10-13,Cena,P-04,1
T-15653,2024-08-17,comida,P-21,4
T-17765,2024-10-28,Desayuno?,P-23,3
T-16355,2024-03-26,Comida,P-06,2
T-12167,2024-03-19,  Cena  ,P-15,1
T-16996,2025-02-19,N/A,P-14,1
T-16703,2024-05-25,  Cena  ,P-03,4
T-10835,2024-05-26,NULL,P-24,1
T-17918,2025-12-04,comida,P-01,3
T-12940,2025-10-24,CENA,P-17,2
T-15132,2024-06-28,N/A,P-12,3
T-15668,2024-08-22,Comida,P-06,4
T-17606,2025-11-23,CENA,P-05,3
T-11511,2025-03-04,NULL,P-18,4
T-14160,2024-11-04,  Cena  ,P-03,3
T-12697,2025-10-17,comida,P-18,2
T-14224,2024-03-28,,P-02,3
T-12459,2024-09-24,Cena,P-04,2
T-11084,2024-05-19,N/A,P-08,2
T-11584,19/12/2025,NULL,P-20,3
T-16610,2025-04-22,CENA,P-02,1
T-12717,2025-05-23,Desayuno?,P-17,4
T-16054,2025-06-09,N/A,P-25,1
T-12156,2025-05-17,N/A,P-02,1
T-16521,2024-05-19,,P-23,3
T-16896,2024-10-19,NULL,P-17,4
T-14641,2024-06-21,N/A,P-07,1
T-15847,2024-07-25,comida,P-17,4
T-12262,2025-07-13,Desayuno?,P-11,1
T-12178,2025-04-27,NULL,P-12,2
T-14854,2025-01-28,  Cena  ,P-25,4
T-15646,2024-11-06,N/A,P-07,4
T-10732,2025-09-20,CENA,P-24,2
T-13503,2025-01-11,CENA,P-20,1
T-14150,2024-12-25,CENA,P-11,2
T-11499,2025-11-26,Cena,P-21,1
T-10473,2024-09-10,comida,P-16,4
T-10682,2024-12-15,Comida,P-08,3
T-12530,2025-02-15,NULL,P-25,1
T-16784,2025-01-13,N/A,P-12,2
T-16864,2024-04-12,,P-23,1
T-15267,2025-07-10,comida,P-08,2
T-17393,2025-04-12,comida,P-19,1
T-13248,2024-06-04,N/A,P-10,4
T-12517,2025-03-26,comida,P-06,2
T-12576,2024-04-28,Desayuno?,P-10,3
T-15569,2025-12-04,Comida,P-13,2
T-15540,2024-09-09,  Cena  ,P-22,1
T-13513,01/02/2024,Cena,P-01,2
T-15439,2025-12-27,CENA,P-15,2
T-16630,2025-10-28,,P-11,1
T-12370,2024-10-18,Desayuno?,P-16,3
T-17335,2025-03-06,  Cena  ,P-23,3
T-10780,2024-03-06,comida,P-21,2
T-10237,2024-04-04,CENA,P-10,2
T-11471,2024-03-13,comida,P-25,3
T-14510,2025-01-16,NULL,P-01,4
T-13869,2024-03-15,Desayuno?,P-08,1
T-12483,2025-06-05,N/A,P-19,3
T-14247,2024-04-04,comida,P-13,4
T-15864,2024-08-11,comida,P-16,1
T-14105,2025-01-29,Desayuno?,P-14,1
T-13840,2025-11-25,CENA,P-21,2
T-17360,2025-07-09,NULL,P-19,3
T-12030,2025-04-29,  Cena  ,P-02,2
T-12391,2024-05-28,comida,P-19,3
T-16367,2025-10-06,  Cena  ,P-24,2
T-11186,2024-04-02,comida,P-13,1
T-11806,2025-10-18,Desayuno?,P-22,1
T-11158,2024-12-23,CENA,P-13,1
T-17234,27/01/2025,  Cena  ,P-06,1
T-11485,2024-09-05,NULL,P-15,2
T-10927,2025-04-25,Cena,P-21,4
T-17910,2025-12-25,comida,P-04,1
T-10069,2025-12-22,NULL,P-01,4
T-10620,2024-11-04,Cena,P-11,2
T-12579,15/12/2024,comida,P-03,4
T-17634,2024-01-22,NULL,P-07,2
T-16892,2024-03-18,CENA,P-19,3
T-14516,2025-05-12,N/A,P-13,1
T-16239,2025-02-28,CENA,P-08,4
T-10612,2025-04-19,comida,P-01,4
T-12627,2024-02-22,Comida,P-13,1
T-10327,2025-06-08,Comida,P-19,1
T-14287,2025-06-10,comida,P-22,3
T-12673,2025-10-21,Cena,P-02,2
T-13257,2025-11-17,Desayuno?,P-09,4
T-15984,2024-06-24,Cena,P-03,4
T-16256,2025-11-04,Desayuno?,P-16,3
T-12003,2025-09-05,Comida,P-25,1
T-16492,2024-08-10,  Cena  ,P-21,1
T-11428,2024-01-02,NULL,P-19,1
T-14251,2024-05-17,comida,P-04,3
T-12095,2024-09-27,NULL,P-14,4
T-14902,2024-08-31,  Cena  ,P-18,4
T-10809,2024-11-24,Desayuno?,P-04,3
T-13610,2025-12-08,Desayuno?,P-17,4
T-16980,2025-10-19,NULL,P-02,4
T-15665,2024-12-25,comida,P-23,4
T-13041,2024-10-04,comida,P-15,3
T-15746,2025-10-17,comida,P-01,3
T-10863,2025-12-30,Comida,P-25,1
T-16088,2025-04-02,Cena,P-04,4
T-17752,01/05/2025,Cena,P-15,3
T-15390,2025-05-10,Comida,P-16,4
T-17236,2024-05-08,CENA,P-15,2
T-16879,2025-02-22,Cena,P-13,3
T-10616,2025-02-28,Desayuno?,P-21,2
T-13930,24/04/2025,,P-05,2
T-13812,2024-12-05,Cena,P-19,2
T-12466,2024-03-22,CENA,P-21,2
T-12851,2024-09-28,Comida,P-06,2
T-13649,2024-11-18,,P-24,2
T-17974,2024-03-30,Desayuno?,P-02,-1
T-16300,2024-08-31,  Cena  ,P-17,4
T-17152,2025-12-15,  Cena  ,P-01,3
T-12701,2024-10-01,Cena,P-07,-1
T-13547,2025-01-30,Comida,P-05,1
T-14838,2024-07-16,N/A,P-20,1
T-13340,2025-11-12,N/A,P-24,2
T-12844,2024-04-06,  Cena  ,P-16,4
T-17851,2025-12-30,Desayuno?,P-19,3
T-16034,2024-09-18,comida,P-99,4
T-12537,2025-05-26,  Cena  ,P-18,4
T-17286,2025-10-10,CENA,P-25,4
T-11656,2024-12-28,Desayuno?,P-20,2
T-10942,2024-06-04,Desayuno?,P-22,4
T-16385,2024-12-31,comida,P-01,4
T-13897,2025-06-26,Cena,P-22,4
T-13393,2025-07-23,CENA,P-01,3
T-16012,2024-04-25,Cena,P-23,3
T-15387,2024-08-26,Desayuno?,P-03,2
T-10932,2025-04-20,N/A,P-06,1
T-17631,2025-07-21,  Cena  ,P-22,2
T-17679,2024-10-06,comida,P-02,3
T-10040,2025-03-18,CENA,P-06,1
T-14457,2025-09-25,,P-10,3
T-14891,2025-05-10,,P-19,1
T-14654,2024-11-17,NULL,P-17,4
T-14263,2024-06-14,NULL,P-23,4
T-15651,2024-08-15,  Cena  ,P-02,2
T-10226,2025-06-09,Desayuno?,P-15,2
T-17629,2025-05-08,comida,P-18,4
T-13194,2025-05-31,CENA,P-20,4
T-11006,2025-04-22,N/A,P-01,4
T-15932,2024-03-23,NULL,P-20,4
T-10739,2024-04-12,Cena,P-01,1
T-12762,2025-04-01,Desayuno?,P-21,4
T-15182,07/05/2025,comida,P-15,1
T-15746,2025-07-28,Desayuno?,P-01,3
T-16376,2024-12-06,  Cena  ,P-10,4
T-16845,2025-12-23,comida,P-24,1
T-13828,2025-06-25,Cena,P-06,2
T-16879,2024-09-24,N/A,P-16,1
T-10412,2025-01-04,comida,P-03,4
T-12776,2024-01-20,Cena,P-07,2
T-12036,2024-09-23,Cena,P-04,2
T-17306,2025-01-17,comida,P-11,3
T-12235,2024-01-06,Cena,P-06,4
T-15412,2025-05-01,  Cena  ,P-15,3
T-16313,2025-04-08,Desayuno?,P-14,4
T-14588,2024-04-04,Desayuno?,P-22,2
T-15065,2025-12-14,N/A,P-22,1
T-17329,2025-01-27,Cena,P-08,2
T-13944,2025-05-24,Cena,P-21,4
T-12687,29/07/2025,Comida,P-12,1
T-16064,2025-06-11,Desayuno?,P-21,1
T-16113,2024-10-13,NULL,P-06,3
T-14218,2025-05-16,N/A,P-16,2
T-10356,2025-02-02,comida,P-04,3
T-17221,2025-01-26,N/A,P-10,-1
T-16355,2025-11-05,Cena,P-99,1
T-15042,2025-03-24,comida,P-10,1
T-15697,2025-10-01,  Cena  ,P-17,3
T-12041,2025-02-04,N/A,P-13,3
T-12164,2025-12-12,Desayuno?,P-13,4
T-14494,2024-11-01,comida,P-09,4
T-13593,2025-11-28,NULL,P-10,2
T-11456,2025-11-07,  Cena  ,P-18,1
T-10561,2024-10-08,NULL,P-12,1
T-13062,2025-02-15,N/A,P-05,4
T-16373,2024-05-13,Cena,P-04,1
T-14173,2024-08-07,NULL,P-09,3
T-15522,2025-09-02,Comida,P-19,1
T-14095,2025-06-27,,P-01,4
T-11698,2025-02-03,Cena,P-23,4
T-10225,2024-10-28,Cena,P-06,3
T-11441,2025-10-30,N/A,P-06,1
T-17026,2024-11-30,Cena,P-12,2
T-14973,2024-11-02,NULL,P-05,2
T-16614,2024-03-17,CENA,P-22,4
T-16492,2024-03-28,CENA,P-14,3
T-10189,2025-06-22,  Cena  ,P-02,3
T-12682,2025-07-30,comida,P-19,4
T-15877,2024-09-07,  Cena  ,P-21,2
T-14654,2025-07-07,,P-13,3
T-17084,2025-03-14,CENA,P-08,3
T-12677,2024-12-04,Desayuno?,P-21,1
T-12439,2024-09-10,comida,P-18,2
T-15069,2024-02-07,Cena,P-23,2
T-11383,2024-04-24,Cena,P-15,2
T-12422,2024-05-09,Cena,P-08,4
T-15219,2025-07-05,N/A,P-22,2
T-10735,2024-07-03,Comida,P-14,2
T-10323,2025-09-18,N/A,P-16,4
T-13372,2024-09-23,CENA,P-15,1
T-12539,2024-02-13,  Cena  ,P-09,2
T-13714,2024-04-08,CENA,P-21,4
T-10604,2025-06-03,,P-12,3
T-17332,2024-08-24,  Cena  ,P-01,2
T-16971,2025-09-26,,P-23,1
T-10492,2025-11-30,N/A,P-16,1
T-13432,2025-01-09,CENA,P-10,1
T-14547,09/10/2025,Comida,P-18,3
T-15836,2024-08-24,CENA,P-17,4
T-14610,2025-06-11,Desayuno?,P-07,4
T-10372,2024-12-09,Desayuno?,P-09,2
T-10884,2025-01-14,Desayuno?,P-07,3
T-12312,2024-05-05,Desayuno?,P-17,4
T-14334,2025-08-30,Cena,P-19,2
T-15558,2025-03-02,comida,P-07,4
T-13652,2024-05-03,N/A,P-13,2
T-14171,2025-11-03,NULL,P-99,2
T-17118,2025-04-27,N/A,P-19,3
T-14533,2025-12-26,Cena,P-24,1
T-10036,2024-08-07,comida,P-14,-1
T-14184,2024-07-12,Comida,P-19,4
T-17877,2024-10-01,N/A,P-07,2
T-11160,2025-11-18,CENA,P-09,1
T-10369,2024-10-28,N/A,P-11,3
T-12965,2024-06-20,Comida,P-11,3
T-17899,2025-06-17,N/A,P-04,4
T-11758,2025-05-25,CENA,P-22,2
T-15259,2024-04-30,,P-25,4
T-13451,2024-08-19,N/A,P-99,4
T-15297,2024-09-13,NULL,P-22,2
T-16091,2024-03-06,Cena,P-18,3
T-11336,2024-05-23,N/A,P-14,2
T-12702,2024-04-29,Comida,P-14,1
T-16959,2025-10-02,N/A,P-03,1
T-11987,2024-02-14,CENA,P-14,2
T-12224,2025-08-03,CENA,P-20,1
T-13701,2025-04-19,comida,P-09,3
T-10407,2024-05-23,comida,P-08,3
T-17712,2025-01-11,N/A,P-10,2
T-15744,2024-03-02,comida,P-21,2
T-11610,19/04/2024,Comida,P-18,3
T-12674,2024-01-06,Comida,P-09,1
T-15370,2025-12-12,comida,P-14,2
T-14881,2024-10-07,Cena,P-14,2
T-15087,2024-12-22,  Cena  ,P-19,3
T-14907,10/09/2024,NULL,P-15,3
T-14428,2025-04-23,Comida,P-16,1
T-15995,08/03/2025,Cena,P-20,3
T-17180,2024-02-12,Desayuno?,P-10,4
T-12630,2025-07-29,  Cena  ,P-02,2
T-13746,2025-09-28,Cena,P-23,1
T-11235,2024-03-28,,P-06,2
T-13097,2025-04-15,Comida,P-25,1
T-14173,2024-08-27,CENA,P-15,2
T-11269,2024-03-17,NULL,P-01,4
T-17944,2025-06-05,Comida,P-21,2
T-12580,2025-08-19,NULL,P-99,4
T-17482,2025-12-14,Cena,P-11,1
T-11916,21/09/2025,NULL,P-03,4
T-13980,2025-10-01,CENA,P-21,2
T-13988,2025-05-08,NULL,P-03,2
T-10699,2025-07-03,comida,P-25,2
T-17024,2025-03-04,Comida,P-07,2
T-15307,2025-10-18,Comida,P-99,2
T-12199,2025-06-21,comida,P-24,1
T-15065,2024-07-16,CENA,P-18,4
T-13583,2025-04-15,Cena,P-06,3
T-16650,15/03/2025,Desayuno?,P-18,2
T-17440,2024-10-10,comida,P-22,1
T-10059,2024-08-15,CENA,P-13,2
T-11873,2024-03-18,N/A,P-24,3
T-15547,2025-10-06,comida,P-11,1
T-17080,2025-08-01,Cena,P-25,1
T-13157,2025-03-20,Desayuno?,P-25,3
T-10197,2025-01-17,NULL,P-22,1
T-12357,2025-06-24,Desayuno?,P-24,1
T-14441,2025-07-13,comida,P-15,3
T-13090,2025-12-02,comida,P-07,4
T-16424,2025-05-27,Desayuno?,P-05,4
T-16001,2024-03-15,Desayuno?,P-01,4
T-15277,2024-06-17,Desayuno?,P-22,1
T-14621,2025-01-04,NULL,P-15,1
T-16228,2024-05-29,CENA,P-16,3
T-17348,2024-05-29,NULL,P-07,3
T-16419,2024-12-07,N/A,P-03,1
T-16309,2024-05-18,NULL,P-05,4
T-11156,2025-10-19,Cena,P-05,2
T-10461,2024-07-28,Desayuno?,P-25,4
T-14381,2025-01-03,N/A,P-05,1
T-14382,2024-12-25,CENA,P-01,3
T-15030,2025-12-11,  Cena  ,P-02,2
T-14422,2025-08-29,Desayuno?,P-09,1
T-14149,2025-03-21,NULL,P-03,4
T-16964,2025-08-15,  Cena  ,P-06,1
T-10185,2025-02-08,Desayuno?,P-17,2
T-11915,2025-06-08,NULL,P-20,1
T-12746,2024-07-20,Cena,P-25,2
T-15140,2025-12-30,N/A,P-20,4
T-10736,2024-03-01,Comida,P-14,2
T-14596,2025-05-08,Comida,P-13,4
T-11178,2025-02-25,CENA,P-10,2
T-12337,2024-08-23,N/A,P-21,4
T-17158,2025-10-08,Cena,P-02,4
T-14888,2025-03-27,Cena,P-14,2
T-11647,2025-09-26,CENA,P-22,1
T-13200,2025-01-16,comida,P-25,4
T-16213,2025-02-25,NULL,P-17,2
T-17283,2025-10-28,  Cena  ,P-25,1
T-11629,2024-12-31,  Cena  ,P-17,3
T-16830,2024-06-30,comida,P-02,3
T-13863,2024-01-04,NULL,P-10,2
T-15270,2024-08-23,Cena,P-10,4
T-10665,2025-01-27,CENA,P-20,1
T-14957,2025-08-06,NULL,P-06,1
T-12264,2024-12-06,  Cena  ,P-05,4
T-12758,2025-03-04,NULL,P-14,3
T-16099,2025-05-23,Comida,P-21,4
T-14076,2025-04-25,NULL,P-13,2
T-15598,2024-02-06,  Cena  ,P-13,2
T-11967,2025-02-22,Cena,P-18,4
T-14951,2025-03-31,Desayuno?,P-06,1
T-10316,2025-11-06,comida,P-25,2
T-15868,2025-02-24,CENA,P-20,4
T-13248,2025-06-28,Desayuno?,P-22,3
T-13209,2024-05-10,Comida,P-01,1
T-10743,2024-05-23,N/A,P-07,3
T-16212,2024-11-12,Desayuno?,P-12,1
T-13161,2024-12-11,Cena,P-01,1
T-11694,2025-04-24,CENA,P-02,1
T-13179,2025-05-01,  Cena  ,P-02,1
T-13706,2024-01-22,NULL,P-19,1
T-17072,2024-02-16,CENA,P-02,3
T-13141,2025-11-03,  Cena  ,P-07,1
T-11273,2025-07-23,CENA,P-23,3
T-10368,2024-01-03,NULL,P-22,1
T-12584,2025-06-30,N/A,P-05,3
T-17771,2024-01-13,Comida,P-23,3
T-17096,2024-04-13,Comida,P-20,1
T-15807,2024-03-01,Desayuno?,P-04,4
T-12744,2025-04-08,Comida,P-06,2
T-10915,06/05/2024,Desayuno?,P-07,1
T-10605,2025-11-22,comida,P-02,1
T-11942,2025-12-19,Comida,P-01,2
T-16041,2025-03-16,comida,P-09,1
T-11692,2024-10-11,Comida,P-06,3
T-16416,2024-10-26,comida,P-09,1
T-13903,2024-07-18,Cena,P-07,3
T-12234,2024-08-06,NULL,P-13,4
T-15300,2025-12-20,Cena,P-03,4
T-11381,2025-12-04,N/A,P-23,3
T-17714,2024-02-05,comida,P-15,2
T-11648,2025-07-01,N/A,P-07,2
T-12750,2025-07-03,N/A,P-03,3
T-16751,2025-05-29,CENA,P-03,1
T-14408,2025-07-23,Desayuno?,P-11,2
T-13161,2025-03-01,  Cena  ,P-22,1
T-10141,2024-04-19,  Cena  ,P-09,3
T-14335,2025-01-26,CENA,P-03,3
T-13870,2024-01-31,,P-99,4
T-11329,10/01/2025,Desayuno?,P-18,4
T-15965,14/03/2025,,P-17,2
T-10008,2024-01-19,comida,P-16,4
T-16494,19/01/2024,Cena,P-12,1
T-14635,2025-02-18,Desayuno?,P-10,3
T-17063,2025-04-16,Desayuno?,P-22,2
T-10451,2024-02-20,N/A,P-25,4
T-16559,2025-06-29,CENA,P-08,2
T-14493,2024-05-16,Cena,P-15,4
T-14220,2024-08-23,Desayuno?,P-02,1
T-10162,2024-05-30,  Cena  ,P-20,1
T-13470,2024-03-10,N/A,P-03,2
T-14098,17/07/2025,NULL,P-07,2
T-17367,2024-05-14,N/A,P-07,2
T-14259,2025-12-14,,P-01,4
T-17279,2025-05-19,N/A,P-13,2
T-12267,2025-11-29,Desayuno?,P-13,2
T-16036,2024-11-04,comida,P-13,4
T-12942,2025-06-23,Desayuno?,P-12,4
T-13535,05/12/2025,CENA,P-04,3
T-14341,2025-05-06,Cena,P-16,3
T-10212,2024-06-20,N/A,P-99,1
T-17254,2025-07-29,N/A,P-13,4
T-17765,2025-05-26,CENA,P-20,2
T-16741,2024-11-24,Cena,P-18,1
T-11388,26/04/2024,Comida,P-08,2
T-13491,2024-09-04,,P-14,3
T-10150,2025-08-09,CENA,P-06,1
T-12917,2025-04-06,  Cena  ,P-08,4
T-11841,2024-07-12,N/A,P-17,3
T-17251,2025-08-23,Desayuno?,P-12,1
T-11538,2025-02-17,  Cena  ,P-99,3
T-12580,2025-07-15,NULL,P-14,4
T-10007,2024-11-29,comida,P-15,4
T-11917,2025-02-21,Desayuno?,P-04,4
T-12180,2025-04-14,NULL,P-14,1
T-10014,2024-07-04,  Cena  ,P-22,3
T-15849,2025-10-11,Comida,P-03,4
T-15565,2025-10-25,N/A,P-07,3
T-12155,2024-11-21,  Cena  ,P-20,2
T-13305,2025-10-06,Desayuno?,P-18,2
T-15742,2024-12-10,NULL,P-13,4
T-10767,2025-09-30,N/A,P-15,2
T-17759,2025-04-04,NULL,P-99,1
T-11727,2024-11-12,Cena,P-05,2
T-13587,28/10/2024,comida,P-21,3
T-10147,2024-11-20,Comida,P-09,2
T-16570,2024-03-14,CENA,P-04,1
T-11147,2025-05-15,comida,P-11,3
T-17815,2025-04-30,comida,P-08,2
T-15170,2025-09-28,  Cena  ,P-18,4
T-12501,2024-10-26,Desayuno?,P-08,3
T-14673,2024-11-25,N/A,P-21,4
T-15494,2024-12-10,Comida,P-16,3
T-12025,2024-11-11,NULL,P-03,3
T-10704,2024-04-27,CENA,P-25,4
T-15612,2025-08-24,NULL,P-22,1
T-13208,2024-05-10,NULL,P-05,2
T-10746,2024-06-11,N/A,P-11,2
T-11233,2025-10-26,N/A,P-19,1
T-16586,2024-01-23,comida,P-01,4
T-10965,2025-01-23,NULL,P-02,4
T-12731,2025-08-18,Desayuno?,P-20,2
T-12337,2024-06-29,CENA,P-05,4
T-13776,2025-03-21,Cena,P-17,2
T-17963,2025-11-14,,P-11,2
T-17265,2025-01-22,Cena,P-18,3
T-10389,2024-09-13,Desayuno?,P-23,4
T-13530,2025-08-18,  Cena  ,P-18,1
T-17453,2025-07-05,CENA,P-07,3
T-10050,2024-06-26,Desayuno?,P-02,2
T-17946,2025-03-24,Cena,P-11,4
T-14098,2024-11-02,Comida,P-12,2
T-10242,2025-05-24,N/A,P-02,3
T-13188,21/12/2024,N/A,P-24,2
T-17307,2024-03-25,N/A,P-12,3
T-16516,2024-04-13,NULL,P-22,1
T-10951,2025-02-07,Cena,P-18,2
T-11863,11/07/2025,NULL,P-08,4
T-17386,2025-04-20,,P-11,4
T-10619,2025-02-11,CENA,P-99,4
T-14693,2025-12-20,Cena,P-24,1
T-13416,2024-11-26,Cena,P-25,4
T-14626,2025-05-08,CENA,P-01,2
T-16873,2025-07-29,CENA,P-11,4
T-14491,2024-03-28,,P-08,3
T-16176,2024-01-25,Desayuno?,P-16,4
T-14278,2025-01-22,Desayuno?,P-16,2
T-17766,2025-12-01,Desayuno?,P-21,2
T-13108,2025-11-14,Comida,P-24,1
T-12934,2025-11-14,  Cena  ,P-09,3
T-11329,2024-06-28,N/A,P-05,1
T-16025,29/09/2024,  Cena  ,P-10,4
T-16271,29/02/2024,N/A,P-21,1
T-15099,2025-11-18,  Cena  ,P-05,2
T-13803,2024-05-22,Cena,P-23,3
T-15147,2024-04-25,comida,P-20,1
T-15810,2025-03-28,CENA,P-14,3
T-10406,2024-09-04,,P-08,1
T-17285,2025-05-03,Comida,P-19,3
T-13590,2024-04-23,NULL,P-99,2
T-14720,2025-06-17,CENA,P-12,1
T-14765,2025-04-08,Cena,P-22,1
T-10603,2024-12-20,N/A,P-20,4
T-16595,2025-09-01,comida,P-08,3
T-16122,2025-04-04,comida,P-10,2
T-12682,2025-12-28,Desayuno?,P-09,4
T-10106,2024-10-11,NULL,P-10,3
T-17869,2025-01-06,Comida,P-21,1
T-10656,2025-04-03,,P-15,1
T-11289,2025-03-08,Desayuno?,P-22,1
T-10932,2025-03-05,comida,P-99,4
T-14821,2025-04-20,NULL,P-02,2
T-17786,2025-07-26,Desayuno?,P-14,4
T-14404,2025-12-28,NULL,P-25,4
T-13317,2024-01-14,,P-13,1
T-14841,2025-06-07,,P-22,2
T-12583,2024-10-26,comida,P-17,1
T-14628,2025-09-12,Desayuno?,P-01,3
T-16605,2024-01-20,Comida,P-07,4
T-15766,2024-02-03,Desayuno?,P-11,2
T-14695,2025-06-26,comida,P-12,2
T-16498,2024-08-09,NULL,P-07,3
T-16805,2024-08-13,CENA,P-25,1
T-14250,2025-02-23,N/A,P-20,3
T-12579,2024-07-09,Desayuno?,P-21,4
T-11517,2025-12-20,N/A,P-06,4
T-17387,2024-02-29,Desayuno?,P-03,4
T-11805,2024-02-25,CENA,P-09,3
T-12708,2024-07-20,Cena,P-08,1
T-16530,2024-04-16,N/A,P-05,3
T-17079,2024-07-24,Comida,P-14,2
T-17486,25/03/2024,Desayuno?,P-15,3
T-10144,2024-02-24,CENA,P-06,1
T-14081,2024-12-01,NULL,P-18,3
T-15028,2025-09-11,  Cena  ,P-01,4
T-16602,2024-06-01,NULL,P-17,3
T-15852,2024-01-07,NULL,P-10,3
T-14597,2025-03-15,  Cena  ,P-14,2
T-11658,27/06/2024,N/A,P-19,4
T-14612,2025-01-31,NULL,P-10,2
T-16831,2024-07-28,Cena,P-04,3
T-15653,2025-03-16,Cena,P-10,4
T-15410,2025-05-18,Desayuno?,P-25,4
T-10633,2025-02-01,N/A,P-11,4
T-13252,2024-08-03,CENA,P-07,4
T-12031,2025-08-19,N/A,P-18,2
T-12631,2025-11-14,Comida,P-22,4
T-13223,2024-03-29,N/A,P-14,3
T-13113,2024-05-19,Comida,P-06,1
T-11897,2024-05-04,NULL,P-14,4
T-17975,2025-08-12,Comida,P-11,4
T-17275,2025-03-15,NULL,P-22,1
T-11396,2025-04-04,Cena,P-11,4
T-15879,2024-02-18,Cena,P-01,4
T-15301,2025-10-15,N/A,P-12,4
T-10973,2025-11-14,Comida,P-10,2
T-13621,2025-03-08,comida,P-21,4
T-11892,2025-11-10,Cena,P-18,1
T-16325,2025-04-27,  Cena  ,P-15,2
T-17550,2024-10-17,Desayuno?,P-01,4
T-17841,2025-07-07,Cena,P-16,1
T-10633,2025-03-04,NULL,P-19,1
T-15893,2024-10-20,Desayuno?,P-07,1
T-17161,2024-07-30,Cena,P-25,4
T-11265,2025-12-25,CENA,P-19,3
T-17215,2024-10-24,comida,P-24,3
T-12382,2024-12-09,Comida,P-01,1
T-10449,2025-07-05,NULL,P-21,-1
T-17483,2024-07-10,Cena,P-09,1
T-10826,2024-10-23,Comida,P-20,2
T-14098,2025-09-19,Comida,P-24,2
T-17141,2024-11-21,comida,P-05,1
T-17774,2024-07-10,NULL,P-11,2
T-15085,2025-04-27,CENA,P-22,1
T-12835,2025-04-04,,P-23,3
T-11266,2025-06-11,Cena,P-07,4
T-16493,2025-11-11,,P-12,3
T-11884,2024-10-19,Comida,P-03,1
T-14450,2024-08-04,CENA,P-23,1
T-12484,2025-07-03,CENA,P-13,3
T-16155,2025-01-31,Comida,P-09,1
T-14372,2025-10-04,Cena,P-25,2
T-17024,2024-12-30,comida,P-02,3
T-12339,2025-10-06,Desayuno?,P-22,3
T-12744,2025-05-21,Comida,P-07,3
T-15638,2024-09-28,Comida,P-20,4
T-12099,2024-09-12,Desayuno?,P-11,4
T-12122,2025-05-09,Cena,P-02,3
T-16751,2024-02-16,NULL,P-21,4
T-17399,2024-04-10,N/A,P-15,1
T-13137,2024-10-22,,P-18,3
T-10469,2024-08-06,Cena,P-18,2
T-17800,2024-06-07,  Cena  ,P-01,3
T-13510,2024-05-15,comida,P-25,4
T-15253,2024-02-07,N/A,P-23,4
T-13703,2025-11-12,CENA,P-17,2
T-17262,2025-05-19,Desayuno?,P-02,4
T-13854,2025-09-09,,P-14,3
T-12720,2024-11-10,Desayuno?,P-09,2
T-15075,2024-12-16,Cena,P-24,1
T-15394,2025-08-18,  Cena  ,P-14,3
T-10881,2025-04-10,Cena,P-12,4
T-17408,2024-02-24,CENA,P-11,4
T-16453,2024-09-14,N/A,P-16,1
T-15151,2025-07-20,comida,P-15,3
T-15988,2025-02-21,comida,P-16,3
T-12553,2024-03-08,NULL,P-08,1
T-11552,2025-05-07,,P-09,3
T-16720,2025-06-20,NULL,P-99,3
T-12993,2024-11-03,N/A,P-04,3
T-17420,2024-08-26,N/A,P-17,1
T-10146,2025-05-24,NULL,P-16,4
T-15120,2024-06-03,comida,P-23,1
T-13725,2024-11-14,  Cena  ,P-04,4
T-12651,2025-12-13,  Cena  ,P-22,3
T-15777,2025-10-05,NULL,P-22,2
T-13127,2024-10-08,Desayuno?,P-12,1
T-13635,2024-05-26,Desayuno?,P-16,4
T-12188,2024-11-15,CENA,P-25,2
T-14011,2024-08-27,  Cena  ,P-23,4
T-14928,2025-04-04,Cena,P-17,4
T-16614,2024-07-28,Comida,P-08,3
T-13297,22/10/2025,  Cena  ,P-01,1
T-10182,2025-11-15,NULL,P-09,1
T-16649,16/09/2024,CENA,P-14,4
T-16368,2024-08-26,Comida,P-17,4
T-14375,2025-01-12,CENA,P-19,1
T-15350,2024-10-18,comida,P-14,4
T-13435,2024-02-27,NULL,P-16,2
T-12745,2024-06-08,Desayuno?,P-11,2
T-10527,2025-10-13,  Cena  ,P-10,3
T-13196,2025-11-09,Cena,P-21,4
T-16780,2025-07-16,NULL,P-13,2
T-17703,2025-06-07,,P-01,2
T-11586,2025-07-30,Desayuno?,P-16,2
T-15884,2024-09-26,CENA,P-17,2
T-15907,2025-02-17,Cena,P-11,1
T-12356,2025-07-06,CENA,P-21,4
T-14827,2024-03-22,Desayuno?,P-19,1
T-14139,2024-02-20,comida,P-21,1
T-16627,2024-06-28,  Cena  ,P-11,1
T-17337,2024-10-18,NULL,P-11,4
T-14552,2025-02-01,Desayuno?,P-24,1
T-12068,2025-01-09,  Cena  ,P-18,3
T-15794,2024-07-23,Cena,P-24,2
T-12270,2024-10-23,,P-03,4
T-15486,2024-12-12,,P-14,4
T-14441,2024-11-08,comida,P-18,4
T-15344,2024-12-22,N/A,P-05,4
T-15364,2025-02-19,comida,P-01,2
T-12662,2024-01-13,Cena,P-09,1
T-12745,2025-06-14,CENA,P-21,1
T-12063,2024-03-01,NULL,P-24,4
T-13851,2024-02-01,,P-17,2
T-14659,2025-04-13,Comida,P-06,2
T-17707,2024-09-30,NULL,P-13,2
T-14006,2025-07-31,N/A,P-25,2
T-17755,2024-12-19,Comida,P-13,4
T-13054,2025-11-21,comida,P-14,3
T-14526,2024-04-10,N/A,P-13,2
T-17974,2024-05-09,  Cena  ,P-20,3
T-15814,2024-09-25,Cena,P-18,-1
T-17849,2024-10-27,CENA,P-06,1
T-14720,2025-08-23,Comida,P-19,3
T-10260,2024-09-16,Comida,P-18,1
T-15378,2024-09-03,Cena,P-16,2
T-11673,2024-02-16,Comida,P-14,4
T-11035,2025-09-23,CENA,P-13,1
T-13501,2025-09-17,Cena,P-12,4
T-17375,2024-08-27,Comida,P-99,2
T-17796,2025-04-26,Cena,P-12,1
T-17474,2025-12-19,Desayuno?,P-07,3
T-14918,2025-09-02,CENA,P-23,3
T-11472,2025-01-12,comida,P-20,4
T-10394,2025-05-06,comida,P-23,4
T-15640,2024-08-05,N/A,P-12,2
T-13116,2024-10-04,Cena,P-09,2
T-16169,2025-09-16,Cena,P-16,1
T-15653,2025-04-26,CENA,P-16,1
T-11561,2025-07-06,N/A,P-19,2
T-17577,2024-07-13,N/A,P-23,2
T-11044,2025-09-22,Cena,P-02,3
T-10329,2024-11-14,,P-21,3
T-11631,09/01/2024,Cena,P-09,2
T-11717,2024-11-08,N/A,P-13,3
T-14189,2024-04-11,Desayuno?,P-14,3
T-12682,2025-03-18,  Cena  ,P-06,1
T-10727,2025-01-06,comida,P-15,3
T-16606,2024-01-30,CENA,P-09,3
T-17100,2024-07-26,Desayuno?,P-03,2
T-13568,2024-05-03,NULL,P-23,4
T-12577,2025-09-07,N/A,P-22,1
T-12669,2024-10-24,Comida,P-17,3
T-13174,2025-02-04,comida,P-03,3
T-15068,2024-09-03,,P-15,3
T-12558,2024-01-21,Cena,P-20,4
T-17409,2025-11-26,N/A,P-10,2
T-14903,29/03/2024,NULL,P-10,1
T-17590,13/12/2024,Cena,P-19,3
T-10556,2025-04-28,Cena,P-99,2
T-10076,2025-01-15,  Cena  ,P-05,4
T-13509,2024-01-17,,P-23,3
T-14176,2025-09-10,Comida,P-24,3
T-10547,2024-04-16,Comida,P-21,4
T-16892,08/10/2024,NULL,P-17,-1
T-10685,2025-09-07,,P-04,2
T-15332,2025-05-23,Comida,P-13,2
T-14896,2024-09-24,Cena,P-04,1
T-13413,2024-10-05,Comida,P-12,2
T-10567,2025-12-31,N/A,P-01,4
T-10455,2024-09-05,Cena,P-10,4
T-17538,2025-12-19,Cena,P-09,4
T-10146,2024-02-06,  Cena  ,P-99,3
T-13680,2025-10-03,  Cena  ,P-99,2
T-11180,2025-08-20,N/A,P-01,4
T-16558,2025-01-24,,P-18,3
T-10627,2025-03-06,  Cena  ,P-12,1
T-10274,2025-03-26,NULL,P-22,3
T-17606,2024-09-26,NULL,P-18,2
T-15065,2025-04-21,comida,P-04,3
T-12708,2025-04-18,NULL,P-12,1
T-15668,2024-10-01,comida,P-16,1
T-15033,2024-04-07,Comida,P-03,3
T-16530,2024-12-28,  Cena  ,P-23,2
T-14504,2025-03-23,Desayuno?,P-20,2
T-16440,2025-12-05,,P-24,2
T-17676,2025-08-24,Cena,P-18,3
T-10444,2025-11-17,Desayuno?,P-22,3
T-15949,2025-11-24,CENA,P-23,3
T-16802,2024-01-27,NULL,P-15,2
T-12476,2025-11-09,Cena,P-08,3
T-14801,2025-09-11,Desayuno?,P-22,4
T-16067,2024-01-25,Comida,P-02,3
T-10278,2024-11-16,Desayuno?,P-15,4
T-15365,2024-04-08,CENA,P-25,4
T-11998,2024-04-25,NULL,P-13,2
T-14959,2025-10-16,  Cena  ,P-22,4
T-10212,2025-09-17,Desayuno?,P-05,1
T-11038,2025-03-10,  Cena  ,P-03,3
T-12380,2025-11-12,Cena,P-05,2
T-13944,2024-06-03,CENA,P-18,4
T-15304,2025-12-12,,P-07,3
T-12291,2024-12-25,Cena,P-03,1
T-12429,2025-12-25,Cena,P-01,1
T-14915,2025-05-15,NULL,P-15,3
T-16748,2025-09-06,Cena,P-15,2
T-10770,2025-07-16,comida,P-06,4
T-12411,2024-05-05,N/A,P-15,1
T-16676,2025-01-12,N/A,P-03,4
T-16275,31/03/2025,N/A,P-09,1
T-12311,2024-02-24,comida,P-04,4
T-10407,31/05/2025,Comida,P-11,4
T-15520,2024-08-05,NULL,P-04,1
T-11345,2024-07-26,NULL,P-17,4
T-10530,2025-05-09,comida,P-02,3
T-12399,2025-05-13,N/A,P-09,2
T-13917,2024-08-22,Desayuno?,P-04,3
T-10410,2024-05-16,comida,P-18,4
T-11442,2024-08-04,NULL,P-05,3
T-17721,2024-09-16,  Cena  ,P-17,4
T-17893,2025-03-30,,P-22,3
T-13360,08/06/2025,comida,P-14,1
T-16474,2024-04-22,NULL,P-06,1
T-12766,2025-12-09,comida,P-22,3
T-13092,2024-03-18,  Cena  ,P-13,2
T-12912,2024-07-05,Desayuno?,P-02,4
T-13007,11/06/2024,CENA,P-20,2
T-10958,2025-04-28,Cena,P-20,2
T-12721,2025-02-26,Desayuno?,P-08,2
T-13335,2025-03-18,Desayuno?,P-20,1
T-14791,2025-01-07,CENA,P-20,3
T-12587,2025-04-24,NULL,P-02,4
T-10168,2024-10-18,comida,P-17,2
T-15875,2025-05-16,CENA,P-10,3
T-10552,2024-09-27,Cena,P-24,3
T-14032,2024-10-15,Comida,P-24,2
T-15077,2025-12-18,N/A,P-24,1
T-16259,2024-06-01,Cena,P-01,2
T-11075,2024-10-22,Desayuno?,P-24,4
T-15473,2024-01-14,  Cena  ,P-10,1
T-11157,2025-08-03,comida,P-03,3
T-11236,2025-01-23,NULL,P-15,2
T-16248,2024-03-03,CENA,P-03,2
T-13222,2024-01-21,  Cena  ,P-18,2
T-11243,2024-04-10,Cena,P-06,1
T-13849,2025-04-18,N/A,P-20,4
T-13854,2025-12-05,N/A,P-22,2
T-14035,2025-12-05,CENA,P-05,1
T-13133,2025-02-24,Cena,P-04,3
T-11316,2025-07-26,Comida,P-01,3
T-10285,2024-05-13,NULL,P-10,3
T-12724,2024-08-30,Comida,P-18,3
T-14039,2024-11-14,NULL,P-02,3
T-11393,21/03/2024,N/A,P-21,1
T-11388,2025-05-05,Cena,P-10,4
T-10309,2025-02-01,comida,P-11,1
T-17691,2025-05-31,comida,P-25,4
T-17741,2025-08-01,Comida,P-16,4
T-12446,2024-06-27,Comida,P-01,3
T-15762,2025-03-09,NULL,P-07,4
T-14939,2025-09-13,,P-20,2
T-16248,01/09/2024,comida,P-19,3
T-11341,2025-05-04,CENA,P-03,1
T-16194,2024-06-23,Desayuno?,P-07,2
T-11355,2024-12-30,Cena,P-17,4
T-13552,10/03/2024,Comida,P-99,2
T-17367,2025-08-22,CENA,P-05,3
T-15963,2025-03-25,  Cena  ,P-19,2
T-11927,2024-01-11,NULL,P-23,4
T-10859,2024-08-23,N/A,P-06,4
T-17089,2024-03-20,  Cena  ,P-25,1
T-10727,2025-03-10,Cena,P-03,3
T-10546,2024-04-13,N/A,P-08,1
T-10344,2024-05-18,Cena,P-04,1
T-16297,2024-05-24,comida,P-23,4
T-11027,2024-04-13,CENA,P-23,3
T-14063,11/05/2024,comida,P-01,2
T-16930,2025-12-09,NULL,P-20,4
T-12003,2025-07-15,  Cena  ,P-12,3
T-10412,2025-05-26,Comida,P-17,1
T-16152,2025-09-15,Cena,P-12,2
T-17054,2024-06-22,  Cena  ,P-09,4
T-13595,2025-06-22,comida,P-10,3
T-16009,2024-10-23,Desayuno?,P-08,1
T-14242,2025-10-06,Cena,P-14,1
T-12560,2024-07-23,  Cena  ,P-07,4
T-10200,2025-12-12,comida,P-14,2
T-15376,2025-08-10,comida,P-08,3
T-16151,2025-12-18,Cena,P-01,1
T-17596,2024-11-20,Comida,P-25,3
T-11320,2025-04-22,N/A,P-16,3
T-16327,2024-05-06,  Cena  ,P-05,2
T-17791,2024-10-15,Desayuno?,P-11,3
T-11514,2024-05-17,NULL,P-23,4
T-11052,03/06/2024,Cena,P-03,3
T-13260,2024-09-08,Comida,P-09,3
T-17154,2024-06-10,CENA,P-23,2
T-10928,2025-12-24,Comida,P-16,3
T-17730,2024-07-15,,P-09,4
T-16458,2025-03-13,,P-15,-1
T-14644,2025-04-06,  Cena  ,P-08,4
T-15104,2024-10-13,comida,P-14,3
T-13095,2024-03-28,NULL,P-13,3
T-12272,2024-07-15,comida,P-05,3
T-14886,2025-06-08,Cena,P-01,1
T-10518,2024-12-22,Cena,P-10,3
T-11268,2025-07-01,Desayuno?,P-06,2
T-14112,2025-08-21,,P-01,3
T-12452,2025-07-15,CENA,P-24,4
T-11110,2024-11-10,  Cena  ,P-16,3
T-14328,2024-05-14,NULL,P-16,4
T-15278,2024-09-25,N/A,P-20,2
T-14533,2024-12-07,Desayuno?,P-02,4
T-17209,2024-08-28,N/A,P-17,3
T-14633,2025-04-01,,P-11,4
T-11755,2025-03-15,  Cena  ,P-20,3
T-15107,2024-06-10,N/A,P-04,3
T-16510,2024-10-05,CENA,P-02,3
T-10342,2025-10-03,Comida,P-06,4
T-17538,2024-06-01,CENA,P-13,4
T-15229,2025-09-02,,P-25,3
T-14506,2024-03-26,comida,P-16,1
T-16900,2025-09-17,comida,P-09,2
T-10303,2025-07-22,N/A,P-12,2
T-13213,2025-05-12,CENA,P-16,1
T-13007,2025-01-02,  Cena  ,P-23,-1
T-14630,2025-08-19,comida,P-24,4
T-17645,23/01/2025,comida,P-04,1
T-14926,2025-02-12,N/A,P-25,1
T-10764,2024-09-04,CENA,P-19,2
T-16538,2024-08-12,CENA,P-20,1
T-10972,14/10/2025,Comida,P-23,4
T-11659,2024-10-28,  Cena  ,P-01,1
T-11362,2024-07-24,Desayuno?,P-23,4
T-10976,2024-04-19,Cena,P-99,1
T-10302,2025-03-19,CENA,P-25,3
T-15228,2024-12-20,  Cena  ,P-05,2
T-11392,2025-01-10,N/A,P-07,2
T-17474,2024-02-12,Cena,P-14,1
T-15349,2025-05-17,N/A,P-07,2
T-11841,2024-03-24,Comida,P-21,4
T-13770,2025-02-21,N/A,P-19,2
T-14472,2024-01-25,Desayuno?,P-09,1
T-12338,2025-06-23,N/A,P-19,2
T-13142,2024-09-09,N/A,P-25,4
T-13511,2025-02-24,CENA,P-22,3
T-17085,2024-09-18,,P-12,1
T-11275,2024-01-13,N/A,P-22,4
T-15651,2025-11-13,Comida,P-08,2
T-15530,2025-03-29,Cena,P-09,1
T-14931,2024-06-18,NULL,P-07,1
T-11213,2024-10-13,NULL,P-99,3
T-14511,2024-10-23,Cena,P-16,2
T-10652,2025-08-03,Desayuno?,P-17,4
T-12815,2025-01-09,N/A,P-06,2
T-12816,2024-12-09,CENA,P-03,2
T-17265,2024-11-23,NULL,P-07,3
T-12525,2025-08-02,  Cena  ,P-15,4
T-15068,2025-10-16,N/A,P-10,4
T-11257,2025-05-21,NULL,P-21,3
T-11870,2024-02-24,comida,P-20,1
T-16326,2024-11-26,Desayuno?,P-20,4
T-15849,2024-06-29,NULL,P-16,2
T-13432,2024-04-28,Cena,P-10,1
T-13062,2024-05-14,  Cena  ,P-99,1
T-11074,2024-10-13,NULL,P-12,3
T-12738,2025-10-27,Comida,P-18,1
T-10209,2025-03-25,CENA,P-18,-1
T-17204,10/04/2025,NULL,P-17,2
T-17124,2025-08-21,N/A,P-10,2
T-13805,2025-09-01,Desayuno?,P-14,3
T-17613,2025-10-13,CENA,P-20,4
T-14321,2025-07-11,  Cena  ,P-25,2
T-10943,2024-06-22,NULL,P-03,3
T-13872,2025-11-29,Desayuno?,P-05,3
T-13311,2025-04-12,comida,P-11,2
T-14513,2024-01-24,Cena,P-06,2
T-16298,2024-03-24,CENA,P-17,2
T-16409,2024-09-02,N/A,P-16,1
T-16261,2024-05-29,  Cena  ,P-14,2
T-11853,2025-01-18,Desayuno?,P-22,4
T-13223,2025-04-02,Desayuno?,P-11,2
T-17016,2025-09-04,Cena,P-02,4
T-17694,2024-07-22,CENA,P-05,2
T-15632,2024-03-26,CENA,P-20,3
T-13385,2025-01-05,N/A,P-10,1
T-12442,2025-10-08,Comida,P-16,2
T-17115,2024-11-17,Comida,P-18,2
T-17025,2024-11-14,,P-22,2
T-13733,2024-07-02,Desayuno?,P-99,4
T-15002,2025-01-28,  Cena  ,P-17,1
T-14231,2025-04-10,NULL,P-09,2
T-17384,2025-11-25,comida,P-17,1
T-11779,2024-09-09,Comida,P-10,1
T-17073,2024-06-17,NULL,P-25,4
T-15993,2024-06-11,NULL,P-16,4
T-17775,2025-01-12,CENA,P-20,1
T-15075,2025-02-01,  Cena  ,P-22,2
T-11057,2024-09-29,Cena,P-20,4
T-13967,2024-02-10,NULL,P-08,1
T-12597,2025-12-07,N/A,P-16,2
T-12077,2024-08-17,comida,P-21,3
T-14111,2025-07-03,NULL,P-20,4
T-10007,2025-07-16,comida,P-10,4
T-10789,2024-07-11,CENA,P-23,3
T-13425,2025-03-09,comida,P-13,3
T-16819,2024-06-22,Comida,P-06,2
T-16833,2024-09-23,Comida,P-99,4
T-16242,2024-10-16,N/A,P-99,2
T-13121,2024-05-11,CENA,P-12,4
T-16085,2024-12-10,Cena,P-03,3
T-11961,2024-10-25,Cena,P-13,3
T-13053,25/12/2024,NULL,P-02,3
T-10142,2024-03-02,Desayuno?,P-06,3
T-10640,2025-01-16,  Cena  ,P-15,3
T-13235,2025-11-04,comida,P-14,1
T-13982,2024-05-29,Desayuno?,P-13,3
T-13671,2025-10-13,Desayuno?,P-04,3
T-15041,2024-07-23,Desayuno?,P-23,2
T-14445,2024-07-04,  Cena  ,P-01,3
T-16409,28/03/2025,Comida,P-01,3
T-15939,2024-03-01,CENA,P-21,2
T-17402,2024-05-13,N/A,P-24,4
T-17355,2025-02-26,Comida,P-24,1
T-12409,2024-10-07,CENA,P-01,4
T-16097,2024-01-03,CENA,P-02,1
T-17606,2025-08-02,Cena,P-08,3
T-11520,2025-12-11,Desayuno?,P-12,2
T-15540,2025-07-06,Cena,P-24,2
T-12495,2025-05-18,Cena,P-21,1
T-12641,2024-09-03,comida,P-08,4
T-17755,2024-01-27,  Cena  ,P-03,1
T-10822,2025-05-15,Cena,P-23,3
T-16776,2024-03-31,,P-08,2
T-14425,2025-04-05,Comida,P-15,1
T-10516,2025-11-01,N/A,P-23,3
T-15955,25/01/2024,  Cena  ,P-12,2
T-15358,2024-01-16,Cena,P-08,4
T-11093,2024-04-26,CENA,P-16,2
T-13796,2025-10-30,CENA,P-12,4
T-12113,2024-07-05,  Cena  ,P-10,1
T-14752,2025-10-04,comida,P-03,3
T-16741,2024-06-17,CENA,P-08,1
T-15914,2024-01-12,NULL,P-15,1
T-11159,2024-06-19,Comida,P-21,1
T-15019,2025-06-23,NULL,P-10,3
T-16767,2025-07-08,N/A,P-22,4
T-13456,2025-10-08,Desayuno?,P-09,2
T-17547,2024-02-10,N/A,P-02,3
T-11311,2024-01-05,N/A,P-05,4
T-12303,2024-07-23,N/A,P-09,2
T-12356,2024-01-05,,P-17,2
T-15752,2025-01-04,Desayuno?,P-09,2
T-14556,2024-04-27,NULL,P-10,1
T-14159,2025-10-17,Desayuno?,P-13,1
T-11696,2025-05-01,CENA,P-04,2
T-12027,2025-06-06,N/A,P-15,3
T-12761,2024-07-04,  Cena  ,P-23,2
T-14415,2025-05-18,CENA,P-19,4
T-10932,2025-03-02,Cena,P-01,1
T-10760,2025-09-25,,P-11,4
T-13553,2025-02-07,Cena,P-19,2
T-13887,01/01/2024,Comida,P-20,4
T-14720,2024-03-15,comida,P-25,2
T-17998,2025-08-16,  Cena  ,P-19,3
T-11452,2024-04-15,comida,P-08,4
T-16929,2025-07-07,Cena,P-20,2
T-11572,2024-03-06,Comida,P-20,3
T-14879,2025-12-14,comida,P-16,2
T-14662,2025-06-01,Comida,P-12,2
T-13467,2024-01-17,Cena,P-12,4
T-10666,2025-09-25,Desayuno?,P-13,3
T-10310,2025-02-01,Desayuno?,P-24,1
T-11005,2024-03-14,comida,P-22,2
T-14281,2025-09-20,comida,P-08,1
T-14957,2025-01-21,CENA,P-01,2
T-16424,2025-03-17,Comida,P-22,2
T-11065,2024-02-02,NULL,P-03,3
T-12795,2024-07-02,NULL,P-22,2
T-12198,2025-11-01,CENA,P-23,2
T-12336,2024-09-16,CENA,P-20,4
T-15828,2024-06-23,  Cena  ,P-12,3
T-16110,2024-05-26,Cena,P-12,1
T-11747,2024-05-03,Cena,P-14,4
T-16399,2025-06-01,Comida,P-02,4
T-10775,18/10/2024,CENA,P-04,3
T-10933,2024-05-09,NULL,P-16,2
T-13949,2024-08-19,N/A,P-13,4
T-16985,2025-03-06,,P-03,3
T-17825,2024-05-12,Cena,P-13,1
T-11869,2025-11-07,N/A,P-02,4
T-15463,2024-06-11,  Cena  ,P-25,2
T-11887,2024-01-08,Comida,P-10,3
T-13713,2025-05-25,Comida,P-25,4
T-14636,2024-09-14,Comida,P-18,2
T-14803,2025-04-02,N/A,P-12,4
T-10480,2024-02-28,  Cena  ,P-03,1
T-17946,2025-09-12,Cena,P-01,3
T-14590,2025-06-05,  Cena  ,P-11,2
T-16144,2024-08-14,CENA,P-25,1
T-11024,2025-06-09,Cena,P-07,4
T-11185,2025-09-12,Comida,P-18,2
T-17307,09/03/2025,  Cena  ,P-12,2
T-14198,2024-01-02,CENA,P-24,1
T-16022,2024-05-03,Comida,P-22,3
T-16708,2024-11-24,N/A,P-20,3
T-14653,2025-03-15,N/A,P-14,-1
T-10802,2024-12-22,Cena,P-16,3
T-17516,2025-12-24,Desayuno?,P-19,4
T-10348,2024-06-13,Desayuno?,P-23,2
T-10333,2025-03-13,  Cena  ,P-01,4
T-11630,2024-06-11,Comida,P-22,2
T-12910,2024-02-07,NULL,P-05,3
T-16342,2024-03-04,CENA,P-99,2
T-15137,2024-08-21,,P-04,1
T-11527,2025-03-13,NULL,P-25,2
T-17803,2025-03-04,  Cena  ,P-19,4
T-17858,2025-09-08,  Cena  ,P-18,4
T-17910,2024-03-24,Comida,P-25,3
T-16652,2024-10-19,N/A,P-23,2
T-10823,2024-03-28,Desayuno?,P-07,1
T-10644,16/01/2024,,P-12,4
T-14413,2024-05-23,Cena,P-10,4
T-11335,2025-07-07,N/A,P-21,4
T-15677,2025-01-01,,P-25,3
T-12248,2024-01-03,Comida,P-05,2
T-13934,2025-03-30,Desayuno?,P-20,4
T-17623,2025-02-28,Cena,P-24,1
T-13593,2024-02-17,N/A,P-19,3
T-13808,2025-02-04,Cena,P-23,4
T-17449,2025-08-11,Comida,P-19,2
T-15359,2024-05-22,  Cena  ,P-03,2
T-13785,2025-04-19,comida,P-02,2
T-11243,2025-04-18,Cena,P-06,4
T-12285,2024-02-14,comida,P-99,3
T-12968,2024-12-05,N/A,P-22,1
T-16005,2025-02-27,comida,P-03,1
T-17700,2024-08-03,  Cena  ,P-07,4
T-16241,2024-02-17,  Cena  ,P-15,4
T-16568,2025-09-07,Cena,P-11,1
T-13801,2024-11-22,N/A,P-22,4
T-13317,2024-01-29,N/A,P-17,2
T-17020,2024-08-23,NULL,P-16,4
T-17464,2025-03-17,NULL,P-07,4
T-15180,2025-09-02,Cena,P-09,2
T-17180,2025-04-20,  Cena  ,P-20,1
T-16360,2025-07-19,NULL,P-01,3
T-10285,2024-07-12,Comida,P-05,1
T-12704,2025-04-13,CENA,P-17,3
T-16668,2024-10-06,CENA,P-22,1
T-10058,2025-08-14,N/A,P-99,4
T-15222,2024-10-13,CENA,P-20,3
T-12307,2025-11-26,N/A,P-03,3
T-13482,2024-03-24,Cena,P-03,2
T-14804,2025-07-04,CENA,P-02,1
T-14690,2024-07-31,  Cena  ,P-99,4
T-16082,2024-07-01,N/A,P-11,4
T-17020,2024-01-17,,P-18,2
T-11502,2025-07-15,Cena,P-17,4
T-10595,2025-12-15,CENA,P-19,1
T-13546,2025-12-04,comida,P-99,3
T-10275,2024-11-20,N/A,P-24,3
T-16023,2024-02-27,Desayuno?,P-14,3
T-12681,2024-05-26,N/A,P-18,3
T-17530,2025-12-22,,P-25,2
T-15785,2024-08-17,CENA,P-19,4
T-11631,2024-11-15,  Cena  ,P-19,1
T-12271,2024-10-13,comida,P-14,4
T-11684,2024-07-19,CENA,P-07,1
T-12772,2025-04-18,comida,P-13,2
T-16190,2025-03-22,N/A,P-15,2
T-13085,2024-04-13,NULL,P-13,2
T-17213,2024-03-13,CENA,P-05,3
T-17585,2025-11-06,comida,P-99,1
T-13217,2025-06-24,Cena,P-24,3
T-15696,2025-01-10,Cena,P-06,3
T-16996,2025-04-17,comida,P-14,2
T-11438,2025-06-14,  Cena  ,P-23,3
T-15313,2025-09-16,comida,P-15,2
T-11926,2024-12-12,CENA,P-06,2
T-16363,2025-07-23,Comida,P-04,1
T-10685,2024-06-30,N/A,P-11,4
T-14758,2025-12-11,N/A,P-09,1
T-17510,2025-05-16,  Cena  ,P-20,3
T-10000,2025-05-01,Desayuno?,P-06,1
T-16167,2025-02-21,Desayuno?,P-24,1
T-10141,2025-02-12,Desayuno?,P-20,2
T-11688,2025-11-27,  Cena  ,P-02,3
T-10762,2024-10-13,comida,P-09,2
T-16968,2025-04-22,N/A,P-10,1
T-14592,2025-10-22,NULL,P-06,1
T-12539,2024-09-19,comida,P-01,1
T-17233,2025-04-28,,P-15,4
T-13138,2024-05-18,NULL,P-03,4
T-16212,2024-12-24,Cena,P-16,2
T-12811,2025-11-07,Cena,P-13,2
T-14851,2025-12-18,Cena,P-09,2
T-12293,2024-09-17,Comida,P-02,2
T-17588,2025-02-23,Comida,P-19,2
T-11611,2024-10-30,Desayuno?,P-12,2
T-13203,2025-08-22,CENA,P-20,1
T-13591,2024-01-17,Cena,P-19,2
T-17704,2024-12-08,Comida,P-25,3
T-16573,16/12/2024,,P-09,3
T-16017,2024-10-13,Desayuno?,P-12,4
T-15829,2025-02-15,N/A,P-01,1
T-14266,2024-10-29,Comida,P-19,4
T-12313,2025-07-12,NULL,P-05,1
T-10401,2024-04-22,Desayuno?,P-25,1
T-10125,2024-12-31,NULL,P-22,2
T-14605,2025-08-15,Cena,P-09,2
T-16973,2024-08-24,N/A,P-02,2
T-16988,2024-08-15,  Cena  ,P-15,3
T-14993,2024-10-30,Desayuno?,P-05,2
T-13392,2025-05-21,,P-09,1
T-11421,2024-06-09,Cena,P-17,3
T-15762,2025-10-25,NULL,P-24,2
T-17330,2024-02-20,N/A,P-02,2
T-13840,28/08/2025,Comida,P-12,1
T-17550,2024-10-23,Cena,P-17,4
T-10910,2024-12-17,NULL,P-05,2
T-14193,2024-03-16,Cena,P-99,1
T-15292,2024-05-29,Desayuno?,P-16,2
T-14761,19/12/2024,Comida,P-25,2
T-10081,2025-10-03,Cena,P-15,4
T-12143,2025-05-01,Desayuno?,P-02,1
T-10478,2025-07-27,CENA,P-10,3
T-16906,2025-01-17,CENA,P-18,1
T-14561,2025-12-25,Comida,P-10,3
T-15027,2024-06-29,comida,P-21,4
T-12954,2025-03-01,CENA,P-21,3
T-16531,2025-05-21,CENA,P-10,2
T-11925,2025-03-02,comida,P-19,2
T-13492,2024-06-28,  Cena  ,P-24,4
T-15851,31/12/2025,Comida,P-12,3
T-14091,2024-02-18,comida,P-21,1
T-14145,2024-08-21,Cena,P-02,2
T-12268,2024-08-09,N/A,P-22,2
T-14526,2025-03-20,CENA,P-15,3
T-15054,2024-08-21,Cena,P-13,2
T-16285,2024-01-05,Cena,P-09,2
T-15548,2025-03-05,N/A,P-03,3
T-15575,2025-08-22,Cena,P-15,2
T-10091,2024-07-06,Cena,P-12,2
T-13199,2025-04-26,CENA,P-18,2
T-13141,2025-08-20,Cena,P-18,1
T-14194,2024-04-01,Cena,P-08,4
T-17580,2024-04-07,Cena,P-02,4
T-13797,2025-10-31,CENA,P-14,3
T-10824,2025-07-23,,P-14,2
T-17001,2024-10-19,Comida,P-17,3
T-12055,2024-10-03,CENA,P-09,2
T-12211,21/01/2024,NULL,P-11,1
T-17602,2025-12-02,Cena,P-21,2
T-12043,2025-09-24,,P-20,4
T-16600,2025-12-06,CENA,P-11,1
T-10556,2025-05-16,NULL,P-20,3
T-16222,2024-11-17,comida,P-08,2
T-10096,2025-08-01,comida,P-22,1
T-15038,2024-07-09,N/A,P-17,1
T-13603,2025-11-01,  Cena  ,P-15,2
T-16771,2025-06-01,Desayuno?,P-23,1
T-17440,2024-01-09,Comida,P-05,3
T-13850,23/12/2024,N/A,P-14,3
T-17707,2025-04-19,NULL,P-15,1
T-17752,2025-11-15,Desayuno?,P-07,1
T-11018,2025-10-04,CENA,P-25,3
T-15363,2024-10-01,Desayuno?,P-20,1
T-11241,2024-01-11,comida,P-07,4
T-13106,2024-12-08,N/A,P-24,3
T-13743,2025-08-19,Desayuno?,P-15,1
T-17946,2025-11-06,comida,P-09,4
T-14825,2024-09-01,Comida,P-22,1
T-16167,2025-11-21,Cena,P-04,2
T-14799,2025-07-29,,P-17,2
T-15346,2025-06-30,Cena,P-05,2
T-11003,2025-07-27,Cena,P-08,4
T-16335,2025-02-19,Comida,P-25,2
T-12111,2025-05-14,Comida,P-11,3
T-16116,2025-04-21,NULL,P-07,2
T-14947,2025-08-22,N/A,P-01,4
T-10292,2025-03-10,N/A,P-22,3
T-12718,2025-08-18,  Cena  ,P-24,3
T-11913,2025-04-22,Desayuno?,P-24,3
T-15485,2025-10-21,NULL,P-06,-1
T-16266,2025-02-05,Desayuno?,P-12,4
T-15425,2024-02-15,NULL,P-24,2
T-16921,2024-11-12,NULL,P-21,2
T-14720,2024-07-03,comida,P-07,4
T-17772,2025-09-27,  Cena  ,P-08,3
T-15403,07/05/2025,Desayuno?,P-07,3
T-17228,2024-11-17,N/A,P-10,1
T-15665,2024-12-14,N/A,P-10,2
T-11882,2024-05-20,Comida,P-12,4
T-10035,2024-12-05,Cena,P-17,1
T-11660,2024-08-09,NULL,P-11,1
T-12177,2024-03-06,N/A,P-20,3
T-10394,2025-10-28,,P-11,1
T-14879,2024-07-15,CENA,P-14,2
T-11157,2025-01-02,Cena,P-11,4
T-16806,2024-04-13,N/A,P-13,2
T-16137,2024-04-10,comida,P-12,3
T-17915,2024-06-09,  Cena  ,P-15,2
T-13913,2025-02-03,CENA,P-24,3
T-15727,2025-09-01,Cena,P-12,3
T-10700,2024-12-21,comida,P-23,1
T-15604,2024-10-16,  Cena  ,P-25,1
T-14206,2025-03-28,Cena,P-13,3
T-15260,06/02/2024,  Cena  ,P-25,4
T-10309,2024-11-14,Comida,P-17,1
T-14191,2024-02-07,CENA,P-11,2
T-11070,18/12/2025,NULL,P-15,4
T-10583,2025-07-20,Desayuno?,P-18,2
T-12150,2025-02-21,Cena,P-99,2
T-13598,2025-03-22,comida,P-18,2
T-14915,17/10/2024,Cena,P-03,1
T-15711,2025-06-04,Comida,P-16,4
T-16186,2025-04-27,Comida,P-15,3
T-15027,2025-10-11,  Cena  ,P-25,2
T-15684,2025-11-11,Desayuno?,P-23,1
T-14574,2024-08-01,NULL,P-02,4
T-14506,2025-04-29,Desayuno?,P-01,1
T-14399,2024-05-25,comida,P-17,3
T-11422,2024-09-09,Desayuno?,P-11,2
T-17800,2024-06-13,N/A,P-15,4
T-16856,2025-02-05,Comida,P-25,3
T-16797,2025-04-18,N/A,P-22,4
T-15752,2025-05-28,N/A,P-02,3
T-14397,2024-09-13,NULL,P-03,2
T-12001,2024-12-18,NULL,P-09,2
T-15946,2025-07-18,  Cena  ,P-09,4
T-11386,2025-02-11,comida,P-17,1
T-15834,2024-02-20,,P-22,4
T-16056,2024-04-10,Cena,P-24,4
T-16468,2025-12-03,NULL,P-14,1
T-11228,2025-07-22,Desayuno?,P-09,4
T-12471,2025-01-29,  Cena  ,P-10,1
T-13452,2025-10-22,Desayuno?,P-08,1
T-12987,2025-10-21,,P-07,1
T-15823,2025-11-08,Comida,P-01,1
T-12213,2025-08-30,comida,P-21,4
T-10683,2025-11-15,  Cena  ,P-15,2
T-18000,2024-01-08,  Cena  ,P-19,1
T-16711,2025-01-01,N/A,P-06,4
T-16020,2024-03-25,  Cena  ,P-10,2
T-12962,2024-01-15,N/A,P-23,3
T-17683,2025-11-02,Desayuno?,P-10,4
T-15096,25/09/2024,Cena,P-05,4
T-12835,2025-09-03,comida,P-21,2
T-13977,2024-09-19,Cena,P-03,4
T-11828,2025-08-03,CENA,P-09,1
T-17603,2025-05-07,  Cena  ,P-23,3
T-16192,2025-06-22,comida,P-12,3
T-17858,2024-02-05,NULL,P-16,3
T-14145,2025-06-15,N/A,P-19,2
T-15064,2024-04-01,  Cena  ,P-02,4
T-11310,2025-01-29,CENA,P-12,4
T-11926,2025-05-04,NULL,P-03,4
T-11642,2024-11-08,comida,P-02,4
T-12590,2024-07-27,Desayuno?,P-10,1
T-17684,2024-12-01,Comida,P-02,2
T-13223,2025-09-11,comida,P-14,3
T-16138,2025-03-05,  Cena  ,P-11,1
T-17995,2025-06-28,comida,P-11,3
T-10755,2025-07-24,Comida,P-05,1
T-17125,2024-01-08,Comida,P-13,1
T-13768,2024-12-20,comida,P-03,1
T-14751,2024-07-11,NULL,P-02,4
T-16536,2024-10-22,NULL,P-08,2
T-16161,2024-01-15,N/A,P-14,1
T-13564,2024-07-11,CENA,P-23,1
T-11064,2025-08-04,Cena,P-12,4
T-12295,2024-11-13,CENA,P-20,3
T-12707,2024-04-17,Comida,P-07,4
T-15681,2025-05-14,Comida,P-19,4
T-17319,2025-08-19,N/A,P-06,1
T-11913,2024-05-11,N/A,P-07,1
T-17415,2025-05-07,Desayuno?,P-24,3
T-11479,2024-10-16,Cena,P-13,4
T-16645,2024-11-25,comida,P-01,1
T-10488,2024-03-08,NULL,P-24,1
T-14142,2025-11-06,NULL,P-20,2
T-10698,2025-01-31,Desayuno?,P-16,1
T-13304,29/05/2025,NULL,P-01,3
T-15099,2024-04-26,Comida,P-15,2
T-16722,2025-06-19,Cena,P-15,1
T-10527,2025-02-15,,P-04,3
T-10292,2025-08-16,,P-24,-1
T-12768,2024-07-28,  Cena  ,P-12,4
T-16726,2025-12-19,comida,P-20,2
T-16652,2025-01-16,NULL,P-18,3
T-16872,2024-05-25,  Cena  ,P-01,1
T-13836,2024-12-31,Cena,P-05,1
T-17957,2024-10-06,Cena,P-20,2
T-10190,2025-10-03,NULL,P-19,4
T-10547,2024-08-28,  Cena  ,P-14,2
T-16078,2024-10-01,,P-01,3
T-14801,2024-09-11,N/A,P-21,3
T-12596,2025-10-08,  Cena  ,P-13,3
T-13903,2025-04-16,N/A,P-05,2
T-10318,2025-04-28,Cena,P-07,1
T-11088,2025-12-08,Desayuno?,P-19,3
T-14202,2024-12-03,CENA,P-08,1
T-12108,2025-04-09,Cena,P-12,4
T-14669,2024-05-05,  Cena  ,P-22,3
T-17466,2024-11-02,N/A,P-07,2
T-10449,2024-04-02,N/A,P-15,4
T-15403,2025-07-31,Cena,P-14,3
T-12125,2024-12-28,Desayuno?,P-10,2
T-10448,2024-03-26,comida,P-19,3
T-14399,2025-02-24,  Cena  ,P-23,2
T-14851,2024-03-09,Comida,P-17,1
T-12263,2025-04-24,Cena,P-10,3
T-17747,2025-07-17,,P-18,3
T-10869,2025-06-02,NULL,P-13,2
T-14139,2025-11-09,Cena,P-10,2
T-11096,2025-08-19,NULL,P-07,2
T-10279,2024-12-27,Desayuno?,P-15,1
T-12328,2025-02-10,Comida,P-99,3
T-17188,2024-07-29,N/A,P-17,1
T-10508,2024-06-16,  Cena  ,P-19,4
T-16364,2024-06-29,N/A,P-16,1
T-10656,2025-05-17,Cena,P-11,2
T-12575,2024-08-02,N/A,P-06,1
T-16260,2025-06-03,NULL,P-06,3
T-12043,2024-02-19,NULL,P-05,3
T-13929,2024-07-02,comida,P-17,4
T-12128,2025-11-05,Comida,P-16,4
T-10345,2025-01-16,Comida,P-08,4
T-10360,2024-04-05,NULL,P-08,3
T-14493,2025-10-12,N/A,P-10,2
T-11809,2025-08-01,  Cena  ,P-13,1
T-12156,2024-03-02,Cena,P-09,2
T-12306,2025-05-20,Cena,P-04,2
T-12698,2025-11-19,  Cena  ,P-10,2
T-14259,2024-02-29,  Cena  ,P-04,1
T-10995,2024-06-06,CENA,P-20,4
T-10686,2025-06-03,CENA,P-08,2
T-13409,14/07/2024,N/A,P-21,1
T-10871,23/05/2025,NULL,P-22,3
T-15741,2024-12-21,N/A,P-06,3
T-15251,2025-09-09,  Cena  ,P-06,2
T-15924,2025-05-26,CENA,P-21,4
T-17140,2024-07-21,Desayuno?,P-21,4
T-12318,2025-06-02,N/A,P-24,3
T-15523,2024-09-21,N/A,P-24,4
T-10660,2025-09-30,comida,P-20,4
T-14946,2024-04-15,comida,P-21,2
T-15355,2024-03-20,Comida,P-03,1
T-15345,2025-03-19,Cena,P-04,2
T-11048,2025-02-13,  Cena  ,P-09,4
T-11073,2024-08-05,Comida,P-23,4
T-11129,2025-05-07,CENA,P-25,1
T-13342,2024-10-17,CENA,P-13,2
T-11032,2024-10-19,NULL,P-02,2
T-11580,2025-04-30,Comida,P-22,1
T-14938,2025-11-28,N/A,P-18,2
T-10458,2024-07-24,  Cena  ,P-12,1
T-12880,2024-06-22,N/A,P-17,4
T-14337,2025-08-30,Desayuno?,P-22,1
T-15082,2024-06-24,Cena,P-13,2
T-12046,2025-06-03,NULL,P-15,3
T-12389,2025-06-11,NULL,P-15,2
T-17619,2025-01-13,Comida,P-18,3
T-15179,2024-01-14,CENA,P-11,3
T-17769,2024-11-24,Comida,P-20,4
T-13169,2024-06-07,NULL,P-03,4
T-12822,2024-08-08,CENA,P-05,1
T-14261,2024-12-23,NULL,P-18,2
T-17038,2024-06-23,,P-10,1
T-12657,2024-03-20,Cena,P-22,3
T-11999,2024-07-15,Comida,P-09,1
T-16181,2025-02-10,N/A,P-23,3
T-11054,2025-10-11,Comida,P-08,4
T-17658,2024-11-25,comida,P-01,3
T-12229,2024-08-02,NULL,P-25,4
T-12924,2025-02-19,  Cena  ,P-21,3
T-17551,2024-10-13,NULL,P-19,3
T-15509,2024-02-05,Comida,P-20,4
T-13727,2024-08-14,N/A,P-99,4
T-12917,2024-11-14,Cena,P-08,3
T-13925,2025-09-20,CENA,P-03,3
T-16417,2025-02-03,comida,P-24,1
T-13493,2025-09-15,comida,P-02,2
T-14393,2025-12-25,CENA,P-24,1
T-16465,2024-10-29,NULL,P-08,4
T-14185,2024-08-04,CENA,P-13,1
T-10594,2024-04-11,Comida,P-13,1
T-13911,2025-07-03,Desayuno?,P-21,3
T-14530,15/09/2025,CENA,P-10,3
T-15026,2025-01-07,N/A,P-20,3
T-17037,2025-09-10,Desayuno?,P-22,3
T-16374,2025-03-14,Cena,P-02,4
T-14584,2024-11-12,CENA,P-04,2
T-16409,2024-11-08,CENA,P-01,4
T-11473,2025-01-06,N/A,P-15,1
T-14356,2025-09-17,N/A,P-18,4
T-17515,2025-06-07,,P-25,2
T-16761,2025-08-28,NULL,P-19,3
T-13827,2024-08-04,comida,P-14,3
T-10721,2025-02-15,  Cena  ,P-24,3
T-11095,2024-11-01,,P-21,2
T-14474,2024-01-13,CENA,P-01,2
T-13432,2024-02-14,Comida,P-08,4
T-12157,2025-03-18,Cena,P-04,1